recording_id,person_id,session,box,scenario,item_count,station_seconds_excluding_picking,picking_seconds,nonwork_or_error_seconds,elapsed_seconds,gap_seconds,missing_core_labels,incident_count,annotation_event_count,annotation_categories,review_flags,screen_pass
U0101,U0101,S0100,1,S1,1,80.222,13.309,0.0,93.531,0.0,,0,0,,,True
U0101,U0101,S0100,2,S1,4,135.27,8.6,0.0,143.87,0.0,,1,1,Incident,incident_or_recovery_overlap,False
U0101,U0101,S0100,3,S1,1,65.848,8.357,0.0,74.205,0.0,,0,0,,,True
U0101,U0101,S0100,4,S1,2,90.369,11.476,0.0,101.845,0.0,,0,1,Struggling,,True
U0101,U0101,S0100,5,S1,1,81.546,7.155,0.0,88.701,-0.0,,1,1,Incident,incident_or_recovery_overlap,False
U0101,U0101,S0100,6,S1,1,80.197,7.224,0.0,87.421,0.0,,0,1,Struggling,,True
U0101,U0101,S0100,7,S1,1,81.976,9.211,0.0,91.187,0.0,,0,3,Struggling,,True
U0101,U0101,S0100,8,S1,1,62.648,6.83,0.0,69.478,0.0,,0,1,Struggling,,True
U0101,U0101,S0100,9,S1,1,66.749,19.263,0.0,86.012,0.0,,0,2,Struggling,,True
U0101,U0101,S0100,10,S1,1,70.609,0.0,0.0,70.609,0.0,,1,3,Incident;Struggling,incident_or_recovery_overlap,False
U0101,U0101,S0100,11,S1,4,104.06,10.826,0.0,114.886,0.0,,0,1,Struggling,,True
U0101,U0101,S0100,12,S1,5,131.772,15.47,0.0,151.176,3.934,,0,2,Additional;Struggling,,True
U0101,U0101,S0100,13,S1,1,80.654,9.268,3.291,99.45,6.237,,0,2,Struggling,nonwork_or_error_label,False
U0101,U0101,S0100,14,S1,2,126.397,11.984,0.0,138.381,0.0,,1,4,Recovery;Struggling,incident_or_recovery_overlap,False
U0101,U0101,S0100,15,S1,1,71.043,8.336,0.0,79.379,0.0,,0,1,Struggling,,True
U0101,U0101,S0100,16,S1,3,112.25,15.14,11.362,138.752,0.0,,0,1,Investigation,nonwork_or_error_label,False
U0101,U0101,S0100,17,S1,2,80.444,10.838,0.0,94.449,3.167,,0,0,,,True
U0101,U0101,S0100,18,S1,4,137.673,21.531,2.003,161.207,0.0,,0,2,Investigation,nonwork_or_error_label,False
U0101,U0101,S0100,19,S1,1,102.072,10.012,6.124,118.208,0.0,,0,1,Struggling,nonwork_or_error_label,False
U0101,U0101,S0100,20,S1,2,128.88,10.519,0.0,139.399,0.0,,0,2,Struggling,,True
U0101,U0101,S0200,1,S1,3,106.15,12.581,0.0,118.731,0.0,,0,2,Struggling,,True
U0101,U0101,S0200,2,S1,3,82.018,8.008,0.0,90.026,0.0,,0,0,,,True
U0101,U0101,S0200,3,S1,1,87.008,8.323,0.0,95.331,0.0,,2,4,Confused;Incident;Recovery;Struggling,incident_or_recovery_overlap,False
U0101,U0101,S0200,4,S1,1,59.272,7.008,0.0,66.28,0.0,,0,0,,,True
U0101,U0101,S0200,5,S1,1,59.899,6.005,0.0,65.904,0.0,,0,1,Struggling,,True
U0101,U0101,S0200,6,S1,2,62.904,6.072,0.0,68.976,0.0,,0,0,,,True
U0101,U0101,S0200,7,S1,5,99.404,9.576,0.0,108.98,0.0,,0,1,Struggling,,True
U0101,U0101,S0200,8,S1,5,95.32,9.916,0.0,105.236,0.0,,0,1,Struggling,,True
U0101,U0101,S0200,9,S1,4,95.396,7.64,0.0,103.036,0.0,,0,1,Struggling,,True
U0101,U0101,S0200,10,S1,1,60.672,6.748,0.0,67.42,0.0,,0,0,,,True
U0101,U0101,S0200,11,S1,1,63.95,8.022,0.0,71.972,0.0,,0,0,,,True
U0101,U0101,S0200,12,S1,1,64.944,9.5,0.0,74.444,0.0,,0,0,,,True
U0101,U0101,S0200,13,S1,1,65.687,9.078,0.0,74.765,0.0,,0,0,,,True
U0101,U0101,S0200,14,S1,3,93.288,10.181,0.0,103.469,0.0,,0,2,Struggling,,True
U0101,U0101,S0200,15,S1,1,79.646,11.934,5.694,97.274,0.0,,0,2,Struggling,nonwork_or_error_label,False
U0101,U0101,S0200,16,S1,3,87.936,9.116,0.0,97.052,0.0,,0,0,,,True
U0101,U0101,S0200,17,S1,1,63.741,7.928,0.0,79.075,7.406,,0,0,,,True
U0101,U0101,S0200,18,S1,1,61.8,7.217,0.0,69.017,0.0,,0,1,Struggling,,True
U0101,U0101,S0200,19,S1,1,64.38,7.256,0.0,75.87,4.234,,0,1,Struggling,,True
U0101,U0101,S0200,20,S1,1,97.835,6.63,0.0,104.465,0.0,,3,6,Incident;Investigation;Recovery;Struggling,incident_or_recovery_overlap,False
U0101,U0101,S0300,1,S1,1,69.595,9.113,0.0,78.708,0.0,,0,1,Struggling,,True
U0101,U0101,S0300,2,S1,1,64.268,8.252,0.0,72.52,0.0,,0,0,,,True
U0101,U0101,S0300,3,S1,5,116.277,12.953,0.0,129.23,0.0,,0,1,Struggling,,True
U0101,U0101,S0300,4,S1,5,107.883,9.839,0.0,117.722,0.0,,0,1,Struggling,,True
U0101,U0101,S0300,5,S1,1,61.935,6.68,0.0,68.615,0.0,,0,2,Struggling,,True
U0101,U0101,S0300,6,S1,2,77.289,12.851,0.0,90.14,0.0,,0,1,Confused,,True
U0101,U0101,S0300,7,S1,3,91.246,8.746,0.0,99.992,0.0,,0,0,,,True
U0101,U0101,S0300,8,S1,2,64.6,7.156,0.0,71.756,0.0,,0,0,,,True
U0101,U0101,S0300,9,S1,1,59.734,7.29,0.0,67.024,0.0,,0,1,Struggling,,True
U0101,U0101,S0300,10,S1,1,59.579,5.581,0.0,65.16,0.0,,0,0,,,True
U0101,U0101,S0300,11,S1,1,65.56,8.741,0.0,74.301,0.0,,0,0,,,True
U0101,U0101,S0300,12,S1,1,76.252,8.823,0.0,85.075,0.0,,0,1,Struggling,,True
U0101,U0101,S0300,13,S1,1,54.998,7.638,0.0,62.636,0.0,,0,0,,,True
U0101,U0101,S0300,14,S1,1,82.515,9.324,0.0,106.696,14.857,,0,1,Struggling,,True
U0101,U0101,S0300,15,S1,1,76.708,6.596,0.0,83.304,0.0,,0,2,Investigation;Struggling,,True
U0101,U0101,S0300,16,S1,2,76.712,8.048,0.0,84.76,0.0,,0,0,,,True
U0101,U0101,S0300,17,S1,1,62.585,8.888,0.0,71.473,0.0,,0,0,,,True
U0101,U0101,S0300,18,S1,2,71.898,7.912,0.0,79.81,0.0,,0,0,,,True
U0101,U0101,S0300,19,S1,3,93.908,7.438,0.0,101.346,0.0,,0,3,Confused;Struggling,,True
U0101,U0101,S0300,20,S1,3,107.278,13.236,14.906,135.42,0.0,,0,2,Additional;Struggling,nonwork_or_error_label,False
U0101,U0101,S0400,1,S1,1,69.569,9.086,0.0,78.655,0.0,,2,4,Additional;Incident;Recovery;Struggling,incident_or_recovery_overlap,False
U0101,U0101,S0400,2,S1,1,77.012,8.835,0.0,88.904,3.057,,0,2,Struggling,,True
U0101,U0101,S0400,3,S1,1,67.09,7.608,0.0,74.698,0.0,,0,0,,,True
U0101,U0101,S0400,4,S1,1,70.458,7.409,0.0,77.867,0.0,,0,2,Struggling,,True
U0101,U0101,S0400,5,S1,2,77.609,8.829,0.0,86.438,0.0,,1,3,Additional;Incident;Struggling,incident_or_recovery_overlap,False
U0101,U0101,S0400,6,S1,1,76.826,9.79,0.0,86.616,0.0,,0,2,Additional;Struggling,,True
U0101,U0101,S0400,7,S1,1,77.775,8.139,0.0,85.914,0.0,,0,4,Struggling,,True
U0101,U0101,S0400,8,S1,1,75.682,13.376,4.118,93.176,0.0,,0,1,Additional,nonwork_or_error_label,False
U0101,U0101,S0400,9,S1,5,149.769,16.127,5.502,171.398,0.0,,0,1,Struggling,nonwork_or_error_label,False
U0101,U0101,S0400,10,S1,1,63.649,8.394,0.0,72.043,0.0,,0,1,Struggling,,True
U0101,U0101,S0400,11,S1,1,72.788,12.199,0.0,84.987,0.0,,0,0,,,True
U0101,U0101,S0400,12,S1,1,70.108,10.087,0.0,80.195,0.0,,0,0,,,True
U0101,U0101,S0400,13,S1,1,68.773,9.12,0.0,77.893,0.0,,0,3,Parallel;Struggling,,True
U0101,U0101,S0400,14,S1,1,72.352,8.709,0.0,81.061,0.0,,0,2,Struggling,,True
U0101,U0101,S0400,15,S1,1,69.759,10.085,0.0,79.844,0.0,,0,0,,,True
U0101,U0101,S0400,16,S1,4,117.521,18.156,16.522,152.199,0.0,Close Box,0,1,Struggling,missing_core_labels;nonwork_or_error_label,False
U0101,U0101,S0400,17,S1,3,81.6,8.959,3.801,94.36,0.0,,0,1,Struggling,nonwork_or_error_label,False
U0101,U0101,S0400,18,S1,1,61.689,7.451,0.0,69.14,0.0,,0,1,Parallel,,True
U0101,U0101,S0400,19,S1,1,67.469,10.203,0.0,81.344,3.672,,0,3,Investigation;Struggling,,True
U0101,U0101,S0400,20,S1,5,134.917,10.198,0.0,145.115,0.0,,0,0,,,True
U0101,U0101,S0500,1,S1,1,70.417,7.352,0.0,82.48,4.711,,1,2,Confused;Incident,incident_or_recovery_overlap,False
U0101,U0101,S0500,2,S1,1,55.679,6.605,0.0,62.284,0.0,,0,2,Investigation;Struggling,,True
U0101,U0101,S0500,3,S1,4,99.207,11.663,5.621,116.491,0.0,,0,1,Struggling,nonwork_or_error_label,False
U0101,U0101,S0500,4,S1,1,60.867,5.931,0.0,66.798,0.0,,0,0,,,True
U0101,U0101,S0500,5,S1,1,61.803,7.085,0.0,68.888,0.0,,0,1,Struggling,,True
U0101,U0101,S0500,6,S1,3,75.798,9.033,0.0,84.831,0.0,,1,2,Incident;Struggling,incident_or_recovery_overlap,False
U0101,U0101,S0500,7,S1,1,62.487,7.234,0.0,69.721,0.0,,0,0,,,True
U0101,U0101,S0500,8,S1,5,95.166,8.95,0.0,104.116,0.0,,0,1,Struggling,,True
U0101,U0101,S0500,9,S1,3,90.077,9.123,0.0,99.2,0.0,,0,2,Parallel;Struggling,,True
U0101,U0101,S0500,10,S1,2,79.122,8.413,0.0,87.535,0.0,,0,3,Parallel;Struggling,,True
U0101,U0101,S0500,11,S1,1,60.118,8.196,0.0,68.314,0.0,,0,2,Additional;Struggling,,True
U0101,U0101,S0500,12,S1,5,106.094,10.221,0.0,116.315,0.0,,0,2,Struggling,,True
U0101,U0101,S0500,13,S1,3,80.568,9.61,0.0,90.178,0.0,,1,3,Incident;Struggling,incident_or_recovery_overlap,False
U0101,U0101,S0500,14,S1,4,79.3,7.53,0.0,86.83,0.0,,0,1,Struggling,,True
U0101,U0101,S0500,15,S1,1,55.655,6.252,0.0,61.907,0.0,,0,2,Struggling,,True
U0101,U0101,S0500,16,S1,1,53.46,7.094,0.0,60.554,0.0,,0,3,Additional;Struggling,,True
U0101,U0101,S0500,17,S1,1,48.117,6.906,0.0,55.023,0.0,,0,0,,,True
U0101,U0101,S0500,18,S1,3,79.018,6.647,0.0,85.665,0.0,,0,1,Investigation,,True
U0101,U0101,S0500,19,S1,2,62.266,9.201,0.0,71.467,0.0,,0,1,Struggling,,True
U0101,U0101,S0500,20,S1,5,103.058,13.475,0.0,116.533,0.0,,0,2,Confused;Parallel,,True
U0102,U0102,S0100,1,S1,1,142.475,9.149,0.0,151.624,0.0,,0,1,Confused,,True
U0102,U0102,S0100,2,S1,1,115.926,12.193,0.0,128.119,0.0,,2,2,Incident;Recovery,incident_or_recovery_overlap,False
U0102,U0102,S0100,3,S1,4,166.74,18.563,0.0,185.303,0.0,,0,1,Struggling,,True
U0102,U0102,S0100,4,S1,2,152.786,11.78,0.0,218.579,54.013,,4,5,Confused;Incident;Recovery,incident_or_recovery_overlap,False
U0102,U0102,S0100,5,S1,4,181.566,25.628,0.0,218.496,11.302,,1,3,Recovery;Struggling,incident_or_recovery_overlap,False
U0102,U0102,S0100,6,S1,2,122.656,13.585,0.0,136.241,0.0,,0,0,,,True
U0102,U0102,S0100,7,S1,1,108.381,9.648,0.0,118.029,0.0,,0,0,,,True
U0102,U0102,S0100,8,S1,1,135.858,11.013,0.0,146.871,0.0,,0,4,Investigation;Parallel;Struggling,,True
U0102,U0102,S0100,9,S1,4,193.021,27.226,2.096,222.343,0.0,,2,5,Incident;Investigation;Recovery;Struggling,incident_or_recovery_overlap;nonwork_or_error_label,False
U0102,U0102,S0100,10,S1,2,133.747,13.2,0.0,146.947,0.0,,0,0,,,True
U0102,U0102,S0100,11,S1,1,101.15,8.079,0.0,109.229,0.0,,0,0,,,True
U0102,U0102,S0100,12,S1,3,148.953,14.262,0.0,163.215,0.0,,0,0,,,True
U0102,U0102,S0100,13,S1,1,91.95,8.744,0.0,100.694,0.0,,0,0,,,True
U0102,U0102,S0100,14,S1,3,167.409,15.884,5.486,188.779,0.0,,0,2,Struggling,nonwork_or_error_label,False
U0102,U0102,S0100,15,S1,1,114.473,9.89,8.801,133.164,-0.0,,0,1,Struggling,nonwork_or_error_label,False
U0102,U0102,S0100,16,S1,3,143.171,12.805,0.0,155.976,0.0,,0,1,Struggling,,True
U0102,U0102,S0100,17,S1,2,128.544,11.956,0.0,148.204,7.704,,0,2,Additional;Struggling,,True
U0102,U0102,S0100,18,S1,1,97.808,8.715,0.0,106.523,0.0,,0,0,,,True
U0102,U0102,S0100,19,S1,1,118.185,12.131,0.0,130.316,0.0,,0,0,,,True
U0102,U0102,S0100,20,S1,1,109.174,6.939,0.0,116.113,0.0,,0,1,Additional,,True
U0102,U0102,S0200,1,S1,1,104.139,15.961,0.0,120.1,0.0,,1,3,Additional;Incident,incident_or_recovery_overlap,False
U0102,U0102,S0200,2,S1,2,103.034,9.89,0.0,112.924,0.0,,1,1,Incident,incident_or_recovery_overlap,False
U0102,U0102,S0200,3,S1,3,125.162,11.137,0.0,136.299,0.0,,0,2,Additional;Struggling,,True
U0102,U0102,S0200,4,S1,2,114.864,9.794,0.0,124.658,0.0,,0,3,Additional;Investigation,,True
U0102,U0102,S0200,5,S1,1,88.79,6.751,0.0,95.541,0.0,,0,3,Additional;Confused;Parallel,,True
U0102,U0102,S0200,6,S1,1,86.019,7.853,0.0,93.872,0.0,,0,0,,,True
U0102,U0102,S0200,7,S1,2,109.303,8.884,0.0,118.187,0.0,,0,1,Struggling,,True
U0102,U0102,S0200,8,S1,1,83.285,9.022,0.0,92.307,0.0,,0,0,,,True
U0102,U0102,S0200,9,S1,1,92.998,9.306,0.0,102.304,0.0,,0,1,Additional,,True
U0102,U0102,S0200,10,S1,1,88.803,6.421,0.0,95.224,0.0,,0,0,,,True
U0102,U0102,S0200,11,S1,1,96.443,8.698,0.0,105.141,0.0,,0,2,Additional,,True
U0102,U0102,S0200,12,S1,2,115.77,11.567,0.0,127.337,0.0,,0,3,Additional;Struggling,,True
U0102,U0102,S0200,13,S1,4,158.096,14.094,0.0,172.19,0.0,,0,4,Additional;Confused;Struggling,,True
U0102,U0102,S0200,14,S1,3,169.925,10.58,0.0,180.505,0.0,,1,3,Additional;Confused;Incident,incident_or_recovery_overlap,False
U0102,U0102,S0200,15,S1,2,109.148,10.697,0.0,119.845,0.0,,0,4,Additional;Struggling,,True
U0102,U0102,S0200,16,S1,1,88.669,7.715,0.0,96.384,0.0,,0,2,Additional,,True
U0102,U0102,S0200,17,S1,1,88.999,8.232,0.0,97.231,0.0,,0,2,Additional,,True
U0102,U0102,S0200,18,S1,1,79.953,8.92,0.0,88.873,0.0,,0,1,Additional,,True
U0102,U0102,S0200,19,S1,3,137.165,10.013,0.0,147.178,0.0,,0,2,Additional;Struggling,,True
U0102,U0102,S0200,20,S1,1,101.99,6.63,0.0,108.62,0.0,,0,3,Additional;Struggling,,True
U0102,U0102,S0300,1,S1,2,102.596,12.739,0.0,115.335,0.0,,0,1,Struggling,,True
U0102,U0102,S0300,2,S1,1,100.029,6.421,0.0,106.45,0.0,,0,2,Parallel;Struggling,,True
U0102,U0102,S0300,3,S1,1,81.293,7.626,0.0,88.919,0.0,,0,1,Additional,,True
U0102,U0102,S0300,4,S1,1,89.27,9.843,0.0,99.113,0.0,,0,1,Additional,,True
U0102,U0102,S0300,5,S1,1,92.161,6.89,0.0,99.051,0.0,,0,1,Additional,,True
U0102,U0102,S0300,6,S1,1,99.237,6.63,0.0,105.867,0.0,,0,1,Additional,,True
U0102,U0102,S0300,7,S1,2,135.497,9.15,0.0,144.647,0.0,,3,5,Additional;Incident;Recovery;Struggling,incident_or_recovery_overlap,False
U0102,U0102,S0300,8,S1,1,110.39,6.82,0.0,117.21,-0.0,,0,2,Additional;Investigation,,True
U0102,U0102,S0300,9,S1,1,94.327,6.83,0.0,101.157,0.0,,0,2,Additional;Struggling,,True
U0102,U0102,S0300,10,S1,3,138.037,10.186,0.0,148.223,0.0,,0,3,Additional;Parallel;Struggling,,True
U0102,U0102,S0300,11,S1,2,119.362,9.589,0.0,128.951,0.0,,0,3,Additional;Struggling,,True
U0102,U0102,S0300,12,S1,1,79.34,7.177,0.0,86.517,0.0,,0,0,,,True
U0102,U0102,S0300,13,S1,1,80.649,6.863,0.0,87.512,0.0,,0,1,Additional,,True
U0102,U0102,S0300,14,S1,1,103.753,9.957,0.0,113.71,0.0,,0,2,Additional;Investigation,,True
U0102,U0102,S0300,15,S1,1,92.509,6.975,0.0,99.484,0.0,,0,1,Additional,,True
U0102,U0102,S0300,16,S1,1,84.845,6.606,0.0,91.451,0.0,,0,0,,,True
U0102,U0102,S0300,17,S1,1,109.008,8.599,5.653,123.26,0.0,,0,1,Struggling,nonwork_or_error_label,False
U0102,U0102,S0300,18,S1,1,103.282,9.991,0.0,113.273,0.0,,0,2,Additional,,True
U0102,U0102,S0300,19,S1,1,102.695,8.299,0.0,110.994,0.0,,0,3,Additional;Investigation,,True
U0102,U0102,S0300,20,S1,1,110.971,8.851,5.934,125.756,0.0,,0,1,Struggling,nonwork_or_error_label,False
U0102,U0102,S0400,1,S1,2,106.924,12.22,0.0,119.144,0.0,,0,2,Additional;Struggling,,True
U0102,U0102,S0400,2,S1,1,99.203,7.095,0.0,106.298,0.0,,0,2,Additional;Struggling,,True
U0102,U0102,S0400,3,S1,1,95.072,7.372,0.0,102.444,0.0,,0,3,Additional;Struggling,,True
U0102,U0102,S0400,4,S1,1,105.112,6.645,0.0,111.757,0.0,,0,2,Additional;Struggling,,True
U0102,U0102,S0400,5,S1,1,99.886,7.125,8.004,115.015,0.0,,0,1,Struggling,nonwork_or_error_label,False
U0102,U0102,S0400,6,S1,2,100.544,9.286,0.0,109.83,0.0,,2,3,Incident;Investigation;Recovery,incident_or_recovery_overlap,False
U0102,U0102,S0400,7,S1,2,90.518,8.898,0.0,99.416,0.0,,0,1,Additional,,True
U0102,U0102,S0400,8,S1,1,78.238,5.993,0.0,84.231,-0.0,,0,0,,,True
U0102,U0102,S0400,9,S1,1,75.96,7.353,0.0,83.313,0.0,,0,1,Additional,,True
U0102,U0102,S0400,10,S1,1,79.635,6.202,0.0,85.837,0.0,,0,0,,,True
U0102,U0102,S0400,11,S1,1,97.483,7.694,0.0,105.177,0.0,,0,2,Additional,,True
U0102,U0102,S0400,12,S1,1,80.651,7.263,0.0,87.914,0.0,,0,1,Additional,,True
U0102,U0102,S0400,13,S1,2,126.448,9.681,0.0,136.129,0.0,,0,2,Additional;Struggling,,True
U0102,U0102,S0400,14,S1,3,101.214,13.366,0.0,114.58,0.0,,0,1,Additional,,True
U0102,U0102,S0400,15,S1,1,79.883,8.375,0.0,88.258,0.0,,0,1,Additional,,True
U0102,U0102,S0400,16,S1,1,87.264,6.929,0.0,94.193,0.0,,0,0,,,True
U0102,U0102,S0400,17,S1,1,78.95,6.383,0.0,85.333,0.0,,0,1,Additional,,True
U0102,U0102,S0400,18,S1,1,82.529,6.589,0.0,89.118,-0.0,,0,3,Additional,,True
U0102,U0102,S0400,19,S1,1,85.914,7.935,0.0,93.849,0.0,,0,1,Additional,,True
U0102,U0102,S0400,20,S1,1,86.574,7.172,0.0,93.746,0.0,,0,3,Additional;Struggling,,True
U0102,U0102,S0500,1,S1,1,80.525,8.753,0.0,89.278,0.0,,0,2,Confused;Struggling,,True
U0102,U0102,S0500,2,S1,1,78.602,6.394,0.0,84.996,0.0,,0,0,,,True
U0102,U0102,S0500,3,S1,5,158.813,21.501,0.0,180.314,0.0,,0,3,Additional;Investigation;Struggling,,True
U0102,U0102,S0500,4,S1,5,186.485,23.403,10.595,220.483,0.0,,0,3,Investigation;Struggling,nonwork_or_error_label,False
U0102,U0102,S0500,5,S1,1,81.58,6.559,0.0,88.139,0.0,,0,1,Additional,,True
U0102,U0102,S0500,6,S1,2,101.353,8.326,0.0,109.679,0.0,,0,2,Additional,,True
U0102,U0102,S0500,7,S1,3,135.97,10.114,0.0,146.084,0.0,,0,3,Additional;Struggling,,True
U0102,U0102,S0500,8,S1,5,211.014,16.145,0.0,231.428,4.269,,1,3,Additional;Confused;Incident,incident_or_recovery_overlap,False
U0102,U0102,S0500,9,S1,1,88.397,5.554,0.0,93.951,-0.0,,0,3,Additional;Struggling,,True
U0102,U0102,S0500,10,S1,1,87.729,6.038,0.0,93.767,0.0,,0,2,Additional;Struggling,,True
U0102,U0102,S0500,11,S1,4,133.594,12.759,0.0,146.353,0.0,,0,3,Investigation;Struggling,,True
U0102,U0102,S0500,12,S1,1,85.709,7.903,0.0,93.612,0.0,,0,3,Additional;Struggling,,True
U0102,U0102,S0500,13,S1,2,93.346,8.425,0.0,101.771,0.0,,0,1,Confused,,True
U0102,U0102,S0500,14,S1,3,127.39,14.062,5.491,146.943,0.0,,0,0,,nonwork_or_error_label,False
U0103,U0103,S0100,11,S1,4,125.315,19.039,0.0,144.354,0.0,,0,2,Additional,,True
U0103,U0103,S0100,12,S1,4,107.929,14.704,0.0,127.894,5.261,Close Box,0,4,Additional;Investigation,missing_core_labels,False
U0103,U0103,S0100,13,S1,3,107.967,11.946,0.0,119.913,0.0,,0,3,Investigation;Struggling,,True
U0103,U0103,S0100,14,S1,1,87.618,9.079,0.0,100.86,4.163,,1,4,Additional;Incident;Investigation,incident_or_recovery_overlap,False
U0103,U0103,S0100,15,S1,2,115.237,10.247,0.0,125.484,0.0,,0,3,Additional;Confused;Investigation,,True
U0103,U0103,S0100,16,S1,5,153.056,19.752,0.0,172.808,0.0,,0,2,Additional;Investigation,,True
U0103,U0103,S0100,17,S1,1,80.154,13.646,0.0,93.8,0.0,,0,2,Additional,,True
U0103,U0103,S0100,18,S1,1,86.243,9.565,0.0,95.808,0.0,,0,3,Additional;Investigation,,True
U0103,U0103,S0100,19,S1,2,84.306,11.624,0.0,95.93,0.0,,0,3,Additional;Investigation,,True
U0103,U0103,S0100,20,S1,1,103.033,8.455,0.0,111.488,0.0,,0,3,Additional;Confused,,True
U0103,U0103,S0200,1,S1,2,112.067,12.006,0.0,124.073,0.0,,0,7,Additional;Confused;Investigation;Struggling,,True
U0103,U0103,S0200,2,S1,3,122.545,11.42,0.0,133.965,0.0,,0,3,Additional;Struggling,,True
U0103,U0103,S0200,3,S1,1,91.594,9.043,5.71,106.347,0.0,,0,0,,nonwork_or_error_label,False
U0103,U0103,S0200,4,S1,1,88.998,9.912,0.0,107.612,8.702,,0,4,Additional;Confused,,True
U0103,U0103,S0200,5,S1,3,106.921,12.967,0.0,119.888,0.0,,0,4,Additional;Investigation;Parallel;Struggling,,True
U0103,U0103,S0200,6,S1,3,96.811,11.212,0.0,108.023,0.0,,0,3,Additional;Investigation,,True
U0103,U0103,S0200,7,S1,2,103.049,12.662,0.0,115.711,0.0,,0,4,Additional;Investigation;Struggling,,True
U0103,U0103,S0200,8,S1,1,86.974,7.533,0.0,94.507,0.0,,0,3,Additional;Struggling,,True
U0103,U0103,S0200,9,S1,1,77.143,6.551,0.0,83.694,0.0,,0,2,Additional;Struggling,,True
U0103,U0103,S0200,10,S1,1,75.009,6.509,0.0,81.518,0.0,,0,3,Additional;Struggling,,True
U0103,U0103,S0200,11,S1,1,83.831,12.431,0.0,96.262,0.0,,0,7,Additional;Investigation;Struggling,,True
U0103,U0103,S0200,12,S1,1,82.865,11.537,0.0,94.402,0.0,,0,3,Additional,,True
U0103,U0103,S0200,13,S1,4,128.982,15.061,0.0,144.043,0.0,,0,3,Additional;Confused,,True
U0103,U0103,S0200,14,S1,1,93.783,10.449,0.0,104.232,0.0,,0,3,Additional;Investigation,,True
U0103,U0103,S0200,15,S1,2,83.767,8.212,0.0,91.979,0.0,,0,2,Additional;Struggling,,True
U0103,U0103,S0200,16,S1,5,143.807,12.874,0.0,156.681,0.0,,0,6,Additional;Confused;Investigation;Struggling,,True
U0103,U0103,S0200,17,S1,1,80.155,12.0,0.0,92.155,0.0,,0,3,Additional;Struggling,,True
U0103,U0103,S0200,18,S1,1,75.475,7.194,0.0,82.669,0.0,,0,4,Additional;Parallel;Struggling,,True
U0103,U0103,S0200,19,S1,2,106.81,9.436,0.0,116.246,0.0,,0,4,Additional;Struggling,,True
U0103,U0103,S0200,20,S1,2,87.122,8.984,0.0,96.106,0.0,,0,2,Additional,,True
U0103,U0103,S0300,1,S1,1,85.987,8.32,0.0,94.307,0.0,,0,2,Additional,,True
U0103,U0103,S0300,2,S1,1,81.456,11.419,0.0,92.875,0.0,,1,3,Additional;Incident,incident_or_recovery_overlap,False
U0103,U0103,S0300,3,S1,1,81.876,8.402,0.0,90.278,0.0,,0,3,Additional,,True
U0103,U0103,S0300,4,S1,1,70.315,6.553,0.0,76.868,0.0,,0,2,Additional;Parallel,,True
U0103,U0103,S0300,5,S1,5,122.749,8.792,0.0,131.541,0.0,,0,4,Additional;Confused;Parallel,,True
U0103,U0103,S0300,6,S1,1,67.871,8.819,0.0,76.69,0.0,,0,2,Additional;Parallel,,True
U0103,U0103,S0300,7,S1,1,91.515,10.181,0.0,101.696,0.0,,0,3,Additional;Investigation,,True
U0103,U0103,S0300,8,S1,1,94.098,8.772,1.21,104.08,0.0,,0,0,,nonwork_or_error_label,False
U0103,U0103,S0300,9,S1,5,140.398,15.224,0.0,155.622,0.0,,0,4,Additional;Investigation;Struggling,,True
U0103,U0103,S0300,10,S1,4,148.756,12.557,0.0,161.313,-0.0,,0,4,Additional;Confused;Investigation;Struggling,,True
U0103,U0103,S0300,11,S1,1,71.893,7.963,0.0,79.856,0.0,,0,2,Additional,,True
U0103,U0103,S0300,12,S1,1,71.259,8.134,0.0,79.393,0.0,,0,2,Additional;Confused,,True
U0103,U0103,S0300,13,S1,1,83.043,9.441,0.0,92.484,-0.0,,0,3,Additional;Struggling,,True
U0103,U0103,S0300,14,S1,2,91.413,9.537,0.0,100.95,0.0,,0,2,Additional,,True
U0103,U0103,S0300,15,S1,3,111.725,10.317,2.419,124.461,0.0,,0,0,,nonwork_or_error_label,False
U0103,U0103,S0300,16,S1,1,78.401,9.672,0.0,88.073,0.0,,0,3,Additional;Investigation,,True
U0103,U0103,S0300,17,S1,1,74.704,10.026,0.0,84.73,0.0,,0,3,Additional;Parallel,,True
U0103,U0103,S0300,18,S1,1,79.514,7.456,0.0,86.97,0.0,,0,3,Additional,,True
U0103,U0103,S0300,19,S1,3,116.799,10.102,0.0,126.901,0.0,,0,5,Additional;Struggling,,True
U0103,U0103,S0300,20,S1,1,88.894,7.478,0.0,96.372,0.0,,0,7,Additional;Confused;Struggling,,True
U0103,U0103,S0400,1,S1,1,71.785,7.825,0.0,79.61,0.0,,0,1,Additional,,True
U0103,U0103,S0400,2,S1,3,93.299,10.234,0.0,103.533,0.0,,0,3,Additional,,True
U0103,U0103,S0400,3,S1,5,139.056,12.367,0.0,151.423,0.0,,0,7,Additional;Confused;Investigation;Struggling,,True
U0103,U0103,S0400,4,S1,1,84.819,7.22,0.0,92.039,0.0,,0,3,Additional,,True
U0103,U0103,S0400,5,S1,1,84.818,8.914,0.0,93.732,0.0,,0,5,Additional;Confused;Parallel,,True
U0103,U0103,S0400,6,S1,1,86.722,6.965,0.0,93.687,0.0,,2,7,Additional;Incident;Recovery;Struggling,incident_or_recovery_overlap,False
U0103,U0103,S0400,7,S1,1,81.643,8.257,0.0,89.9,0.0,,0,4,Additional;Struggling,,True
U0103,U0103,S0400,8,S1,1,71.402,6.595,0.0,77.997,0.0,,0,4,Additional;Struggling,,True
U0103,U0103,S0400,9,S1,1,68.17,6.904,0.0,75.074,0.0,,0,4,Additional;Confused,,True
U0103,U0103,S0400,10,S1,1,88.744,8.526,0.0,97.27,0.0,,0,6,Additional;Confused;Parallel,,True
U0103,U0103,S0400,11,S1,1,76.944,8.554,0.0,85.498,0.0,,0,4,Additional;Parallel,,True
U0103,U0103,S0400,12,S1,1,77.001,7.462,2.138,86.601,0.0,,0,1,Parallel,nonwork_or_error_label,False
U0103,U0103,S0400,13,S1,1,88.269,9.925,7.016,105.21,0.0,,0,2,Struggling,nonwork_or_error_label,False
U0103,U0103,S0400,14,S1,2,91.978,10.392,0.0,102.37,0.0,,0,3,Additional,,True
U0103,U0103,S0400,15,S1,2,83.837,11.651,0.0,95.488,0.0,,0,6,Additional;Confused;Parallel;Struggling,,True
U0103,U0103,S0400,16,S1,2,86.697,7.521,0.0,94.218,0.0,,0,5,Additional;Confused;Struggling,,True
U0103,U0103,S0400,17,S1,4,108.427,11.083,0.0,119.51,0.0,,0,2,Additional;Struggling,,True
U0103,U0103,S0400,18,S1,1,77.682,11.296,0.0,88.978,0.0,,0,3,Additional;Confused,,True
U0103,U0103,S0400,19,S1,1,70.983,7.565,0.0,78.548,0.0,,0,4,Additional;Struggling,,True
U0103,U0103,S0400,20,S1,1,81.124,7.829,0.0,88.953,0.0,,0,9,Additional;Confused;Investigation;Parallel;Struggling,,True
U0103,U0103,S0500,1,S1,1,77.117,7.987,0.0,85.104,0.0,,0,7,Additional;Parallel;Struggling,,True
U0103,U0103,S0500,2,S1,1,72.91,9.266,0.0,82.176,0.0,,0,3,Additional;Parallel,,True
U0103,U0103,S0500,3,S1,1,74.767,7.753,0.0,82.52,0.0,,0,4,Additional;Struggling,,True
U0103,U0103,S0500,4,S1,1,75.445,10.446,0.0,85.891,0.0,,0,4,Additional;Confused;Struggling,,True
U0103,U0103,S0500,5,S1,2,96.466,12.239,0.0,108.705,0.0,,0,4,Additional;Investigation;Struggling,,True
U0103,U0103,S0500,6,S1,1,78.453,7.411,0.0,85.864,0.0,,0,3,Additional;Parallel,,True
U0103,U0103,S0500,7,S1,2,96.662,9.615,0.0,106.277,0.0,,0,5,Additional;Confused;Investigation;Struggling,,True
U0103,U0103,S0500,8,S1,2,113.645,9.924,0.0,123.569,0.0,,1,6,Additional;Confused;Investigation;Recovery,incident_or_recovery_overlap,False
U0103,U0103,S0500,9,S1,1,86.656,7.746,2.49,96.892,0.0,,0,4,Additional,nonwork_or_error_label,False
U0103,U0103,S0500,10,S1,1,74.099,8.262,0.0,82.361,0.0,,0,3,Additional;Struggling,,True
U0103,U0103,S0500,11,S1,1,81.466,9.241,0.0,90.707,-0.0,,0,2,Additional,,True
U0103,U0103,S0500,12,S1,1,74.62,8.214,0.0,92.732,9.898,,0,4,Additional;Confused;Investigation,,True
U0103,U0103,S0500,13,S1,1,85.605,7.948,0.0,93.553,0.0,,0,3,Additional;Struggling,,True
U0103,U0103,S0500,14,S1,1,66.675,6.849,0.0,73.524,0.0,,0,1,Additional,,True
U0103,U0103,S0500,15,S1,3,74.958,8.525,0.0,83.483,0.0,,0,3,Additional;Confused;Parallel,,True
U0103,U0103,S0500,16,S1,1,74.966,9.175,0.0,84.141,0.0,,0,3,Additional;Confused;Investigation,,True
U0103,U0103,S0500,17,S1,1,72.639,8.327,0.0,80.966,0.0,,0,4,Additional;Struggling,,True
U0103,U0103,S0500,18,S1,2,86.061,9.38,0.0,95.441,0.0,,0,2,Additional;Struggling,,True
U0103,U0103,S0500,19,S1,2,89.912,8.539,0.0,98.451,0.0,,0,4,Additional;Confused;Struggling,,True
U0103,U0103,S0500,20,S1,1,74.439,6.392,0.0,80.831,0.0,,1,4,Additional;Incident,incident_or_recovery_overlap,False
U0104,U0104,S0100,1,S1,2,175.913,13.673,0.0,189.586,0.0,,0,1,Struggling,,True
U0104,U0104,S0100,2,S1,1,124.426,10.612,0.0,135.038,0.0,,0,2,Struggling,,True
U0104,U0104,S0100,3,S1,1,115.538,11.23,0.0,126.768,0.0,,0,0,,,True
U0104,U0104,S0100,4,S1,1,102.265,10.596,0.0,112.861,0.0,,0,0,,,True
U0104,U0104,S0100,5,S1,1,116.788,11.507,0.0,128.295,0.0,,0,0,,,True
U0104,U0104,S0100,6,S1,3,163.164,12.149,0.0,175.313,0.0,,0,3,Confused;Struggling,,True
U0104,U0104,S0100,7,S1,3,270.191,12.383,0.0,287.114,4.54,,0,2,Additional;Struggling,,True
U0104,U0104,S0100,8,S1,1,160.603,12.454,0.0,186.616,13.559,,1,3,Additional;Incident;Investigation,incident_or_recovery_overlap,False
U0104,U0104,S0100,9,S1,1,94.384,9.955,0.0,108.12,3.781,,0,1,Additional,,True
U0104,U0104,S0100,10,S1,1,112.527,8.793,0.0,121.32,0.0,,0,1,Investigation,,True
U0104,U0104,S0100,11,S1,1,112.621,16.349,0.0,128.97,0.0,,0,3,Additional;Confused;Struggling,,True
U0104,U0104,S0100,12,S1,2,114.273,10.647,0.0,124.92,0.0,,0,4,Additional;Investigation;Struggling,,True
U0104,U0104,S0100,13,S1,3,143.399,16.141,0.0,159.54,0.0,,0,1,Struggling,,True
U0104,U0104,S0100,14,S1,1,82.998,10.182,0.0,93.18,0.0,,0,0,,,True
U0104,U0104,S0100,15,S1,3,155.742,11.688,0.0,167.43,0.0,,2,6,Additional;Incident;Recovery;Struggling,incident_or_recovery_overlap,False
U0104,U0104,S0100,16,S1,1,88.73,9.31,0.0,98.04,0.0,,0,2,Additional;Investigation,,True
U0104,U0104,S0100,17,S1,3,152.076,58.794,0.0,210.87,0.0,,2,6,Additional;Investigation;Recovery;Struggling,incident_or_recovery_overlap,False
U0104,U0104,S0100,18,S1,3,153.131,12.559,0.0,165.69,0.0,,0,4,Additional;Struggling,,True
U0104,U0104,S0100,19,S1,5,149.43,11.49,0.0,160.92,0.0,,0,3,Additional;Investigation;Struggling,,True
U0104,U0104,S0100,20,S1,1,100.015,8.588,0.0,108.603,0.0,,2,5,Additional;Incident;Recovery;Struggling,incident_or_recovery_overlap,False
U0104,U0104,S0200,1,S1,1,142.2,13.851,0.0,156.051,0.0,,0,1,Struggling,,True
U0104,U0104,S0200,2,S1,1,98.98,11.5,0.0,110.48,0.0,,0,0,,,True
U0104,U0104,S0200,3,S1,1,114.837,12.603,0.0,127.44,0.0,,0,1,Struggling,,True
U0104,U0104,S0200,4,S1,3,154.72,14.96,0.0,169.68,0.0,,4,6,Confused;Incident;Recovery;Struggling,incident_or_recovery_overlap,False
U0104,U0104,S0200,5,S1,2,125.463,17.177,0.0,142.64,-0.0,,0,5,Additional;Confused;Struggling,,True
U0104,U0104,S0200,6,S1,5,232.96,17.24,0.0,250.2,0.0,,0,2,Struggling,,True
U0104,U0104,S0200,7,S1,2,129.698,15.262,0.0,144.96,0.0,,0,3,Additional;Struggling,,True
U0104,U0104,S0200,8,S1,2,101.242,12.158,0.0,113.4,0.0,,0,1,Additional,,True
U0104,U0104,S0200,9,S1,1,98.794,8.846,0.0,107.64,0.0,,0,1,Additional,,True
U0104,U0104,S0200,10,S1,3,140.858,12.467,0.0,165.88,12.555,,0,1,Additional,,True
U0104,U0104,S0200,11,S1,1,118.965,9.915,0.0,128.88,0.0,,0,2,Additional;Struggling,,True
U0104,U0104,S0200,12,S1,1,86.705,11.187,0.0,110.711,12.819,,0,3,Additional;Struggling,,True
U0104,U0104,S0200,13,S1,1,84.048,12.412,0.0,96.46,0.0,,0,1,Additional,,True
U0104,U0104,S0200,14,S1,2,119.314,11.344,0.0,130.658,0.0,,0,4,Investigation;Struggling,,True
U0104,U0104,S0200,15,S1,1,117.603,12.774,0.0,130.377,0.0,,0,6,Additional;Struggling,,True
U0104,U0104,S0200,16,S1,1,92.74,8.53,0.0,101.27,0.0,,0,2,Additional;Struggling,,True
U0104,U0104,S0200,17,S1,4,168.597,21.795,0.0,190.392,0.0,,0,5,Additional;Struggling,,True
U0104,U0104,S0200,18,S1,5,166.916,11.804,0.0,178.72,0.0,,0,5,Additional;Struggling,,True
U0104,U0104,S0200,19,S1,3,122.609,12.343,0.0,134.952,0.0,,0,3,Additional;Struggling,,True
U0104,U0104,S0200,20,S1,1,127.765,10.695,0.0,138.46,0.0,,0,3,Additional;Struggling,,True
U0104,U0104,S0300,1,S1,3,136.326,13.309,0.0,149.635,0.0,,0,2,Struggling,,True
U0104,U0104,S0300,2,S1,1,85.747,9.449,0.0,95.196,0.0,,0,0,,,True
U0104,U0104,S0300,3,S1,1,96.036,8.55,0.0,110.786,6.2,,0,1,Struggling,,True
U0104,U0104,S0300,4,S1,1,84.422,9.177,0.0,93.599,0.0,,0,0,,,True
U0104,U0104,S0300,5,S1,1,90.982,7.947,0.0,98.929,0.0,,0,2,Confused;Struggling,,True
U0104,U0104,S0300,6,S1,3,112.698,16.166,0.0,128.864,0.0,,0,1,Struggling,,True
U0104,U0104,S0300,7,S1,1,97.737,12.662,0.0,123.4,13.001,,0,2,Additional;Struggling,,True
U0104,U0104,S0300,8,S1,1,87.871,8.093,0.0,95.964,0.0,,0,3,Additional;Confused;Struggling,,True
U0104,U0104,S0300,9,S1,2,116.444,11.908,0.0,128.352,0.0,,0,2,Additional;Struggling,,True
U0104,U0104,S0300,10,S1,1,98.483,10.474,0.0,108.957,0.0,,0,2,Additional;Struggling,,True
U0104,U0104,S0300,11,S1,3,99.86,12.439,0.0,112.299,0.0,,0,2,Additional;Struggling,,True
U0104,U0104,S0300,12,S1,1,91.801,9.115,0.0,100.916,0.0,,0,2,Additional;Investigation,,True
U0104,U0104,S0300,13,S1,5,137.746,16.84,0.0,154.586,0.0,,0,1,Additional,,True
U0104,U0104,S0300,14,S1,3,132.091,15.177,0.0,147.268,0.0,,0,4,Additional;Confused;Struggling,,True
U0104,U0104,S0300,15,S1,1,101.1,12.11,0.0,113.21,0.0,,0,0,,,True
U0104,U0104,S0300,16,S1,3,129.076,10.781,0.0,147.465,7.608,,0,1,Additional,,True
U0104,U0104,S0300,17,S1,1,87.906,8.985,0.0,96.891,0.0,,0,2,Additional;Struggling,,True
U0104,U0104,S0300,18,S1,1,97.397,8.009,0.0,105.406,0.0,,0,2,Additional;Struggling,,True
U0104,U0104,S0300,19,S1,1,73.969,7.115,0.0,81.084,0.0,,0,2,Additional;Struggling,,True
U0104,U0104,S0300,20,S1,1,80.742,7.178,0.0,87.92,0.0,,0,1,Additional,,True
U0104,U0104,S0400,1,S1,5,145.803,22.02,0.0,167.823,0.0,,0,7,Additional;Parallel;Struggling,,True
U0104,U0104,S0400,2,S1,4,124.143,14.165,0.0,138.308,0.0,,0,3,Additional;Struggling,,True
U0104,U0104,S0400,3,S1,1,96.604,11.111,0.0,107.715,0.0,,0,3,Additional;Struggling,,True
U0104,U0104,S0400,4,S1,1,91.409,10.48,0.0,101.889,0.0,,0,4,Additional;Struggling,,True
U0104,U0104,S0400,5,S1,3,99.273,14.959,0.0,114.232,0.0,,0,5,Additional;Struggling,,True
U0104,U0104,S0400,6,S1,2,87.992,9.194,0.0,97.186,0.0,,0,4,Additional;Parallel;Struggling,,True
U0104,U0104,S0400,7,S1,1,85.75,12.145,0.0,97.895,0.0,,0,3,Additional;Struggling,,True
U0104,U0104,S0400,8,S1,1,64.755,8.206,0.0,72.961,0.0,,0,2,Additional;Parallel,,True
U0104,U0104,S0400,9,S1,1,73.156,9.452,0.0,82.608,0.0,,0,5,Additional;Parallel;Struggling,,True
U0104,U0104,S0400,10,S1,2,84.599,7.384,0.0,91.983,0.0,,0,4,Additional;Confused;Struggling,,True
U0105,U0105,S0100,1,S1,3,153.28,19.629,0.0,172.909,0.0,,0,3,Additional;Investigation,,True
U0105,U0105,S0100,2,S1,2,105.524,12.763,0.0,126.687,8.4,,0,1,Additional,,True
U0105,U0105,S0100,3,S1,2,99.547,13.594,0.0,113.141,0.0,,0,1,Additional,,True
U0105,U0105,S0100,4,S1,1,104.475,10.882,0.0,115.357,0.0,,0,1,Struggling,,True
U0105,U0105,S0100,5,S1,1,89.301,10.098,0.0,99.399,0.0,,0,1,Additional,,True
U0105,U0105,S0100,6,S1,1,108.462,9.851,0.0,118.313,0.0,,3,7,Additional;Incident;Investigation;Recovery,incident_or_recovery_overlap,False
U0105,U0105,S0100,7,S1,1,78.662,13.988,0.0,92.65,0.0,,0,1,Additional,,True
U0105,U0105,S0100,8,S1,3,143.926,16.903,0.0,164.712,3.883,,1,4,Additional;Confused;Recovery;Struggling,incident_or_recovery_overlap,False
U0105,U0105,S0100,9,S1,2,102.21,11.625,0.0,113.835,0.0,,0,1,Additional,,True
U0105,U0105,S0100,10,S1,5,154.988,22.36,0.0,177.348,0.0,,0,1,Additional,,True
U0105,U0105,S0100,11,S1,1,119.739,14.32,2.702,136.761,0.0,,3,4,Incident;Investigation;Recovery,incident_or_recovery_overlap;nonwork_or_error_label,False
U0105,U0105,S0100,12,S1,1,90.61,14.06,0.0,104.67,0.0,,0,1,Additional,,True
U0105,U0105,S0100,13,S1,1,89.177,10.935,0.0,104.539,4.427,,2,4,Additional;Incident;Investigation;Recovery,incident_or_recovery_overlap,False
U0105,U0105,S0100,14,S1,1,81.139,9.341,0.0,90.48,0.0,,0,0,,,True
U0105,U0105,S0100,15,S1,4,154.401,21.383,0.0,175.784,0.0,,3,5,Additional;Incident;Investigation;Recovery,incident_or_recovery_overlap,False
U0105,U0105,S0100,16,S1,1,87.552,10.025,0.0,97.577,0.0,,0,1,Additional,,True
U0105,U0105,S0100,17,S1,1,75.291,11.562,0.0,90.545,3.692,,0,1,Additional,,True
U0105,U0105,S0100,18,S1,5,140.928,24.246,0.0,165.174,0.0,,0,2,Additional;Investigation,,True
U0105,U0105,S0100,19,S1,2,92.629,12.399,0.0,105.028,0.0,,0,1,Additional,,True
U0105,U0105,S0100,20,S1,1,76.851,7.418,0.0,84.269,0.0,,0,1,Additional,,True
U0105,U0105,S0200,1,S1,1,79.973,14.33,0.0,94.303,0.0,,0,1,Additional,,True
U0105,U0105,S0200,2,S1,2,90.19,11.981,0.0,102.171,0.0,,0,1,Additional,,True
U0105,U0105,S0200,3,S1,1,79.786,10.46,0.0,90.246,0.0,,0,1,Additional,,True
U0105,U0105,S0200,4,S1,2,104.028,12.775,0.0,116.803,0.0,,0,1,Additional,,True
U0105,U0105,S0200,5,S1,1,113.737,9.873,0.0,123.61,0.0,,1,6,Additional;Confused;Incident;Struggling,incident_or_recovery_overlap,False
U0105,U0105,S0200,6,S1,1,79.564,8.481,0.0,88.045,0.0,,0,2,Additional;Investigation,,True
U0105,U0105,S0200,7,S1,1,82.924,8.142,0.0,91.066,0.0,,0,3,Additional;Struggling,,True
U0105,U0105,S0200,8,S1,1,75.586,7.899,0.0,83.485,0.0,,0,1,Additional,,True
U0105,U0105,S0200,9,S1,2,93.086,15.245,0.0,108.331,0.0,,0,2,Additional,,True
U0105,U0105,S0200,10,S1,1,125.518,12.695,0.0,138.213,0.0,,2,3,Additional;Incident;Recovery,incident_or_recovery_overlap,False
U0105,U0105,S0200,11,S1,3,102.985,13.595,0.0,116.58,0.0,,0,2,Additional;Parallel,,True
U0105,U0105,S0200,12,S1,3,98.31,15.557,0.0,113.867,0.0,,0,1,Additional,,True
U0105,U0105,S0200,13,S1,1,71.728,10.444,0.0,82.172,0.0,,0,1,Additional,,True
U0105,U0105,S0200,14,S1,2,101.156,12.677,0.0,113.833,0.0,,0,1,Additional,,True
U0105,U0105,S0200,15,S1,1,76.053,8.421,0.0,89.692,5.218,,0,1,Additional,,True
U0105,U0105,S0200,16,S1,2,99.078,12.386,0.0,111.464,0.0,,0,1,Additional,,True
U0105,U0105,S0200,17,S1,3,120.149,15.214,0.0,135.363,0.0,,2,3,Additional;Incident;Recovery,incident_or_recovery_overlap,False
U0105,U0105,S0200,18,S1,3,130.237,14.534,0.0,144.771,0.0,,0,0,,,True
U0105,U0105,S0200,19,S1,3,108.439,12.135,0.0,123.551,2.977,,0,1,Additional,,True
U0105,U0105,S0200,20,S1,5,137.97,15.693,0.0,153.663,0.0,,0,2,Additional;Struggling,,True
U0105,U0105,S0300,1,S1,1,93.849,14.218,0.0,108.067,-0.0,,0,3,Additional;Parallel;Struggling,,True
U0105,U0105,S0300,2,S1,2,85.857,13.143,0.0,99.0,0.0,,2,3,Additional;Incident;Recovery,incident_or_recovery_overlap,False
U0105,U0105,S0300,3,S1,1,76.173,7.64,0.0,83.813,0.0,,0,2,Additional;Struggling,,True
U0105,U0105,S0300,4,S1,3,109.488,11.633,0.0,121.121,0.0,,0,1,Additional,,True
U0105,U0105,S0300,5,S1,1,69.247,7.679,0.0,76.926,0.0,,0,2,Additional;Parallel,,True
U0105,U0105,S0300,6,S1,4,127.081,13.801,0.0,144.421,3.539,,0,1,Additional,,True
U0105,U0105,S0300,7,S1,2,79.373,11.043,0.0,90.416,0.0,,0,0,,,True
U0105,U0105,S0300,8,S1,1,83.714,9.39,0.0,93.104,0.0,,3,5,Additional;Incident;Investigation;Recovery,incident_or_recovery_overlap,False
U0105,U0105,S0300,9,S1,1,79.544,7.854,0.0,87.398,0.0,,0,2,Additional;Struggling,,True
U0105,U0105,S0300,10,S1,2,79.675,10.693,0.0,90.368,0.0,,0,1,Additional,,True
U0105,U0105,S0300,11,S1,1,67.859,7.792,0.0,75.651,0.0,,0,1,Additional,,True
U0105,U0105,S0300,12,S1,1,106.645,9.573,2.641,118.859,-0.0,,3,3,Incident;Recovery,incident_or_recovery_overlap;nonwork_or_error_label,False
U0105,U0105,S0300,13,S1,2,86.128,11.021,0.0,102.207,5.058,,0,1,Additional,,True
U0105,U0105,S0300,14,S1,3,96.337,10.21,0.0,106.547,0.0,,0,1,Additional,,True
U0105,U0105,S0300,15,S1,1,63.597,8.094,0.0,71.691,0.0,,0,2,Additional;Struggling,,True
U0105,U0105,S0300,16,S1,1,90.481,9.274,0.0,99.755,0.0,,0,1,Additional,,True
U0105,U0105,S0300,17,S1,3,113.805,13.588,0.0,127.393,0.0,,0,0,,,True
U0105,U0105,S0300,18,S1,1,74.498,7.429,0.0,81.927,0.0,,0,1,Additional,,True
U0105,U0105,S0300,19,S1,2,89.092,9.955,0.0,99.047,0.0,,0,2,Additional;Struggling,,True
U0105,U0105,S0300,20,S1,5,123.112,16.649,0.0,139.761,0.0,,0,2,Additional;Struggling,,True
U0105,U0105,S0400,1,S1,1,76.319,10.108,0.0,86.427,0.0,,0,2,Additional;Struggling,,True
U0105,U0105,S0400,2,S1,1,73.727,8.744,0.0,82.471,0.0,,0,1,Struggling,,True
U0105,U0105,S0400,3,S1,3,108.574,12.378,0.0,120.952,0.0,,0,2,Additional;Struggling,,True
U0105,U0105,S0400,4,S1,5,137.571,17.439,0.0,155.01,0.0,,0,2,Additional;Struggling,,True
U0105,U0105,S0400,5,S1,2,92.356,8.26,0.0,100.616,0.0,,0,1,Additional,,True
U0105,U0105,S0400,6,S1,1,82.289,8.895,1.435,92.619,0.0,,0,0,,nonwork_or_error_label,False
U0105,U0105,S0400,7,S1,4,116.739,17.603,1.999,136.341,0.0,,0,0,,nonwork_or_error_label,False
U0105,U0105,S0400,8,S1,3,100.016,11.158,0.0,111.174,0.0,,0,2,Additional;Investigation,,True
U0105,U0105,S0400,9,S1,3,84.332,10.646,0.0,94.978,-0.0,,0,1,Additional,,True
U0105,U0105,S0400,10,S1,1,78.074,9.471,0.0,87.545,0.0,,1,2,Additional;Incident,incident_or_recovery_overlap,False
U0105,U0105,S0400,11,S1,1,67.259,8.651,0.0,75.91,0.0,,0,1,Additional,,True
U0105,U0105,S0400,12,S1,1,67.361,8.424,0.0,75.785,0.0,,0,1,Additional,,True
U0105,U0105,S0400,13,S1,2,107.35,9.856,0.0,123.088,5.882,,3,5,Incident;Investigation;Recovery;Struggling,incident_or_recovery_overlap,False
U0105,U0105,S0400,14,S1,1,74.36,9.546,0.0,83.906,0.0,,0,1,Additional,,True
U0105,U0105,S0400,15,S1,1,69.41,7.884,0.0,77.294,0.0,,0,1,Additional,,True
U0105,U0105,S0400,16,S1,3,94.457,12.669,0.0,107.126,0.0,,0,1,Additional,,True
U0105,U0105,S0400,17,S1,1,66.801,7.623,0.0,74.424,0.0,,0,1,Additional,,True
U0105,U0105,S0400,18,S1,1,111.026,10.625,0.0,162.635,40.984,,1,7,Additional;Investigation;Recovery;Struggling,incident_or_recovery_overlap,False
U0105,U0105,S0400,19,S1,1,71.492,10.62,0.0,82.112,0.0,,0,2,Additional,,True
U0105,U0105,S0400,20,S1,1,76.466,8.795,0.0,85.261,0.0,,0,1,Additional,,True
U0105,U0105,S0500,1,S1,2,117.013,12.574,0.0,129.587,0.0,,0,2,Additional;Confused,,True
U0105,U0105,S0500,2,S1,2,87.367,13.901,0.0,101.268,0.0,,0,1,Additional,,True
U0105,U0105,S0500,3,S1,1,64.313,8.435,0.0,72.748,0.0,,0,1,Additional,,True
U0105,U0105,S0500,4,S1,2,89.583,7.317,0.0,96.9,0.0,,0,2,Additional;Parallel,,True
U0105,U0105,S0500,5,S1,5,148.253,21.311,1.64,171.204,0.0,,1,2,Recovery;Struggling,incident_or_recovery_overlap;nonwork_or_error_label,False
U0105,U0105,S0500,6,S1,3,97.675,16.538,0.0,114.213,0.0,,0,1,Additional,,True
U0105,U0105,S0500,7,S1,1,72.594,8.954,0.0,81.548,0.0,,0,1,Additional,,True
U0105,U0105,S0500,8,S1,2,102.658,11.747,1.682,116.087,0.0,,4,7,Incident;Investigation;Recovery;Struggling,incident_or_recovery_overlap;nonwork_or_error_label,False
U0105,U0105,S0500,9,S1,3,95.821,10.302,0.0,106.123,0.0,,1,2,Additional;Incident,incident_or_recovery_overlap,False
U0105,U0105,S0500,10,S1,1,55.569,7.625,0.0,63.194,0.0,,0,0,,,True
U0105,U0105,S0500,11,S1,5,110.567,15.677,0.0,126.244,0.0,,0,1,Additional,,True
U0105,U0105,S0500,12,S1,1,64.235,8.942,0.0,73.177,0.0,,0,1,Additional,,True
U0105,U0105,S0500,13,S1,3,93.581,13.182,0.0,106.763,0.0,,2,3,Additional;Recovery,incident_or_recovery_overlap,False
U0105,U0105,S0500,14,S1,2,77.857,7.755,0.0,85.612,0.0,,0,2,Additional;Investigation,,True
U0105,U0105,S0500,15,S1,2,89.974,7.496,0.0,97.47,0.0,,0,1,Additional,,True
U0105,U0105,S0500,16,S1,2,67.708,8.949,0.0,76.657,0.0,,0,2,Additional;Struggling,,True
U0105,U0105,S0500,17,S1,2,71.489,9.426,0.0,80.915,0.0,,0,2,Additional;Struggling,,True
U0105,U0105,S0500,18,S1,3,89.745,8.418,0.0,98.163,0.0,,0,1,Additional,,True
U0105,U0105,S0500,19,S1,1,55.777,6.125,0.0,61.902,0.0,,0,1,Additional,,True
U0105,U0105,S0500,20,S1,3,72.132,8.056,0.0,80.188,0.0,,0,2,Additional;Parallel,,True
U0106,U0106,S0100,1,S1,5,206.026,44.788,0.0,255.835,5.021,,1,5,Additional;Incident;Investigation,incident_or_recovery_overlap,False
U0106,U0106,S0100,2,S1,1,110.001,12.044,0.0,122.045,0.0,,0,6,Additional;Investigation,,True
U0106,U0106,S0100,3,S1,2,138.006,14.142,0.0,152.148,0.0,,1,5,Additional;Incident;Investigation;Parallel,incident_or_recovery_overlap,False
U0106,U0106,S0100,4,S1,2,112.21,11.821,0.0,129.088,5.057,,0,3,Additional;Investigation;Parallel,,True
U0106,U0106,S0100,5,S1,2,114.391,11.053,0.0,125.444,0.0,,0,5,Additional;Confused;Investigation;Parallel;Struggling,,True
U0106,U0106,S0100,6,S1,1,119.695,9.481,0.0,129.176,0.0,,0,6,Additional;Investigation;Struggling,,True
U0106,U0106,S0100,7,S1,1,118.196,11.288,0.0,129.484,0.0,,0,2,Additional,,True
U0106,U0106,S0100,8,S1,1,125.279,7.939,0.0,133.218,-0.0,,0,4,Additional;Parallel;Struggling,,True
U0106,U0106,S0100,9,S1,3,125.443,20.336,0.0,145.779,0.0,,0,7,Additional;Confused;Investigation;Struggling,,True
U0106,U0106,S0100,10,S1,2,114.371,10.369,0.0,124.74,0.0,,0,3,Additional;Investigation,,True
U0106,U0106,S0100,11,S1,5,215.081,28.857,0.0,258.046,14.108,,3,11,Additional;Confused;Incident;Investigation;Recovery;Struggling,incident_or_recovery_overlap,False
U0106,U0106,S0100,12,S1,1,145.4,13.785,0.0,199.015,39.83,,1,10,Additional;Confused;Incident;Investigation;Parallel;Struggling,incident_or_recovery_overlap,False
U0106,U0106,S0100,13,S1,1,84.771,9.279,0.0,94.05,0.0,,0,3,Additional;Investigation;Parallel,,True
U0106,U0106,S0100,14,S1,2,112.143,10.853,0.0,122.996,0.0,,0,5,Additional;Confused;Parallel,,True
U0106,U0106,S0100,15,S1,4,181.106,20.254,0.0,201.36,0.0,,3,12,Additional;Confused;Incident;Investigation;Recovery;Struggling,incident_or_recovery_overlap,False
U0106,U0106,S0100,16,S1,1,94.573,8.02,0.0,102.593,0.0,,1,5,Additional;Incident,incident_or_recovery_overlap,False
U0106,U0106,S0100,17,S1,3,136.258,11.921,0.0,148.179,0.0,,0,4,Additional;Confused;Parallel,,True
U0106,U0106,S0100,18,S1,1,96.489,10.709,0.0,107.198,-0.0,,0,5,Additional;Investigation;Parallel;Struggling,,True
U0106,U0106,S0100,19,S1,2,133.418,11.722,0.0,145.14,-0.0,,0,5,Additional;Confused;Parallel,,True
U0106,U0106,S0100,20,S1,1,112.422,8.447,0.0,120.869,0.0,,0,3,Additional,,True
U0106,U0106,S0200,1,S1,1,84.442,8.536,0.0,92.978,0.0,,0,5,Additional;Confused;Parallel,,True
U0106,U0106,S0200,2,S1,1,85.262,8.026,0.0,93.288,0.0,,0,3,Additional;Parallel,,True
U0106,U0106,S0200,3,S1,1,82.232,7.023,0.0,89.255,0.0,,0,3,Additional;Parallel,,True
U0106,U0106,S0200,4,S1,1,76.433,6.927,0.0,83.36,0.0,,0,3,Additional;Parallel,,True
U0106,U0106,S0200,5,S1,2,92.55,9.96,0.0,112.01,9.5,,0,7,Additional;Confused;Investigation;Parallel;Struggling,,True
U0106,U0106,S0200,6,S1,1,91.116,10.225,0.0,101.341,0.0,,0,4,Additional;Parallel;Struggling,,True
U0106,U0106,S0200,7,S1,1,75.951,7.242,0.0,83.193,0.0,,0,3,Additional,,True
U0106,U0106,S0200,8,S1,1,95.746,11.302,0.0,117.128,10.08,,0,7,Additional;Confused;Investigation;Parallel,,True
U0106,U0106,S0200,9,S1,5,154.453,13.528,0.0,167.981,0.0,,0,8,Additional;Investigation;Parallel;Struggling,,True
U0106,U0106,S0200,10,S1,1,84.201,9.063,0.0,93.264,0.0,,0,4,Additional;Parallel;Struggling,,True
U0106,U0106,S0200,11,S1,3,116.317,12.013,0.0,128.33,0.0,,1,7,Additional;Confused;Incident;Investigation,incident_or_recovery_overlap,False
U0106,U0106,S0200,12,S1,1,91.362,10.909,0.0,102.271,0.0,,0,6,Additional;Investigation,,True
U0106,U0106,S0200,13,S1,1,71.561,7.943,0.0,79.504,0.0,,0,4,Additional;Confused,,True
U0106,U0106,S0200,14,S1,5,116.032,10.037,0.0,126.069,0.0,,0,3,Additional,,True
U0106,U0106,S0200,15,S1,2,88.354,8.3,0.0,96.654,0.0,,0,5,Additional;Confused,,True
U0106,U0106,S0200,16,S1,2,98.766,7.527,0.0,106.293,0.0,,0,5,Additional;Confused;Struggling,,True
U0106,U0106,S0200,17,S1,1,85.183,9.909,0.0,95.092,0.0,,0,6,Additional;Investigation;Parallel;Struggling,,True
U0106,U0106,S0200,18,S1,1,108.561,7.333,0.0,115.894,0.0,,0,10,Additional;Confused;Parallel;Struggling,,True
U0106,U0106,S0200,19,S1,2,95.339,8.003,0.0,103.342,0.0,,0,6,Additional;Confused;Struggling,,True
U0106,U0106,S0200,20,S1,1,112.606,8.275,0.0,120.881,0.0,,0,8,Additional;Investigation;Parallel;Struggling,,True
U0106,U0106,S0300,1,S1,1,88.038,8.095,0.0,96.133,0.0,,0,4,Additional;Parallel,,True
U0106,U0106,S0300,2,S1,1,92.545,9.097,0.0,101.642,0.0,,0,7,Additional;Investigation;Struggling,,True
U0106,U0106,S0300,3,S1,1,76.63,6.955,0.0,83.585,-0.0,,0,3,Additional;Struggling,,True
U0106,U0106,S0300,4,S1,2,83.328,8.782,0.0,92.11,0.0,,0,5,Additional,,True
U0106,U0106,S0300,5,S1,1,89.789,7.319,0.0,97.108,0.0,,3,13,Additional;Confused;Incident;Investigation;Parallel;Recovery;Struggling,incident_or_recovery_overlap,False
U0106,U0106,S0300,6,S1,1,92.043,10.88,0.0,102.923,0.0,,1,7,Additional;Confused;Incident;Struggling,incident_or_recovery_overlap,False
U0106,U0106,S0300,7,S1,1,76.309,7.374,0.0,83.683,0.0,,0,8,Additional;Parallel;Struggling,,True
U0106,U0106,S0300,8,S1,3,98.159,9.567,0.0,107.726,0.0,,0,4,Additional;Parallel;Struggling,,True
U0106,U0106,S0300,9,S1,1,80.325,6.481,0.0,86.806,0.0,,0,3,Additional;Struggling,,True
U0106,U0106,S0300,10,S1,1,98.514,8.92,0.0,107.434,0.0,,2,11,Additional;Incident;Investigation;Parallel;Recovery;Struggling,incident_or_recovery_overlap,False
U0106,U0106,S0300,11,S1,1,84.702,7.505,0.0,92.207,0.0,,0,4,Additional;Struggling,,True
U0106,U0106,S0300,12,S1,3,123.156,11.185,0.0,134.341,0.0,,0,7,Additional;Confused;Parallel,,True
U0106,U0106,S0300,13,S1,2,88.396,8.988,0.0,97.384,0.0,,0,3,Additional;Parallel,,True
U0106,U0106,S0300,14,S1,1,93.973,10.789,0.0,104.762,0.0,,0,5,Additional;Struggling,,True
U0106,U0106,S0300,15,S1,2,103.273,8.825,0.0,112.098,0.0,,1,11,Additional;Confused;Incident;Struggling,incident_or_recovery_overlap,False
U0106,U0106,S0300,16,S1,1,79.418,8.462,0.0,87.88,0.0,,2,11,Additional;Incident;Investigation;Parallel;Recovery;Struggling,incident_or_recovery_overlap,False
U0106,U0106,S0300,17,S1,1,78.593,7.909,0.0,86.502,0.0,,0,9,Additional;Confused;Struggling,,True
U0106,U0106,S0300,18,S1,3,117.292,10.484,0.0,132.129,4.353,,1,8,Additional;Investigation;Recovery;Struggling,incident_or_recovery_overlap,False
U0106,U0106,S0300,19,S1,3,122.9,11.269,0.0,134.169,0.0,,1,11,Additional;Confused;Investigation;Recovery;Struggling,incident_or_recovery_overlap,False
U0106,U0106,S0300,20,S1,1,110.7,10.6,0.0,121.3,0.0,,0,10,Additional;Confused;Parallel;Struggling,,True
U0106,U0106,S0400,1,S1,2,87.552,9.17,0.0,96.722,0.0,,0,4,Additional;Struggling,,True
U0106,U0106,S0400,2,S1,1,85.058,8.082,0.0,93.14,0.0,,1,8,Additional;Investigation;Parallel;Recovery,incident_or_recovery_overlap,False
U0106,U0106,S0400,3,S1,3,120.443,9.663,0.0,130.106,0.0,,1,8,Additional;Confused;Investigation;Parallel;Recovery;Struggling,incident_or_recovery_overlap,False
U0106,U0106,S0400,4,S1,3,126.89,9.806,0.0,136.696,0.0,,1,12,Additional;Confused;Investigation;Parallel;Recovery;Struggling,incident_or_recovery_overlap,False
U0106,U0106,S0400,5,S1,1,103.2,8.334,0.0,111.534,0.0,,0,7,Additional;Investigation;Struggling,,True
U0106,U0106,S0400,6,S1,3,129.11,11.216,0.0,140.326,0.0,,0,8,Additional;Investigation;Struggling,,True
U0106,U0106,S0400,7,S1,1,77.743,6.868,0.0,84.611,0.0,,0,6,Additional;Confused;Struggling,,True
U0106,U0106,S0400,8,S1,1,78.528,7.457,0.0,85.985,0.0,,0,4,Additional;Struggling,,True
U0106,U0106,S0400,9,S1,1,84.133,7.526,0.0,91.659,0.0,,0,5,Additional;Struggling,,True
U0106,U0106,S0400,10,S1,1,80.934,10.831,0.0,91.765,0.0,,0,5,Additional;Parallel;Struggling,,True
U0106,U0106,S0400,11,S1,1,96.257,8.859,0.0,105.116,0.0,,1,7,Additional;Confused;Incident;Parallel;Struggling,incident_or_recovery_overlap,False
U0106,U0106,S0400,12,S1,1,93.062,8.453,0.0,101.515,0.0,,2,8,Additional;Incident;Parallel;Recovery;Struggling,incident_or_recovery_overlap,False
U0106,U0106,S0400,13,S1,1,90.606,8.637,0.0,99.243,0.0,,0,5,Additional;Confused;Parallel,,True
U0106,U0106,S0400,14,S1,1,82.365,7.173,0.0,89.538,0.0,,0,4,Additional;Parallel,,True
U0106,U0106,S0400,15,S1,1,93.892,8.99,0.0,102.882,0.0,,0,6,Additional;Confused;Investigation;Struggling,,True
U0106,U0106,S0400,16,S1,1,77.073,7.848,0.0,84.921,0.0,,0,6,Additional;Parallel;Struggling,,True
U0106,U0106,S0400,17,S1,5,136.595,9.278,0.0,145.873,0.0,,4,12,Additional;Incident;Recovery;Struggling,incident_or_recovery_overlap,False
U0106,U0106,S0400,18,S1,5,128.508,9.75,0.0,138.258,0.0,,0,7,Additional;Confused;Struggling,,True
U0106,U0106,S0400,19,S1,5,139.418,11.048,0.0,150.466,0.0,,0,9,Additional;Confused;Struggling,,True
U0106,U0106,S0400,20,S1,1,97.382,8.937,0.0,106.319,0.0,,0,8,Additional;Confused;Parallel;Struggling,,True
U0106,U0106,S0500,1,S1,3,113.31,12.775,0.0,126.085,0.0,,0,8,Additional;Parallel;Struggling,,True
U0106,U0106,S0500,2,S1,2,108.903,7.205,0.0,116.108,0.0,,0,9,Additional;Confused;Struggling,,True
U0106,U0106,S0500,3,S1,1,71.915,7.023,0.0,78.938,0.0,,0,6,Additional;Parallel,,True
U0106,U0106,S0500,4,S1,3,104.551,9.734,0.0,114.285,0.0,,0,10,Additional;Confused;Struggling,,True
U0106,U0106,S0500,5,S1,2,95.34,9.23,0.0,104.57,0.0,,1,9,Additional;Recovery;Struggling,incident_or_recovery_overlap,False
U0106,U0106,S0500,6,S1,3,113.3,10.213,0.0,123.513,0.0,,0,6,Additional;Confused;Investigation;Struggling,,True
U0106,U0106,S0500,7,S1,1,83.494,6.906,0.0,90.4,0.0,,2,7,Additional;Confused;Incident;Recovery;Struggling,incident_or_recovery_overlap,False
U0106,U0106,S0500,8,S1,1,71.733,7.093,0.0,78.826,0.0,,0,3,Additional;Struggling,,True
U0106,U0106,S0500,9,S1,1,86.96,9.174,0.0,96.134,0.0,,0,8,Additional;Investigation;Parallel;Struggling,,True
U0106,U0106,S0500,10,S1,1,94.167,7.343,0.0,101.51,0.0,,0,8,Additional;Confused;Parallel;Struggling,,True
U0107,U0107,S0100,1,S1,3,147.216,16.073,0.0,163.289,0.0,,2,4,Additional;Incident,incident_or_recovery_overlap,False
U0107,U0107,S0100,2,S1,3,152.836,17.627,0.0,170.463,0.0,,0,3,Additional;Parallel,,True
U0107,U0107,S0100,3,S1,1,98.931,10.449,0.0,109.38,0.0,,0,2,Additional;Parallel,,True
U0107,U0107,S0100,4,S1,3,140.608,17.766,0.0,158.374,0.0,,0,2,Additional,,True
U0107,U0107,S0100,5,S1,2,115.209,13.953,0.0,129.162,0.0,,0,2,Additional;Struggling,,True
U0107,U0107,S0100,6,S1,2,104.666,10.383,0.0,115.049,0.0,,0,2,Additional;Confused,,True
U0107,U0107,S0100,7,S1,1,90.737,7.697,0.0,98.434,0.0,,0,2,Additional,,True
U0107,U0107,S0100,8,S1,1,82.937,8.077,0.0,91.014,0.0,,0,2,Additional,,True
U0107,U0107,S0100,9,S1,1,86.939,7.546,0.0,94.485,0.0,,0,0,,,True
U0107,U0107,S0100,10,S1,1,105.613,8.783,0.0,114.396,0.0,,0,2,Additional;Parallel,,True
U0107,U0107,S0100,11,S1,1,85.244,10.803,0.0,96.047,0.0,,0,1,Additional,,True
U0107,U0107,S0100,12,S1,1,82.982,7.945,0.0,90.927,0.0,,0,1,Additional,,True
U0107,U0107,S0100,13,S1,1,88.654,10.038,0.0,98.692,-0.0,,0,2,Additional,,True
U0107,U0107,S0100,14,S1,1,95.012,9.855,0.0,109.278,4.411,,0,2,Additional,,True
U0107,U0107,S0100,15,S1,1,89.334,7.97,0.0,97.304,0.0,,0,2,Additional;Confused,,True
U0107,U0107,S0100,16,S1,1,96.079,11.81,0.0,107.889,0.0,,0,3,Additional,,True
U0107,U0107,S0100,17,S1,1,90.274,8.95,0.0,106.805,7.581,,0,2,Additional,,True
U0107,U0107,S0100,18,S1,1,77.814,9.383,0.0,87.197,0.0,,0,2,Additional;Parallel,,True
U0107,U0107,S0100,19,S1,1,86.429,7.491,0.0,93.92,0.0,,0,2,Investigation;Parallel,,True
U0107,U0107,S0100,20,S1,1,108.777,6.377,0.0,115.154,0.0,,0,4,Additional;Struggling,,True
U0107,U0107,S0200,1,S1,1,87.604,9.868,0.0,97.472,0.0,,0,1,Additional,,True
U0107,U0107,S0200,2,S1,4,136.911,21.649,0.0,158.56,0.0,,0,2,Additional,,True
U0107,U0107,S0200,3,S1,1,89.082,8.54,0.0,97.622,0.0,,1,3,Additional;Incident,incident_or_recovery_overlap,False
U0107,U0107,S0200,4,S1,1,107.056,13.155,0.0,120.211,0.0,,0,3,Additional;Struggling,,True
U0107,U0107,S0200,5,S1,2,100.713,12.154,0.0,112.867,0.0,,0,3,Additional;Struggling,,True
U0107,U0107,S0200,6,S1,2,91.432,8.453,0.0,99.885,0.0,,0,2,Additional;Parallel,,True
U0107,U0107,S0200,7,S1,1,90.113,8.54,0.0,98.653,0.0,,0,3,Additional;Confused;Parallel,,True
U0107,U0107,S0200,8,S1,1,80.204,10.158,0.0,90.362,0.0,,0,1,Additional,,True
U0107,U0107,S0200,9,S1,1,78.754,8.405,0.0,87.159,0.0,,0,4,Additional;Parallel,,True
U0107,U0107,S0200,10,S1,3,144.144,12.11,0.0,156.254,0.0,,0,5,Additional;Parallel;Struggling,,True
U0107,U0107,S0200,11,S1,1,82.699,9.413,0.0,92.112,0.0,,0,1,Additional,,True
U0107,U0107,S0200,12,S1,1,95.765,11.636,0.0,107.401,0.0,,0,2,Additional,,True
U0107,U0107,S0200,13,S1,3,111.675,13.672,0.0,130.632,5.285,,0,1,Additional,,True
U0107,U0107,S0200,14,S1,1,92.18,10.053,0.0,102.233,0.0,,0,2,Additional,,True
U0107,U0107,S0200,15,S1,1,79.031,11.843,0.0,90.874,0.0,,0,1,Additional,,True
U0107,U0107,S0200,16,S1,2,102.22,10.604,0.0,112.824,0.0,,0,2,Additional,,True
U0107,U0107,S0200,17,S1,1,85.607,11.843,0.0,97.45,0.0,,0,2,Additional,,True
U0107,U0107,S0200,18,S1,1,90.946,12.654,0.0,103.6,0.0,,0,2,Additional,,True
U0107,U0107,S0200,19,S1,1,78.565,9.79,0.0,88.355,0.0,,0,1,Parallel,,True
U0107,U0107,S0200,20,S1,1,78.303,6.343,0.0,84.646,0.0,,0,2,Additional;Parallel,,True
U0107,U0107,S0300,1,S1,1,109.706,9.609,0.0,119.315,0.0,,2,2,Incident;Recovery,incident_or_recovery_overlap,False
U0107,U0107,S0300,2,S1,1,84.795,10.248,0.0,95.043,0.0,,0,1,Additional,,True
U0107,U0107,S0300,3,S1,1,83.218,9.411,0.0,92.629,0.0,,0,2,Additional;Investigation,,True
U0107,U0107,S0300,4,S1,1,81.134,8.212,0.0,89.346,0.0,,0,2,Additional,,True
U0107,U0107,S0300,5,S1,1,83.854,11.039,0.0,94.893,0.0,,0,2,Additional,,True
U0107,U0107,S0300,6,S1,1,80.882,8.728,0.0,89.61,0.0,,0,2,Additional,,True
U0107,U0107,S0300,7,S1,1,84.554,8.919,0.0,93.473,0.0,,0,2,Additional,,True
U0107,U0107,S0300,8,S1,1,82.817,8.869,0.0,91.686,0.0,,0,3,Additional,,True
U0107,U0107,S0300,9,S1,1,73.585,6.652,3.227,83.464,0.0,,0,1,Additional,nonwork_or_error_label,False
U0107,U0107,S0300,10,S1,2,81.628,3.771,8.487,93.886,0.0,,0,1,Additional,nonwork_or_error_label,False
U0107,U0107,S0300,11,S1,1,89.261,3.505,10.589,103.355,0.0,,0,4,Additional;Confused;Parallel,nonwork_or_error_label,False
U0107,U0107,S0300,12,S1,1,74.793,3.122,9.371,87.286,0.0,,1,2,Additional;Recovery,incident_or_recovery_overlap;nonwork_or_error_label,False
U0107,U0107,S0300,13,S1,1,69.682,2.619,9.813,82.114,0.0,,0,1,Additional,nonwork_or_error_label,False
U0107,U0107,S0300,14,S1,1,76.674,3.026,8.669,88.369,0.0,,0,0,,nonwork_or_error_label,False
U0107,U0107,S0300,15,S1,1,84.53,4.551,9.789,98.87,0.0,,0,2,Additional,nonwork_or_error_label,False
U0107,U0107,S0300,16,S1,1,79.852,4.169,8.848,92.869,0.0,,0,2,Additional,nonwork_or_error_label,False
U0107,U0107,S0300,17,S1,3,105.223,3.585,13.779,122.587,0.0,,0,1,Additional,nonwork_or_error_label,False
U0107,U0107,S0300,18,S1,1,68.233,5.567,9.357,83.157,0.0,,0,2,Additional,nonwork_or_error_label,False
U0107,U0107,S0300,19,S1,1,95.616,2.771,9.889,111.047,2.771,,2,6,Additional;Incident;Investigation;Recovery,incident_or_recovery_overlap;nonwork_or_error_label,False
U0107,U0107,S0300,20,S1,1,73.649,2.085,7.83,83.564,-0.0,,0,3,Additional,nonwork_or_error_label,False
U0107,U0107,S0400,1,S1,1,68.609,10.877,0.0,79.486,0.0,,0,1,Additional,,True
U0107,U0107,S0400,2,S1,1,67.64,11.513,0.0,79.153,0.0,,0,1,Additional,,True
U0107,U0107,S0400,3,S1,1,72.157,11.077,0.0,83.234,-0.0,,0,2,Additional;Confused,,True
U0107,U0107,S0400,4,S1,1,73.148,11.811,0.0,84.959,0.0,,0,2,Additional,,True
U0107,U0107,S0400,5,S1,2,81.463,14.185,0.0,95.648,0.0,,0,2,Additional,,True
U0107,U0107,S0400,6,S1,1,75.339,11.977,0.0,87.316,0.0,,0,3,Additional,,True
U0107,U0107,S0400,7,S1,1,68.941,11.937,0.0,80.878,0.0,,0,2,Additional,,True
U0107,U0107,S0400,8,S1,1,65.09,9.644,0.0,74.734,0.0,,0,2,Additional,,True
U0107,U0107,S0400,9,S1,1,72.246,10.22,0.0,86.727,4.261,,0,2,Additional,,True
U0107,U0107,S0400,10,S1,2,91.311,11.995,0.0,103.306,0.0,,0,2,Additional,,True
U0107,U0107,S0400,11,S1,1,64.471,12.241,0.0,76.712,0.0,,0,2,Additional,,True
U0107,U0107,S0400,12,S1,1,64.142,10.382,0.0,74.524,0.0,,0,1,Additional,,True
U0107,U0107,S0400,13,S1,1,73.118,11.631,0.0,84.749,0.0,,0,2,Additional,,True
U0107,U0107,S0400,14,S1,3,99.977,14.522,0.0,114.499,0.0,,0,2,Additional,,True
U0107,U0107,S0400,15,S1,5,120.391,16.959,0.0,137.35,0.0,,0,2,Additional;Parallel,,True
U0107,U0107,S0400,16,S1,1,66.742,11.61,0.0,78.352,0.0,,0,1,Additional,,True
U0107,U0107,S0400,17,S1,1,74.868,10.622,0.0,85.49,0.0,,0,2,Additional,,True
U0107,U0107,S0400,18,S1,4,105.032,19.037,0.0,124.069,0.0,,0,2,Additional,,True
U0107,U0107,S0400,19,S1,3,91.636,14.363,0.0,105.999,0.0,,0,2,Additional,,True
U0107,U0107,S0400,20,S1,1,73.88,8.468,0.0,82.348,0.0,,0,2,Additional,,True
U0107,U0107,S0500,1,S1,3,86.926,16.011,0.0,102.937,0.0,,1,3,Additional;Incident,incident_or_recovery_overlap,False
U0107,U0107,S0500,2,S1,1,72.591,11.643,0.0,84.234,0.0,,0,2,Additional,,True
U0107,U0107,S0500,3,S1,1,70.957,15.263,0.0,86.22,0.0,,0,2,Additional,,True
U0107,U0107,S0500,4,S1,3,91.88,16.027,0.0,107.907,0.0,,0,2,Additional,,True
U0107,U0107,S0500,5,S1,2,77.638,14.149,0.0,91.787,0.0,,0,2,Additional,,True
U0107,U0107,S0500,6,S1,3,99.455,18.037,0.0,117.492,0.0,,0,2,Additional,,True
U0107,U0107,S0500,7,S1,1,75.147,12.331,0.0,87.478,0.0,,2,4,Additional;Incident;Recovery,incident_or_recovery_overlap,False
U0107,U0107,S0500,8,S1,2,71.727,11.637,0.0,83.364,0.0,,0,2,Additional,,True
U0107,U0107,S0500,9,S1,1,64.499,10.779,0.0,75.278,0.0,,0,1,Additional,,True
U0107,U0107,S0500,10,S1,3,80.372,12.19,0.0,92.562,0.0,,0,3,Additional;Struggling,,True
U0107,U0107,S0500,11,S1,1,70.343,11.713,0.0,82.056,0.0,,0,3,Additional;Struggling,,True
U0107,U0107,S0500,12,S1,2,69.846,13.42,0.0,83.266,0.0,,0,1,Additional,,True
U0107,U0107,S0500,13,S1,1,62.055,10.658,0.0,72.713,0.0,,0,3,Additional,,True
U0107,U0107,S0500,14,S1,2,71.109,12.448,0.0,83.557,0.0,,0,2,Additional,,True
U0107,U0107,S0500,15,S1,1,62.6,11.516,0.0,74.116,0.0,,0,2,Additional,,True
U0107,U0107,S0500,16,S1,1,73.905,15.51,0.0,89.415,0.0,,0,4,Additional;Confused;Investigation,,True
U0107,U0107,S0500,17,S1,1,60.752,10.446,0.0,71.198,-0.0,,0,2,Additional,,True
U0107,U0107,S0500,18,S1,2,81.607,11.81,0.0,93.417,0.0,,0,1,Additional,,True
U0107,U0107,S0500,19,S1,3,78.834,11.206,0.0,90.04,0.0,,1,4,Additional;Incident,incident_or_recovery_overlap,False
U0107,U0107,S0500,20,S1,5,130.429,10.636,0.0,141.065,0.0,,0,4,Additional;Struggling,,True
U0108,U0108,S0100,1,S1,2,98.933,15.602,0.0,159.999,45.464,,0,3,Additional;Investigation,,True
U0108,U0108,S0100,2,S1,3,104.169,13.593,0.0,117.762,0.0,,0,2,Additional,,True
U0108,U0108,S0100,3,S1,2,89.107,11.373,0.0,100.48,0.0,,0,2,Additional,,True
U0108,U0108,S0100,4,S1,1,91.396,13.021,0.0,104.417,0.0,,0,2,Additional;Investigation,,True
U0108,U0108,S0100,5,S1,1,84.904,9.451,0.0,94.355,0.0,,0,1,Additional,,True
U0108,U0108,S0100,6,S1,4,141.41,19.956,0.0,161.366,0.0,,2,4,Additional;Incident;Recovery;Struggling,incident_or_recovery_overlap,False
U0108,U0108,S0100,7,S1,1,82.857,10.186,0.0,93.043,0.0,,0,1,Additional,,True
U0108,U0108,S0100,8,S1,5,166.914,24.64,0.0,191.554,0.0,,0,4,Additional;Confused;Investigation;Struggling,,True
U0108,U0108,S0100,9,S1,1,89.537,9.485,0.0,99.022,0.0,,0,4,Additional;Investigation;Struggling,,True
U0108,U0108,S0100,10,S1,1,76.403,7.743,0.0,84.146,0.0,,0,1,Additional,,True
U0108,U0108,S0100,11,S1,1,80.583,10.709,0.0,91.292,0.0,,0,2,Additional;Struggling,,True
U0108,U0108,S0100,12,S1,1,90.281,11.093,0.0,101.374,0.0,,0,2,Additional;Investigation,,True
U0108,U0108,S0100,13,S1,2,89.589,12.933,0.0,102.522,0.0,,0,1,Additional,,True
U0108,U0108,S0100,14,S1,1,76.101,10.161,0.0,86.262,0.0,,0,1,Additional,,True
U0108,U0108,S0100,15,S1,1,76.34,10.067,0.0,86.407,0.0,,0,1,Additional,,True
U0108,U0108,S0100,16,S1,1,88.003,12.841,0.0,100.844,-0.0,,0,1,Additional,,True
U0108,U0108,S0100,17,S1,2,83.358,9.32,0.0,92.678,0.0,,0,1,Additional,,True
U0108,U0108,S0100,18,S1,1,78.072,8.846,0.0,86.918,0.0,,0,3,Additional;Parallel;Struggling,,True
U0108,U0108,S0100,19,S1,3,93.211,12.884,0.0,106.095,0.0,,0,1,Additional,,True
U0108,U0108,S0100,20,S1,1,89.251,7.866,0.0,97.117,0.0,,0,2,Additional;Struggling,,True
U0108,U0108,S0200,1,S1,1,78.07,8.727,0.0,86.797,0.0,,0,2,Additional;Confused,,True
U0108,U0108,S0200,2,S1,1,69.526,9.888,0.0,79.414,0.0,,0,1,Additional,,True
U0108,U0108,S0200,3,S1,5,113.288,18.032,0.0,131.32,0.0,,0,3,Additional;Struggling,,True
U0108,U0108,S0200,4,S1,2,113.736,13.446,0.0,127.182,0.0,,0,3,Additional;Struggling,,True
U0108,U0108,S0200,5,S1,1,85.746,9.988,0.0,107.734,12.0,,1,4,Additional;Incident;Investigation;Struggling,incident_or_recovery_overlap,False
U0108,U0108,S0200,6,S1,2,82.464,11.47,0.0,93.934,0.0,,0,1,Additional,,True
U0108,U0108,S0200,7,S1,2,87.559,13.16,0.0,100.719,0.0,,1,2,Additional;Incident,incident_or_recovery_overlap,False
U0108,U0108,S0200,8,S1,1,77.957,8.729,0.0,86.686,0.0,,0,1,Additional,,True
U0108,U0108,S0200,9,S1,4,113.801,16.488,0.0,136.552,6.263,,0,0,,,True
U0108,U0108,S0200,10,S1,3,114.086,14.523,0.0,128.609,0.0,,0,1,Additional,,True
U0108,U0108,S0200,11,S1,1,87.614,11.074,0.0,98.688,0.0,,0,2,Investigation,,True
U0108,U0108,S0200,12,S1,4,165.25,30.62,0.0,195.87,0.0,,2,6,Additional;Incident;Investigation;Recovery;Struggling,incident_or_recovery_overlap,False
U0108,U0108,S0200,13,S1,1,96.16,8.729,0.0,107.909,3.02,,0,3,Additional;Struggling,,True
U0108,U0108,S0200,14,S1,1,114.136,15.863,0.0,140.843,10.844,,2,6,Additional;Incident;Investigation;Recovery;Struggling,incident_or_recovery_overlap,False
U0108,U0108,S0200,15,S1,2,102.739,11.993,0.0,125.826,11.094,,0,3,Additional;Investigation,,True
U0108,U0108,S0200,16,S1,1,104.356,13.51,0.0,129.304,11.438,,0,3,Additional;Investigation;Struggling,,True
U0108,U0108,S0200,17,S1,4,113.239,13.804,0.0,127.043,0.0,,0,1,Additional,,True
U0108,U0108,S0200,18,S1,1,78.347,13.151,0.0,91.498,0.0,,0,3,Additional;Investigation,,True
U0108,U0108,S0200,19,S1,1,79.531,9.359,0.0,88.89,0.0,,0,1,Additional,,True
U0108,U0108,S0200,20,S1,3,147.532,15.656,0.0,163.188,0.0,,0,3,Additional;Struggling,,True
U0108,U0108,S0300,1,S1,1,97.069,9.869,0.0,115.352,8.414,,0,1,Additional,,True
U0108,U0108,S0300,2,S1,5,129.112,13.79,0.0,142.902,0.0,,0,1,Additional,,True
U0108,U0108,S0300,3,S1,2,105.243,12.125,0.0,117.368,0.0,,0,2,Additional;Investigation,,True
U0108,U0108,S0300,4,S1,2,90.439,12.109,0.0,102.548,0.0,,0,1,Additional,,True
U0108,U0108,S0300,5,S1,3,89.895,12.881,0.0,102.776,0.0,,0,1,Additional,,True
U0108,U0108,S0300,6,S1,1,90.76,10.017,0.0,114.723,13.946,,0,3,Additional;Investigation;Struggling,,True
U0108,U0108,S0300,7,S1,1,71.971,8.372,0.0,80.343,0.0,,0,1,Additional,,True
U0108,U0108,S0300,8,S1,1,72.589,9.623,0.0,82.212,0.0,,2,3,Additional;Incident;Recovery,incident_or_recovery_overlap,False
U0108,U0108,S0300,9,S1,1,84.75,8.724,0.0,93.474,0.0,,0,2,Additional;Confused,,True
U0108,U0108,S0300,10,S1,1,83.591,7.33,0.0,90.921,0.0,,0,1,Additional,,True
U0108,U0108,S0300,11,S1,4,116.745,17.767,0.0,134.512,0.0,,0,5,Additional;Struggling,,True
U0108,U0108,S0300,12,S1,1,69.295,8.904,0.0,78.199,0.0,,0,1,Additional,,True
U0108,U0108,S0300,13,S1,2,96.825,14.296,0.0,111.121,0.0,,0,5,Additional;Investigation;Struggling,,True
U0108,U0108,S0300,14,S1,1,103.791,11.844,0.0,115.635,0.0,,0,3,Additional;Investigation;Parallel,,True
U0108,U0108,S0300,15,S1,4,115.294,18.671,0.0,133.965,0.0,,0,3,Additional;Investigation;Struggling,,True
U0108,U0108,S0300,16,S1,2,87.189,11.028,0.0,98.217,0.0,,0,3,Additional;Confused;Struggling,,True
U0108,U0108,S0300,17,S1,1,95.568,9.169,0.0,104.737,0.0,,2,4,Additional;Incident;Parallel;Recovery,incident_or_recovery_overlap,False
U0108,U0108,S0300,18,S1,1,74.429,9.743,0.0,84.172,0.0,,0,3,Additional;Investigation,,True
U0108,U0108,S0300,19,S1,2,82.082,9.842,0.0,91.924,0.0,,0,2,Additional;Struggling,,True
U0108,U0108,S0300,20,S1,1,78.731,8.677,0.0,87.408,0.0,,0,1,Additional,,True
U0108,U0108,S0400,1,S1,1,89.544,9.428,0.0,98.972,0.0,,0,4,Additional;Investigation;Parallel,,True
U0108,U0108,S0400,2,S1,1,77.229,10.361,0.0,87.59,0.0,,0,1,Additional,,True
U0108,U0108,S0400,3,S1,5,174.074,30.448,0.0,204.522,0.0,,2,5,Incident;Parallel;Recovery;Struggling,incident_or_recovery_overlap,False
U0108,U0108,S0400,4,S1,2,87.983,8.471,0.0,96.454,-0.0,,0,1,Additional,,True
U0108,U0108,S0400,5,S1,2,88.906,10.255,0.0,99.161,0.0,,0,2,Additional;Investigation,,True
U0108,U0108,S0400,6,S1,1,80.879,13.392,0.0,94.271,0.0,,0,1,Additional,,True
U0108,U0108,S0400,7,S1,1,95.59,8.417,0.0,104.007,0.0,,3,5,Additional;Incident;Investigation;Recovery,incident_or_recovery_overlap,False
U0108,U0108,S0400,8,S1,4,140.66,16.924,0.0,157.584,0.0,,0,2,Additional;Parallel,,True
U0108,U0108,S0400,9,S1,1,81.887,8.89,0.0,90.777,0.0,,0,3,Additional;Investigation,,True
U0108,U0108,S0400,10,S1,2,179.156,14.624,0.0,193.78,0.0,,2,4,Additional;Recovery;Struggling,incident_or_recovery_overlap,False
U0108,U0108,S0400,11,S1,1,93.61,11.438,0.0,105.048,0.0,,0,1,Additional,,True
U0108,U0108,S0400,12,S1,4,124.111,13.998,0.0,138.109,0.0,,4,7,Additional;Incident;Investigation;Recovery,incident_or_recovery_overlap,False
U0108,U0108,S0400,13,S1,1,70.134,9.542,0.0,87.59,7.914,,0,1,Additional,,True
U0108,U0108,S0400,14,S1,1,99.719,13.065,0.0,112.784,0.0,,3,7,Additional;Incident;Investigation;Parallel;Recovery,incident_or_recovery_overlap,False
U0108,U0108,S0400,15,S1,1,70.921,8.941,0.0,79.862,0.0,,0,2,Additional,,True
U0108,U0108,S0400,16,S1,4,105.489,18.953,0.0,124.442,-0.0,,0,1,Additional,,True
U0108,U0108,S0400,17,S1,1,76.628,8.604,0.0,85.232,0.0,,0,1,Additional,,True
U0108,U0108,S0400,18,S1,3,102.179,11.217,0.0,113.396,0.0,,0,3,Additional;Investigation,,True
U0108,U0108,S0400,19,S1,3,94.909,11.98,0.0,106.889,0.0,,0,1,Additional,,True
U0108,U0108,S0400,20,S1,1,78.689,7.798,0.0,86.487,0.0,,0,2,Additional;Struggling,,True
U0108,U0108,S0500,1,S1,2,93.949,14.258,0.0,113.447,5.24,,0,2,Investigation;Parallel,,True
U0108,U0108,S0500,2,S1,3,97.187,16.937,0.0,114.124,0.0,,0,2,Additional;Investigation,,True
U0108,U0108,S0500,3,S1,1,62.769,14.282,0.0,77.051,0.0,,0,2,Additional;Confused,,True
U0108,U0108,S0500,4,S1,2,74.783,13.934,0.0,88.717,0.0,,0,1,Confused,,True
U0108,U0108,S0500,5,S1,1,77.007,11.585,0.0,88.592,0.0,,0,2,Additional,,True
U0108,U0108,S0500,6,S1,1,84.022,14.295,0.0,98.317,-0.0,,3,5,Additional;Incident;Investigation;Recovery,incident_or_recovery_overlap,False
U0108,U0108,S0500,7,S1,1,67.383,13.197,0.0,80.58,0.0,,0,1,Additional,,True
U0108,U0108,S0500,8,S1,1,69.444,12.88,0.0,82.324,0.0,,0,1,Additional,,True
U0108,U0108,S0500,9,S1,4,98.874,20.315,0.0,119.189,0.0,,0,1,Additional,,True
U0108,U0108,S0500,10,S1,1,81.532,13.899,0.0,95.431,0.0,,0,3,Additional;Investigation,,True
U0108,U0108,S0500,11,S1,1,74.103,17.312,0.0,93.626,2.211,,0,2,Additional;Investigation,,True
U0108,U0108,S0500,12,S1,1,89.742,16.712,0.0,106.454,0.0,,0,1,Parallel,,True
U0108,U0108,S0500,13,S1,5,111.91,26.614,0.0,138.524,0.0,,0,3,Additional;Investigation;Struggling,,True
U0108,U0108,S0500,14,S1,2,79.345,15.496,0.0,94.841,0.0,,0,1,Additional,,True
U0108,U0108,S0500,15,S1,1,74.62,17.2,0.0,91.82,0.0,,0,1,Additional,,True
U0108,U0108,S0500,16,S1,4,131.908,32.396,0.0,164.304,0.0,,0,5,Additional;Investigation;Parallel;Struggling,,True
U0108,U0108,S0500,17,S1,2,89.669,17.502,0.0,107.171,0.0,,0,4,Additional;Investigation;Struggling,,True
U0108,U0108,S0500,18,S1,1,91.51,15.348,0.0,106.858,0.0,,0,4,Additional;Parallel;Struggling,,True
U0108,U0108,S0500,19,S1,1,65.355,12.516,0.0,77.871,0.0,,0,1,Additional,,True
U0108,U0108,S0500,20,S1,3,108.505,18.203,0.0,126.708,0.0,,0,3,Additional;Investigation;Struggling,,True
U0109,U0109,S0100,1,S1,2,140.281,25.878,0.0,166.159,0.0,,0,5,Additional;Confused;Struggling,,True
U0109,U0109,S0100,2,S1,1,103.623,15.828,0.0,124.795,5.344,,0,4,Additional;Confused,,True
U0109,U0109,S0100,3,S1,1,113.877,11.017,0.0,124.894,0.0,,0,10,Additional;Confused;Investigation;Struggling,,True
U0109,U0109,S0100,4,S1,1,119.306,16.682,0.0,158.366,22.378,,4,10,Additional;Confused;Incident;Recovery;Struggling,incident_or_recovery_overlap,False
U0109,U0109,S0100,5,S1,1,95.009,12.953,0.0,107.962,0.0,,0,6,Additional;Confused;Parallel,,True
U0109,U0109,S0100,6,S1,3,129.717,26.272,0.0,159.729,3.74,,0,8,Additional;Confused;Struggling,,True
U0109,U0109,S0100,7,S1,1,117.906,17.167,0.0,138.321,3.248,,0,7,Additional;Confused;Struggling,,True
U0109,U0109,S0100,8,S1,1,102.988,15.592,0.0,118.58,0.0,,0,6,Additional;Confused;Parallel;Struggling,,True
U0109,U0109,S0100,9,S1,1,100.505,15.23,0.0,121.292,5.557,,0,7,Additional;Confused;Parallel;Struggling,,True
U0109,U0109,S0100,10,S1,3,133.452,19.824,0.0,161.821,8.545,,1,4,Additional;Confused;Incident;Struggling,incident_or_recovery_overlap,False
U0109,U0109,S0100,11,S1,5,108.562,42.221,0.0,233.451,82.668,,0,3,Additional;Struggling,,True
U0109,U0109,S0100,12,S1,2,113.632,24.447,0.0,138.079,0.0,,0,5,Additional;Confused;Parallel;Struggling,,True
U0109,U0109,S0100,13,S1,1,104.38,13.75,0.0,118.13,0.0,,3,11,Additional;Confused;Incident;Investigation;Parallel;Recovery;Struggling,incident_or_recovery_overlap,False
U0109,U0109,S0100,14,S1,1,83.897,18.421,0.0,102.318,0.0,,0,3,Additional;Struggling,,True
U0109,U0109,S0100,15,S1,1,98.522,18.295,0.0,116.817,-0.0,,0,6,Additional;Confused;Parallel;Struggling,,True
U0109,U0109,S0100,16,S1,2,122.089,15.005,4.121,148.798,7.583,,0,6,Additional;Confused;Struggling,nonwork_or_error_label,False
U0109,U0109,S0100,17,S1,3,136.668,9.827,19.991,166.486,0.0,,0,6,Additional;Confused;Struggling,nonwork_or_error_label,False
U0109,U0109,S0100,18,S1,1,87.164,2.93,13.826,103.92,0.0,,0,1,Parallel,nonwork_or_error_label,False
U0109,U0109,S0100,19,S1,1,102.219,5.372,15.809,129.016,5.616,,2,3,Additional;Incident,incident_or_recovery_overlap;nonwork_or_error_label,False
U0109,U0109,S0100,20,S1,1,97.273,1.648,13.034,114.819,2.864,,1,4,Additional;Incident;Parallel,incident_or_recovery_overlap;nonwork_or_error_label,False
U0109,U0109,S0200,1,S1,5,223.671,33.042,0.0,256.713,0.0,,0,4,Additional;Struggling,,True
U0109,U0109,S0200,2,S1,2,134.782,21.26,0.0,159.392,3.35,,3,15,Additional;Confused;Incident;Investigation;Parallel;Recovery;Struggling,incident_or_recovery_overlap,False
U0109,U0109,S0200,3,S1,2,106.047,21.109,0.0,138.613,11.457,,0,4,Additional;Confused;Struggling,,True
U0109,U0109,S0200,4,S1,1,121.277,19.111,0.0,140.388,0.0,,0,8,Additional;Confused;Parallel;Struggling,,True
U0109,U0109,S0200,5,S1,1,96.681,17.382,0.0,114.063,0.0,,0,5,Additional;Confused;Struggling,,True
U0109,U0109,S0200,6,S1,2,122.554,15.89,0.0,143.161,4.717,,0,6,Additional;Confused;Struggling,,True
U0109,U0109,S0200,7,S1,1,118.669,14.528,0.0,146.489,13.292,,1,9,Additional;Confused;Incident;Parallel;Struggling,incident_or_recovery_overlap,False
U0109,U0109,S0200,8,S1,2,121.55,21.068,0.0,153.077,10.459,,3,10,Additional;Confused;Incident;Investigation;Struggling,incident_or_recovery_overlap,False
U0109,U0109,S0200,9,S1,1,104.493,15.116,0.0,119.609,0.0,,1,9,Additional;Confused;Incident;Parallel;Struggling,incident_or_recovery_overlap,False
U0109,U0109,S0200,10,S1,1,92.372,19.049,0.0,114.174,2.753,,3,8,Additional;Confused;Incident;Recovery;Struggling,incident_or_recovery_overlap,False
U0109,U0109,S0200,11,S1,1,115.955,16.816,0.0,132.771,-0.0,,0,5,Additional;Parallel;Struggling,,True
U0109,U0109,S0200,12,S1,1,103.727,13.988,0.0,121.087,3.372,,0,3,Additional;Struggling,,True
U0109,U0109,S0200,13,S1,1,110.42,13.7,0.0,124.12,0.0,,0,8,Additional;Investigation;Parallel;Struggling,,True
U0109,U0109,S0200,14,S1,1,105.679,26.242,0.0,131.921,0.0,,2,10,Additional;Incident;Parallel;Recovery;Struggling,incident_or_recovery_overlap,False
U0109,U0109,S0200,15,S1,1,105.146,14.13,0.0,119.276,0.0,,0,5,Additional;Confused;Struggling,,True
U0109,U0109,S0200,16,S1,3,111.455,26.122,0.0,137.577,0.0,,0,5,Additional;Confused;Struggling,,True
U0109,U0109,S0200,17,S1,2,98.501,14.083,0.0,112.584,0.0,,0,4,Additional;Struggling,,True
U0109,U0109,S0200,18,S1,1,79.212,10.744,0.0,89.956,0.0,,0,4,Additional;Confused;Struggling,,True
U0109,U0109,S0200,19,S1,2,98.907,16.376,0.0,115.283,0.0,,0,2,Confused;Struggling,,True
U0109,U0109,S0200,20,S1,3,152.519,11.86,0.0,164.379,0.0,,0,5,Additional;Confused;Struggling,,True
U0109,U0109,S0300,1,S1,1,85.0,14.936,0.0,99.936,0.0,,0,4,Additional;Parallel,,True
U0109,U0109,S0300,2,S1,1,82.766,7.84,0.0,95.252,4.646,,0,4,Additional;Parallel;Struggling,,True
U0109,U0109,S0300,3,S1,1,76.346,9.074,0.0,85.42,0.0,,0,4,Additional;Struggling,,True
U0109,U0109,S0300,4,S1,1,88.845,14.264,0.0,103.109,0.0,,0,8,Additional;Parallel;Struggling,,True
U0109,U0109,S0300,5,S1,1,85.484,6.298,0.0,95.671,3.889,,1,6,Incident;Struggling,incident_or_recovery_overlap,False
U0109,U0109,S0300,6,S1,1,79.945,12.265,0.0,92.21,0.0,,0,5,Additional;Parallel;Struggling,,True
U0109,U0109,S0300,7,S1,4,131.17,19.905,0.0,151.075,0.0,,0,5,Additional;Struggling,,True
U0109,U0109,S0300,8,S1,3,116.33,14.2,0.0,130.53,0.0,,0,4,Additional;Confused;Parallel;Struggling,,True
U0109,U0109,S0300,9,S1,3,113.98,13.35,0.0,127.33,0.0,,0,6,Additional;Parallel;Struggling,,True
U0109,U0109,S0300,10,S1,1,80.319,12.42,0.0,92.739,0.0,,0,7,Additional;Parallel;Struggling,,True
U0109,U0109,S0300,11,S1,2,86.802,11.451,0.0,98.253,0.0,,2,6,Incident;Parallel;Recovery;Struggling,incident_or_recovery_overlap,False
U0109,U0109,S0300,12,S1,1,78.806,7.834,0.0,86.64,0.0,,0,4,Additional;Parallel;Struggling,,True
U0109,U0109,S0300,13,S1,3,119.596,17.646,0.0,137.242,0.0,,0,6,Confused;Parallel;Struggling,,True
U0109,U0109,S0300,14,S1,1,74.986,6.821,0.0,81.807,0.0,,0,5,Parallel;Struggling,,True
U0109,U0109,S0300,15,S1,1,100.14,10.763,0.0,110.903,0.0,,0,6,Additional;Struggling,,True
U0109,U0109,S0300,16,S1,1,108.309,12.938,0.0,124.149,2.902,,1,10,Additional;Confused;Incident;Parallel;Struggling,incident_or_recovery_overlap,False
U0109,U0109,S0300,17,S1,4,142.576,23.696,0.0,166.272,0.0,,0,7,Additional;Confused;Parallel;Struggling,,True
U0109,U0109,S0300,18,S1,1,64.261,7.898,0.0,72.159,0.0,,0,6,Additional;Confused;Parallel,,True
U0109,U0109,S0300,19,S1,1,76.668,6.484,0.0,83.152,0.0,,0,6,Additional;Confused;Struggling,,True
U0109,U0109,S0300,20,S1,2,89.483,8.583,0.0,98.066,0.0,,0,7,Additional;Confused;Struggling,,True
U0109,U0109,S0400,1,S1,1,101.102,8.121,0.0,109.223,0.0,,0,12,Additional;Confused;Parallel;Struggling,,True
U0109,U0109,S0400,2,S1,1,87.272,15.809,0.0,103.081,0.0,,0,10,Additional;Confused;Parallel;Struggling,,True
U0109,U0109,S0400,3,S1,1,72.511,4.883,0.0,77.394,0.0,,0,3,Additional;Confused,,True
U0109,U0109,S0400,4,S1,1,86.105,9.374,0.0,95.479,0.0,,0,7,Additional;Confused;Struggling,,True
U0109,U0109,S0400,5,S1,2,84.458,11.465,0.0,95.923,0.0,,0,5,Additional;Confused;Struggling,,True
U0109,U0109,S0400,6,S1,1,75.801,4.942,0.0,80.743,0.0,,0,6,Additional;Struggling,,True
U0109,U0109,S0400,7,S1,3,117.625,14.659,0.0,160.097,27.813,,1,4,Additional;Confused;Incident;Parallel,incident_or_recovery_overlap,False
U0109,U0109,S0400,8,S1,3,105.192,16.008,0.0,121.2,0.0,,0,9,Additional;Confused;Struggling,,True
U0109,U0109,S0400,9,S1,1,82.696,10.597,0.0,93.293,0.0,,0,9,Additional;Struggling,,True
U0109,U0109,S0400,10,S1,1,73.987,9.024,0.0,83.011,0.0,,0,5,Additional;Struggling,,True
U0109,U0109,S0400,11,S1,1,80.439,9.529,0.0,89.968,0.0,,0,6,Additional;Struggling,,True
U0109,U0109,S0400,12,S1,1,80.772,13.458,0.0,97.548,3.318,,0,8,Additional;Confused;Struggling,,True
U0109,U0109,S0400,13,S1,1,67.051,8.473,0.0,75.524,0.0,,0,4,Additional,,True
U0109,U0109,S0400,14,S1,3,103.082,12.114,0.0,115.196,0.0,,0,11,Additional;Struggling,,True
U0109,U0109,S0400,15,S1,2,85.08,9.649,0.0,94.729,0.0,,2,7,Additional;Confused;Incident;Recovery;Struggling,incident_or_recovery_overlap,False
U0109,U0109,S0400,16,S1,2,82.636,8.716,0.0,91.352,0.0,,2,9,Additional;Confused;Incident;Recovery;Struggling,incident_or_recovery_overlap,False
U0109,U0109,S0400,17,S1,5,136.734,19.819,0.0,163.192,6.639,,1,8,Additional;Confused;Recovery;Struggling,incident_or_recovery_overlap,False
U0109,U0109,S0400,18,S1,1,82.154,8.047,0.0,90.201,0.0,,0,7,Additional;Confused;Parallel;Struggling,,True
U0109,U0109,S0400,19,S1,1,68.508,8.337,0.0,76.845,0.0,,0,6,Additional;Confused;Struggling,,True
U0109,U0109,S0400,20,S1,3,100.048,7.399,0.0,107.447,0.0,,1,9,Additional;Confused;Incident;Parallel;Struggling,incident_or_recovery_overlap,False
U0109,U0109,S0500,1,S1,1,71.869,10.196,0.0,82.065,0.0,,0,4,Additional;Struggling,,True
U0109,U0109,S0500,2,S1,3,125.349,11.516,0.0,136.865,0.0,,0,5,Additional;Confused;Struggling,,True
U0109,U0109,S0500,3,S1,1,67.391,5.737,0.0,73.128,0.0,,0,0,,,True
U0109,U0109,S0500,4,S1,1,77.936,7.191,0.0,85.127,0.0,,2,7,Additional;Confused;Incident;Recovery;Struggling,incident_or_recovery_overlap,False
U0109,U0109,S0500,5,S1,1,74.534,7.709,0.0,82.243,0.0,,1,5,Incident;Struggling,incident_or_recovery_overlap,False
U0109,U0109,S0500,6,S1,5,141.941,16.596,0.0,167.229,8.692,,0,7,Additional;Confused;Struggling,,True
U0109,U0109,S0500,7,S1,1,77.875,7.785,0.0,85.66,0.0,,0,6,Additional;Parallel;Struggling,,True
U0109,U0109,S0500,8,S1,3,122.865,10.08,0.0,139.711,6.766,,0,8,Additional;Confused;Struggling,,True
U0109,U0109,S0500,9,S1,1,87.237,11.401,0.0,100.323,1.685,,0,7,Additional;Struggling,,True
U0109,U0109,S0500,10,S1,1,85.755,8.617,0.0,94.372,0.0,,0,6,Additional;Parallel;Struggling,,True
U0109,U0109,S0500,11,S1,1,74.716,6.651,0.0,81.367,0.0,,0,6,Additional;Parallel;Struggling,,True
U0109,U0109,S0500,12,S1,1,65.868,6.391,0.0,72.259,0.0,,0,4,Additional;Struggling,,True
U0109,U0109,S0500,13,S1,1,71.423,6.404,0.0,77.827,0.0,,0,6,Additional;Struggling,,True
U0109,U0109,S0500,14,S1,3,88.053,9.743,0.0,102.489,4.693,,0,8,Additional;Confused;Struggling,,True
U0109,U0109,S0500,15,S1,1,70.607,4.634,0.0,76.533,1.292,,2,8,Additional;Confused;Incident;Recovery;Struggling,incident_or_recovery_overlap,False
U0109,U0109,S0500,16,S1,1,100.18,5.039,0.0,105.219,0.0,,4,13,Additional;Incident;Investigation;Recovery;Struggling,incident_or_recovery_overlap,False
U0109,U0109,S0500,17,S1,2,85.708,10.659,0.0,96.367,0.0,,1,6,Additional;Recovery;Struggling,incident_or_recovery_overlap,False
U0109,U0109,S0500,18,S1,5,128.269,15.449,0.0,146.932,3.214,,0,8,Additional;Confused;Struggling,,True
U0109,U0109,S0500,19,S1,1,77.902,11.061,0.0,88.963,0.0,,2,7,Additional;Incident;Parallel;Recovery;Struggling,incident_or_recovery_overlap,False
U0109,U0109,S0500,20,S1,1,84.38,6.62,0.0,103.857,12.857,Attach Shipping Label,1,9,Additional;Incident;Parallel;Struggling,missing_core_labels;incident_or_recovery_overlap,False
U0110,U0110,S0100,1,S1,2,103.202,19.132,0.0,126.135,3.801,,0,9,Additional;Confused;Parallel;Struggling,,True
U0110,U0110,S0100,2,S1,1,71.051,7.67,0.0,78.721,0.0,,0,3,Additional;Parallel,,True
U0110,U0110,S0100,3,S1,1,80.928,12.849,0.0,107.533,13.756,,1,5,Additional;Incident;Parallel;Struggling,incident_or_recovery_overlap,False
U0110,U0110,S0100,4,S1,1,71.943,8.684,0.0,80.627,0.0,,0,5,Additional;Confused;Parallel;Struggling,,True
U0110,U0110,S0100,5,S1,1,73.955,6.859,0.0,80.814,-0.0,,0,4,Additional;Struggling,,True
U0110,U0110,S0100,6,S1,1,71.877,9.843,0.0,81.72,0.0,,0,7,Additional;Confused;Investigation;Parallel;Struggling,,True
U0110,U0110,S0100,7,S1,1,67.54,10.931,0.0,78.471,0.0,,0,5,Additional;Confused;Parallel;Struggling,,True
U0110,U0110,S0100,8,S1,1,70.977,7.15,0.0,78.127,0.0,,0,6,Additional;Confused;Parallel,,True
U0110,U0110,S0100,9,S1,2,77.401,10.569,0.0,87.97,0.0,,0,4,Additional;Parallel;Struggling,,True
U0110,U0110,S0100,10,S1,1,64.944,6.027,0.0,70.971,0.0,,0,5,Additional;Parallel;Struggling,,True
U0110,U0110,S0100,11,S1,1,62.52,6.544,0.0,69.064,-0.0,,0,1,Additional,,True
U0110,U0110,S0100,12,S1,1,65.084,7.605,0.0,72.689,0.0,,0,5,Additional;Parallel;Struggling,,True
U0110,U0110,S0100,13,S1,1,61.996,7.036,0.0,69.032,0.0,,0,3,Additional;Parallel,,True
U0110,U0110,S0100,14,S1,3,103.19,13.782,0.0,116.972,0.0,,2,5,Additional;Incident;Investigation;Parallel;Recovery,incident_or_recovery_overlap,False
U0110,U0110,S0100,15,S1,1,71.699,8.865,0.0,80.564,0.0,,0,7,Additional;Parallel;Struggling,,True
U0110,U0110,S0100,16,S1,1,63.758,6.368,0.0,70.126,0.0,,0,4,Investigation;Parallel;Struggling,,True
U0110,U0110,S0100,17,S1,5,140.036,18.718,0.0,158.754,0.0,,0,5,Additional;Confused;Investigation;Parallel,,True
U0110,U0110,S0100,18,S1,1,67.871,8.568,0.0,76.439,0.0,,0,5,Additional;Parallel;Struggling,,True
U0110,U0110,S0100,19,S1,4,128.825,17.646,0.0,146.471,0.0,,3,8,Additional;Incident;Investigation;Parallel;Recovery;Struggling,incident_or_recovery_overlap,False
U0110,U0110,S0100,20,S1,1,65.547,5.065,0.0,70.612,0.0,,0,4,Additional;Parallel;Struggling,,True
U0110,U0110,S0200,1,S1,1,73.604,6.512,0.0,80.116,0.0,,0,1,Struggling,,True
U0110,U0110,S0200,2,S1,1,71.212,5.199,0.0,76.411,0.0,,0,7,Additional;Confused;Parallel;Struggling,,True
U0110,U0110,S0200,3,S1,2,68.037,8.073,0.0,76.11,0.0,,0,4,Parallel;Struggling,,True
U0110,U0110,S0200,4,S1,2,78.501,10.899,0.0,89.4,0.0,,0,5,Parallel;Struggling,,True
U0110,U0110,S0200,5,S1,2,67.76,7.39,0.0,75.15,0.0,,0,4,Parallel;Struggling,,True
U0110,U0110,S0200,6,S1,3,84.393,10.017,0.0,94.41,0.0,,0,5,Additional;Confused;Parallel,,True
U0110,U0110,S0200,7,S1,1,51.227,5.443,0.0,56.67,0.0,,0,2,Parallel,,True
U0110,U0110,S0200,8,S1,1,67.167,5.973,0.0,73.14,0.0,,2,7,Additional;Incident;Parallel;Recovery;Struggling,incident_or_recovery_overlap,False
U0110,U0110,S0200,9,S1,2,66.947,10.213,0.0,77.16,0.0,,0,6,Additional;Parallel;Struggling,,True
U0110,U0110,S0200,10,S1,1,53.007,7.593,0.0,60.6,0.0,,0,4,Additional;Parallel;Struggling,,True
U0110,U0110,S0200,11,S1,1,56.581,10.409,0.0,66.99,0.0,,0,4,Parallel;Struggling,,True
U0110,U0110,S0200,12,S1,1,53.037,10.083,0.0,63.12,0.0,,0,3,Additional;Parallel;Struggling,,True
U0110,U0110,S0200,13,S1,1,54.087,10.803,0.0,64.89,0.0,,0,4,Parallel;Struggling,,True
U0110,U0110,S0200,14,S1,2,66.343,11.597,0.0,77.94,0.0,,2,7,Additional;Incident;Parallel;Recovery;Struggling,incident_or_recovery_overlap,False
U0110,U0110,S0200,15,S1,3,75.737,11.953,0.0,87.69,0.0,,0,5,Additional;Investigation;Parallel,,True
U0110,U0110,S0200,16,S1,3,76.591,12.463,0.0,89.054,0.0,,1,5,Incident;Investigation;Parallel,incident_or_recovery_overlap,False
U0110,U0110,S0200,17,S1,1,50.227,9.263,0.0,59.49,0.0,,0,5,Parallel;Struggling,,True
U0110,U0110,S0200,18,S1,1,51.5,7.547,0.0,59.047,0.0,,0,2,Parallel,,True
U0110,U0110,S0200,19,S1,1,50.032,10.178,0.0,60.21,0.0,,0,4,Additional;Parallel;Struggling,,True
U0110,U0110,S0200,20,S1,1,60.209,7.839,0.0,68.048,0.0,,0,6,Additional;Parallel;Struggling,,True
U0110,U0110,S0300,1,S1,3,87.62,10.852,0.0,98.472,0.0,,0,0,,,True
U0110,U0110,S0300,2,S1,1,52.332,7.332,0.0,59.664,0.0,,0,1,Parallel,,True
U0110,U0110,S0300,3,S1,2,55.88,8.888,0.0,64.768,0.0,,0,2,Parallel,,True
U0110,U0110,S0300,4,S1,2,58.699,10.44,0.0,69.139,0.0,,0,1,Parallel,,True
U0110,U0110,S0300,5,S1,2,57.766,9.29,0.0,67.056,0.0,,0,1,Parallel,,True
U0110,U0110,S0300,6,S1,5,95.02,16.27,0.0,111.29,0.0,,0,2,Additional,,True
U0110,U0110,S0300,7,S1,1,41.483,8.355,0.0,49.838,0.0,,0,1,Parallel,,True
U0110,U0110,S0300,8,S1,2,56.933,10.182,0.0,67.115,0.0,,0,3,Additional;Parallel,,True
U0110,U0110,S0300,9,S1,1,52.616,8.602,0.0,61.218,0.0,,0,4,Additional;Parallel,,True
U0110,U0110,S0300,10,S1,1,49.104,8.067,0.0,57.171,0.0,,0,4,Additional;Parallel,,True
U0110,U0110,S0300,11,S1,1,43.294,7.394,0.0,50.688,0.0,,0,1,Parallel,,True
U0110,U0110,S0300,12,S1,3,65.068,10.084,0.0,75.152,0.0,,0,4,Additional;Investigation;Parallel,,True
U0110,U0110,S0300,13,S1,1,47.283,9.096,0.0,56.379,0.0,,0,2,Parallel,,True
U0110,U0110,S0300,14,S1,1,43.704,7.981,0.0,51.685,0.0,,0,1,Parallel,,True
U0110,U0110,S0300,15,S1,5,89.356,14.022,0.0,103.378,0.0,,0,3,Parallel;Struggling,,True
U0110,U0110,S0300,16,S1,1,42.782,7.378,0.0,50.16,-0.0,,0,1,Parallel,,True
U0110,U0110,S0300,17,S1,3,67.183,10.902,0.0,78.085,-0.0,,0,4,Additional;Parallel,,True
U0110,U0110,S0300,18,S1,5,101.368,14.528,0.0,115.896,0.0,,0,4,Investigation;Parallel;Struggling,,True
U0110,U0110,S0300,19,S1,3,110.263,15.489,0.0,125.752,0.0,,3,7,Additional;Incident;Parallel;Recovery,incident_or_recovery_overlap,False
U0110,U0110,S0300,20,S1,1,57.844,9.065,0.0,66.909,0.0,,0,2,Parallel;Struggling,,True
U0110,U0110,S0400,1,S1,5,78.382,16.372,0.0,94.754,0.0,,0,4,Additional;Parallel,,True
U0110,U0110,S0400,2,S1,1,55.598,9.054,0.0,72.072,7.42,,3,6,Additional;Incident;Parallel;Recovery,incident_or_recovery_overlap,False
U0110,U0110,S0400,3,S1,5,86.003,17.602,0.0,103.605,0.0,,0,4,Parallel,,True
U0110,U0110,S0400,4,S1,2,57.914,9.318,0.0,67.232,0.0,,0,5,Additional;Parallel,,True
U0110,U0110,S0400,5,S1,4,74.205,13.971,0.0,88.176,0.0,,0,2,Additional;Parallel,,True
U0110,U0110,S0400,6,S1,1,46.191,7.43,0.0,53.621,0.0,,0,5,Additional;Parallel,,True
U0110,U0110,S0400,7,S1,3,62.825,10.156,0.0,72.981,0.0,,2,5,Incident;Parallel;Recovery,incident_or_recovery_overlap,False
U0110,U0110,S0400,8,S1,1,45.533,7.136,0.0,55.382,2.713,,0,2,Parallel,,True
U0110,U0110,S0400,9,S1,1,48.606,8.219,0.0,56.825,0.0,,0,4,Additional;Parallel,,True
U0110,U0110,S0400,10,S1,1,44.513,6.762,0.0,51.275,0.0,,0,2,Parallel,,True
U0110,U0110,S0400,11,S1,1,48.691,8.127,0.0,56.818,0.0,,0,4,Parallel,,True
U0110,U0110,S0400,12,S1,1,43.973,7.069,0.0,51.042,0.0,,0,2,Parallel,,True
U0110,U0110,S0400,13,S1,4,72.44,12.301,0.0,84.741,0.0,,0,3,Parallel,,True
U0110,U0110,S0400,14,S1,3,70.358,10.355,0.0,80.713,0.0,,0,3,Parallel,,True
U0110,U0110,S0400,15,S1,2,51.884,7.423,0.0,59.307,0.0,,0,2,Parallel,,True
U0110,U0110,S0400,16,S1,1,42.501,7.39,0.0,49.891,0.0,,0,2,Parallel,,True
U0110,U0110,S0400,17,S1,2,62.725,8.4,0.0,78.091,6.966,,0,5,Additional;Parallel;Struggling,,True
U0110,U0110,S0400,18,S1,4,68.893,14.704,0.0,83.597,0.0,,0,2,Parallel,,True
U0110,U0110,S0400,19,S1,2,66.192,10.851,0.0,77.043,0.0,,0,3,Parallel,,True
U0110,U0110,S0400,20,S1,3,75.22,12.336,0.0,87.556,0.0,,0,5,Additional;Parallel,,True
U0110,U0110,S0500,1,S1,1,49.481,6.222,0.0,55.703,0.0,,0,2,Parallel,,True
U0110,U0110,S0500,2,S1,1,42.046,7.449,0.0,49.495,0.0,,0,0,,,True
U0110,U0110,S0500,3,S1,2,63.232,8.441,0.0,78.197,6.524,,0,2,Additional;Parallel,,True
U0110,U0110,S0500,4,S1,1,45.284,7.892,0.0,53.176,0.0,,0,3,Parallel,,True
U0110,U0110,S0500,5,S1,5,87.882,12.399,0.0,100.281,0.0,,2,6,Additional;Incident;Parallel;Recovery,incident_or_recovery_overlap,False
U0110,U0110,S0500,6,S1,1,44.056,7.096,0.0,51.152,0.0,,0,4,Parallel,,True
U0110,U0110,S0500,7,S1,2,49.361,6.998,0.0,56.359,0.0,,2,4,Incident;Parallel;Recovery,incident_or_recovery_overlap,False
U0110,U0110,S0500,8,S1,1,46.845,6.295,0.0,53.14,0.0,,0,3,Additional;Parallel,,True
U0110,U0110,S0500,9,S1,3,63.139,10.398,0.0,77.602,4.065,,1,3,Incident;Parallel,incident_or_recovery_overlap,False
U0110,U0110,S0500,10,S1,1,53.323,7.22,0.0,60.543,0.0,,0,5,Parallel,,True
U0110,U0110,S0500,11,S1,1,42.35,7.893,0.0,50.243,0.0,,0,3,Parallel,,True
U0110,U0110,S0500,12,S1,5,82.333,14.194,0.0,96.527,0.0,,0,4,Parallel,,True
U0110,U0110,S0500,13,S1,1,52.877,6.894,0.0,59.771,0.0,,0,5,Investigation;Parallel,,True
U0110,U0110,S0500,14,S1,1,43.348,7.539,0.0,50.887,0.0,,0,5,Parallel,,True
U0110,U0110,S0500,15,S1,3,76.028,12.023,0.0,91.539,3.488,,0,4,Parallel,,True
U0110,U0110,S0500,16,S1,1,44.045,12.636,0.0,56.681,0.0,,0,3,Parallel,,True
U0110,U0110,S0500,17,S1,1,48.767,7.766,0.0,62.152,5.619,,1,5,Incident;Parallel,incident_or_recovery_overlap,False
U0110,U0110,S0500,18,S1,4,71.63,11.862,0.0,83.492,0.0,,0,3,Parallel,,True
U0110,U0110,S0500,19,S1,3,72.405,10.613,0.0,92.447,9.429,,0,3,Parallel,,True
U0110,U0110,S0500,20,S1,1,59.987,8.006,0.0,67.993,0.0,,0,4,Parallel;Struggling,,True
U0111,U0111,S0100,1,S1,2,144.611,14.35,0.0,172.316,13.355,,0,1,Struggling,,True
U0111,U0111,S0100,2,S1,2,123.146,13.06,0.0,136.206,0.0,,0,5,Struggling,,True
U0111,U0111,S0100,3,S1,5,166.77,21.968,0.0,188.738,0.0,,0,4,Additional;Investigation;Parallel;Struggling,,True
U0111,U0111,S0100,4,S1,1,111.929,10.339,0.0,122.268,0.0,,0,3,Additional;Struggling,,True
U0111,U0111,S0100,5,S1,2,150.701,10.897,0.0,161.598,0.0,,0,5,Additional;Struggling,,True
U0111,U0111,S0100,6,S1,5,161.377,19.173,0.0,180.55,0.0,,0,1,Struggling,,True
U0111,U0111,S0100,7,S1,2,139.817,10.235,0.0,150.052,0.0,,2,3,Incident;Parallel,incident_or_recovery_overlap,False
U0111,U0111,S0100,8,S1,4,131.544,17.45,0.0,148.994,0.0,,0,1,Struggling,,True
U0111,U0111,S0100,9,S1,1,91.586,8.786,0.0,100.372,0.0,,0,2,Struggling,,True
U0111,U0111,S0100,10,S1,2,164.76,13.19,0.0,177.95,0.0,,0,5,Parallel;Struggling,,True
U0111,U0111,S0100,11,S1,1,111.947,14.263,0.0,132.434,6.224,,2,7,Incident;Investigation;Parallel;Recovery;Struggling,incident_or_recovery_overlap,False
U0111,U0111,S0100,12,S1,1,86.531,11.438,0.0,97.969,0.0,,0,2,Additional;Confused,,True
U0111,U0111,S0100,13,S1,1,103.579,11.61,0.0,115.189,-0.0,,0,2,Additional;Parallel,,True
U0111,U0111,S0100,14,S1,1,94.405,9.429,0.0,103.834,0.0,,0,3,Struggling,,True
U0111,U0111,S0100,15,S1,2,99.775,10.699,0.0,110.474,0.0,,0,1,Struggling,,True
U0111,U0111,S0100,16,S1,1,92.54,12.03,0.0,104.57,0.0,,2,4,Incident;Parallel;Recovery;Struggling,incident_or_recovery_overlap,False
U0111,U0111,S0100,17,S1,4,157.473,17.956,0.0,179.645,4.216,,0,3,Additional;Struggling,,True
U0111,U0111,S0100,18,S1,1,83.133,13.173,0.0,96.306,0.0,,0,2,Parallel;Struggling,,True
U0111,U0111,S0100,19,S1,1,81.442,10.038,0.0,91.48,0.0,,0,3,Struggling,,True
U0111,U0111,S0100,20,S1,2,100.984,9.816,0.0,110.8,0.0,,0,2,Parallel;Struggling,,True
U0111,U0111,S0200,1,S1,2,91.683,13.523,0.0,105.206,0.0,,4,6,Confused;Incident;Recovery;Struggling,incident_or_recovery_overlap,False
U0111,U0111,S0200,2,S1,1,85.673,8.099,0.0,93.772,0.0,,1,2,Incident;Struggling,incident_or_recovery_overlap,False
U0111,U0111,S0200,3,S1,2,107.945,10.746,0.0,118.691,0.0,,0,2,Struggling,,True
U0111,U0111,S0200,4,S1,1,107.135,9.399,0.0,116.534,0.0,,1,5,Additional;Parallel;Recovery;Struggling,incident_or_recovery_overlap,False
U0111,U0111,S0200,5,S1,3,96.759,11.828,0.0,108.587,0.0,,0,1,Struggling,,True
U0111,U0111,S0200,6,S1,1,79.834,10.191,0.0,90.025,0.0,,0,1,Investigation,,True
U0111,U0111,S0200,7,S1,1,72.454,8.881,0.0,81.335,0.0,,0,1,Struggling,,True
U0111,U0111,S0200,8,S1,2,88.912,8.956,0.0,97.868,0.0,,0,1,Struggling,,True
U0111,U0111,S0200,9,S1,2,98.786,9.874,0.0,108.66,0.0,,0,1,Investigation,,True
U0111,U0111,S0200,10,S1,1,105.866,8.915,0.0,127.013,12.232,,0,4,Additional;Parallel;Struggling,,True
U0111,U0111,S0200,11,S1,1,97.073,11.459,0.0,108.532,0.0,,0,2,Parallel;Struggling,,True
U0111,U0111,S0200,12,S1,1,84.234,10.576,0.0,94.81,0.0,,0,1,Struggling,,True
U0111,U0111,S0200,13,S1,2,81.95,11.575,0.0,93.525,0.0,,0,2,Struggling,,True
U0111,U0111,S0200,14,S1,1,101.599,9.2,0.0,110.799,0.0,,0,3,Parallel;Struggling,,True
U0111,U0111,S0200,15,S1,1,71.374,8.612,0.0,79.986,0.0,,0,0,,,True
U0111,U0111,S0200,16,S1,3,122.325,12.536,0.0,153.122,18.261,,0,6,Additional;Parallel;Struggling,,True
U0111,U0111,S0200,17,S1,3,124.885,12.325,0.0,137.21,0.0,,0,4,Additional;Parallel;Struggling,,True
U0111,U0111,S0200,18,S1,1,65.329,7.387,0.0,72.716,0.0,,0,1,Parallel,,True
U0111,U0111,S0200,19,S1,1,71.532,8.007,0.0,79.539,0.0,,0,1,Parallel,,True
U0111,U0111,S0200,20,S1,1,116.758,8.623,0.0,131.805,6.424,,0,4,Additional;Parallel;Struggling,,True
U0111,U0111,S0300,1,S1,1,125.326,21.304,0.0,146.63,0.0,,1,4,Incident;Parallel;Struggling,incident_or_recovery_overlap,False
U0111,U0111,S0300,2,S1,3,129.318,15.102,0.0,144.42,0.0,,0,4,Additional;Parallel;Struggling,,True
U0111,U0111,S0300,3,S1,2,106.829,10.171,0.0,117.0,0.0,,0,2,Parallel;Struggling,,True
U0111,U0111,S0300,4,S1,2,98.212,12.158,0.0,110.37,0.0,,0,3,Parallel;Struggling,,True
U0111,U0111,S0300,5,S1,1,72.957,8.943,0.0,81.9,0.0,,0,1,Parallel,,True
U0111,U0111,S0300,6,S1,1,85.499,12.021,0.0,97.52,0.0,,2,6,Additional;Incident;Parallel;Recovery;Struggling,incident_or_recovery_overlap,False
U0111,U0111,S0300,7,S1,1,80.873,9.777,0.0,90.65,0.0,,0,3,Parallel;Struggling,,True
U0111,U0111,S0300,8,S1,5,135.225,22.875,0.0,158.1,0.0,,0,6,Parallel;Struggling,,True
U0111,U0111,S0300,9,S1,1,73.135,7.885,0.0,81.02,0.0,,0,3,Parallel;Struggling,,True
U0111,U0111,S0300,10,S1,1,66.907,8.653,0.0,75.56,0.0,,0,3,Parallel;Struggling,,True
U0111,U0111,S0300,11,S1,5,124.858,19.642,0.0,144.5,0.0,,0,6,Parallel;Struggling,,True
U0111,U0111,S0300,12,S1,3,119.772,13.738,0.0,133.51,0.0,,0,3,Additional;Parallel,,True
U0111,U0111,S0300,13,S1,3,97.66,13.06,0.0,110.72,0.0,,0,1,Parallel,,True
U0111,U0111,S0300,14,S1,1,72.778,8.212,0.0,80.99,-0.0,,0,3,Additional;Parallel;Struggling,,True
U0111,U0111,S0300,15,S1,2,98.725,10.195,0.0,108.92,0.0,,0,5,Additional;Parallel;Struggling,,True
U0111,U0111,S0300,16,S1,1,78.998,10.232,0.0,89.23,0.0,,0,5,Additional;Parallel;Struggling,,True
U0111,U0111,S0300,17,S1,1,73.53,9.97,0.0,83.5,0.0,,0,1,Struggling,,True
U0111,U0111,S0300,18,S1,1,63.774,6.95,0.0,70.724,0.0,,0,3,Additional;Parallel;Struggling,,True
U0111,U0111,S0300,19,S1,1,74.129,10.421,0.0,84.55,0.0,,2,5,Incident;Parallel;Recovery;Struggling,incident_or_recovery_overlap,False
U0111,U0111,S0300,20,S1,3,104.411,10.965,0.0,115.376,0.0,,0,3,Additional;Parallel;Struggling,,True
U0111,U0111,S0400,1,S1,3,101.119,12.13,0.0,113.249,0.0,,0,2,Additional;Struggling,,True
U0111,U0111,S0400,2,S1,1,70.284,8.981,0.0,79.265,0.0,,0,2,Parallel;Struggling,,True
U0111,U0111,S0400,3,S1,4,102.79,13.165,0.0,115.955,0.0,,0,3,Parallel;Struggling,,True
U0111,U0111,S0400,4,S1,4,103.745,14.556,0.0,118.301,0.0,,0,4,Parallel;Struggling,,True
U0111,U0111,S0400,5,S1,4,98.014,13.219,0.0,111.233,0.0,,0,2,Parallel;Struggling,,True
U0111,U0111,S0400,6,S1,3,101.124,14.163,0.0,115.287,0.0,,0,3,Parallel;Struggling,,True
U0111,U0111,S0400,7,S1,1,65.936,7.045,0.0,72.981,0.0,,0,2,Additional;Parallel,,True
U0111,U0111,S0400,8,S1,2,78.26,8.45,0.0,86.71,0.0,,0,3,Additional;Parallel;Struggling,,True
U0111,U0111,S0400,9,S1,3,90.13,14.949,0.0,105.079,0.0,,0,2,Parallel;Struggling,,True
U0111,U0111,S0400,10,S1,1,85.257,8.836,0.0,94.093,0.0,,0,4,Parallel;Struggling,,True
U0111,U0111,S0400,11,S1,1,87.576,9.4,0.0,96.976,0.0,,0,4,Parallel;Struggling,,True
U0111,U0111,S0400,12,S1,1,79.49,11.642,0.0,91.132,0.0,,0,4,Additional;Parallel;Struggling,,True
U0111,U0111,S0400,13,S1,2,115.91,13.89,0.0,129.8,0.0,,2,8,Additional;Incident;Parallel;Recovery;Struggling,incident_or_recovery_overlap,False
U0111,U0111,S0400,14,S1,1,75.652,8.528,0.0,84.18,0.0,,0,4,Additional;Investigation;Parallel;Struggling,,True
U0111,U0111,S0400,15,S1,1,83.055,8.333,0.0,91.388,0.0,,0,6,Additional;Parallel;Struggling,,True
U0111,U0111,S0400,16,S1,3,116.229,13.857,0.0,130.086,0.0,,0,8,Parallel;Struggling,,True
U0111,U0111,S0400,17,S1,1,90.967,8.369,0.0,99.336,0.0,,0,6,Parallel;Struggling,,True
U0111,U0111,S0400,18,S1,3,87.45,11.059,0.0,98.509,0.0,,0,4,Additional;Parallel;Struggling,,True
U0111,U0111,S0400,19,S1,2,102.36,12.047,0.0,114.407,0.0,,0,7,Additional;Parallel;Struggling,,True
U0111,U0111,S0400,20,S1,1,101.18,8.698,0.0,115.321,5.443,,1,7,Additional;Incident;Parallel;Struggling,incident_or_recovery_overlap,False
U0111,U0111,S0500,1,S1,1,79.427,7.517,0.0,86.944,0.0,,0,3,Parallel;Struggling,,True
U0111,U0111,S0500,2,S1,4,143.531,16.86,0.0,175.685,15.294,,0,6,Additional;Parallel;Struggling,,True
U0111,U0111,S0500,3,S1,1,65.981,7.293,0.0,73.274,0.0,,0,3,Parallel;Struggling,,True
U0111,U0111,S0500,4,S1,3,78.36,8.438,0.0,86.798,0.0,,0,2,Parallel;Struggling,,True
U0111,U0111,S0500,5,S1,1,64.86,8.532,0.0,73.392,0.0,,0,4,Parallel;Struggling,,True
U0111,U0111,S0500,6,S1,3,102.67,11.495,0.0,114.165,0.0,,0,10,Parallel;Struggling,,True
U0111,U0111,S0500,7,S1,1,62.348,6.908,0.0,69.256,0.0,,0,5,Parallel;Struggling,,True
U0111,U0111,S0500,8,S1,2,70.671,8.324,0.0,78.995,0.0,,0,4,Additional;Parallel;Struggling,,True
U0111,U0111,S0500,9,S1,1,73.631,9.206,0.0,82.837,0.0,,0,4,Confused;Parallel;Struggling,,True
U0111,U0111,S0500,10,S1,1,88.971,14.416,0.0,108.248,4.861,,0,1,Parallel,,True
U0111,U0111,S0500,11,S1,1,70.998,8.172,0.0,79.17,0.0,,0,5,Additional;Parallel;Struggling,,True
U0111,U0111,S0500,12,S1,1,71.846,9.29,0.0,81.136,0.0,,2,5,Incident;Parallel;Recovery;Struggling,incident_or_recovery_overlap,False
U0111,U0111,S0500,13,S1,4,116.495,12.487,0.0,132.352,3.37,,3,8,Additional;Confused;Incident;Parallel;Recovery;Struggling,incident_or_recovery_overlap,False
U0111,U0111,S0500,14,S1,1,78.261,10.149,0.0,88.41,0.0,,0,7,Additional;Investigation;Parallel;Struggling,,True
U0111,U0111,S0500,15,S1,1,90.991,9.476,0.0,100.467,0.0,,0,6,Parallel;Struggling,,True
U0111,U0111,S0500,16,S1,3,84.913,12.92,0.0,97.833,0.0,,0,4,Parallel;Struggling,,True
U0111,U0111,S0500,17,S1,2,91.224,9.39,0.0,100.614,0.0,,0,5,Additional;Parallel;Struggling,,True
U0111,U0111,S0500,18,S1,1,68.256,7.16,0.0,75.416,0.0,,0,4,Parallel;Struggling,,True
U0111,U0111,S0500,19,S1,3,90.374,11.229,0.0,131.237,29.634,,0,5,Parallel;Struggling,,True
U0111,U0111,S0500,20,S1,3,122.919,10.15,0.0,133.069,0.0,,0,8,Additional;Parallel;Struggling,,True
U0201,U0201,S0100,1,S2,1,99.47,12.922,0.0,112.392,-0.0,,0,0,,,True
U0201,U0201,S0100,2,S2,3,129.946,13.349,0.0,143.295,0.0,,0,0,,,True
U0201,U0201,S0100,3,S2,2,108.802,11.398,0.0,120.2,0.0,,0,0,,,True
U0201,U0201,S0100,4,S2,5,182.414,14.576,14.547,211.537,0.0,,0,0,,nonwork_or_error_label,False
U0201,U0201,S0100,5,S2,1,96.945,8.476,0.0,105.421,0.0,,0,0,,,True
U0201,U0201,S0100,6,S2,2,94.119,8.422,0.0,102.541,0.0,,0,0,,,True
U0201,U0201,S0100,7,S2,1,123.872,12.194,13.136,149.202,0.0,,0,0,,nonwork_or_error_label,False
U0201,U0201,S0100,8,S2,14,187.798,12.814,0.0,200.612,0.0,,0,0,,,True
U0201,U0201,S0100,9,S2,2,95.473,7.793,0.0,103.266,0.0,,0,0,,,True
U0201,U0201,S0100,10,S2,1,80.284,7.306,0.0,87.59,0.0,,0,0,,,True
U0201,U0201,S0100,11,S2,1,86.922,8.893,0.0,95.815,0.0,,0,0,,,True
U0201,U0201,S0100,12,S2,2,95.734,8.596,0.0,104.33,0.0,,0,0,,,True
U0201,U0201,S0100,13,S2,3,113.09,10.589,18.161,141.84,0.0,,0,0,,nonwork_or_error_label,False
U0201,U0201,S0100,14,S2,1,78.491,8.035,0.0,86.526,0.0,,0,0,,,True
U0201,U0201,S0100,15,S2,4,116.653,9.385,0.0,126.038,0.0,,0,0,,,True
U0201,U0201,S0100,16,S2,1,76.305,6.738,0.0,83.043,0.0,,0,0,,,True
U0201,U0201,S0100,17,S2,1,76.684,8.846,0.0,85.53,0.0,,0,0,,,True
U0201,U0201,S0100,18,S2,3,114.634,9.022,0.0,123.656,0.0,,0,0,,,True
U0201,U0201,S0100,19,S2,1,83.792,7.246,0.0,91.038,0.0,,0,0,,,True
U0201,U0201,S0100,20,S2,2,92.653,9.032,0.0,101.685,0.0,,0,0,,,True
U0201,U0201,S0200,9,S3,3,114.157,9.516,0.0,123.673,0.0,,0,7,Additional;Struggling,,True
U0201,U0201,S0200,10,S3,1,74.013,10.153,0.0,84.166,0.0,,0,1,Additional,,True
U0201,U0201,S0200,11,S3,1,117.609,10.338,0.0,127.947,0.0,,0,5,Additional;Confused,,True
U0201,U0201,S0200,12,S3,3,99.117,60.343,0.0,159.46,0.0,,0,8,Additional;Confused;Investigation;Struggling,,True
U0201,U0201,S0200,13,S3,1,105.582,8.547,0.0,114.129,0.0,,0,4,Additional;Struggling,,True
U0201,U0201,S0200,14,S3,3,130.558,13.71,0.0,144.268,0.0,,0,7,Additional;Struggling,,True
U0201,U0201,S0200,15,S3,1,73.828,9.778,0.0,83.606,-0.0,,0,6,Additional;Struggling,,True
U0201,U0201,S0200,16,S3,1,102.921,10.498,5.13,118.549,0.0,,0,9,Additional;Confused;Investigation;Parallel;Struggling,nonwork_or_error_label,False
U0201,U0201,S0200,17,S3,1,84.463,11.752,0.0,96.215,0.0,,0,5,Additional;Confused;Investigation;Struggling,,True
U0201,U0201,S0200,18,S3,1,94.101,9.61,0.0,105.899,2.188,,3,9,Additional;Incident;Recovery;Struggling,incident_or_recovery_overlap,False
U0201,U0201,S0200,19,S3,1,91.046,10.139,0.0,101.185,0.0,,0,9,Additional;Confused;Parallel;Struggling,,True
U0201,U0201,S0200,20,S3,2,78.994,7.87,0.0,86.864,0.0,,0,5,Additional;Parallel;Struggling,,True
U0201,U0201,S0300,1,S3,2,114.174,13.037,0.0,129.836,2.625,,1,11,Additional;Confused;Incident;Struggling,incident_or_recovery_overlap,False
U0201,U0201,S0300,2,S3,4,135.2,9.198,0.0,144.398,0.0,,0,8,Additional;Struggling,,True
U0201,U0201,S0300,3,S3,5,145.249,8.657,8.354,165.393,3.133,,0,5,Additional;Confused;Struggling,nonwork_or_error_label,False
U0201,U0201,S0300,4,S3,2,99.983,6.917,0.0,106.9,0.0,,0,6,Additional;Confused;Struggling,,True
U0201,U0201,S0300,5,S3,4,140.251,8.813,0.0,149.064,0.0,,2,11,Additional;Confused;Incident;Investigation;Recovery;Struggling,incident_or_recovery_overlap,False
U0201,U0201,S0300,6,S3,2,84.557,7.571,0.0,92.128,0.0,,0,4,Additional;Struggling,,True
U0201,U0201,S0300,7,S3,1,77.56,7.645,0.0,85.205,0.0,,0,5,Additional;Struggling,,True
U0201,U0201,S0300,8,S3,5,140.023,9.761,14.144,163.928,0.0,,0,10,Additional;Confused;Parallel;Struggling,nonwork_or_error_label,False
U0201,U0201,S0300,9,S3,2,102.016,8.048,0.0,110.064,-0.0,,0,5,Additional;Confused;Struggling,,True
U0201,U0201,S0300,10,S3,1,65.617,7.005,0.0,72.622,0.0,,0,7,Additional;Struggling,,True
U0201,U0201,S0300,11,S3,1,74.017,7.352,0.0,81.369,0.0,,0,5,Additional;Parallel,,True
U0201,U0201,S0300,12,S3,1,73.059,8.426,6.422,87.907,0.0,,0,2,Additional;Struggling,nonwork_or_error_label,False
U0201,U0201,S0300,13,S3,1,91.749,20.039,0.0,111.788,0.0,,0,10,Additional;Confused;Parallel;Struggling,,True
U0201,U0201,S0300,14,S3,2,98.652,2.857,0.0,101.509,0.0,,0,5,Additional;Confused,,True
U0201,U0201,S0300,15,S3,1,78.771,3.234,0.0,82.005,0.0,,0,8,Additional;Confused;Struggling,,True
U0201,U0201,S0300,16,S3,2,106.557,8.409,0.0,114.966,0.0,,0,5,Additional;Confused;Struggling,,True
U0201,U0201,S0300,17,S3,1,80.821,8.751,0.0,89.572,0.0,,0,7,Additional;Confused;Parallel;Struggling,,True
U0201,U0201,S0300,18,S3,2,100.512,9.449,0.0,109.961,0.0,,0,11,Additional;Confused;Investigation;Struggling,,True
U0201,U0201,S0300,19,S3,1,79.229,8.814,0.0,88.043,0.0,,0,5,Additional;Struggling,,True
U0201,U0201,S0300,20,S3,2,80.146,9.337,0.0,89.483,0.0,,0,6,Additional;Parallel;Struggling,,True
U0201,U0201,S0400,1,S4,1,69.408,8.463,0.0,77.871,0.0,,0,4,Additional;Investigation,,True
U0201,U0201,S0400,2,S4,2,66.155,7.388,0.0,73.543,0.0,,0,4,Additional;Parallel,,True
U0201,U0201,S0400,3,S4,3,95.04,9.108,0.0,104.148,0.0,,0,4,Additional,,True
U0201,U0201,S0400,4,S4,2,78.6,9.618,0.0,88.218,0.0,,0,12,Additional;Confused;Parallel;Struggling,,True
U0201,U0201,S0400,5,S4,1,58.675,3.818,0.0,62.493,0.0,,0,6,Additional;Confused;Struggling,,True
U0201,U0201,S0400,6,S4,2,79.999,7.415,8.051,95.465,0.0,,0,3,Additional;Struggling,nonwork_or_error_label,False
U0201,U0201,S0400,7,S4,2,73.896,6.587,0.0,80.483,0.0,,0,5,Additional;Parallel;Struggling,,True
U0201,U0201,S0400,8,S4,11,100.378,23.984,0.0,124.362,0.0,,6,15,Additional;Incident;Investigation;Parallel;Recovery;Struggling,incident_or_recovery_overlap,False
U0201,U0201,S0400,9,S4,1,58.534,3.442,0.0,61.976,0.0,,0,5,Additional;Parallel;Struggling,,True
U0201,U0201,S0400,10,S4,1,68.606,6.255,0.0,74.861,0.0,,0,4,Additional;Struggling,,True
U0201,U0201,S0400,11,S4,1,71.406,7.949,0.0,79.355,0.0,,0,5,Additional;Struggling,,True
U0201,U0201,S0400,12,S4,1,54.615,7.47,0.0,62.085,0.0,,1,8,Additional;Incident;Parallel;Struggling,incident_or_recovery_overlap,False
U0201,U0201,S0400,13,S4,2,68.354,6.934,0.0,75.288,0.0,,0,6,Additional;Parallel;Struggling,,True
U0201,U0201,S0400,14,S4,5,129.784,11.902,0.0,141.686,0.0,,0,9,Additional;Investigation;Parallel;Struggling,,True
U0201,U0201,S0400,15,S4,1,67.15,7.234,0.0,74.384,0.0,,0,4,Additional;Parallel;Struggling,,True
U0201,U0201,S0400,16,S4,2,81.089,8.378,0.0,89.467,0.0,,0,5,Additional;Parallel;Struggling,,True
U0201,U0201,S0400,17,S4,1,51.173,7.565,0.0,58.738,0.0,,0,3,Additional;Parallel,,True
U0201,U0201,S0400,18,S4,2,82.765,7.646,0.0,90.411,0.0,,0,9,Additional;Parallel;Struggling,,True
U0201,U0201,S0400,19,S4,2,77.216,7.328,0.0,84.544,0.0,,0,4,Additional;Parallel;Struggling,,True
U0201,U0201,S0400,20,S4,1,84.353,9.411,6.093,99.857,0.0,,3,10,Additional;Confused;Incident;Investigation;Parallel;Recovery;Struggling,incident_or_recovery_overlap;nonwork_or_error_label,False
U0201,U0201,S0500,1,S2,4,85.734,8.885,0.0,94.619,0.0,,0,5,Parallel;Struggling,,True
U0201,U0201,S0500,2,S2,3,81.944,11.185,0.0,93.129,0.0,,0,9,Additional;Confused;Parallel;Struggling,,True
U0201,U0201,S0500,3,S2,4,80.592,11.281,0.0,91.873,0.0,,0,6,Additional;Parallel;Struggling,,True
U0201,U0201,S0500,4,S2,1,54.399,11.877,7.013,73.289,0.0,,0,9,Additional;Parallel;Struggling,nonwork_or_error_label,False
U0201,U0201,S0500,5,S2,3,68.402,11.42,0.0,79.822,0.0,,0,4,Additional;Confused;Struggling,,True
U0201,U0201,S0500,6,S2,1,52.624,10.725,3.221,66.57,0.0,,0,3,Additional;Parallel;Struggling,nonwork_or_error_label,False
U0201,U0201,S0500,7,S2,2,112.263,11.759,5.422,129.444,0.0,,4,13,Additional;Incident;Parallel;Recovery;Struggling,incident_or_recovery_overlap;nonwork_or_error_label,False
U0201,U0201,S0500,8,S2,2,57.247,10.453,0.0,67.7,0.0,,0,7,Additional;Confused;Parallel;Struggling,,True
U0201,U0201,S0500,9,S2,3,62.765,7.787,0.0,70.552,0.0,,0,6,Additional;Parallel;Struggling,,True
U0201,U0201,S0500,10,S2,2,54.352,9.345,0.0,63.697,0.0,,1,6,Additional;Incident;Parallel;Struggling,incident_or_recovery_overlap,False
U0201,U0201,S0500,11,S2,1,47.557,10.804,0.0,58.361,0.0,,0,9,Additional;Parallel;Struggling,,True
U0201,U0201,S0500,12,S2,2,72.34,9.806,0.0,82.146,0.0,,1,5,Additional;Incident;Parallel;Struggling,incident_or_recovery_overlap,False
U0201,U0201,S0500,13,S2,2,54.068,10.765,0.0,64.833,0.0,,0,6,Additional;Investigation;Parallel;Struggling,,True
U0201,U0201,S0500,14,S2,3,72.777,10.696,0.0,83.473,0.0,,0,8,Additional;Parallel;Struggling,,True
U0201,U0201,S0500,15,S2,1,56.236,8.571,0.0,64.807,0.0,,1,6,Additional;Incident;Investigation;Parallel;Struggling,incident_or_recovery_overlap,False
U0201,U0201,S0500,16,S2,3,69.884,9.283,0.0,79.167,0.0,,1,12,Additional;Incident;Investigation;Parallel;Struggling,incident_or_recovery_overlap,False
U0201,U0201,S0500,17,S2,1,47.342,8.058,0.0,55.4,0.0,,1,6,Additional;Confused;Incident;Parallel;Struggling,incident_or_recovery_overlap,False
U0201,U0201,S0500,18,S2,2,62.455,8.799,0.0,71.254,0.0,,0,8,Additional;Parallel;Struggling,,True
U0201,U0201,S0500,19,S2,1,51.654,7.758,0.0,59.412,0.0,,0,5,Additional;Parallel;Struggling,,True
U0201,U0201,S0500,20,S2,2,71.717,9.107,0.0,80.824,0.0,,2,9,Additional;Incident;Parallel;Recovery;Struggling,incident_or_recovery_overlap,False
U0202,U0105,S0100,1,S2,3,127.576,96.979,0.0,224.555,0.0,,1,17,Additional;Confused;Parallel;Recovery;Struggling,incident_or_recovery_overlap,False
U0202,U0105,S0100,2,S2,1,103.181,12.496,0.0,115.677,0.0,,0,6,Additional;Confused;Struggling,,True
U0202,U0105,S0100,3,S2,2,115.354,15.723,0.0,131.077,0.0,,1,10,Additional;Confused;Investigation;Recovery;Struggling,incident_or_recovery_overlap,False
U0202,U0105,S0100,4,S2,2,98.928,12.397,0.0,127.904,16.579,,0,8,Additional;Confused;Investigation;Struggling,,True
U0202,U0105,S0100,5,S2,2,73.655,10.129,0.0,83.784,0.0,,0,5,Additional;Confused;Struggling,,True
U0202,U0105,S0100,6,S2,1,84.357,8.59,0.0,92.947,0.0,,0,10,Additional;Confused;Struggling,,True
U0202,U0105,S0100,7,S2,2,92.233,9.63,0.0,101.863,0.0,,0,11,Additional;Confused;Investigation;Parallel;Struggling,,True
U0202,U0105,S0100,8,S2,1,89.887,10.451,0.0,100.338,0.0,,0,15,Additional;Confused;Investigation;Parallel;Struggling,,True
U0202,U0105,S0100,9,S2,4,136.698,29.418,0.0,166.116,0.0,,0,11,Additional;Confused;Investigation;Struggling,,True
U0202,U0105,S0100,10,S2,1,85.184,9.336,0.0,94.52,0.0,,0,13,Additional;Confused;Investigation;Struggling,,True
U0202,U0105,S0100,11,S2,3,102.993,14.138,0.0,117.131,0.0,,0,14,Additional;Investigation;Parallel;Struggling,,True
U0202,U0105,S0100,12,S2,1,77.239,7.011,0.0,84.25,0.0,,1,7,Additional;Parallel;Recovery;Struggling,incident_or_recovery_overlap,False
U0202,U0105,S0100,13,S2,1,94.163,13.352,0.0,107.515,0.0,,0,8,Additional;Investigation;Parallel;Struggling,,True
U0202,U0105,S0100,14,S2,3,93.853,10.934,0.0,104.787,0.0,,0,12,Additional;Confused;Investigation;Parallel;Struggling,,True
U0202,U0105,S0100,15,S2,2,79.947,9.632,0.0,89.579,0.0,,0,9,Additional;Confused;Investigation;Parallel;Struggling,,True
U0202,U0105,S0100,16,S2,1,69.885,7.76,0.0,77.645,0.0,,0,12,Additional;Confused;Struggling,,True
U0202,U0105,S0100,17,S2,1,96.774,8.189,0.0,104.963,0.0,,0,9,Additional;Confused;Parallel;Struggling,,True
U0202,U0105,S0100,18,S2,1,78.338,9.109,0.0,91.456,4.009,,0,12,Additional;Confused;Investigation;Struggling,,True
U0202,U0105,S0100,19,S2,3,110.299,13.916,0.0,124.215,0.0,,0,11,Additional;Confused;Investigation;Parallel;Struggling,,True
U0202,U0105,S0100,20,S2,1,82.886,7.348,0.0,90.234,0.0,,0,11,Additional;Confused;Investigation;Parallel;Struggling,,True
U0202,U0105,S0200,1,S2,1,73.133,9.959,0.0,83.092,0.0,,0,5,Additional;Confused;Investigation;Struggling,,True
U0202,U0105,S0200,2,S2,1,76.537,11.843,0.0,88.38,0.0,,0,10,Additional;Confused;Parallel;Struggling,,True
U0202,U0105,S0200,3,S2,1,72.851,10.138,0.0,82.989,0.0,,0,15,Additional;Confused;Investigation;Parallel;Struggling,,True
U0202,U0105,S0200,4,S2,2,74.931,9.968,0.0,84.899,0.0,,0,13,Additional;Confused;Investigation;Parallel;Struggling,,True
U0202,U0105,S0200,5,S2,3,89.511,9.487,0.0,98.998,0.0,,0,9,Additional;Investigation;Parallel;Struggling,,True
U0202,U0105,S0200,6,S2,2,88.308,11.393,0.0,101.414,1.713,,0,6,Additional;Confused;Investigation;Parallel;Struggling,,True
U0202,U0105,S0200,7,S2,2,66.952,8.758,0.0,75.71,0.0,,0,10,Additional;Investigation;Parallel;Struggling,,True
U0202,U0105,S0200,8,S2,1,120.561,9.862,0.0,130.423,0.0,,1,17,Additional;Confused;Incident;Investigation;Parallel;Struggling,incident_or_recovery_overlap,False
U0202,U0105,S0200,9,S2,2,91.043,10.641,0.0,101.684,0.0,,0,12,Additional;Investigation;Parallel;Struggling,,True
U0202,U0105,S0200,10,S2,2,75.114,8.923,0.0,84.037,0.0,,0,6,Additional;Confused;Investigation;Struggling,,True
U0202,U0105,S0200,11,S2,1,66.475,6.755,0.0,73.23,0.0,,0,7,Additional;Parallel;Struggling,,True
U0202,U0105,S0200,12,S2,1,58.419,8.043,0.0,66.462,0.0,,0,4,Additional;Parallel;Struggling,,True
U0202,U0105,S0200,13,S2,1,75.581,9.436,0.0,88.399,3.382,,5,13,Additional;Confused;Incident;Investigation;Recovery;Struggling,incident_or_recovery_overlap,False
U0202,U0105,S0200,14,S2,1,82.875,6.653,0.0,89.528,0.0,,2,13,Additional;Confused;Incident;Investigation;Parallel;Recovery;Struggling,incident_or_recovery_overlap,False
U0202,U0105,S0200,15,S2,1,75.831,8.259,0.0,84.09,0.0,,2,14,Additional;Confused;Investigation;Parallel;Recovery;Struggling,incident_or_recovery_overlap,False
U0202,U0105,S0200,16,S2,1,66.828,9.543,0.0,76.371,0.0,,0,12,Additional;Confused;Investigation;Parallel;Struggling,,True
U0202,U0105,S0200,17,S2,1,80.68,8.872,0.0,89.552,0.0,,0,12,Additional;Confused;Investigation;Parallel;Struggling,,True
U0202,U0105,S0200,18,S2,2,85.605,10.635,0.0,96.24,0.0,,0,11,Additional;Confused;Investigation;Parallel;Struggling,,True
U0202,U0105,S0200,19,S2,1,62.229,7.736,0.0,69.965,0.0,,1,8,Additional;Confused;Investigation;Recovery;Struggling,incident_or_recovery_overlap,False
U0202,U0105,S0200,20,S2,2,94.949,11.865,0.0,106.814,0.0,,0,13,Additional;Investigation;Parallel;Struggling,,True
U0202,U0105,S0300,1,S3,1,79.049,11.323,0.0,90.372,0.0,,0,3,Additional;Struggling,,True
U0202,U0105,S0300,2,S3,4,117.622,22.029,0.0,139.651,0.0,,0,1,Additional,,True
U0202,U0105,S0300,3,S3,1,58.27,12.698,0.0,70.968,0.0,,0,0,,,True
U0202,U0105,S0300,4,S3,1,67.453,8.896,0.0,76.349,0.0,,0,0,,,True
U0202,U0105,S0300,5,S3,4,139.261,27.614,0.0,166.875,0.0,,2,4,Additional;Incident;Recovery;Struggling,incident_or_recovery_overlap,False
U0202,U0105,S0300,6,S3,2,110.423,16.3,0.0,126.723,0.0,,0,3,Parallel;Struggling,,True
U0202,U0105,S0300,7,S3,2,93.904,10.405,0.0,104.309,0.0,,0,3,Additional;Struggling,,True
U0202,U0105,S0300,8,S3,1,91.939,7.845,0.0,99.784,0.0,,2,4,Confused;Incident;Struggling,incident_or_recovery_overlap,False
U0202,U0105,S0300,9,S3,1,56.709,14.944,0.0,71.653,0.0,,0,0,,,True
U0202,U0105,S0300,10,S3,1,75.067,9.49,0.0,84.557,0.0,,0,1,Struggling,,True
U0202,U0105,S0300,11,S3,5,163.609,16.978,0.0,180.587,0.0,,0,1,Struggling,,True
U0202,U0105,S0300,12,S3,1,98.631,12.63,0.0,111.261,0.0,,2,7,Additional;Incident;Investigation;Recovery;Struggling,incident_or_recovery_overlap,False
U0202,U0105,S0300,13,S3,4,119.294,15.337,0.0,134.631,0.0,,1,1,Incident,incident_or_recovery_overlap,False
U0202,U0105,S0300,14,S3,3,89.752,14.361,0.0,104.113,0.0,,0,0,,,True
U0202,U0105,S0300,15,S3,1,61.572,11.594,0.0,73.166,0.0,,0,1,Investigation,,True
U0202,U0105,S0300,16,S3,2,76.006,13.515,0.0,89.521,0.0,,0,2,Additional,,True
U0202,U0105,S0300,17,S3,1,59.872,16.222,0.0,76.094,-0.0,,0,3,Additional;Struggling,,True
U0202,U0105,S0300,18,S3,1,72.016,8.03,0.0,87.659,7.613,,1,3,Confused;Incident;Struggling,incident_or_recovery_overlap,False
U0202,U0105,S0300,19,S3,1,68.99,10.688,0.0,79.678,0.0,,0,1,Struggling,,True
U0202,U0105,S0300,20,S3,2,75.992,12.51,0.0,88.502,0.0,,0,2,Additional;Struggling,,True
U0202,U0105,S0400,1,S3,4,108.618,23.536,0.0,132.154,0.0,,0,0,,,True
U0202,U0105,S0400,2,S3,2,86.55,13.024,0.0,99.574,0.0,,0,0,,,True
U0202,U0105,S0400,3,S3,2,87.472,11.37,0.0,98.842,0.0,,1,1,Incident,incident_or_recovery_overlap,False
U0202,U0105,S0400,4,S3,2,67.846,16.374,0.0,84.22,0.0,,0,0,,,True
U0202,U0105,S0400,5,S3,1,58.869,10.805,0.0,69.674,0.0,,0,2,Parallel;Struggling,,True
U0202,U0105,S0400,6,S3,1,63.129,12.111,0.0,75.24,-0.0,,0,0,,,True
U0202,U0105,S0400,7,S3,1,55.73,11.23,0.0,66.96,0.0,,2,3,Incident;Parallel;Recovery,incident_or_recovery_overlap,False
U0202,U0105,S0400,8,S3,1,61.703,10.818,0.0,78.133,5.612,,2,2,Incident;Recovery,incident_or_recovery_overlap,False
U0202,U0105,S0400,9,S3,1,49.312,9.131,0.0,58.443,0.0,,0,0,,,True
U0202,U0105,S0400,10,S3,1,84.878,10.539,0.0,100.988,5.571,,0,2,Additional;Struggling,,True
U0202,U0105,S0400,11,S3,2,77.788,5.773,0.0,88.517,4.956,,0,1,Struggling,,True
U0202,U0105,S0400,12,S3,2,64.957,10.299,0.0,75.256,0.0,,0,1,Additional,,True
U0202,U0105,S0400,13,S3,3,87.489,18.975,0.0,106.464,0.0,Attach Shipping Label,0,0,,missing_core_labels,False
U0202,U0105,S0400,14,S3,1,63.241,12.379,0.0,75.62,0.0,,0,2,Additional;Struggling,,True
U0202,U0105,S0400,15,S3,1,98.794,8.626,0.0,115.227,7.807,,2,3,Incident;Parallel;Recovery,incident_or_recovery_overlap,False
U0202,U0105,S0400,16,S3,4,139.447,19.302,0.0,221.971,63.222,,1,4,Incident;Parallel;Struggling,incident_or_recovery_overlap,False
U0202,U0105,S0400,17,S3,3,80.7,19.482,0.0,100.182,0.0,,0,0,,,True
U0202,U0105,S0400,18,S3,1,64.727,11.365,0.0,76.092,0.0,,0,2,Struggling,,True
U0202,U0105,S0400,19,S3,4,106.775,14.597,0.0,121.372,0.0,,0,0,,,True
U0202,U0105,S0400,20,S3,1,76.996,8.462,0.0,86.74,1.282,,0,0,,,True
U0202,U0105,S0500,1,S4,1,49.911,8.342,0.0,58.253,0.0,,0,3,Additional;Parallel;Struggling,,True
U0202,U0105,S0500,2,S4,3,84.494,16.594,0.0,111.246,10.158,,0,0,,,True
U0202,U0105,S0500,3,S4,2,63.171,9.143,0.0,74.389,2.075,,0,1,Additional,,True
U0202,U0105,S0500,4,S4,1,47.853,7.822,0.0,55.675,0.0,,0,0,,,True
U0202,U0105,S0500,5,S4,1,46.456,8.848,0.0,55.304,0.0,,0,1,Additional,,True
U0202,U0105,S0500,6,S4,5,117.841,27.324,0.0,145.165,0.0,,0,2,Investigation;Struggling,,True
U0202,U0105,S0500,7,S4,4,81.609,23.57,0.0,105.179,0.0,,0,3,Additional;Struggling,,True
U0202,U0105,S0500,8,S4,1,73.164,7.792,0.0,80.956,0.0,,3,6,Incident;Investigation;Recovery;Struggling,incident_or_recovery_overlap,False
U0202,U0105,S0500,9,S4,1,47.702,4.38,0.0,57.065,4.983,,0,1,Struggling,,True
U0202,U0105,S0500,10,S4,1,44.176,4.43,0.0,48.606,0.0,,0,0,,,True
U0202,U0105,S0500,11,S4,2,61.427,7.639,0.0,69.066,0.0,,0,0,,,True
U0202,U0105,S0500,12,S4,2,58.978,15.355,0.0,74.333,0.0,,0,0,,,True
U0202,U0105,S0500,13,S4,1,55.423,4.042,0.0,59.465,0.0,,0,1,Struggling,,True
U0202,U0105,S0500,14,S4,2,63.967,5.204,0.0,69.171,0.0,,2,2,Incident;Recovery,incident_or_recovery_overlap,False
U0202,U0105,S0500,15,S4,2,0.0,14.94,0.0,14.94,0.0,Assemble Box;Attach Box Label;Attach Shipping Label;Close Box;Insert Items,0,0,,missing_core_labels,False
U0203,U0108,S0100,1,S2,1,81.324,32.452,0.0,113.776,0.0,,0,8,Additional;Confused;Struggling,,True
U0203,U0108,S0100,2,S2,1,67.722,7.844,0.0,75.566,0.0,,0,4,Additional;Parallel;Struggling,,True
U0203,U0108,S0100,3,S2,1,73.13,6.71,0.0,79.84,0.0,,0,8,Additional;Parallel;Struggling,,True
U0203,U0108,S0100,4,S2,2,100.601,11.972,0.0,112.573,-0.0,,3,12,Additional;Confused;Incident;Investigation;Recovery;Struggling,incident_or_recovery_overlap,False
U0203,U0108,S0100,5,S2,3,126.486,12.111,0.0,138.597,0.0,,0,11,Additional;Confused;Investigation;Struggling,,True
U0203,U0108,S0100,6,S2,1,73.162,6.565,0.0,79.727,0.0,,0,5,Additional;Struggling,,True
U0203,U0108,S0100,7,S2,1,81.306,25.732,0.0,165.033,57.995,,0,10,Additional;Investigation;Struggling,,True
U0203,U0108,S0100,8,S2,5,120.286,14.117,0.0,134.403,0.0,,0,14,Additional;Confused;Investigation;Struggling,,True
U0203,U0108,S0100,9,S2,2,107.507,11.68,0.0,119.187,0.0,,1,9,Additional;Investigation;Recovery;Struggling,incident_or_recovery_overlap,False
U0203,U0108,S0100,10,S2,1,67.543,8.497,0.0,76.04,0.0,,0,5,Additional;Struggling,,True
U0203,U0108,S0100,11,S2,3,142.232,13.792,0.0,156.024,0.0,,0,11,Additional;Investigation;Parallel;Struggling,,True
U0203,U0108,S0100,12,S2,1,84.907,10.042,0.0,94.949,0.0,,0,7,Additional;Investigation;Struggling,,True
U0203,U0108,S0100,13,S2,2,91.976,12.474,0.0,104.45,0.0,,0,9,Additional;Confused;Parallel;Struggling,,True
U0203,U0108,S0100,14,S2,1,75.29,8.993,0.0,84.283,0.0,,0,8,Additional;Investigation;Struggling,,True
U0203,U0108,S0100,15,S2,5,154.043,16.684,0.0,170.727,0.0,,0,14,Additional;Confused;Investigation;Struggling,,True
U0203,U0108,S0100,16,S2,2,90.994,11.044,0.0,102.038,0.0,,0,8,Additional;Struggling,,True
U0203,U0108,S0100,17,S2,1,76.647,7.618,0.0,84.265,0.0,,0,7,Additional;Struggling,,True
U0203,U0108,S0100,18,S2,3,91.464,10.381,0.0,101.845,0.0,,1,7,Additional;Incident;Investigation;Struggling,incident_or_recovery_overlap,False
U0203,U0108,S0100,19,S2,1,73.883,9.864,0.0,83.747,0.0,,0,8,Additional;Struggling,,True
U0203,U0108,S0100,20,S2,2,85.158,8.916,0.0,94.074,0.0,,0,7,Additional;Confused;Struggling,,True
U0203,U0108,S0200,1,S2,2,77.556,12.338,0.0,89.894,0.0,,0,7,Additional;Struggling,,True
U0203,U0108,S0200,2,S2,2,102.637,11.071,0.0,118.189,4.481,,3,14,Additional;Confused;Incident;Investigation;Recovery;Struggling,incident_or_recovery_overlap,False
U0203,U0108,S0200,3,S2,5,139.076,18.177,0.0,157.253,0.0,,0,13,Additional;Confused;Investigation;Parallel;Struggling,,True
U0203,U0108,S0200,4,S2,1,76.903,8.335,0.0,85.238,0.0,,0,10,Additional;Confused;Investigation;Struggling,,True
U0203,U0108,S0200,5,S2,1,69.451,8.355,0.0,77.806,0.0,,0,4,Additional;Struggling,,True
U0203,U0108,S0200,6,S2,3,118.84,12.516,0.0,131.356,0.0,,0,12,Additional;Confused;Investigation;Struggling,,True
U0203,U0108,S0200,7,S2,2,82.291,13.529,0.0,95.82,0.0,,1,9,Additional;Investigation;Parallel;Recovery;Struggling,incident_or_recovery_overlap,False
U0203,U0108,S0200,8,S2,3,123.184,15.42,0.0,138.604,0.0,,3,15,Additional;Incident;Investigation;Parallel;Recovery;Struggling,incident_or_recovery_overlap,False
U0203,U0108,S0200,9,S2,1,83.588,10.129,0.0,93.717,0.0,,0,14,Additional;Investigation;Struggling,,True
U0203,U0108,S0200,10,S2,4,82.894,9.803,0.0,92.697,0.0,,0,14,Additional;Confused;Investigation;Struggling,,True
U0203,U0108,S0200,11,S2,1,88.966,9.367,0.0,98.333,0.0,,0,11,Additional;Investigation;Parallel;Struggling,,True
U0203,U0108,S0200,12,S2,4,100.267,13.236,0.0,113.503,0.0,,0,9,Additional;Investigation;Struggling,,True
U0203,U0108,S0200,13,S2,1,72.001,11.147,0.0,83.148,0.0,,0,8,Additional;Struggling,,True
U0203,U0108,S0200,14,S2,3,99.612,13.909,0.0,119.064,5.543,,1,10,Additional;Incident;Investigation;Struggling,incident_or_recovery_overlap,False
U0203,U0108,S0200,15,S2,1,68.417,10.907,0.0,79.324,0.0,,0,5,Additional;Struggling,,True
U0203,U0108,S0200,16,S2,1,81.999,9.755,0.0,91.754,0.0,,3,12,Additional;Incident;Investigation;Parallel;Recovery;Struggling,incident_or_recovery_overlap,False
U0203,U0108,S0200,17,S2,1,71.338,9.689,0.0,81.027,0.0,,0,4,Additional;Struggling,,True
U0203,U0108,S0200,18,S2,1,80.109,11.286,0.0,91.395,0.0,,0,6,Investigation;Parallel;Struggling,,True
U0203,U0108,S0200,19,S2,3,108.643,9.326,0.0,117.969,0.0,,4,14,Additional;Incident;Investigation;Parallel;Recovery;Struggling,incident_or_recovery_overlap,False
U0203,U0108,S0200,20,S2,3,99.699,13.871,0.0,113.57,-0.0,,1,10,Additional;Investigation;Parallel;Recovery;Struggling,incident_or_recovery_overlap,False
U0203,U0108,S0300,1,S3,1,69.904,16.933,0.0,86.837,0.0,,0,6,Additional;Struggling,,True
U0203,U0108,S0300,2,S3,1,73.533,7.854,0.0,81.387,0.0,,3,13,Additional;Confused;Incident;Investigation;Parallel;Recovery;Struggling,incident_or_recovery_overlap,False
U0203,U0108,S0300,3,S3,1,56.746,10.715,0.0,67.461,0.0,,0,8,Additional;Investigation;Struggling,,True
U0203,U0108,S0300,4,S3,1,80.157,8.976,0.0,89.133,0.0,,0,11,Additional;Investigation;Struggling,,True
U0203,U0108,S0300,5,S3,1,57.478,8.602,0.0,66.08,0.0,,0,6,Additional;Struggling,,True
U0203,U0108,S0300,6,S3,2,101.94,9.872,0.0,117.115,5.303,,1,10,Additional;Incident;Investigation;Parallel;Struggling,incident_or_recovery_overlap,False
U0203,U0108,S0300,7,S3,3,106.815,9.283,0.0,116.098,0.0,,0,11,Additional;Confused;Investigation;Struggling,,True
U0203,U0108,S0300,8,S3,1,72.389,8.611,0.0,87.644,6.644,,0,4,Investigation;Struggling,,True
U0203,U0108,S0300,9,S3,2,126.662,13.642,0.0,140.304,0.0,,3,13,Additional;Incident;Investigation;Parallel;Recovery;Struggling,incident_or_recovery_overlap,False
U0203,U0108,S0300,10,S3,1,79.842,10.503,0.0,90.345,0.0,,0,13,Additional;Confused;Investigation;Struggling,,True
U0203,U0108,S0300,11,S3,3,112.086,13.449,0.0,125.535,0.0,,2,14,Additional;Confused;Incident;Investigation;Parallel;Recovery;Struggling,incident_or_recovery_overlap,False
U0203,U0108,S0300,12,S3,3,119.784,11.173,0.0,130.957,0.0,,5,13,Additional;Incident;Investigation;Parallel;Recovery;Struggling,incident_or_recovery_overlap,False
U0203,U0108,S0300,13,S3,10,130.141,10.428,0.0,140.569,-0.0,,0,8,Additional;Confused;Investigation;Struggling,,True
U0203,U0108,S0300,14,S3,1,80.065,11.952,0.0,92.017,0.0,,0,10,Additional;Parallel;Struggling,,True
U0203,U0108,S0300,15,S3,1,79.312,9.31,0.0,88.622,0.0,,0,9,Additional;Parallel;Struggling,,True
U0203,U0108,S0300,16,S3,1,87.845,8.148,0.0,95.993,0.0,,0,4,Additional;Struggling,,True
U0203,U0108,S0300,17,S3,1,60.562,8.791,0.0,69.353,0.0,,0,4,Additional;Investigation;Struggling,,True
U0203,U0108,S0300,18,S3,2,98.935,8.842,0.0,107.777,0.0,,4,12,Additional;Incident;Investigation;Recovery;Struggling,incident_or_recovery_overlap,False
U0203,U0108,S0300,19,S3,1,78.545,9.503,0.0,88.048,0.0,,0,4,Additional;Struggling,,True
U0203,U0108,S0300,20,S3,2,108.039,7.945,0.0,115.984,-0.0,,0,9,Additional;Struggling,,True
U0203,U0108,S0400,1,S3,1,66.323,9.189,0.0,75.512,0.0,,0,5,Additional;Struggling,,True
U0203,U0108,S0400,2,S3,3,93.37,17.874,0.0,111.244,0.0,,0,14,Additional;Confused;Investigation;Parallel;Struggling,,True
U0203,U0108,S0400,3,S3,2,70.538,19.538,0.0,90.076,0.0,,0,7,Additional;Parallel;Struggling,,True
U0203,U0108,S0400,4,S3,1,57.632,14.818,0.0,72.45,0.0,,0,7,Confused;Parallel;Struggling,,True
U0203,U0108,S0400,5,S3,2,75.462,17.416,0.0,92.878,0.0,,0,10,Additional;Confused;Struggling,,True
U0203,U0108,S0400,6,S3,1,64.176,12.816,0.0,76.992,0.0,,2,9,Additional;Incident;Recovery;Struggling,incident_or_recovery_overlap,False
U0203,U0108,S0400,7,S3,1,70.751,11.233,0.0,81.984,0.0,,0,8,Additional;Confused;Investigation;Parallel;Struggling,,True
U0203,U0108,S0400,8,S3,2,72.998,13.194,0.0,86.192,0.0,,1,3,Additional;Incident;Struggling,incident_or_recovery_overlap,False
U0203,U0108,S0400,9,S3,2,88.618,11.078,0.0,106.82,7.124,,2,11,Additional;Confused;Incident;Investigation;Recovery;Struggling,incident_or_recovery_overlap,False
U0203,U0108,S0400,10,S3,2,78.675,14.531,0.0,93.206,0.0,,1,11,Additional;Incident;Parallel;Struggling,incident_or_recovery_overlap,False
U0203,U0108,S0400,11,S3,1,63.879,14.167,0.0,78.046,0.0,,2,12,Additional;Incident;Parallel;Recovery;Struggling,incident_or_recovery_overlap,False
U0203,U0108,S0400,12,S3,4,90.445,14.987,0.0,105.432,0.0,,0,6,Additional;Confused;Struggling,,True
U0203,U0108,S0400,13,S3,2,81.662,14.578,0.0,96.24,0.0,,0,13,Additional;Investigation;Parallel;Struggling,,True
U0203,U0108,S0400,14,S3,1,64.856,12.061,0.0,76.917,0.0,,0,6,Additional;Parallel;Struggling,,True
U0203,U0108,S0400,15,S3,1,69.917,18.459,0.0,88.376,0.0,,4,11,Additional;Incident;Investigation;Recovery;Struggling,incident_or_recovery_overlap,False
U0203,U0108,S0400,16,S3,1,72.362,4.681,0.0,77.043,0.0,,0,8,Additional;Parallel;Struggling,,True
U0203,U0108,S0400,17,S3,2,86.777,10.711,0.0,97.488,0.0,,0,8,Additional;Parallel;Struggling,,True
U0203,U0108,S0400,18,S3,5,124.806,20.466,0.0,145.272,0.0,,0,12,Additional;Investigation;Struggling,,True
U0203,U0108,S0400,19,S3,1,75.104,14.92,0.0,90.024,0.0,,0,5,Additional;Investigation;Parallel;Struggling,,True
U0203,U0108,S0400,20,S3,5,156.787,21.328,0.0,178.115,0.0,,0,14,Additional;Investigation;Parallel;Struggling,,True
U0203,U0108,S0500,1,S4,2,58.983,10.02,0.0,69.003,0.0,,0,3,Additional;Parallel,,True
U0203,U0108,S0500,2,S4,1,48.725,23.479,0.0,72.204,0.0,,4,14,Additional;Incident;Investigation;Parallel;Recovery;Struggling,incident_or_recovery_overlap,False
U0203,U0108,S0500,3,S4,4,95.003,11.883,0.0,106.886,0.0,,0,14,Additional;Parallel;Struggling,,True
U0203,U0108,S0500,4,S4,4,78.56,13.926,0.0,92.486,0.0,,2,10,Incident;Investigation;Parallel;Recovery;Struggling,incident_or_recovery_overlap,False
U0203,U0108,S0500,5,S4,5,86.252,10.335,0.0,96.587,0.0,,2,10,Confused;Incident;Parallel;Recovery;Struggling,incident_or_recovery_overlap,False
U0203,U0108,S0500,6,S4,4,63.539,13.159,0.0,76.698,-0.0,,4,12,Additional;Confused;Incident;Parallel;Recovery;Struggling,incident_or_recovery_overlap,False
U0203,U0108,S0500,7,S4,3,75.466,10.241,0.0,85.707,0.0,,0,10,Confused;Parallel;Struggling,,True
U0203,U0108,S0500,8,S4,3,62.769,19.994,0.0,82.763,0.0,,3,14,Additional;Confused;Incident;Investigation;Parallel;Recovery;Struggling,incident_or_recovery_overlap,False
U0203,U0108,S0500,9,S4,2,56.623,13.206,0.0,69.829,0.0,,0,12,Additional;Parallel;Struggling,,True
U0203,U0108,S0500,10,S4,3,76.868,12.703,0.0,89.571,0.0,,1,14,Additional;Confused;Investigation;Parallel;Recovery;Struggling,incident_or_recovery_overlap,False
U0203,U0108,S0500,11,S4,3,90.748,15.832,0.0,106.58,0.0,,4,14,Additional;Incident;Investigation;Parallel;Recovery;Struggling,incident_or_recovery_overlap,False
U0203,U0108,S0500,12,S4,2,60.36,13.493,0.0,73.853,-0.0,,0,7,Additional;Investigation;Parallel;Struggling,,True
U0203,U0108,S0500,13,S4,1,53.237,9.844,0.0,63.081,0.0,,0,6,Additional;Parallel;Struggling,,True
U0203,U0108,S0500,14,S4,2,48.602,10.298,0.0,58.9,0.0,,0,7,Additional;Investigation;Struggling,,True
U0203,U0108,S0500,15,S4,2,54.476,13.617,0.0,68.093,0.0,,0,6,Additional;Parallel;Struggling,,True
U0203,U0108,S0500,16,S4,1,49.58,10.961,0.0,60.541,0.0,,0,7,Additional;Parallel;Struggling,,True
U0203,U0108,S0500,17,S4,4,78.203,11.509,0.0,89.712,0.0,,2,11,Additional;Confused;Incident;Parallel;Recovery;Struggling,incident_or_recovery_overlap,False
U0203,U0108,S0500,18,S4,1,45.124,10.964,0.0,56.088,0.0,,0,3,Additional;Struggling,,True
U0203,U0108,S0500,19,S4,3,67.9,9.484,0.0,77.384,0.0,,0,9,Additional;Confused;Parallel;Struggling,,True
U0203,U0108,S0500,20,S4,1,59.584,7.385,0.0,66.969,-0.0,,0,7,Additional;Parallel;Struggling,,True
U0204,U0110,S0100,1,S2,1,66.976,7.54,0.0,74.516,0.0,,0,0,,,True
U0204,U0110,S0100,2,S2,1,66.497,11.167,0.0,77.664,0.0,,0,3,Parallel;Struggling,,True
U0204,U0110,S0100,3,S2,4,120.705,36.351,0.0,157.056,0.0,,4,10,Additional;Confused;Incident;Investigation;Parallel;Recovery;Struggling,incident_or_recovery_overlap,False
U0204,U0110,S0100,4,S2,1,49.788,6.45,0.0,56.238,0.0,,0,2,Parallel;Struggling,,True
U0204,U0110,S0100,5,S2,1,59.137,8.622,0.0,67.759,0.0,,0,2,Struggling,,True
U0204,U0110,S0100,6,S2,4,82.749,12.647,0.0,95.396,0.0,,0,2,Parallel;Struggling,,True
U0204,U0110,S0100,7,S2,3,71.922,10.149,0.0,82.071,0.0,,0,1,Parallel,,True
U0204,U0110,S0100,8,S2,1,49.409,7.897,0.0,57.306,0.0,,2,2,Incident,incident_or_recovery_overlap,False
U0204,U0110,S0100,9,S2,1,47.496,8.184,0.0,57.407,1.727,,0,0,,,True
U0204,U0110,S0100,10,S2,1,68.366,8.494,0.0,76.86,0.0,,3,10,Incident;Investigation;Parallel;Recovery;Struggling,incident_or_recovery_overlap,False
U0204,U0110,S0100,11,S2,5,98.512,23.714,0.0,122.226,0.0,,0,2,Parallel,,True
U0204,U0110,S0100,12,S2,1,52.667,9.649,0.0,62.316,0.0,,0,1,Parallel,,True
U0204,U0110,S0100,13,S2,2,53.215,10.263,0.0,63.478,0.0,,0,1,Parallel,,True
U0204,U0110,S0100,14,S2,1,51.28,7.753,0.0,59.033,0.0,,0,0,,,True
U0204,U0110,S0100,15,S2,2,85.512,11.449,0.0,96.961,0.0,,4,9,Incident;Investigation;Parallel;Recovery;Struggling,incident_or_recovery_overlap,False
U0204,U0110,S0100,16,S2,1,46.86,9.103,0.0,55.963,0.0,,0,1,Additional,,True
U0204,U0110,S0100,17,S2,2,61.833,9.809,0.0,71.642,0.0,,0,3,Parallel;Struggling,,True
U0204,U0110,S0100,18,S2,4,59.262,10.226,0.0,69.488,0.0,,0,1,Parallel,,True
U0204,U0110,S0100,19,S2,2,68.096,12.797,0.0,80.893,0.0,,0,3,Parallel;Struggling,,True
U0204,U0110,S0100,20,S2,1,71.446,10.329,0.0,87.527,5.752,,0,3,Parallel;Struggling,,True
U0204,U0110,S0200,1,S2,2,70.295,9.335,0.0,79.63,0.0,,0,3,Parallel;Struggling,,True
U0204,U0110,S0200,2,S2,2,64.166,12.668,0.0,76.834,0.0,,0,2,Parallel,,True
U0204,U0110,S0200,3,S2,1,49.281,10.818,0.0,60.099,0.0,,0,1,Parallel,,True
U0204,U0110,S0200,4,S2,1,48.92,9.126,0.0,58.046,0.0,,0,1,Parallel,,True
U0204,U0110,S0200,5,S2,1,58.152,9.723,0.0,67.875,0.0,,3,10,Incident;Investigation;Parallel;Recovery;Struggling,incident_or_recovery_overlap,False
U0204,U0110,S0200,6,S2,4,58.151,10.997,0.0,69.148,0.0,,0,0,,,True
U0204,U0110,S0200,7,S2,1,47.958,9.147,0.0,57.105,-0.0,,0,3,Additional;Parallel,,True
U0204,U0110,S0200,8,S2,1,59.961,8.732,0.0,68.693,0.0,,0,4,Investigation;Parallel;Struggling,,True
U0204,U0110,S0200,9,S2,1,56.817,9.937,0.0,66.754,0.0,,0,5,Additional;Parallel;Struggling,,True
U0204,U0110,S0200,10,S2,1,53.343,9.757,0.0,63.1,0.0,,1,4,Incident;Parallel;Struggling,incident_or_recovery_overlap,False
U0204,U0110,S0200,11,S2,4,88.876,16.844,0.0,105.72,0.0,,1,10,Additional;Incident;Parallel;Struggling,incident_or_recovery_overlap,False
U0204,U0110,S0200,12,S2,1,63.638,12.408,0.0,76.046,0.0,,0,3,Parallel;Struggling,,True
U0204,U0110,S0200,13,S2,3,87.788,12.364,0.0,100.152,0.0,,1,3,Incident;Parallel,incident_or_recovery_overlap,False
U0204,U0110,S0200,14,S2,1,43.281,7.613,0.0,50.894,0.0,,0,2,Parallel,,True
U0204,U0110,S0200,15,S2,1,56.651,12.963,0.0,69.614,0.0,,0,4,Parallel;Struggling,,True
U0204,U0110,S0200,16,S2,1,52.763,10.064,0.0,62.827,0.0,,0,4,Parallel,,True
U0204,U0110,S0200,17,S2,1,39.308,7.379,0.0,46.687,0.0,,0,1,Parallel,,True
U0204,U0110,S0200,18,S2,1,39.564,8.884,0.0,48.448,0.0,,0,1,Parallel,,True
U0204,U0110,S0200,19,S2,1,45.018,8.443,0.0,53.461,0.0,,0,2,Parallel;Struggling,,True
U0204,U0110,S0200,20,S2,1,65.831,7.517,0.0,73.348,0.0,,1,5,Incident;Parallel;Struggling,incident_or_recovery_overlap,False
U0204,U0110,S0300,1,S3,2,75.859,9.525,0.0,85.384,0.0,,1,3,Incident;Parallel,incident_or_recovery_overlap,False
U0204,U0110,S0300,2,S3,1,50.863,9.507,0.0,60.37,0.0,,0,3,Parallel,,True
U0204,U0110,S0300,3,S3,2,81.86,14.839,0.0,96.699,0.0,,0,2,Additional,,True
U0204,U0110,S0300,4,S3,1,70.6,3.56,0.0,74.16,0.0,,0,1,Parallel,,True
U0204,U0110,S0300,5,S3,2,61.12,10.66,0.0,71.78,0.0,,0,3,Parallel;Struggling,,True
U0204,U0110,S0300,6,S3,3,73.48,15.54,0.0,93.64,4.62,,0,4,Parallel;Struggling,,True
U0204,U0110,S0300,7,S3,1,52.36,10.82,0.0,63.18,0.0,,2,5,Incident;Investigation;Parallel;Recovery;Struggling,incident_or_recovery_overlap,False
U0204,U0110,S0300,8,S3,2,51.62,9.607,0.0,61.227,-0.0,,0,2,Parallel;Struggling,,True
U0204,U0110,S0300,9,S3,4,80.3,28.14,0.0,108.44,0.0,,0,3,Parallel;Struggling,,True
U0204,U0110,S0300,10,S3,1,45.889,0.96,0.0,46.849,0.0,,0,1,Additional,,True
U0204,U0110,S0300,11,S3,1,65.638,11.453,0.0,77.091,0.0,,0,1,Parallel,,True
U0204,U0110,S0300,12,S3,1,40.085,1.756,0.0,41.841,0.0,,0,3,Additional;Parallel,,True
U0204,U0110,S0300,13,S3,2,65.051,12.344,0.0,77.395,0.0,,0,5,Additional;Parallel;Struggling,,True
U0204,U0110,S0300,14,S3,2,58.533,13.706,0.0,72.239,0.0,,0,2,Parallel;Struggling,,True
U0204,U0110,S0300,15,S3,1,55.366,9.254,0.0,64.62,0.0,,0,2,Parallel;Struggling,,True
U0204,U0110,S0300,16,S3,2,63.252,18.212,0.0,81.464,0.0,,0,3,Parallel;Struggling,,True
U0204,U0110,S0300,17,S3,2,76.346,13.734,0.0,90.08,0.0,,0,3,Investigation;Parallel,,True
U0204,U0110,S0300,18,S3,1,61.006,13.49,0.0,74.496,-0.0,,0,4,Additional;Parallel;Struggling,,True
U0204,U0110,S0300,19,S3,10,73.058,2.454,0.0,75.512,0.0,,0,1,Investigation,,True
U0204,U0110,S0300,20,S3,1,66.41,9.355,0.0,75.765,0.0,,0,3,Parallel;Struggling,,True
U0204,U0110,S0400,1,S3,2,66.623,9.163,0.0,75.786,0.0,,0,1,Parallel,,True
U0204,U0110,S0400,2,S3,1,49.739,8.081,0.0,57.82,0.0,,0,2,Parallel;Struggling,,True
U0204,U0110,S0400,3,S3,1,45.353,8.627,0.0,53.98,-0.0,,0,1,Parallel,,True
U0204,U0110,S0400,4,S3,3,76.75,12.79,0.0,89.54,0.0,,0,3,Parallel;Struggling,,True
U0204,U0110,S0400,5,S3,1,56.922,7.722,0.0,64.644,0.0,,0,0,,,True
U0204,U0110,S0400,6,S3,1,55.161,8.641,0.0,63.802,0.0,,3,8,Incident;Investigation;Parallel;Recovery;Struggling,incident_or_recovery_overlap,False
U0204,U0110,S0400,7,S3,1,46.595,7.443,0.0,54.038,0.0,,0,1,Parallel,,True
U0204,U0110,S0400,8,S3,1,50.257,9.892,0.0,60.149,0.0,,0,3,Parallel;Struggling,,True
U0204,U0110,S0400,9,S3,2,52.741,10.419,0.0,63.16,-0.0,,0,2,Parallel;Struggling,,True
U0204,U0110,S0400,10,S3,3,77.111,9.129,0.0,86.24,-0.0,,0,1,Parallel,,True
U0204,U0110,S0400,11,S3,1,50.442,9.966,0.0,60.408,0.0,,0,3,Parallel;Struggling,,True
U0204,U0110,S0400,12,S3,1,45.558,11.136,0.0,56.694,0.0,,0,0,,,True
U0204,U0110,S0400,13,S3,1,51.534,8.418,0.0,59.952,0.0,,0,1,Parallel,,True
U0204,U0110,S0400,14,S3,2,66.177,9.185,0.0,75.362,0.0,,0,1,Parallel,,True
U0204,U0110,S0400,15,S3,4,85.581,12.605,0.0,98.186,0.0,,0,1,Parallel,,True
U0204,U0110,S0400,16,S3,1,52.862,6.946,0.0,60.738,0.93,,0,2,Parallel;Struggling,,True
U0204,U0110,S0400,17,S3,1,51.253,14.775,0.0,66.028,0.0,,0,1,Parallel,,True
U0204,U0110,S0400,18,S3,4,79.225,10.328,0.0,89.553,0.0,,0,1,Parallel,,True
U0204,U0110,S0400,19,S3,1,46.24,12.937,0.0,59.177,0.0,,0,2,Parallel;Struggling,,True
U0204,U0110,S0400,20,S3,1,61.298,8.346,0.0,69.644,0.0,,0,2,Parallel;Struggling,,True
U0204,U0110,S0500,1,S4,2,51.4,9.355,0.0,60.755,0.0,,0,3,Additional;Parallel;Struggling,,True
U0204,U0110,S0500,2,S4,2,73.851,3.461,0.0,77.312,0.0,,1,3,Additional;Incident;Parallel,incident_or_recovery_overlap,False
U0204,U0110,S0500,3,S4,1,43.318,7.115,0.0,50.433,0.0,,0,3,Parallel;Struggling,,True
U0204,U0110,S0500,4,S4,2,51.476,9.131,0.0,60.607,0.0,,0,3,Parallel;Struggling,,True
U0204,U0110,S0500,5,S4,1,35.718,7.167,0.0,42.885,0.0,,0,1,Parallel,,True
U0204,U0110,S0500,6,S4,2,59.163,10.264,0.0,69.427,0.0,,0,5,Parallel;Struggling,,True
U0204,U0110,S0500,7,S4,1,45.247,7.94,0.0,53.187,0.0,,0,2,Parallel,,True
U0204,U0110,S0500,8,S4,2,45.655,7.096,0.0,52.751,0.0,,0,0,,,True
U0204,U0110,S0500,9,S4,2,42.634,8.097,0.0,50.731,0.0,,0,2,Parallel;Struggling,,True
U0204,U0110,S0500,10,S4,2,61.985,8.464,0.0,70.449,0.0,,0,1,Parallel,,True
U0204,U0110,S0500,11,S4,3,62.288,13.753,0.0,76.041,0.0,,0,3,Parallel;Struggling,,True
U0204,U0110,S0500,12,S4,3,66.155,11.781,0.0,77.936,0.0,,0,3,Parallel;Struggling,,True
U0204,U0110,S0500,13,S4,1,46.11,7.748,0.0,53.858,0.0,,0,2,Parallel,,True
U0204,U0110,S0500,14,S4,3,64.253,10.047,0.0,74.3,0.0,,0,1,Parallel,,True
U0204,U0110,S0500,15,S4,1,41.47,6.829,0.0,48.299,0.0,,0,1,Parallel,,True
U0204,U0110,S0500,16,S4,1,41.563,8.931,0.0,50.494,0.0,,0,1,Parallel,,True
U0204,U0110,S0500,17,S4,2,51.628,9.672,0.0,61.3,-0.0,,0,2,Parallel,,True
U0204,U0110,S0500,18,S4,1,42.261,9.416,0.0,51.677,0.0,,0,2,Parallel,,True
U0204,U0110,S0500,19,S4,2,52.265,9.751,0.0,62.016,0.0,,0,3,Parallel;Struggling,,True
U0204,U0110,S0500,20,S4,2,77.131,9.841,0.0,86.972,0.0,,1,4,Incident;Parallel;Struggling,incident_or_recovery_overlap,False
U0205,U0107,S0100,1,S2,5,285.654,17.156,0.0,334.209,31.399,,6,9,Additional;Incident;Investigation;Recovery;Struggling,incident_or_recovery_overlap,False
U0205,U0107,S0100,2,S2,1,94.114,9.94,0.0,104.054,0.0,,0,1,Additional,,True
U0205,U0107,S0100,3,S2,2,98.47,7.507,0.0,105.977,0.0,,1,4,Additional;Recovery;Struggling,incident_or_recovery_overlap,False
U0205,U0107,S0100,4,S2,3,98.01,11.576,0.0,109.586,0.0,,0,2,Additional,,True
U0205,U0107,S0100,5,S2,3,108.967,14.873,0.0,123.84,0.0,,3,6,Additional;Incident;Recovery;Struggling,incident_or_recovery_overlap,False
U0205,U0107,S0100,6,S2,1,97.769,7.921,0.0,112.126,6.436,,1,4,Additional;Incident;Struggling,incident_or_recovery_overlap,False
U0205,U0107,S0100,7,S2,2,83.509,11.77,0.0,95.279,-0.0,,0,6,Additional;Struggling,,True
U0205,U0107,S0100,8,S2,1,80.55,9.965,0.0,90.515,0.0,,0,2,Additional;Parallel,,True
U0205,U0107,S0100,9,S2,1,72.461,7.705,0.0,80.166,0.0,,0,2,Parallel;Struggling,,True
U0205,U0107,S0100,10,S2,1,67.845,8.496,0.0,76.341,0.0,,0,2,Additional;Parallel,,True
U0205,U0107,S0100,11,S2,1,86.353,12.453,0.0,98.806,0.0,,0,4,Additional;Struggling,,True
U0205,U0107,S0100,12,S2,2,76.055,11.569,0.0,87.624,0.0,,0,2,Additional;Struggling,,True
U0205,U0107,S0100,13,S2,1,66.963,9.811,0.0,76.774,0.0,,0,3,Additional,,True
U0205,U0107,S0100,14,S2,1,77.194,9.449,0.0,86.643,0.0,,0,2,Additional,,True
U0205,U0107,S0100,15,S2,1,75.145,7.108,0.0,82.253,0.0,,0,1,Additional,,True
U0205,U0107,S0100,16,S2,3,89.131,11.986,0.0,101.117,0.0,,0,2,Additional,,True
U0205,U0107,S0100,17,S2,1,72.345,8.871,0.0,81.216,0.0,,0,4,Additional;Struggling,,True
U0205,U0107,S0100,18,S2,1,76.261,8.403,0.0,84.664,0.0,,0,3,Additional;Struggling,,True
U0205,U0107,S0100,19,S2,2,85.408,12.578,0.0,97.986,0.0,,0,3,Additional;Struggling,,True
U0205,U0107,S0100,20,S2,4,107.009,9.554,0.0,119.893,3.33,,0,4,Additional;Struggling,,True
U0205,U0107,S0200,1,S2,2,91.922,11.64,0.0,103.562,0.0,,0,2,Additional,,True
U0205,U0107,S0200,2,S2,4,104.747,10.844,0.0,115.591,0.0,,0,2,Additional,,True
U0205,U0107,S0200,3,S2,2,80.869,7.845,0.0,88.714,0.0,,0,2,Additional,,True
U0205,U0107,S0200,4,S2,1,73.325,7.234,0.0,80.559,0.0,,0,2,Additional,,True
U0205,U0107,S0200,5,S2,1,72.88,6.439,0.0,79.319,0.0,,0,2,Additional,,True
U0205,U0107,S0200,6,S2,1,70.542,5.803,0.0,76.345,0.0,,0,1,Additional,,True
U0205,U0107,S0200,7,S2,4,105.61,11.634,0.0,117.244,0.0,,0,3,Additional;Struggling,,True
U0205,U0107,S0200,8,S2,2,104.352,9.555,0.0,121.304,7.397,,3,6,Additional;Incident;Recovery;Struggling,incident_or_recovery_overlap,False
U0205,U0107,S0200,9,S2,2,84.32,7.594,0.0,91.914,0.0,,0,3,Additional;Struggling,,True
U0205,U0107,S0200,10,S2,4,109.082,8.561,0.0,117.643,0.0,,0,3,Additional;Struggling,,True
U0205,U0107,S0200,11,S2,4,101.071,9.92,0.0,131.529,20.538,,0,3,Additional;Parallel,,True
U0205,U0107,S0200,12,S2,4,101.135,10.373,0.0,111.508,0.0,,0,3,Additional;Struggling,,True
U0205,U0107,S0200,13,S2,1,73.398,8.31,0.0,81.708,0.0,,0,2,Additional,,True
U0205,U0107,S0200,14,S2,1,80.035,10.362,0.0,90.397,0.0,,0,2,Additional,,True
U0205,U0107,S0200,15,S2,2,74.185,13.564,0.0,91.815,4.066,,0,2,Additional;Struggling,,True
U0205,U0107,S0200,16,S2,1,68.175,9.186,0.0,77.361,0.0,,0,2,Additional,,True
U0205,U0107,S0200,17,S2,1,78.358,10.826,0.0,89.184,0.0,,0,2,Additional,,True
U0205,U0107,S0200,18,S2,1,75.102,8.934,0.0,84.036,0.0,,0,3,Additional;Struggling,,True
U0205,U0107,S0200,19,S2,1,76.494,8.92,0.0,85.414,0.0,,0,2,Additional,,True
U0205,U0107,S0200,20,S2,2,83.427,7.039,0.0,90.466,0.0,,0,3,Additional;Struggling,,True
U0205,U0107,S0300,1,S3,3,98.006,12.218,0.0,110.224,0.0,,0,2,Additional,,True
U0205,U0107,S0300,2,S3,3,94.426,10.308,0.0,104.734,0.0,,0,2,Additional;Struggling,,True
U0205,U0107,S0300,3,S3,10,91.56,7.98,0.0,99.54,0.0,,0,3,Additional;Investigation,,True
U0205,U0107,S0300,4,S3,1,71.144,9.096,0.0,80.24,0.0,,0,1,Additional,,True
U0205,U0107,S0300,5,S3,1,70.225,9.679,0.0,79.904,0.0,,0,3,Additional;Struggling,,True
U0205,U0107,S0300,6,S3,2,76.598,14.691,0.0,91.289,0.0,,0,1,Additional,,True
U0205,U0107,S0300,7,S3,1,83.321,7.118,0.0,90.439,0.0,,1,4,Additional;Incident,incident_or_recovery_overlap,False
U0205,U0107,S0300,8,S3,4,112.571,13.282,0.0,125.853,0.0,,0,3,Additional,,True
U0205,U0107,S0300,9,S3,3,143.887,12.914,0.0,156.801,-0.0,,2,7,Additional;Incident;Recovery;Struggling,incident_or_recovery_overlap,False
U0205,U0107,S0300,10,S3,1,67.588,7.706,0.0,75.294,0.0,,0,2,Additional,,True
U0205,U0107,S0300,11,S3,5,163.254,24.568,0.0,187.822,0.0,,6,11,Additional;Confused;Incident;Investigation;Recovery,incident_or_recovery_overlap,False
U0205,U0107,S0300,12,S3,1,68.515,10.715,0.0,79.23,0.0,,0,2,Additional,,True
U0205,U0107,S0300,13,S3,5,111.311,14.81,0.0,126.121,0.0,,0,4,Additional;Struggling,,True
U0205,U0107,S0300,14,S3,1,71.708,8.545,0.0,80.253,0.0,,0,3,Additional;Struggling,,True
U0205,U0107,S0300,15,S3,1,77.401,9.873,0.0,87.274,0.0,,3,6,Additional;Incident;Investigation;Recovery,incident_or_recovery_overlap,False
U0205,U0107,S0300,16,S3,3,101.679,10.111,0.0,111.79,0.0,,3,7,Additional;Incident;Investigation;Recovery;Struggling,incident_or_recovery_overlap,False
U0205,U0107,S0300,17,S3,1,53.853,7.047,0.0,60.9,0.0,,0,2,Additional,,True
U0205,U0107,S0300,18,S3,3,77.591,9.175,0.0,86.766,0.0,,0,2,Additional;Struggling,,True
U0205,U0107,S0300,19,S3,2,65.858,13.046,0.0,78.904,0.0,,0,2,Additional,,True
U0205,U0107,S0300,20,S3,1,72.109,4.494,0.0,76.603,0.0,,0,3,Additional,,True
U0205,U0107,S0400,1,S3,2,85.809,9.952,0.0,95.761,0.0,,0,2,Additional;Parallel,,True
U0205,U0107,S0400,2,S3,1,54.715,7.878,0.0,62.593,0.0,,0,2,Additional;Parallel,,True
U0205,U0107,S0400,3,S3,3,111.428,14.82,0.0,126.248,0.0,,0,2,Additional,,True
U0205,U0107,S0400,4,S3,2,78.521,9.504,0.0,88.025,0.0,,0,2,Additional,,True
U0205,U0107,S0400,5,S3,1,69.075,8.866,0.0,77.941,0.0,,0,2,Additional,,True
U0205,U0107,S0400,6,S3,2,94.131,8.377,0.0,109.15,6.642,,1,4,Additional;Incident;Struggling,incident_or_recovery_overlap,False
U0205,U0107,S0400,7,S3,3,93.827,18.741,0.0,112.568,0.0,,0,2,Additional,,True
U0205,U0107,S0400,8,S3,2,85.88,11.354,0.0,97.234,0.0,,0,2,Additional;Struggling,,True
U0205,U0107,S0400,9,S3,2,79.326,8.12,0.0,87.446,0.0,,0,2,Additional,,True
U0205,U0107,S0400,10,S3,1,56.808,13.282,0.0,70.09,0.0,,0,2,Additional,,True
U0205,U0107,S0400,11,S3,1,83.972,8.668,0.0,92.64,0.0,,3,8,Additional;Incident;Investigation;Recovery;Struggling,incident_or_recovery_overlap,False
U0205,U0107,S0400,12,S3,2,69.511,11.815,0.0,81.326,-0.0,,0,2,Additional,,True
U0205,U0107,S0400,13,S3,2,88.189,13.703,0.0,101.892,0.0,,0,3,Additional,,True
U0205,U0107,S0400,14,S3,1,68.845,4.532,0.0,73.377,0.0,,0,2,Additional,,True
U0205,U0107,S0400,15,S3,2,91.678,6.309,0.0,97.987,0.0,,1,6,Additional;Confused;Parallel;Recovery,incident_or_recovery_overlap,False
U0205,U0107,S0400,16,S3,1,52.824,8.168,0.0,60.992,0.0,,0,2,Additional,,True
U0205,U0107,S0400,17,S3,1,63.223,8.961,0.0,72.184,0.0,,0,3,Additional;Confused,,True
U0205,U0107,S0400,18,S3,1,61.684,8.469,0.0,70.153,0.0,,1,4,Additional;Incident,incident_or_recovery_overlap,False
U0205,U0107,S0400,19,S3,1,70.443,8.531,0.0,78.974,0.0,,0,2,Additional,,True
U0205,U0107,S0400,20,S3,3,105.352,8.372,0.0,113.724,0.0,,0,2,Additional,,True
U0205,U0107,S0500,1,S4,10,65.962,6.35,0.0,72.312,0.0,,2,3,Additional;Incident;Recovery,incident_or_recovery_overlap,False
U0205,U0107,S0500,2,S4,2,65.733,9.264,0.0,74.997,0.0,,0,3,Additional,,True
U0205,U0107,S0500,3,S4,1,47.443,6.867,0.0,54.31,0.0,,0,3,Additional;Parallel,,True
U0205,U0107,S0500,4,S4,3,73.257,7.86,0.0,81.117,0.0,,2,6,Additional;Incident;Parallel;Recovery,incident_or_recovery_overlap,False
U0205,U0107,S0500,5,S4,1,44.537,5.213,0.0,49.75,0.0,,0,2,Additional,,True
U0205,U0107,S0500,6,S4,2,70.489,17.346,0.0,87.835,-0.0,,0,1,Additional,,True
U0205,U0107,S0500,7,S4,1,53.15,6.214,0.0,59.364,0.0,,0,5,Additional;Parallel,,True
U0205,U0107,S0500,8,S4,2,61.79,7.229,0.0,69.019,0.0,,0,3,Additional,,True
U0205,U0107,S0500,9,S4,1,64.723,5.803,0.0,70.526,0.0,,0,2,Additional,,True
U0205,U0107,S0500,10,S4,2,75.677,10.067,0.0,85.744,0.0,,4,7,Additional;Incident;Investigation;Parallel;Recovery,incident_or_recovery_overlap,False
U0205,U0107,S0500,11,S4,2,88.41,11.71,0.0,100.12,0.0,,3,9,Additional;Incident;Investigation;Parallel;Recovery;Struggling,incident_or_recovery_overlap,False
U0205,U0107,S0500,12,S4,3,87.014,10.041,0.0,97.055,0.0,,0,3,Additional;Parallel;Struggling,,True
U0205,U0107,S0500,13,S4,1,54.507,11.038,0.0,65.545,0.0,,0,4,Additional;Parallel,,True
U0205,U0107,S0500,14,S4,4,79.006,7.028,0.0,86.034,0.0,,0,2,Additional,,True
U0205,U0107,S0500,15,S4,1,59.575,4.056,0.0,63.631,0.0,,0,4,Additional;Parallel,,True
U0205,U0107,S0500,16,S4,1,47.536,4.431,0.0,51.967,0.0,,0,1,Additional,,True
U0205,U0107,S0500,17,S4,1,60.643,10.689,0.0,71.332,-0.0,,0,2,Additional,,True
U0205,U0107,S0500,18,S4,1,58.673,5.835,0.0,64.508,0.0,,0,2,Additional;Parallel,,True
U0205,U0107,S0500,19,S4,2,66.891,6.987,0.0,77.426,3.548,,0,1,Additional,,True
U0205,U0107,S0500,20,S4,4,96.119,9.055,0.0,105.174,0.0,,0,3,Additional;Struggling,,True
U0206,U0206,S0100,1,S2,1,102.318,9.454,0.0,111.772,0.0,,0,6,Additional;Confused;Investigation;Struggling,,True
U0206,U0206,S0100,2,S2,1,90.015,6.973,0.0,96.988,0.0,,0,6,Additional;Confused,,True
U0206,U0206,S0100,3,S2,2,93.684,7.754,0.0,101.438,0.0,,1,8,Additional;Confused;Incident;Investigation;Struggling,incident_or_recovery_overlap,False
U0206,U0206,S0100,4,S2,3,103.459,8.804,0.0,112.263,0.0,,0,10,Additional;Confused;Investigation;Parallel;Struggling,,True
U0206,U0206,S0100,5,S2,2,93.069,7.299,0.0,100.368,0.0,,2,7,Additional;Incident;Recovery;Struggling,incident_or_recovery_overlap,False
U0206,U0206,S0100,6,S2,1,78.072,6.166,0.0,84.238,0.0,,1,8,Additional;Incident;Parallel;Struggling,incident_or_recovery_overlap,False
U0206,U0206,S0100,7,S2,3,89.945,6.028,0.0,98.843,2.87,,0,3,Struggling,,True
U0206,U0206,S0100,8,S2,3,109.711,8.397,0.0,118.108,0.0,,0,5,Additional;Struggling,,True
U0206,U0206,S0100,9,S2,2,85.012,4.895,0.0,89.907,0.0,,0,6,Additional;Confused;Struggling,,True
U0206,U0206,S0100,10,S2,1,84.689,5.613,0.0,90.302,0.0,,0,10,Additional;Confused;Parallel;Struggling,,True
U0206,U0206,S0100,11,S2,2,79.421,7.829,0.0,87.25,0.0,,1,6,Additional;Confused;Recovery;Struggling,incident_or_recovery_overlap,False
U0206,U0206,S0100,12,S2,1,71.463,8.082,0.0,79.545,0.0,,0,7,Additional;Confused;Struggling,,True
U0206,U0206,S0100,13,S2,4,118.944,8.495,0.0,127.439,0.0,,0,3,Confused;Struggling,,True
U0206,U0206,S0100,14,S2,4,138.782,7.723,0.0,148.063,1.558,,2,9,Additional;Confused;Incident;Struggling,incident_or_recovery_overlap,False
U0206,U0206,S0100,15,S2,1,77.963,7.823,0.0,85.786,0.0,,0,4,Additional;Confused;Struggling,,True
U0206,U0206,S0100,16,S2,1,71.638,7.718,0.0,79.356,0.0,,0,1,Additional,,True
U0206,U0206,S0100,17,S2,3,120.908,8.212,0.0,129.12,0.0,,0,3,Additional;Struggling,,True
U0206,U0206,S0100,18,S2,1,80.723,7.45,0.0,88.173,0.0,,0,5,Additional;Struggling,,True
U0206,U0206,S0100,19,S2,4,92.406,8.567,0.0,121.332,20.359,,0,4,Investigation;Parallel;Struggling,,True
U0206,U0206,S0100,20,S2,2,115.516,7.634,0.0,123.15,0.0,,2,9,Additional;Confused;Incident;Recovery;Struggling,incident_or_recovery_overlap,False
U0206,U0206,S0200,1,S2,1,80.516,6.035,0.0,86.551,0.0,,3,7,Additional;Incident;Recovery;Struggling,incident_or_recovery_overlap,False
U0206,U0206,S0200,2,S2,1,71.549,6.017,0.0,77.566,0.0,,0,7,Additional;Parallel;Struggling,,True
U0206,U0206,S0200,3,S2,3,134.048,8.362,0.0,148.334,5.924,,1,10,Additional;Confused;Incident;Parallel;Struggling,incident_or_recovery_overlap,False
U0206,U0206,S0200,4,S2,3,89.901,10.205,0.0,100.106,0.0,,4,9,Incident;Investigation;Parallel;Recovery;Struggling,incident_or_recovery_overlap,False
U0206,U0206,S0200,5,S2,1,57.825,6.004,0.0,63.829,0.0,,2,4,Additional;Incident;Parallel;Recovery,incident_or_recovery_overlap,False
U0206,U0206,S0200,6,S2,1,68.444,6.502,0.0,76.025,1.079,,1,5,Additional;Parallel;Recovery;Struggling,incident_or_recovery_overlap,False
U0206,U0206,S0200,7,S2,2,69.903,8.277,0.0,78.18,0.0,,0,3,Additional;Parallel;Struggling,,True
U0206,U0206,S0200,8,S2,1,117.547,4.98,0.0,144.59,22.063,,5,10,Incident;Investigation;Parallel;Recovery;Struggling,incident_or_recovery_overlap,False
U0206,U0206,S0200,9,S2,2,83.525,6.265,0.0,89.79,0.0,,0,4,Additional;Investigation;Struggling,,True
U0206,U0206,S0200,10,S2,1,64.292,4.64,0.0,70.086,1.154,,0,2,Confused;Parallel,,True
U0206,U0206,S0200,11,S2,5,93.412,11.004,0.0,104.416,0.0,,1,8,Additional;Incident;Parallel;Struggling,incident_or_recovery_overlap,False
U0206,U0206,S0200,12,S2,1,59.4,5.372,0.0,65.847,1.075,,0,2,Parallel,,True
U0206,U0206,S0200,13,S2,1,59.354,5.57,0.0,66.861,1.937,,1,6,Investigation;Parallel;Recovery;Struggling,incident_or_recovery_overlap,False
U0206,U0206,S0200,14,S2,5,128.309,8.451,0.0,136.76,0.0,,0,6,Additional;Struggling,,True
U0206,U0206,S0200,15,S2,1,59.69,4.935,0.0,64.625,0.0,,0,4,Investigation;Parallel;Struggling,,True
U0206,U0206,S0200,16,S2,1,58.557,5.964,0.0,65.562,1.041,,0,3,Parallel;Struggling,,True
U0206,U0206,S0200,17,S2,3,106.023,9.803,0.0,122.186,6.36,,3,6,Additional;Incident;Recovery;Struggling,incident_or_recovery_overlap,False
U0206,U0206,S0200,18,S2,2,83.148,5.617,0.0,89.845,1.08,,0,6,Additional;Parallel;Struggling,,True
U0206,U0206,S0200,19,S2,1,62.556,6.072,0.0,68.628,0.0,,0,3,Struggling,,True
U0206,U0206,S0200,20,S2,1,61.532,4.524,0.0,66.056,0.0,,0,3,Additional;Struggling,,True
U0206,U0206,S0300,1,S3,2,61.399,6.928,0.0,68.327,0.0,,1,7,Additional;Incident;Parallel;Struggling,incident_or_recovery_overlap,False
U0206,U0206,S0300,2,S3,3,79.92,5.39,0.0,85.31,0.0,,0,7,Additional;Parallel;Struggling,,True
U0206,U0206,S0300,3,S3,1,61.645,4.493,0.0,73.294,7.156,,3,9,Additional;Incident;Parallel;Recovery;Struggling,incident_or_recovery_overlap,False
U0206,U0206,S0300,4,S3,1,51.657,4.158,0.0,57.964,2.149,,0,3,Additional,,True
U0206,U0206,S0300,5,S3,2,66.612,5.747,0.0,72.359,0.0,,0,4,Additional;Confused,,True
U0206,U0206,S0300,6,S3,1,56.746,4.085,0.0,60.831,0.0,,0,5,Additional;Parallel,,True
U0206,U0206,S0300,7,S3,2,72.341,9.571,0.0,81.912,0.0,,0,10,Additional;Confused;Struggling,,True
U0206,U0206,S0300,8,S3,1,60.47,3.671,0.0,69.862,5.721,,0,7,Additional;Confused;Parallel;Struggling,,True
U0206,U0206,S0300,9,S3,1,43.739,1.974,0.0,45.713,0.0,,0,3,Confused,,True
U0206,U0206,S0300,10,S3,1,70.989,2.822,0.0,73.811,0.0,,0,9,Additional;Confused;Struggling,,True
U0206,U0206,S0300,11,S3,1,57.644,6.817,0.0,64.461,0.0,,0,5,Additional;Confused;Struggling,,True
U0206,U0206,S0300,12,S3,1,67.132,2.182,0.0,69.314,-0.0,,0,4,Additional;Struggling,,True
U0206,U0206,S0300,13,S3,5,101.608,4.57,0.0,106.178,0.0,,0,7,Additional;Confused;Investigation,,True
U0206,U0206,S0300,14,S3,1,55.994,5.512,0.0,61.506,0.0,,0,4,Additional,,True
U0206,U0206,S0300,15,S3,1,70.301,6.321,0.0,83.501,6.879,,2,7,Additional;Investigation;Parallel;Recovery;Struggling,incident_or_recovery_overlap,False
U0206,U0206,S0300,16,S3,1,59.065,4.772,0.0,63.837,0.0,,0,5,Additional;Struggling,,True
U0206,U0206,S0300,17,S3,2,65.516,10.276,0.0,75.792,0.0,,0,5,Additional;Parallel;Struggling,,True
U0206,U0206,S0300,18,S3,1,65.811,0.744,0.0,66.555,0.0,,0,3,Additional;Confused,,True
U0206,U0206,S0300,19,S3,4,92.055,13.765,0.0,105.82,-0.0,,0,2,Additional;Struggling,,True
U0206,U0206,S0300,20,S3,1,68.486,0.639,0.0,71.574,2.449,,0,7,Additional;Struggling,,True
U0206,U0206,S0400,1,S3,2,64.111,5.63,0.0,69.741,0.0,,0,5,Additional;Confused,,True
U0206,U0206,S0400,2,S3,1,53.362,8.598,0.0,69.699,7.739,,0,6,Additional;Parallel,,True
U0206,U0206,S0400,3,S3,1,55.484,6.596,0.0,62.08,0.0,,0,6,Additional;Struggling,,True
U0206,U0206,S0400,4,S3,2,79.638,7.344,0.0,86.982,0.0,,0,7,Additional;Confused;Investigation;Parallel;Struggling,,True
U0206,U0206,S0400,5,S3,2,58.99,10.874,0.0,69.864,0.0,,0,6,Additional;Confused;Struggling,,True
U0206,U0206,S0400,6,S3,1,52.496,1.288,0.0,53.784,0.0,,0,4,Additional;Parallel;Struggling,,True
U0206,U0206,S0400,7,S3,1,58.796,7.24,0.0,66.036,0.0,,0,3,Additional,,True
U0206,U0206,S0400,8,S3,1,61.128,8.628,0.0,72.158,2.402,,0,10,Additional;Confused;Investigation;Struggling,,True
U0206,U0206,S0400,9,S3,1,61.209,14.244,0.0,75.453,0.0,,0,6,Additional;Investigation,,True
U0206,U0206,S0400,10,S3,1,62.026,7.661,0.0,69.687,0.0,,0,4,Additional;Struggling,,True
U0206,U0206,S0400,11,S3,4,100.967,11.341,0.0,112.308,0.0,,0,5,Additional;Struggling,,True
U0206,U0206,S0400,12,S3,2,70.708,15.206,0.0,85.914,0.0,,0,5,Additional;Confused,,True
U0206,U0206,S0400,13,S3,1,66.034,6.695,0.0,123.771,51.042,,0,6,Additional;Confused;Parallel;Struggling,,True
U0206,U0206,S0400,14,S3,1,65.305,8.791,0.0,74.096,0.0,,0,8,Additional;Confused;Investigation;Parallel,,True
U0206,U0206,S0400,15,S3,3,83.101,9.57,0.0,92.671,0.0,,0,4,Additional;Confused;Struggling,,True
U0206,U0206,S0400,16,S3,1,63.181,15.647,0.0,78.828,0.0,,2,7,Additional;Confused;Incident;Recovery;Struggling,incident_or_recovery_overlap,False
U0206,U0206,S0400,17,S3,1,67.062,1.375,0.0,68.437,0.0,,2,4,Additional;Confused;Incident;Recovery,incident_or_recovery_overlap,False
U0206,U0206,S0400,18,S3,2,77.986,1.922,0.0,81.541,1.633,,0,3,Additional;Struggling,,True
U0206,U0206,S0400,19,S3,2,91.09,7.927,0.0,104.744,5.727,,1,8,Additional;Incident;Investigation;Parallel;Struggling,incident_or_recovery_overlap,False
U0206,U0206,S0400,20,S3,1,69.847,7.948,0.0,77.795,0.0,,0,3,Additional;Struggling,,True
U0206,U0206,S0500,1,S4,2,61.728,4.512,0.0,66.24,0.0,,0,3,Additional;Confused;Struggling,,True
U0206,U0206,S0500,2,S4,1,54.244,5.696,0.0,59.94,0.0,,0,3,Additional;Parallel;Struggling,,True
U0206,U0206,S0500,3,S4,5,94.34,9.072,0.0,103.412,0.0,,0,1,Additional,,True
U0206,U0206,S0500,4,S4,5,85.379,7.016,0.0,92.395,0.0,,0,6,Additional;Confused;Struggling,,True
U0206,U0206,S0500,5,S4,4,75.944,7.64,0.0,83.584,0.0,,0,5,Additional;Parallel;Struggling,,True
U0206,U0206,S0500,6,S4,4,87.64,9.663,0.0,97.303,0.0,,0,6,Additional;Confused;Struggling,,True
U0206,U0206,S0500,7,S4,4,81.419,6.35,0.0,87.769,0.0,,0,4,Additional;Struggling,,True
U0206,U0206,S0500,8,S4,1,50.844,8.375,0.0,59.219,0.0,,0,4,Additional;Parallel;Struggling,,True
U0206,U0206,S0500,9,S4,1,49.959,5.57,0.0,62.57,7.041,Attach Box Label,1,1,Recovery,missing_core_labels;incident_or_recovery_overlap,False
U0206,U0206,S0500,10,S4,5,96.195,11.789,0.0,107.984,-0.0,,0,5,Additional;Struggling,,True
U0206,U0206,S0500,11,S4,4,96.986,12.129,0.0,109.115,0.0,,0,3,Additional;Struggling,,True
U0206,U0206,S0500,12,S4,1,67.778,8.046,0.0,75.824,0.0,,2,7,Additional;Incident;Parallel;Recovery;Struggling,incident_or_recovery_overlap,False
U0206,U0206,S0500,13,S4,2,61.988,6.972,0.0,68.96,-0.0,,0,2,Additional,,True
U0206,U0206,S0500,14,S4,2,59.187,9.699,0.0,68.886,0.0,,0,3,Additional;Confused;Parallel,,True
U0206,U0206,S0500,15,S4,2,75.809,2.118,66.217,144.144,0.0,,2,11,Additional;Incident;Investigation;Recovery,incident_or_recovery_overlap;nonwork_or_error_label,False
U0206,U0206,S0500,16,S4,1,77.825,8.22,0.0,86.045,0.0,,3,11,Additional;Confused;Incident;Investigation;Recovery;Struggling,incident_or_recovery_overlap,False
U0206,U0206,S0500,17,S4,10,68.391,17.863,0.0,88.735,2.481,,1,5,Additional;Recovery;Struggling,incident_or_recovery_overlap,False
U0206,U0206,S0500,18,S4,4,84.178,8.353,0.0,92.531,0.0,,3,7,Additional;Confused;Incident;Recovery,incident_or_recovery_overlap,False
U0206,U0206,S0500,19,S4,2,64.198,8.548,0.0,72.746,0.0,,0,0,,,True
U0206,U0206,S0500,20,S4,1,70.313,0.91,0.0,71.223,0.0,,2,7,Additional;Incident;Recovery,incident_or_recovery_overlap,False
U0207,U0207,S0100,1,S2,3,105.382,8.878,0.0,114.26,0.0,,2,5,Additional;Incident;Recovery;Struggling,incident_or_recovery_overlap,False
U0207,U0207,S0100,2,S2,1,83.368,7.939,0.0,91.307,0.0,,1,3,Additional;Incident,incident_or_recovery_overlap,False
U0207,U0207,S0100,3,S2,1,65.57,9.318,0.0,74.888,0.0,,0,1,Additional,,True
U0207,U0207,S0100,4,S2,4,134.125,15.074,0.0,149.199,0.0,,2,5,Additional;Incident;Recovery;Struggling,incident_or_recovery_overlap,False
U0207,U0207,S0100,5,S2,3,101.205,11.143,0.0,112.348,0.0,,0,1,Additional,,True
U0207,U0207,S0100,6,S2,3,82.015,7.457,0.0,89.472,0.0,,0,3,Additional;Struggling,,True
U0207,U0207,S0100,7,S2,2,71.46,8.318,0.0,79.778,0.0,,2,2,Incident;Recovery,incident_or_recovery_overlap,False
U0207,U0207,S0100,8,S2,1,60.559,5.66,0.0,66.219,0.0,,0,0,,,True
U0207,U0207,S0100,9,S2,3,84.805,8.438,0.0,93.243,0.0,,0,0,,,True
U0207,U0207,S0100,10,S2,3,89.768,7.945,0.0,97.713,-0.0,,0,2,Additional;Investigation,,True
U0207,U0207,S0100,11,S2,1,74.767,7.686,0.0,82.453,0.0,,2,4,Additional;Incident;Recovery,incident_or_recovery_overlap,False
U0207,U0207,S0100,12,S2,1,63.435,8.857,0.0,72.292,0.0,,0,0,,,True
U0207,U0207,S0100,13,S2,4,83.301,8.081,0.0,91.382,0.0,,2,4,Additional;Incident;Recovery,incident_or_recovery_overlap,False
U0207,U0207,S0100,14,S2,2,64.107,7.906,0.0,72.013,0.0,,0,1,Additional,,True
U0207,U0207,S0100,15,S2,11,72.25,8.437,0.0,80.687,0.0,,0,1,Additional,,True
U0207,U0207,S0100,16,S2,3,82.717,9.009,0.0,91.726,0.0,,1,2,Incident;Parallel,incident_or_recovery_overlap,False
U0207,U0207,S0100,17,S2,1,60.015,6.279,0.0,66.294,0.0,,0,1,Struggling,,True
U0207,U0207,S0100,18,S2,2,78.577,8.983,0.0,87.56,0.0,,1,3,Confused;Incident,incident_or_recovery_overlap,False
U0207,U0207,S0100,19,S2,2,63.979,6.589,0.0,70.568,0.0,,0,1,Additional,,True
U0207,U0207,S0100,20,S2,1,75.809,6.252,0.0,82.061,0.0,,2,5,Additional;Confused;Incident;Recovery,incident_or_recovery_overlap,False
U0207,U0207,S0200,1,S2,3,69.282,7.702,0.0,76.984,0.0,,0,1,Additional,,True
U0207,U0207,S0200,2,S2,1,66.811,10.299,0.0,77.11,0.0,,0,3,Additional;Confused;Struggling,,True
U0207,U0207,S0200,3,S2,2,58.713,10.936,0.0,69.649,0.0,,0,2,Additional;Struggling,,True
U0207,U0207,S0200,4,S2,3,57.908,10.079,0.0,67.987,0.0,,0,1,Additional,,True
U0207,U0207,S0200,5,S2,2,64.756,8.904,0.0,73.66,0.0,,0,1,Additional,,True
U0207,U0207,S0200,6,S2,5,85.558,13.186,0.0,101.044,2.3,,3,5,Additional;Incident;Recovery;Struggling,incident_or_recovery_overlap,False
U0207,U0207,S0200,7,S2,3,66.982,6.647,0.0,73.629,0.0,,0,2,Additional;Struggling,,True
U0207,U0207,S0200,8,S2,2,55.311,8.367,0.0,63.678,-0.0,,0,0,,,True
U0207,U0207,S0200,9,S2,1,47.259,7.194,0.0,54.453,0.0,,0,2,Additional;Confused,,True
U0207,U0207,S0200,10,S2,1,54.53,7.761,0.0,62.291,0.0,,2,4,Incident;Investigation;Parallel;Recovery,incident_or_recovery_overlap,False
U0207,U0207,S0200,11,S2,2,52.525,9.565,0.0,62.09,0.0,,0,0,,,True
U0207,U0207,S0200,12,S2,1,48.089,8.709,0.0,56.798,0.0,,0,2,Additional;Struggling,,True
U0207,U0207,S0200,13,S2,1,55.753,8.154,0.0,63.907,0.0,,0,2,Additional;Struggling,,True
U0207,U0207,S0200,14,S2,2,51.76,10.984,0.0,62.744,0.0,Attach Shipping Label,0,2,Additional;Struggling,missing_core_labels,False
U0207,U0207,S0200,15,S2,2,62.578,8.618,0.0,71.196,0.0,,0,1,Additional,,True
U0207,U0207,S0200,16,S2,2,56.425,8.783,0.0,65.208,0.0,,0,1,Additional,,True
U0207,U0207,S0200,17,S2,2,59.403,9.09,0.0,68.493,0.0,,0,1,Additional,,True
U0207,U0207,S0200,18,S2,2,67.374,9.585,0.0,76.959,0.0,,0,1,Additional,,True
U0207,U0207,S0200,19,S2,1,47.528,8.024,0.0,55.552,0.0,,0,1,Parallel,,True
U0207,U0207,S0200,20,S2,3,78.434,8.666,0.0,87.1,-0.0,,0,1,Additional,,True
U0207,U0207,S0300,1,S3,1,60.629,11.336,0.0,71.965,0.0,,0,2,Parallel;Struggling,,True
U0207,U0207,S0300,2,S3,2,69.477,12.97,0.0,82.447,0.0,,0,3,Additional;Confused,,True
U0207,U0207,S0300,3,S3,2,60.892,1.594,0.0,66.871,4.385,,1,2,Additional;Incident,incident_or_recovery_overlap,False
U0207,U0207,S0300,4,S3,2,74.952,15.124,0.0,90.076,-0.0,,0,3,Additional;Parallel,,True
U0207,U0207,S0300,5,S3,1,62.127,4.173,0.0,66.3,0.0,,0,3,Additional;Parallel,,True
U0207,U0207,S0300,6,S3,3,66.501,10.432,0.0,76.933,0.0,,0,1,Additional,,True
U0207,U0207,S0300,7,S3,1,35.668,8.345,0.0,44.013,0.0,,0,1,Parallel,,True
U0207,U0207,S0300,8,S3,2,69.21,8.187,0.0,77.397,0.0,,0,2,Additional;Struggling,,True
U0207,U0207,S0300,9,S3,3,64.306,15.177,0.0,79.483,0.0,,0,1,Additional,,True
U0207,U0207,S0300,11,S3,3,126.763,21.055,0.0,147.818,0.0,,0,5,Additional;Parallel;Struggling,,True
U0207,U0207,S0300,12,S3,3,77.742,14.007,0.0,91.749,0.0,,0,1,Additional,,True
U0207,U0207,S0300,13,S3,1,47.39,8.213,0.0,55.603,0.0,,0,1,Parallel,,True
U0207,U0207,S0300,14,S3,2,58.474,12.332,0.0,70.806,0.0,,0,2,Additional;Struggling,,True
U0207,U0207,S0300,15,S3,1,50.898,1.302,0.0,52.2,0.0,,0,1,Additional,,True
U0207,U0207,S0300,16,S3,2,63.817,3.881,0.0,67.698,-0.0,,0,1,Additional,,True
U0207,U0207,S0300,17,S3,1,43.288,7.918,0.0,51.206,0.0,,0,1,Additional,,True
U0207,U0207,S0300,18,S3,5,94.163,10.827,0.0,104.99,0.0,,0,2,Parallel,,True
U0207,U0207,S0300,19,S3,2,50.481,10.796,0.0,61.277,0.0,,2,3,Incident;Parallel;Recovery,incident_or_recovery_overlap,False
U0207,U0207,S0300,20,S3,1,65.118,6.955,0.0,72.073,-0.0,,0,1,Additional,,True
U0207,U0207,S0400,1,S3,1,71.436,10.715,0.0,82.151,0.0,,1,2,Additional;Incident,incident_or_recovery_overlap,False
U0207,U0207,S0400,2,S3,2,57.541,7.683,0.0,65.224,0.0,,0,2,Additional,,True
U0207,U0207,S0400,3,S3,3,74.442,10.14,0.0,84.582,-0.0,,0,0,,,True
U0207,U0207,S0400,4,S3,1,42.925,6.504,0.0,49.429,0.0,,0,3,Additional;Parallel,,True
U0207,U0207,S0400,5,S3,1,56.725,8.555,0.0,65.28,0.0,,4,6,Incident;Investigation;Parallel;Recovery,incident_or_recovery_overlap,False
U0207,U0207,S0400,6,S3,1,53.767,10.454,0.0,64.221,0.0,,0,1,Additional,,True
U0207,U0207,S0400,7,S3,1,45.32,11.64,0.0,56.96,0.0,,0,2,Parallel;Struggling,,True
U0207,U0207,S0400,8,S3,3,61.752,11.348,0.0,73.1,0.0,,0,1,Parallel,,True
U0207,U0207,S0400,9,S3,1,52.877,8.89,0.0,61.767,0.0,,2,4,Additional;Incident;Recovery;Struggling,incident_or_recovery_overlap,False
U0207,U0207,S0400,10,S3,1,36.35,8.807,0.0,45.157,0.0,,0,2,Additional;Parallel,,True
U0207,U0207,S0400,11,S3,1,51.041,10.727,0.0,61.768,0.0,,0,2,Additional;Struggling,,True
U0207,U0207,S0400,12,S3,2,50.205,14.561,0.0,64.766,0.0,,0,1,Parallel,,True
U0207,U0207,S0400,13,S3,5,90.156,16.16,0.0,106.316,0.0,,0,1,Parallel,,True
U0207,U0207,S0400,14,S3,2,47.676,9.917,0.0,57.593,0.0,,0,2,Additional;Struggling,,True
U0207,U0207,S0400,15,S3,2,50.827,8.641,0.0,59.468,0.0,,0,1,Struggling,,True
U0207,U0207,S0400,16,S3,2,61.138,13.321,0.0,74.459,0.0,,0,0,,,True
U0207,U0207,S0400,17,S3,2,52.232,10.068,0.0,62.3,0.0,,0,1,Additional,,True
U0207,U0207,S0400,18,S3,4,77.659,10.167,0.0,87.826,0.0,,0,1,Additional,,True
U0207,U0207,S0400,19,S3,5,86.42,10.428,0.0,96.848,0.0,,0,3,Additional;Struggling,,True
U0207,U0207,S0400,20,S3,2,64.317,8.601,0.0,72.918,0.0,,0,2,Additional;Struggling,,True
U0207,U0207,S0500,1,S4,1,51.34,7.433,0.0,58.773,0.0,,0,1,Parallel,,True
U0207,U0207,S0500,2,S4,2,60.409,11.744,0.0,72.153,0.0,,0,2,Additional;Struggling,,True
U0207,U0207,S0500,3,S4,1,42.063,10.285,0.0,52.348,0.0,,0,3,Confused;Parallel;Struggling,,True
U0207,U0207,S0500,4,S4,1,43.61,8.412,0.0,52.022,0.0,,0,1,Parallel,,True
U0207,U0207,S0500,5,S4,5,77.322,8.859,0.0,86.181,0.0,,2,3,Additional;Incident;Recovery,incident_or_recovery_overlap,False
U0207,U0207,S0500,6,S4,2,53.477,8.226,0.0,61.703,0.0,,0,1,Additional,,True
U0207,U0207,S0500,7,S4,1,50.109,8.697,0.0,58.806,0.0,,2,3,Additional;Incident;Recovery,incident_or_recovery_overlap,False
U0207,U0207,S0500,8,S4,3,73.132,10.879,0.0,84.011,0.0,,0,4,Confused;Struggling,,True
U0207,U0207,S0500,9,S4,2,66.351,12.465,0.0,78.816,0.0,,0,1,Additional,,True
U0207,U0207,S0500,10,S4,1,42.811,7.427,0.0,50.238,0.0,,0,2,Additional,,True
U0207,U0207,S0500,11,S4,1,50.137,9.112,0.0,59.249,0.0,,3,7,Incident;Investigation;Parallel;Recovery;Struggling,incident_or_recovery_overlap,False
U0207,U0207,S0500,12,S4,1,39.511,9.522,0.0,49.033,0.0,,0,5,Additional;Parallel;Struggling,,True
U0207,U0207,S0500,13,S4,3,52.505,6.978,0.0,59.483,0.0,,0,3,Additional;Parallel,,True
U0207,U0207,S0500,14,S4,1,52.35,8.316,0.0,60.666,-0.0,,2,4,Incident;Investigation;Parallel;Recovery,incident_or_recovery_overlap,False
U0207,U0207,S0500,15,S4,1,44.0,6.787,0.0,50.787,0.0,,0,1,Additional,,True
U0207,U0207,S0500,16,S4,1,61.771,9.584,0.0,71.355,0.0,,0,3,Confused,,True
U0207,U0207,S0500,17,S4,1,35.833,11.557,0.0,47.39,0.0,,0,0,,,True
U0207,U0207,S0500,18,S4,2,52.753,8.923,0.0,61.676,0.0,,0,1,Parallel,,True
U0207,U0207,S0500,19,S4,1,46.462,8.021,0.0,54.483,0.0,,1,2,Parallel;Recovery,incident_or_recovery_overlap,False
U0207,U0207,S0500,20,S4,2,68.392,7.573,0.0,75.965,0.0,,0,1,Additional,,True
U0208,U0208,S0100,1,S2,1,108.431,8.015,0.0,116.446,0.0,,0,2,Additional;Struggling,,True
U0208,U0208,S0100,2,S2,13,137.367,12.102,0.0,149.469,0.0,,0,2,Additional;Struggling,,True
U0208,U0208,S0100,3,S2,1,83.943,7.52,0.0,91.463,0.0,,0,0,,,True
U0208,U0208,S0100,4,S2,5,107.866,9.688,0.0,117.554,0.0,,0,0,,,True
U0208,U0208,S0100,5,S2,1,69.641,6.103,0.0,75.744,0.0,,0,1,Struggling,,True
U0208,U0208,S0100,6,S2,1,71.775,8.724,0.0,80.499,0.0,,0,0,,,True
U0208,U0208,S0100,7,S2,4,103.577,12.163,0.0,115.74,0.0,,0,0,,,True
U0208,U0208,S0100,8,S2,2,81.654,9.169,0.0,90.823,0.0,,0,0,,,True
U0208,U0208,S0100,9,S2,2,76.791,10.061,0.0,86.852,0.0,,0,0,,,True
U0208,U0208,S0100,10,S2,1,71.137,7.825,0.0,78.962,0.0,,0,0,,,True
U0208,U0208,S0100,11,S2,3,92.236,13.368,0.0,105.604,0.0,,0,0,,,True
U0208,U0208,S0100,12,S2,4,88.541,11.098,0.0,99.639,-0.0,,0,0,,,True
U0208,U0208,S0100,13,S2,1,72.195,10.066,0.0,82.261,0.0,,0,0,,,True
U0208,U0208,S0100,14,S2,2,75.916,10.503,0.0,86.419,0.0,,0,2,Additional;Struggling,,True
U0208,U0208,S0100,15,S2,1,59.45,9.161,0.0,68.611,0.0,,0,0,,,True
U0208,U0208,S0100,16,S2,2,87.633,12.444,0.0,100.077,0.0,,0,1,Additional,,True
U0208,U0208,S0100,17,S2,2,69.546,11.129,0.0,80.675,0.0,,0,1,Struggling,,True
U0208,U0208,S0100,18,S2,3,88.206,13.795,0.0,102.001,0.0,,0,0,,,True
U0208,U0208,S0100,19,S2,3,79.562,14.843,0.0,94.405,0.0,,0,1,Struggling,,True
U0208,U0208,S0100,20,S2,2,81.626,10.505,0.0,92.131,0.0,,0,0,,,True
U0208,U0208,S0200,1,S2,1,58.703,7.933,0.0,66.636,0.0,,0,0,,,True
U0208,U0208,S0200,2,S2,5,106.208,14.009,0.0,120.217,0.0,,1,2,Parallel;Recovery,incident_or_recovery_overlap,False
U0208,U0208,S0200,3,S2,1,52.545,10.829,0.0,63.374,0.0,,0,1,Additional,,True
U0208,U0208,S0200,4,S2,2,60.92,9.36,0.0,70.28,0.0,,0,0,,,True
U0208,U0208,S0200,5,S2,3,109.786,13.318,0.0,123.104,0.0,,3,4,Incident;Parallel;Recovery,incident_or_recovery_overlap,False
U0208,U0208,S0200,6,S2,2,79.786,11.409,0.0,91.195,-0.0,,0,1,Parallel,,True
U0208,U0208,S0200,7,S2,11,66.206,11.221,0.0,77.427,0.0,,0,1,Investigation,,True
U0208,U0208,S0200,8,S2,1,59.021,10.403,0.0,69.424,0.0,,0,0,,,True
U0208,U0208,S0200,9,S2,1,55.111,7.995,0.0,63.106,0.0,,0,0,,,True
U0208,U0208,S0200,10,S2,3,77.922,10.057,0.0,87.979,0.0,,0,0,,,True
U0208,U0208,S0200,11,S2,1,59.34,9.516,0.0,68.856,0.0,,0,0,,,True
U0208,U0208,S0200,12,S2,1,54.253,9.38,0.0,63.633,0.0,,0,0,,,True
U0208,U0208,S0200,13,S2,2,88.681,11.038,0.0,99.719,0.0,,0,2,Investigation;Parallel,,True
U0208,U0208,S0200,14,S2,1,65.81,11.574,0.0,77.384,0.0,,0,0,,,True
U0208,U0208,S0200,15,S2,1,85.833,9.866,0.0,95.699,0.0,,2,5,Additional;Incident;Investigation;Parallel;Recovery,incident_or_recovery_overlap,False
U0208,U0208,S0200,16,S2,1,67.862,10.238,0.0,78.1,0.0,,0,0,,,True
U0208,U0208,S0200,17,S2,3,82.144,14.549,0.0,96.693,0.0,,0,0,,,True
U0208,U0208,S0200,18,S2,2,96.51,11.803,0.0,108.313,0.0,,0,0,,,True
U0208,U0208,S0200,19,S2,1,60.472,9.246,0.0,69.718,0.0,,0,0,,,True
U0208,U0208,S0200,20,S2,1,63.995,5.251,0.0,69.246,0.0,,0,0,,,True
U0208,U0208,S0300,1,S3,6,90.556,16.236,0.0,106.792,0.0,,0,1,Struggling,,True
U0208,U0208,S0300,2,S3,3,72.78,9.973,0.0,82.753,0.0,,0,0,,,True
U0208,U0208,S0300,3,S3,1,60.758,7.972,0.0,68.73,0.0,,0,0,,,True
U0208,U0208,S0300,4,S3,3,73.663,9.485,0.0,83.148,0.0,,0,0,,,True
U0208,U0208,S0300,5,S3,1,73.293,9.725,0.0,83.018,0.0,,0,0,,,True
U0208,U0208,S0300,6,S3,2,59.01,11.529,0.0,70.539,0.0,,0,0,,,True
U0208,U0208,S0300,7,S3,4,82.626,13.174,0.0,95.8,0.0,,1,1,Recovery,incident_or_recovery_overlap,False
U0208,U0208,S0300,8,S3,4,87.538,8.182,0.0,95.72,0.0,,0,0,,,True
U0208,U0208,S0300,9,S3,1,55.715,7.256,0.0,62.971,0.0,,0,0,,,True
U0208,U0208,S0300,10,S3,2,89.07,11.289,0.0,100.359,0.0,,0,2,Additional;Parallel,,True
U0208,U0208,S0300,11,S3,1,60.199,12.976,0.0,73.175,0.0,,0,0,,,True
U0208,U0208,S0300,12,S3,2,75.398,10.422,0.0,85.82,0.0,,0,0,,,True
U0208,U0208,S0300,13,S3,1,65.237,9.083,0.0,74.32,0.0,,0,0,,,True
U0208,U0208,S0300,14,S3,11,77.428,10.232,0.0,87.66,0.0,,0,0,,,True
U0208,U0208,S0300,15,S3,1,55.582,8.621,0.0,64.203,0.0,,0,0,,,True
U0208,U0208,S0300,16,S3,1,69.341,12.028,0.0,81.369,0.0,,0,0,,,True
U0208,U0208,S0300,17,S3,1,68.331,8.191,0.0,76.522,0.0,,0,1,Parallel,,True
U0208,U0208,S0300,18,S3,1,61.878,10.046,0.0,71.924,0.0,,0,0,,,True
U0208,U0208,S0300,19,S3,2,68.001,10.511,0.0,78.512,0.0,,0,1,Parallel,,True
U0208,U0208,S0300,20,S3,1,70.04,8.458,0.0,78.498,0.0,,0,0,,,True
U0208,U0208,S0400,1,S3,1,72.504,7.64,0.0,80.144,0.0,,0,1,Struggling,,True
U0208,U0208,S0400,2,S3,3,82.504,12.464,0.0,94.968,0.0,,0,0,,,True
U0208,U0208,S0400,3,S3,5,85.234,15.612,0.0,100.846,0.0,,0,0,,,True
U0208,U0208,S0400,4,S3,1,55.1,7.846,0.0,62.946,0.0,,0,1,Additional,,True
U0208,U0208,S0400,5,S3,1,71.409,8.317,0.0,79.726,0.0,,0,1,Investigation,,True
U0208,U0208,S0400,6,S3,3,73.019,9.177,0.0,82.196,0.0,,0,0,,,True
U0208,U0208,S0400,7,S3,2,62.152,8.78,0.0,70.932,0.0,,0,0,,,True
U0208,U0208,S0400,8,S3,1,84.328,10.557,0.0,94.885,0.0,,2,3,Incident;Investigation;Recovery,incident_or_recovery_overlap,False
U0208,U0208,S0400,9,S3,1,55.394,10.921,0.0,66.315,0.0,,0,0,,,True
U0208,U0208,S0400,10,S3,3,93.244,9.724,0.0,102.968,0.0,,0,2,Additional,,True
U0208,U0208,S0400,11,S3,4,82.21,11.528,0.0,93.738,0.0,,0,0,,,True
U0208,U0208,S0400,12,S3,3,88.656,10.951,0.0,99.607,0.0,,0,1,Additional,,True
U0208,U0208,S0400,13,S3,1,58.424,10.689,0.0,69.113,0.0,,0,0,,,True
U0208,U0208,S0400,14,S3,11,72.795,8.432,0.0,81.227,0.0,,0,0,,,True
U0208,U0208,S0400,15,S3,5,83.307,9.306,0.0,92.613,0.0,,0,0,,,True
U0208,U0208,S0400,16,S3,1,58.341,9.503,0.0,67.844,0.0,,0,1,Parallel,,True
U0208,U0208,S0400,17,S3,2,53.352,8.879,0.0,62.231,0.0,,0,0,,,True
U0208,U0208,S0400,18,S3,1,51.74,11.405,0.0,63.145,0.0,,0,1,Struggling,,True
U0208,U0208,S0400,19,S3,2,75.69,8.637,0.0,84.327,0.0,,0,1,Additional,,True
U0208,U0208,S0400,20,S3,4,77.001,7.52,0.0,84.521,0.0,,0,1,Struggling,,True
U0208,U0208,S0500,1,S4,1,55.808,4.966,0.0,60.774,0.0,,0,3,Additional;Parallel,,True
U0208,U0208,S0500,2,S4,5,69.051,13.046,0.0,82.097,-0.0,,0,0,,,True
U0208,U0208,S0500,3,S4,1,36.973,6.665,0.0,43.638,0.0,,0,0,,,True
U0208,U0208,S0500,4,S4,3,69.374,7.904,0.0,77.278,0.0,,0,3,Struggling,,True
U0208,U0208,S0500,5,S4,1,40.8,7.136,0.0,47.936,0.0,,0,1,Struggling,,True
U0208,U0208,S0500,6,S4,3,65.597,8.307,0.0,73.904,0.0,,0,1,Struggling,,True
U0208,U0208,S0500,7,S4,1,56.189,9.184,0.0,65.373,0.0,,0,0,,,True
U0208,U0208,S0500,8,S4,2,43.658,7.11,0.0,50.768,0.0,,0,0,,,True
U0208,U0208,S0500,9,S4,2,70.125,6.532,0.0,76.657,0.0,,0,0,,,True
U0208,U0208,S0500,10,S4,2,52.27,7.726,0.0,59.996,0.0,,0,0,,,True
U0208,U0208,S0500,11,S4,1,46.315,6.853,0.0,53.168,0.0,,0,0,,,True
U0208,U0208,S0500,12,S4,1,47.218,7.292,2.869,57.379,0.0,,0,0,,nonwork_or_error_label,False
U0208,U0208,S0500,13,S4,1,60.693,10.446,0.0,71.139,0.0,,0,0,,,True
U0208,U0208,S0500,14,S4,2,48.016,7.106,0.0,55.122,0.0,,0,1,Additional,,True
U0208,U0208,S0500,15,S4,3,54.011,6.093,0.0,60.104,0.0,,0,0,,,True
U0208,U0208,S0500,16,S4,1,42.011,7.379,0.0,49.39,0.0,,0,3,Additional;Struggling,,True
U0208,U0208,S0500,17,S4,1,41.854,7.056,0.0,48.91,0.0,,0,0,,,True
U0208,U0208,S0500,18,S4,2,59.608,7.406,0.0,67.014,0.0,,0,1,Additional,,True
U0208,U0208,S0500,19,S4,1,49.949,8.807,0.0,58.756,0.0,,0,0,,,True
U0208,U0208,S0500,20,S4,1,57.63,7.161,0.0,64.791,0.0,,0,0,,,True
U0209,U0209,S0100,1,S2,2,109.152,8.453,0.0,117.605,0.0,,6,7,Additional;Incident;Recovery,incident_or_recovery_overlap,False
U0209,U0209,S0100,2,S2,1,91.59,12.245,0.0,103.835,0.0,,1,7,Additional;Incident;Struggling,incident_or_recovery_overlap,False
U0209,U0209,S0100,3,S2,2,101.029,10.067,0.0,111.096,0.0,,2,5,Additional;Incident;Struggling,incident_or_recovery_overlap,False
U0209,U0209,S0100,4,S2,1,129.495,8.843,0.0,138.338,0.0,,3,7,Additional;Incident;Investigation;Recovery,incident_or_recovery_overlap,False
U0209,U0209,S0100,5,S2,2,137.235,10.765,0.0,148.0,0.0,,3,6,Additional;Confused;Incident;Investigation;Recovery,incident_or_recovery_overlap,False
U0209,U0209,S0100,6,S2,2,114.103,12.16,0.0,126.263,0.0,,0,3,Struggling,,True
U0209,U0209,S0100,7,S2,1,82.442,10.002,0.0,92.444,0.0,,0,1,Struggling,,True
U0209,U0209,S0100,8,S2,1,81.513,8.554,0.0,90.067,-0.0,,0,0,,,True
U0209,U0209,S0100,9,S2,3,112.168,11.575,0.0,123.743,0.0,,1,4,Additional;Incident;Struggling,incident_or_recovery_overlap,False
U0209,U0209,S0100,10,S2,2,111.789,22.855,0.0,134.644,0.0,,5,7,Additional;Incident;Recovery,incident_or_recovery_overlap,False
U0209,U0209,S0100,11,S2,1,86.159,12.724,0.0,98.883,0.0,,0,1,Confused,,True
U0209,U0209,S0100,12,S2,1,81.883,9.871,0.0,91.754,0.0,,0,1,Struggling,,True
U0209,U0209,S0100,13,S2,1,76.351,8.06,0.0,84.411,0.0,,0,0,,,True
U0209,U0209,S0100,14,S2,2,89.093,9.408,0.0,98.501,0.0,,0,0,,,True
U0209,U0209,S0100,15,S2,1,90.409,10.66,0.0,101.069,0.0,,0,0,,,True
U0209,U0209,S0100,16,S2,5,151.591,14.48,0.0,166.071,0.0,,0,2,Additional;Investigation,,True
U0209,U0209,S0100,17,S2,1,88.19,11.388,0.0,99.578,0.0,,0,1,Parallel,,True
U0209,U0209,S0100,18,S2,1,87.052,8.112,0.0,95.164,0.0,,0,2,Confused;Struggling,,True
U0209,U0209,S0100,19,S2,2,73.002,9.436,0.0,82.438,0.0,,0,0,,,True
U0209,U0209,S0100,20,S2,2,103.093,9.815,0.0,112.908,0.0,,0,1,Struggling,,True
U0209,U0209,S0200,1,S2,1,66.316,6.308,0.0,72.624,0.0,,0,2,Additional;Investigation,,True
U0209,U0209,S0200,2,S2,1,68.057,8.786,0.0,76.843,0.0,,0,4,Additional;Struggling,,True
U0209,U0209,S0200,3,S2,10,74.76,22.267,0.0,108.12,11.093,,1,1,Incident,incident_or_recovery_overlap,False
U0209,U0209,S0200,4,S2,2,75.159,8.274,0.0,83.433,0.0,,0,1,Struggling,,True
U0209,U0209,S0200,5,S2,2,80.939,7.831,0.0,92.572,3.802,,0,1,Additional,,True
U0209,U0209,S0200,6,S2,2,72.037,9.129,0.0,81.166,0.0,,0,1,Additional,,True
U0209,U0209,S0200,7,S2,1,82.52,8.608,0.0,91.128,0.0,,0,0,,,True
U0209,U0209,S0200,8,S2,1,66.803,11.333,0.0,78.136,0.0,,0,0,,,True
U0209,U0209,S0200,9,S2,2,79.968,8.397,0.0,88.365,0.0,,1,2,Additional;Incident,incident_or_recovery_overlap,False
U0209,U0209,S0200,10,S2,2,74.908,9.432,0.0,93.912,9.572,,0,0,,,True
U0209,U0209,S0200,11,S2,1,74.44,10.0,0.0,84.44,0.0,,0,0,,,True
U0209,U0209,S0200,12,S2,4,111.69,15.507,0.0,127.197,0.0,,0,1,Additional,,True
U0209,U0209,S0200,13,S2,1,75.776,6.78,0.0,82.556,0.0,,0,1,Struggling,,True
U0209,U0209,S0200,14,S2,1,65.695,9.33,0.0,80.975,5.95,,0,1,Additional,,True
U0209,U0209,S0200,15,S2,1,63.553,8.806,0.0,72.359,0.0,,0,1,Additional,,True
U0209,U0209,S0200,16,S2,2,78.556,13.357,0.0,91.913,0.0,,1,2,Additional;Incident,incident_or_recovery_overlap,False
U0209,U0209,S0200,17,S2,1,60.908,7.775,0.0,68.683,0.0,,0,1,Additional,,True
U0209,U0209,S0200,18,S2,4,84.561,10.223,0.0,94.784,0.0,,0,1,Additional,,True
U0209,U0209,S0200,19,S2,2,60.988,9.705,0.0,70.693,0.0,,0,0,,,True
U0209,U0209,S0200,20,S2,5,127.531,8.8,0.0,136.331,-0.0,,3,6,Additional;Confused;Incident;Recovery;Struggling,incident_or_recovery_overlap,False
U0209,U0209,S0300,1,S3,1,68.759,16.625,0.0,85.384,0.0,,0,4,Additional;Parallel;Struggling,,True
U0209,U0209,S0300,2,S3,2,76.549,10.878,0.0,87.427,0.0,,0,1,Struggling,,True
U0209,U0209,S0300,3,S3,2,96.8,5.297,0.0,102.097,0.0,,1,3,Additional;Incident;Parallel,incident_or_recovery_overlap,False
U0209,U0209,S0300,4,S3,1,71.184,8.416,0.0,79.6,0.0,,0,2,Additional;Parallel,,True
U0209,U0209,S0300,5,S3,2,74.446,10.84,0.0,85.286,0.0,,1,5,Additional;Incident;Parallel;Struggling,incident_or_recovery_overlap,False
U0209,U0209,S0300,6,S3,1,65.283,9.324,0.0,74.607,0.0,,2,6,Additional;Incident;Investigation;Parallel;Recovery;Struggling,incident_or_recovery_overlap,False
U0209,U0209,S0300,7,S3,1,46.413,7.627,0.0,54.04,0.0,,0,2,Parallel;Struggling,,True
U0209,U0209,S0300,8,S3,2,64.608,9.547,0.0,74.155,0.0,,0,1,Parallel,,True
U0209,U0209,S0300,9,S3,3,83.622,13.224,0.0,96.846,0.0,,0,1,Parallel,,True
U0209,U0209,S0300,10,S3,2,84.365,8.013,0.0,92.378,0.0,,0,4,Additional;Confused;Struggling,,True
U0209,U0209,S0300,11,S3,1,59.935,10.192,0.0,72.842,2.715,,0,3,Parallel;Struggling,,True
U0209,U0209,S0300,12,S3,1,70.427,11.119,0.0,81.546,0.0,,0,3,Additional;Struggling,,True
U0209,U0209,S0300,13,S3,2,85.965,12.206,0.0,98.171,0.0,,0,5,Additional;Parallel;Struggling,,True
U0209,U0209,S0300,14,S3,2,73.95,8.952,0.0,82.902,0.0,,0,0,,,True
U0209,U0209,S0300,15,S3,3,92.854,12.271,0.0,110.384,5.259,,0,4,Additional;Confused;Struggling,,True
U0209,U0209,S0300,16,S3,1,88.585,12.29,0.0,100.875,0.0,,0,4,Additional;Confused;Parallel;Struggling,,True
U0209,U0209,S0300,17,S3,2,84.867,10.817,0.0,95.684,0.0,,3,4,Incident;Recovery;Struggling,incident_or_recovery_overlap,False
U0209,U0209,S0300,18,S3,2,79.535,6.829,0.0,86.364,0.0,,0,4,Additional;Confused;Struggling,,True
U0209,U0209,S0300,19,S3,2,84.276,11.958,0.0,96.234,0.0,,0,4,Additional;Parallel;Struggling,,True
U0209,U0209,S0300,20,S3,2,68.13,9.405,0.0,77.535,0.0,,0,3,Additional;Struggling,,True
U0209,U0209,S0400,1,S3,3,91.464,13.33,0.0,104.794,0.0,,0,3,Additional;Parallel;Struggling,,True
U0209,U0209,S0400,2,S3,4,99.629,28.025,0.0,127.654,0.0,,0,3,Additional;Parallel;Struggling,,True
U0209,U0209,S0400,3,S3,2,85.354,8.534,0.0,93.888,0.0,,0,2,Additional;Struggling,,True
U0209,U0209,S0400,4,S3,1,57.728,0.0,0.0,57.728,0.0,,0,2,Parallel;Struggling,,True
U0209,U0209,S0400,5,S3,2,81.67,10.953,0.0,92.623,0.0,,0,2,Additional;Parallel,,True
U0209,U0209,S0400,6,S3,5,93.682,11.362,0.0,105.044,0.0,,0,2,Additional;Parallel,,True
U0209,U0209,S0400,7,S3,5,137.117,9.213,0.0,146.33,0.0,,1,4,Incident;Struggling,incident_or_recovery_overlap,False
U0209,U0209,S0400,8,S3,3,83.672,10.635,0.0,94.307,0.0,,0,1,Additional,,True
U0209,U0209,S0400,9,S3,1,57.711,9.933,0.0,67.644,0.0,,0,3,Additional;Parallel,,True
U0209,U0209,S0400,10,S3,2,86.233,9.18,0.0,95.413,0.0,,0,3,Additional;Struggling,,True
U0209,U0209,S0400,11,S3,2,79.715,15.657,0.0,95.372,0.0,,0,5,Additional;Parallel;Struggling,,True
U0209,U0209,S0400,12,S3,2,69.833,9.484,0.0,79.317,0.0,,0,3,Additional;Parallel;Struggling,,True
U0209,U0209,S0400,13,S3,1,45.664,7.676,0.0,53.34,0.0,,0,4,Additional;Parallel;Struggling,,True
U0209,U0209,S0400,14,S3,1,60.16,9.327,0.0,69.487,0.0,,0,4,Additional;Parallel;Struggling,,True
U0209,U0209,S0400,15,S3,1,67.281,7.819,0.0,75.1,0.0,,1,1,Incident,incident_or_recovery_overlap,False
U0209,U0209,S0400,16,S3,4,91.569,13.423,0.0,104.992,0.0,,0,3,Additional;Struggling,,True
U0209,U0209,S0400,17,S3,2,76.073,9.495,0.0,85.568,0.0,,1,4,Additional;Incident;Struggling,incident_or_recovery_overlap,False
U0209,U0209,S0400,18,S3,1,56.763,7.668,0.0,64.431,0.0,,0,1,Parallel,,True
U0209,U0209,S0400,19,S3,2,75.603,10.759,0.0,86.362,0.0,,0,1,Additional,,True
U0209,U0209,S0400,20,S3,1,64.808,6.822,0.0,71.63,0.0,,1,3,Incident;Parallel;Struggling,incident_or_recovery_overlap,False
U0209,U0209,S0500,1,S4,5,82.949,8.161,0.0,91.11,0.0,,0,1,Additional,,True
U0209,U0209,S0500,2,S4,1,65.129,8.314,0.0,73.443,0.0,,0,2,Parallel;Struggling,,True
U0209,U0209,S0500,3,S4,4,79.74,10.884,0.0,90.624,0.0,,0,2,Additional;Parallel,,True
U0209,U0209,S0500,4,S4,1,53.55,9.362,0.0,62.912,0.0,,0,2,Additional;Struggling,,True
U0209,U0209,S0500,5,S4,2,74.335,7.555,0.0,81.89,0.0,,0,4,Additional;Parallel;Struggling,,True
U0209,U0209,S0500,6,S4,1,39.36,3.011,0.0,42.371,0.0,,0,1,Additional,,True
U0209,U0209,S0500,7,S4,1,60.236,8.843,0.0,71.877,2.798,,0,4,Confused;Parallel;Struggling,,True
U0209,U0209,S0500,8,S4,2,64.352,6.801,0.0,76.563,5.41,,1,2,Incident;Struggling,incident_or_recovery_overlap,False
U0209,U0209,S0500,9,S4,1,63.628,7.997,0.0,74.309,2.684,,3,6,Additional;Incident;Investigation;Recovery;Struggling,incident_or_recovery_overlap,False
U0209,U0209,S0500,10,S4,1,70.288,9.331,0.0,79.619,0.0,,0,2,Additional;Parallel,,True
U0209,U0209,S0500,11,S4,1,51.648,6.648,0.0,58.296,0.0,,0,2,Additional;Parallel,,True
U0209,U0209,S0500,12,S4,1,52.174,6.114,0.0,58.288,0.0,,0,3,Additional;Struggling,,True
U0209,U0209,S0500,13,S4,1,53.623,6.412,0.0,60.035,0.0,,0,3,Additional;Parallel;Struggling,,True
U0209,U0209,S0500,14,S4,3,65.173,7.35,0.0,76.229,3.706,,0,4,Additional;Struggling,,True
U0209,U0209,S0500,15,S4,4,73.399,12.9,0.0,86.299,0.0,,0,4,Additional;Parallel;Struggling,,True
U0209,U0209,S0500,16,S4,1,49.638,4.644,0.0,54.282,-0.0,,0,3,Additional;Parallel;Struggling,,True
U0209,U0209,S0500,17,S4,1,60.548,8.622,0.0,69.17,0.0,,1,6,Additional;Incident;Struggling,incident_or_recovery_overlap,False
U0209,U0209,S0500,18,S4,3,79.329,7.256,0.0,86.585,0.0,,0,2,Additional;Struggling,,True
U0209,U0209,S0500,19,S4,1,47.591,5.816,0.0,53.407,-0.0,,0,0,,,True
U0209,U0209,S0500,20,S4,1,53.735,5.726,0.0,59.461,0.0,,0,3,Additional;Struggling,,True
U0210,U0103,S0100,1,S2,2,75.021,10.599,0.0,85.62,0.0,,0,1,Additional,,True
U0210,U0103,S0100,2,S2,3,98.94,14.102,0.0,113.042,0.0,,0,2,Additional,,True
U0210,U0103,S0100,3,S2,2,70.08,16.84,0.0,86.92,0.0,,0,2,Additional;Parallel,,True
U0210,U0103,S0100,4,S2,4,81.044,11.452,0.0,92.496,0.0,,0,0,,,True
U0210,U0103,S0100,5,S2,3,91.964,14.42,0.0,106.384,0.0,,0,2,Additional;Struggling,,True
U0210,U0103,S0100,6,S2,12,107.236,11.622,0.0,118.858,0.0,,2,4,Additional;Incident;Parallel;Recovery,incident_or_recovery_overlap,False
U0210,U0103,S0100,7,S2,1,59.357,8.27,0.0,67.627,0.0,,0,1,Confused,,True
U0210,U0103,S0100,8,S2,3,84.689,10.404,0.0,95.093,0.0,,0,0,,,True
U0210,U0103,S0100,9,S2,1,67.167,10.8,0.0,77.967,0.0,,0,2,Additional;Investigation,,True
U0210,U0103,S0100,10,S2,1,61.276,10.963,0.0,72.239,0.0,,0,0,,,True
U0210,U0103,S0100,11,S2,3,91.944,15.364,0.0,107.308,0.0,,0,1,Struggling,,True
U0210,U0103,S0100,12,S2,1,69.569,12.731,0.0,82.3,0.0,,0,1,Additional,,True
U0210,U0103,S0100,13,S2,2,72.212,12.288,0.0,84.5,0.0,,0,1,Struggling,,True
U0210,U0103,S0100,14,S2,1,56.37,8.196,0.0,64.566,0.0,,0,0,,,True
U0210,U0103,S0100,15,S2,1,58.384,8.856,0.0,67.24,0.0,,2,2,Incident;Recovery,incident_or_recovery_overlap,False
U0210,U0103,S0100,16,S2,1,64.045,9.029,0.0,73.074,0.0,,0,1,Struggling,,True
U0210,U0103,S0100,17,S2,1,57.03,8.53,0.0,67.366,1.806,,0,0,,,True
U0210,U0103,S0100,18,S2,1,67.75,8.552,0.0,76.302,0.0,,0,0,,,True
U0210,U0103,S0100,19,S2,1,65.696,10.496,0.0,76.192,0.0,,0,3,Additional;Parallel;Struggling,,True
U0210,U0103,S0100,20,S2,1,61.158,8.583,0.0,69.741,0.0,,0,0,,,True
U0210,U0103,S0200,1,S2,1,56.854,10.181,0.0,67.035,0.0,,0,0,,,True
U0210,U0103,S0200,2,S2,1,67.109,8.762,0.0,75.871,0.0,,0,1,Struggling,,True
U0210,U0103,S0200,3,S2,12,96.016,12.546,0.0,108.562,0.0,,0,1,Struggling,,True
U0210,U0103,S0200,4,S2,3,94.125,12.845,0.0,106.97,0.0,,0,3,Additional;Parallel;Struggling,,True
U0210,U0103,S0200,5,S2,1,65.084,9.691,0.0,74.775,0.0,,0,1,Parallel,,True
U0210,U0103,S0200,6,S2,2,61.666,9.492,0.0,71.158,0.0,,0,0,,,True
U0210,U0103,S0200,7,S2,1,54.165,8.762,0.0,62.927,0.0,,0,0,,,True
U0210,U0103,S0200,8,S2,1,59.807,8.065,0.0,67.872,0.0,,0,0,,,True
U0210,U0103,S0200,9,S2,1,52.007,8.928,0.0,60.935,0.0,,0,0,,,True
U0210,U0103,S0200,10,S2,2,76.169,10.455,0.0,86.624,0.0,,0,1,Additional,,True
U0210,U0103,S0200,11,S2,1,54.775,10.477,0.0,65.252,0.0,,0,0,,,True
U0210,U0103,S0200,12,S2,2,63.936,10.357,0.0,74.293,0.0,,0,0,,,True
U0210,U0103,S0200,13,S2,1,57.014,9.537,0.0,69.508,2.957,,0,0,,,True
U0210,U0103,S0200,14,S2,2,74.686,10.22,0.0,84.906,0.0,,0,0,,,True
U0210,U0103,S0200,15,S2,1,68.106,9.297,0.0,77.403,0.0,,2,3,Incident;Parallel,incident_or_recovery_overlap,False
U0210,U0103,S0200,16,S2,1,63.394,11.674,0.0,75.068,0.0,,0,1,Additional,,True
U0210,U0103,S0200,17,S2,4,81.557,12.215,0.0,95.822,2.05,,0,0,,,True
U0210,U0103,S0200,18,S2,1,59.954,9.981,0.0,69.935,0.0,,0,0,,,True
U0210,U0103,S0200,19,S2,1,54.843,13.434,0.0,68.277,0.0,,0,0,,,True
U0210,U0103,S0200,20,S2,2,68.585,9.383,0.0,77.968,0.0,,0,0,,,True
U0210,U0103,S0300,1,S3,4,101.194,12.734,0.0,113.928,0.0,,0,0,,,True
U0210,U0103,S0300,2,S3,3,74.431,12.541,0.0,86.972,0.0,,0,0,,,True
U0210,U0103,S0300,3,S3,2,92.391,11.586,0.0,103.977,0.0,,1,2,Additional;Incident,incident_or_recovery_overlap,False
U0210,U0103,S0300,4,S3,3,85.192,16.025,0.0,101.217,0.0,,0,2,Additional;Struggling,,True
U0210,U0103,S0300,5,S3,4,94.045,19.468,0.0,113.513,0.0,,0,1,Additional,,True
U0210,U0103,S0300,6,S3,2,76.085,12.728,0.0,88.813,0.0,,0,2,Additional;Struggling,,True
U0210,U0103,S0300,7,S3,1,55.569,9.522,0.0,65.091,0.0,,0,1,Additional,,True
U0210,U0103,S0300,8,S3,3,72.847,9.541,0.0,82.388,0.0,,0,1,Additional,,True
U0210,U0103,S0300,9,S3,1,61.513,9.634,0.0,71.147,0.0,,0,1,Parallel,,True
U0210,U0103,S0300,10,S3,3,72.741,10.045,0.0,82.786,0.0,,0,1,Additional,,True
U0210,U0103,S0300,11,S3,2,64.699,11.282,0.0,75.981,0.0,,0,1,Additional,,True
U0210,U0103,S0300,12,S3,1,63.674,10.064,0.0,73.738,0.0,,0,1,Parallel,,True
U0210,U0103,S0300,13,S3,5,107.354,19.287,0.0,126.641,0.0,,0,1,Additional,,True
U0210,U0103,S0300,14,S3,1,55.643,10.697,0.0,66.34,0.0,,0,0,,,True
U0210,U0103,S0300,15,S3,5,102.677,12.653,0.0,115.33,0.0,,0,0,,,True
U0210,U0103,S0300,16,S3,2,57.264,9.746,0.0,67.01,0.0,,0,0,,,True
U0210,U0103,S0300,17,S3,1,68.203,9.559,0.0,77.762,0.0,,0,2,Additional;Parallel,,True
U0210,U0103,S0300,18,S3,1,55.817,12.597,0.0,68.414,0.0,,0,0,,,True
U0210,U0103,S0300,19,S3,3,79.98,15.33,0.0,95.31,0.0,,0,1,Additional,,True
U0210,U0103,S0300,20,S3,2,65.743,11.759,0.0,77.502,0.0,,0,0,,,True
U0210,U0103,S0400,1,S3,2,100.663,12.974,0.0,113.637,0.0,,0,3,Additional;Struggling,,True
U0210,U0103,S0400,2,S3,2,87.388,19.597,0.0,106.985,0.0,,0,0,,,True
U0210,U0103,S0400,3,S3,2,75.526,2.593,0.0,78.119,0.0,,0,0,,,True
U0210,U0103,S0400,4,S3,1,48.124,10.328,0.0,58.452,0.0,,0,1,Additional,,True
U0210,U0103,S0400,5,S3,1,64.107,7.096,0.0,71.203,0.0,,0,1,Parallel,,True
U0210,U0103,S0400,6,S3,2,66.377,10.022,0.0,76.399,0.0,,0,1,Additional,,True
U0210,U0103,S0400,7,S3,4,75.723,13.144,0.0,88.867,0.0,,1,3,Additional;Incident;Struggling,incident_or_recovery_overlap,False
U0210,U0103,S0400,8,S3,1,51.785,9.367,0.0,61.152,0.0,,0,2,Additional;Struggling,,True
U0210,U0103,S0400,9,S3,1,48.27,8.189,0.0,56.459,0.0,,0,1,Additional,,True
U0210,U0103,S0400,10,S3,2,68.529,8.072,0.0,76.601,0.0,,0,1,Parallel,,True
U0210,U0103,S0400,11,S3,1,54.811,9.881,0.0,64.692,-0.0,,0,0,,,True
U0210,U0103,S0400,12,S3,2,60.281,8.543,0.0,68.824,0.0,,0,1,Investigation,,True
U0210,U0103,S0400,13,S3,2,81.465,10.853,0.0,92.318,0.0,,0,2,Additional;Parallel,,True
U0210,U0103,S0400,14,S3,1,63.038,9.848,0.0,72.886,0.0,,0,2,Parallel,,True
U0210,U0103,S0400,15,S3,1,69.995,14.188,0.0,84.183,0.0,,0,0,,,True
U0210,U0103,S0400,16,S3,3,76.005,3.4,0.0,79.405,0.0,,0,0,,,True
U0210,U0103,S0400,17,S3,3,101.484,18.331,0.0,119.815,0.0,,2,4,Incident;Parallel;Recovery;Struggling,incident_or_recovery_overlap,False
U0210,U0103,S0400,18,S3,1,54.324,10.149,0.0,64.473,0.0,,0,0,,,True
U0210,U0103,S0400,19,S3,3,70.313,10.122,0.0,80.435,0.0,,0,1,Parallel,,True
U0210,U0103,S0400,20,S3,1,54.398,7.657,0.0,62.055,0.0,,0,0,,,True
U0210,U0103,S0500,1,S4,1,49.47,7.437,0.0,58.825,1.918,,0,0,,,True
U0210,U0103,S0500,2,S4,2,53.096,13.074,0.0,66.17,0.0,,1,2,Additional;Incident,incident_or_recovery_overlap,False
U0210,U0103,S0500,3,S4,1,45.824,6.998,0.0,52.822,0.0,,0,0,,,True
U0210,U0103,S0500,4,S4,3,69.897,11.324,0.0,81.221,0.0,,0,1,Additional,,True
U0210,U0103,S0500,5,S4,2,43.577,2.503,0.0,46.08,0.0,,0,1,Additional,,True
U0210,U0103,S0500,6,S4,2,61.07,11.304,0.0,72.374,0.0,,0,1,Additional,,True
U0210,U0103,S0500,7,S4,1,46.716,7.521,0.0,54.237,0.0,,0,1,Parallel,,True
U0210,U0103,S0500,8,S4,2,55.418,7.331,0.0,62.749,0.0,,1,3,Additional;Incident,incident_or_recovery_overlap,False
U0210,U0103,S0500,9,S4,1,52.602,6.081,0.0,58.683,0.0,,0,2,Investigation;Struggling,,True
U0210,U0103,S0500,10,S4,1,51.261,7.424,0.0,58.685,0.0,,0,1,Parallel,,True
U0210,U0103,S0500,11,S4,2,119.98,18.375,0.0,138.355,-0.0,,0,3,Additional;Struggling,,True
U0210,U0103,S0500,13,S4,1,63.611,15.216,0.0,78.827,0.0,,2,3,Additional;Incident;Recovery,incident_or_recovery_overlap,False
U0210,U0103,S0500,14,S4,1,57.051,2.085,0.0,59.136,0.0,,0,0,,,True
U0210,U0103,S0500,15,S4,1,55.415,0.628,0.0,56.043,0.0,,0,0,,,True
U0210,U0103,S0500,16,S4,1,53.34,7.197,0.0,62.7,2.163,,0,1,Struggling,,True
U0210,U0103,S0500,17,S4,1,49.247,7.849,0.0,57.096,-0.0,,0,1,Parallel,,True
U0210,U0103,S0500,18,S4,1,46.75,12.264,0.0,59.014,0.0,,1,1,Incident,incident_or_recovery_overlap,False
U0210,U0103,S0500,19,S4,3,77.4,11.962,0.0,89.362,0.0,,0,3,Additional;Struggling,,True
U0210,U0103,S0500,20,S4,3,66.335,7.239,0.0,73.574,0.0,,0,2,Additional;Struggling,,True
