source_date,lines,units,orders
2009-12-01,1,1,5
2009-12-01,1,2,2
2009-12-01,1,5,1
2009-12-01,1,12,1
2009-12-01,1,25,1
2009-12-01,1,48,1
2009-12-01,1,800,1
2009-12-01,2,2,1
2009-12-01,2,16,1
2009-12-01,2,264,1
2009-12-01,3,3,1
2009-12-01,3,32,1
2009-12-01,4,34,1
2009-12-01,4,60,1
2009-12-01,4,67,1
2009-12-01,4,102,1
2009-12-01,4,154,1
2009-12-01,4,192,1
2009-12-01,5,10,1
2009-12-01,5,188,1
2009-12-01,6,98,1
2009-12-01,7,90,1
2009-12-01,7,120,1
2009-12-01,8,26,1
2009-12-01,8,35,1
2009-12-01,8,166,1
2009-12-01,8,198,1
2009-12-01,8,276,1
2009-12-01,9,100,1
2009-12-01,9,125,1
2009-12-01,10,64,1
2009-12-01,10,118,1
2009-12-01,10,137,1
2009-12-01,10,221,1
2009-12-01,11,57,1
2009-12-01,13,26,1
2009-12-01,13,38,1
2009-12-01,14,54,1
2009-12-01,14,226,1
2009-12-01,14,326,1
2009-12-01,15,203,1
2009-12-01,15,977,1
2009-12-01,16,42,1
2009-12-01,17,146,1
2009-12-01,17,178,1
2009-12-01,17,826,1
2009-12-01,17,1598,1
2009-12-01,18,216,1
2009-12-01,18,312,1
2009-12-01,19,193,1
2009-12-01,19,280,1
2009-12-01,19,408,1
2009-12-01,20,28,1
2009-12-01,20,150,1
2009-12-01,20,157,1
2009-12-01,20,353,1
2009-12-01,20,438,1
2009-12-01,21,46,1
2009-12-01,21,173,1
2009-12-01,21,249,1
2009-12-01,22,49,1
2009-12-01,22,67,1
2009-12-01,22,300,1
2009-12-01,22,401,1
2009-12-01,22,595,1
2009-12-01,23,145,1
2009-12-01,23,232,1
2009-12-01,23,275,1
2009-12-01,24,39,1
2009-12-01,25,35,1
2009-12-01,25,41,1
2009-12-01,25,129,1
2009-12-01,26,317,1
2009-12-01,26,379,1
2009-12-01,27,87,1
2009-12-01,27,273,1
2009-12-01,27,382,1
2009-12-01,27,600,1
2009-12-01,30,38,1
2009-12-01,30,50,1
2009-12-01,30,80,1
2009-12-01,30,95,1
2009-12-01,30,115,1
2009-12-01,30,293,1
2009-12-01,30,462,1
2009-12-01,30,1585,1
2009-12-01,32,41,1
2009-12-01,32,92,1
2009-12-01,32,97,1
2009-12-01,32,306,1
2009-12-01,32,326,1
2009-12-01,33,212,1
2009-12-01,34,177,1
2009-12-01,35,49,1
2009-12-01,38,51,1
2009-12-01,38,138,1
2009-12-01,38,247,1
2009-12-01,39,107,1
2009-12-01,40,62,1
2009-12-01,43,478,1
2009-12-01,50,212,1
2009-12-01,50,575,1
2009-12-01,51,181,1
2009-12-01,55,253,1
2009-12-01,59,176,1
2009-12-01,59,250,1
2009-12-01,65,313,1
2009-12-01,79,1403,1
2009-12-01,83,273,1
2009-12-01,104,409,1
2009-12-01,130,216,1
2009-12-01,501,971,1
2009-12-02,1,4,1
2009-12-02,1,6,1
2009-12-02,1,12,1
2009-12-02,1,19,1
2009-12-02,1,24,1
2009-12-02,1,36,1
2009-12-02,1,200,1
2009-12-02,1,300,1
2009-12-02,1,450,1
2009-12-02,1,480,1
2009-12-02,2,4,1
2009-12-02,2,28,1
2009-12-02,2,48,2
2009-12-02,2,88,1
2009-12-02,2,280,1
2009-12-02,3,54,1
2009-12-02,3,79,1
2009-12-02,3,84,1
2009-12-02,3,118,1
2009-12-02,3,132,1
2009-12-02,3,168,1
2009-12-02,3,592,1
2009-12-02,4,34,1
2009-12-02,4,48,1
2009-12-02,4,55,1
2009-12-02,4,150,1
2009-12-02,4,162,1
2009-12-02,4,303,1
2009-12-02,5,24,1
2009-12-02,5,274,1
2009-12-02,5,840,1
2009-12-02,6,33,1
2009-12-02,6,42,1
2009-12-02,6,68,1
2009-12-02,6,144,2
2009-12-02,7,152,1
2009-12-02,8,90,1
2009-12-02,8,237,1
2009-12-02,8,966,1
2009-12-02,9,41,1
2009-12-02,9,98,1
2009-12-02,9,116,1
2009-12-02,9,515,1
2009-12-02,10,17,1
2009-12-02,10,349,1
2009-12-02,11,106,1
2009-12-02,11,183,1
2009-12-02,12,45,1
2009-12-02,12,113,1
2009-12-02,12,144,1
2009-12-02,13,287,1
2009-12-02,13,465,1
2009-12-02,14,82,1
2009-12-02,14,102,1
2009-12-02,14,248,1
2009-12-02,15,121,1
2009-12-02,16,124,1
2009-12-02,16,185,1
2009-12-02,17,27,1
2009-12-02,17,38,1
2009-12-02,17,82,1
2009-12-02,17,266,1
2009-12-02,18,21,1
2009-12-02,18,22,1
2009-12-02,18,53,1
2009-12-02,19,268,1
2009-12-02,20,97,1
2009-12-02,20,113,1
2009-12-02,20,250,1
2009-12-02,20,3200,1
2009-12-02,22,148,1
2009-12-02,22,320,1
2009-12-02,22,552,1
2009-12-02,22,1930,1
2009-12-02,23,382,1
2009-12-02,24,79,1
2009-12-02,25,85,1
2009-12-02,25,238,1
2009-12-02,26,142,1
2009-12-02,26,165,1
2009-12-02,26,260,1
2009-12-02,26,660,1
2009-12-02,26,1339,1
2009-12-02,27,258,1
2009-12-02,27,396,1
2009-12-02,28,241,1
2009-12-02,29,56,1
2009-12-02,30,2020,1
2009-12-02,32,421,1
2009-12-02,32,532,1
2009-12-02,33,320,1
2009-12-02,38,56,1
2009-12-02,41,91,1
2009-12-02,42,280,1
2009-12-02,44,127,1
2009-12-02,44,138,1
2009-12-02,44,199,1
2009-12-02,45,156,1
2009-12-02,46,90,1
2009-12-02,46,227,1
2009-12-02,46,721,1
2009-12-02,47,274,1
2009-12-02,54,103,1
2009-12-02,55,122,1
2009-12-02,58,165,1
2009-12-02,65,90,1
2009-12-02,69,242,1
2009-12-02,74,127,1
2009-12-02,89,506,1
2009-12-02,95,219,1
2009-12-02,120,587,1
2009-12-02,425,816,1
2009-12-02,515,1225,1
2009-12-03,1,2,1
2009-12-03,1,12,1
2009-12-03,1,40,1
2009-12-03,1,75,1
2009-12-03,1,252,1
2009-12-03,1,288,1
2009-12-03,1,432,1
2009-12-03,1,480,1
2009-12-03,1,504,1
2009-12-03,1,600,2
2009-12-03,2,2,1
2009-12-03,2,12,1
2009-12-03,2,13,1
2009-12-03,2,27,1
2009-12-03,2,31,1
2009-12-03,2,36,1
2009-12-03,2,94,1
2009-12-03,3,14,1
2009-12-03,3,16,1
2009-12-03,3,24,1
2009-12-03,4,18,1
2009-12-03,4,48,1
2009-12-03,4,49,1
2009-12-03,4,84,1
2009-12-03,4,96,1
2009-12-03,4,142,1
2009-12-03,4,2000,1
2009-12-03,4,17520,1
2009-12-03,5,60,1
2009-12-03,5,68,1
2009-12-03,5,444,1
2009-12-03,5,514,1
2009-12-03,6,41,1
2009-12-03,6,48,1
2009-12-03,6,65,1
2009-12-03,7,66,1
2009-12-03,7,72,1
2009-12-03,7,186,1
2009-12-03,7,212,1
2009-12-03,7,262,1
2009-12-03,8,30,1
2009-12-03,8,86,1
2009-12-03,9,90,1
2009-12-03,9,109,1
2009-12-03,9,212,1
2009-12-03,9,224,1
2009-12-03,9,4825,1
2009-12-03,10,85,1
2009-12-03,11,16,1
2009-12-03,11,30,1
2009-12-03,11,104,1
2009-12-03,11,150,1
2009-12-03,12,54,1
2009-12-03,12,89,2
2009-12-03,12,163,1
2009-12-03,12,316,1
2009-12-03,13,79,1
2009-12-03,13,150,1
2009-12-03,13,172,1
2009-12-03,13,176,1
2009-12-03,14,156,1
2009-12-03,14,198,1
2009-12-03,15,108,1
2009-12-03,15,116,1
2009-12-03,15,126,1
2009-12-03,16,56,1
2009-12-03,16,428,1
2009-12-03,17,25,1
2009-12-03,17,101,1
2009-12-03,17,148,1
2009-12-03,18,95,1
2009-12-03,18,127,1
2009-12-03,19,111,1
2009-12-03,19,150,1
2009-12-03,19,215,1
2009-12-03,19,242,1
2009-12-03,19,253,1
2009-12-03,20,161,1
2009-12-03,20,184,1
2009-12-03,20,204,1
2009-12-03,20,227,1
2009-12-03,20,275,1
2009-12-03,20,323,1
2009-12-03,21,104,1
2009-12-03,22,109,1
2009-12-03,22,160,1
2009-12-03,22,266,1
2009-12-03,23,297,1
2009-12-03,24,412,1
2009-12-03,25,59,1
2009-12-03,25,203,1
2009-12-03,27,339,1
2009-12-03,28,115,1
2009-12-03,28,131,1
2009-12-03,29,159,1
2009-12-03,29,508,1
2009-12-03,30,71,1
2009-12-03,31,100,1
2009-12-03,31,221,1
2009-12-03,32,65,1
2009-12-03,32,202,1
2009-12-03,33,395,1
2009-12-03,35,681,1
2009-12-03,36,146,1
2009-12-03,41,71,1
2009-12-03,42,408,1
2009-12-03,43,138,1
2009-12-03,43,227,1
2009-12-03,44,107,1
2009-12-03,47,151,1
2009-12-03,49,121,1
2009-12-03,51,668,1
2009-12-03,52,117,1
2009-12-03,58,578,1
2009-12-03,61,1132,1
2009-12-03,64,257,1
2009-12-03,64,896,1
2009-12-03,74,526,1
2009-12-03,83,403,1
2009-12-03,93,407,1
2009-12-03,99,267,1
2009-12-03,579,1199,1
2009-12-04,1,1,2
2009-12-04,1,10,1
2009-12-04,1,24,1
2009-12-04,1,40,1
2009-12-04,1,96,1
2009-12-04,2,2,1
2009-12-04,2,4,1
2009-12-04,2,320,1
2009-12-04,2,600,1
2009-12-04,3,4,1
2009-12-04,3,9,1
2009-12-04,3,48,1
2009-12-04,3,112,1
2009-12-04,4,4,1
2009-12-04,4,5,1
2009-12-04,4,42,1
2009-12-04,4,96,1
2009-12-04,4,287,1
2009-12-04,5,32,1
2009-12-04,5,484,1
2009-12-04,6,49,1
2009-12-04,6,262,1
2009-12-04,7,43,1
2009-12-04,7,55,1
2009-12-04,7,63,1
2009-12-04,7,210,1
2009-12-04,8,50,1
2009-12-04,8,68,1
2009-12-04,8,241,1
2009-12-04,8,472,1
2009-12-04,9,93,1
2009-12-04,9,103,1
2009-12-04,9,1327,1
2009-12-04,10,62,1
2009-12-04,10,85,1
2009-12-04,10,600,1
2009-12-04,11,208,1
2009-12-04,12,41,1
2009-12-04,12,175,1
2009-12-04,14,22,1
2009-12-04,14,117,1
2009-12-04,14,130,1
2009-12-04,14,218,1
2009-12-04,14,328,1
2009-12-04,14,356,1
2009-12-04,16,85,1
2009-12-04,16,148,1
2009-12-04,16,156,1
2009-12-04,16,500,1
2009-12-04,17,115,1
2009-12-04,18,152,1
2009-12-04,18,158,1
2009-12-04,19,270,1
2009-12-04,20,143,1
2009-12-04,20,188,1
2009-12-04,20,201,1
2009-12-04,21,34,1
2009-12-04,21,278,1
2009-12-04,22,201,1
2009-12-04,26,206,1
2009-12-04,28,231,1
2009-12-04,33,289,1
2009-12-04,34,713,1
2009-12-04,37,203,1
2009-12-04,38,173,1
2009-12-04,39,439,1
2009-12-04,40,954,1
2009-12-04,41,632,1
2009-12-04,44,193,1
2009-12-04,44,445,1
2009-12-04,46,339,1
2009-12-04,47,363,1
2009-12-04,49,111,1
2009-12-04,53,147,1
2009-12-04,53,213,1
2009-12-04,59,115,1
2009-12-04,59,273,1
2009-12-04,59,653,1
2009-12-04,61,298,1
2009-12-04,61,352,1
2009-12-04,62,157,1
2009-12-04,65,201,1
2009-12-04,69,128,1
2009-12-04,76,1687,1
2009-12-04,83,164,1
2009-12-04,93,187,1
2009-12-04,558,1213,1
2009-12-05,1,12,1
2009-12-05,1,192,1
2009-12-05,2,8,1
2009-12-05,2,18,1
2009-12-05,4,44,1
2009-12-05,4,50,1
2009-12-05,5,120,1
2009-12-05,5,348,1
2009-12-05,6,25,1
2009-12-05,7,141,1
2009-12-05,8,104,1
2009-12-05,9,56,1
2009-12-05,9,65,1
2009-12-05,9,84,1
2009-12-05,11,100,1
2009-12-05,14,147,1
2009-12-05,14,185,1
2009-12-05,15,95,1
2009-12-05,15,134,1
2009-12-05,18,130,1
2009-12-05,18,142,1
2009-12-05,18,146,1
2009-12-05,18,260,1
2009-12-05,19,281,1
2009-12-05,20,185,1
2009-12-05,24,389,1
2009-12-05,26,177,1
2009-12-05,32,397,1
2009-12-05,33,473,1
2009-12-05,33,611,1
2009-12-06,1,3,1
2009-12-06,1,72,1
2009-12-06,2,5,1
2009-12-06,3,98,1
2009-12-06,4,44,1
2009-12-06,5,7,1
2009-12-06,5,56,1
2009-12-06,6,24,1
2009-12-06,6,85,1
2009-12-06,8,50,1
2009-12-06,8,56,1
2009-12-06,9,38,1
2009-12-06,10,28,1
2009-12-06,10,105,1
2009-12-06,11,32,1
2009-12-06,11,47,1
2009-12-06,11,92,1
2009-12-06,12,164,1
2009-12-06,12,165,1
2009-12-06,13,49,1
2009-12-06,13,83,1
2009-12-06,13,89,1
2009-12-06,14,28,1
2009-12-06,15,77,1
2009-12-06,15,95,1
2009-12-06,15,102,1
2009-12-06,15,128,1
2009-12-06,16,34,1
2009-12-06,16,43,1
2009-12-06,16,290,1
2009-12-06,17,63,1
2009-12-06,17,140,1
2009-12-06,18,130,1
2009-12-06,18,146,1
2009-12-06,18,158,1
2009-12-06,18,208,1
2009-12-06,19,26,1
2009-12-06,21,57,1
2009-12-06,21,356,1
2009-12-06,22,384,1
2009-12-06,23,33,1
2009-12-06,23,115,1
2009-12-06,24,47,1
2009-12-06,24,79,1
2009-12-06,24,87,1
2009-12-06,24,234,1
2009-12-06,25,95,1
2009-12-06,25,185,1
2009-12-06,26,51,1
2009-12-06,27,147,1
2009-12-06,28,315,1
2009-12-06,29,71,1
2009-12-06,29,236,1
2009-12-06,30,340,1
2009-12-06,32,424,1
2009-12-06,33,188,1
2009-12-06,33,503,1
2009-12-06,35,336,1
2009-12-06,35,778,1
2009-12-06,40,241,1
2009-12-06,42,129,1
2009-12-06,44,169,1
2009-12-06,45,235,1
2009-12-06,48,127,1
2009-12-06,49,166,1
2009-12-06,49,183,1
2009-12-06,51,85,1
2009-12-06,52,336,1
2009-12-06,54,416,1
2009-12-06,55,85,1
2009-12-06,69,478,1
2009-12-06,86,313,1
2009-12-06,94,150,1
2009-12-06,116,381,1
2009-12-07,1,1,3
2009-12-07,1,4,1
2009-12-07,1,10,1
2009-12-07,1,14,1
2009-12-07,1,72,1
2009-12-07,1,96,1
2009-12-07,1,144,1
2009-12-07,2,3,1
2009-12-07,2,22,1
2009-12-07,2,60,1
2009-12-07,2,80,1
2009-12-07,2,504,1
2009-12-07,3,6,1
2009-12-07,3,30,1
2009-12-07,3,58,1
2009-12-07,3,90,1
2009-12-07,3,288,1
2009-12-07,4,58,1
2009-12-07,4,62,1
2009-12-07,4,66,1
2009-12-07,4,308,1
2009-12-07,5,84,1
2009-12-07,5,85,1
2009-12-07,6,68,1
2009-12-07,6,128,1
2009-12-07,6,199,1
2009-12-07,7,62,1
2009-12-07,7,108,1
2009-12-07,8,16,1
2009-12-07,8,76,1
2009-12-07,8,156,1
2009-12-07,8,612,1
2009-12-07,9,105,1
2009-12-07,9,106,1
2009-12-07,9,122,1
2009-12-07,10,71,1
2009-12-07,10,78,1
2009-12-07,10,100,1
2009-12-07,10,125,1
2009-12-07,11,63,1
2009-12-07,11,236,1
2009-12-07,11,396,1
2009-12-07,12,88,1
2009-12-07,12,93,1
2009-12-07,12,135,1
2009-12-07,12,306,1
2009-12-07,13,95,1
2009-12-07,13,188,1
2009-12-07,14,88,1
2009-12-07,14,106,1
2009-12-07,14,112,1
2009-12-07,15,98,1
2009-12-07,15,150,1
2009-12-07,15,264,1
2009-12-07,15,304,1
2009-12-07,16,40,1
2009-12-07,16,70,1
2009-12-07,16,112,2
2009-12-07,16,149,1
2009-12-07,16,218,1
2009-12-07,17,96,1
2009-12-07,17,122,1
2009-12-07,18,133,1
2009-12-07,18,146,2
2009-12-07,18,182,1
2009-12-07,19,119,1
2009-12-07,20,100,1
2009-12-07,20,179,1
2009-12-07,20,203,1
2009-12-07,21,245,1
2009-12-07,21,318,1
2009-12-07,22,408,1
2009-12-07,24,315,1
2009-12-07,25,217,1
2009-12-07,27,119,1
2009-12-07,27,198,1
2009-12-07,28,372,1
2009-12-07,30,68,1
2009-12-07,31,74,1
2009-12-07,37,148,1
2009-12-07,39,146,1
2009-12-07,40,325,1
2009-12-07,41,441,1
2009-12-07,42,331,1
2009-12-07,43,209,1
2009-12-07,44,65,1
2009-12-07,44,164,1
2009-12-07,46,166,1
2009-12-07,47,335,1
2009-12-07,50,121,1
2009-12-07,56,97,1
2009-12-07,60,127,1
2009-12-07,73,148,1
2009-12-07,76,442,1
2009-12-07,90,1037,1
2009-12-07,506,1040,1
2009-12-07,545,1235,1
2009-12-08,1,1,4
2009-12-08,1,2,1
2009-12-08,1,8,1
2009-12-08,1,10,1
2009-12-08,1,12,2
2009-12-08,1,30,1
2009-12-08,1,48,3
2009-12-08,1,96,1
2009-12-08,1,400,1
2009-12-08,2,2,1
2009-12-08,2,4,1
2009-12-08,2,12,1
2009-12-08,2,48,1
2009-12-08,2,216,1
2009-12-08,2,400,1
2009-12-08,2,984,1
2009-12-08,3,3,1
2009-12-08,3,36,1
2009-12-08,3,48,1
2009-12-08,3,128,1
2009-12-08,3,180,1
2009-12-08,3,192,1
2009-12-08,4,4,1
2009-12-08,4,9,1
2009-12-08,4,430,1
2009-12-08,5,96,1
2009-12-08,6,84,1
2009-12-08,6,120,1
2009-12-08,6,144,1
2009-12-08,6,148,1
2009-12-08,6,1392,1
2009-12-08,7,87,1
2009-12-08,8,90,1
2009-12-08,8,174,1
2009-12-08,8,213,1
2009-12-08,8,276,1
2009-12-08,8,888,1
2009-12-08,9,89,1
2009-12-08,9,162,1
2009-12-08,9,224,1
2009-12-08,9,371,1
2009-12-08,10,90,1
2009-12-08,10,107,1
2009-12-08,10,174,1
2009-12-08,10,268,1
2009-12-08,10,272,1
2009-12-08,10,288,1
2009-12-08,11,216,1
2009-12-08,12,74,1
2009-12-08,12,76,1
2009-12-08,12,94,1
2009-12-08,13,22,1
2009-12-08,13,59,1
2009-12-08,13,226,1
2009-12-08,13,231,1
2009-12-08,13,241,1
2009-12-08,14,22,1
2009-12-08,14,277,1
2009-12-08,15,21,1
2009-12-08,15,65,1
2009-12-08,15,103,2
2009-12-08,15,136,1
2009-12-08,16,123,1
2009-12-08,16,320,1
2009-12-08,17,246,1
2009-12-08,17,309,1
2009-12-08,18,130,1
2009-12-08,18,170,1
2009-12-08,20,138,1
2009-12-08,20,221,1
2009-12-08,21,168,1
2009-12-08,22,215,1
2009-12-08,22,282,1
2009-12-08,22,315,1
2009-12-08,23,208,1
2009-12-08,23,413,1
2009-12-08,25,91,1
2009-12-08,26,91,1
2009-12-08,26,273,1
2009-12-08,27,285,1
2009-12-08,28,255,1
2009-12-08,32,101,1
2009-12-08,33,139,1
2009-12-08,33,319,1
2009-12-08,34,140,1
2009-12-08,36,122,1
2009-12-08,42,326,1
2009-12-08,47,473,1
2009-12-08,49,145,1
2009-12-08,50,50,1
2009-12-08,53,461,1
2009-12-08,56,762,1
2009-12-08,57,428,1
2009-12-08,61,190,1
2009-12-08,69,105,1
2009-12-08,75,1376,1
2009-12-08,153,1749,1
2009-12-08,441,883,1
2009-12-09,1,1,2
2009-12-09,1,2,1
2009-12-09,1,3,1
2009-12-09,1,8,1
2009-12-09,1,1500,1
2009-12-09,2,6,1
2009-12-09,2,12,1
2009-12-09,2,24,1
2009-12-09,2,52,1
2009-12-09,2,72,1
2009-12-09,2,174,1
2009-12-09,3,3,1
2009-12-09,3,15,1
2009-12-09,3,80,1
2009-12-09,4,14,1
2009-12-09,4,75,1
2009-12-09,4,338,1
2009-12-09,5,5,2
2009-12-09,5,28,1
2009-12-09,5,60,1
2009-12-09,5,106,1
2009-12-09,5,324,1
2009-12-09,6,12,1
2009-12-09,6,44,1
2009-12-09,6,64,1
2009-12-09,6,111,1
2009-12-09,7,44,1
2009-12-09,7,72,1
2009-12-09,7,322,1
2009-12-09,8,20,1
2009-12-09,8,46,1
2009-12-09,8,108,1
2009-12-09,8,112,1
2009-12-09,9,65,1
2009-12-09,9,68,1
2009-12-09,9,85,1
2009-12-09,9,174,1
2009-12-09,10,122,1
2009-12-09,11,11,1
2009-12-09,11,68,1
2009-12-09,11,358,1
2009-12-09,12,81,1
2009-12-09,12,123,1
2009-12-09,13,94,1
2009-12-09,13,139,1
2009-12-09,13,193,1
2009-12-09,13,504,1
2009-12-09,14,64,1
2009-12-09,14,424,1
2009-12-09,15,102,1
2009-12-09,15,678,1
2009-12-09,16,74,1
2009-12-09,17,171,1
2009-12-09,17,362,1
2009-12-09,18,81,1
2009-12-09,19,228,1
2009-12-09,19,410,1
2009-12-09,19,418,1
2009-12-09,20,194,1
2009-12-09,21,137,1
2009-12-09,21,274,1
2009-12-09,21,412,1
2009-12-09,22,104,1
2009-12-09,22,262,1
2009-12-09,23,67,1
2009-12-09,23,172,1
2009-12-09,24,261,1
2009-12-09,29,108,1
2009-12-09,32,143,1
2009-12-09,33,216,1
2009-12-09,36,185,1
2009-12-09,39,143,1
2009-12-09,39,218,1
2009-12-09,40,545,1
2009-12-09,41,150,1
2009-12-09,42,1544,1
2009-12-09,47,384,1
2009-12-09,50,69,1
2009-12-09,51,267,1
2009-12-09,51,351,1
2009-12-09,67,164,1
2009-12-09,72,373,1
2009-12-09,122,431,1
2009-12-09,476,877,1
2009-12-09,481,918,1
2009-12-10,1,1,1
2009-12-10,1,10,1
2009-12-10,1,24,1
2009-12-10,1,48,1
2009-12-10,1,100,1
2009-12-10,1,216,1
2009-12-10,2,2,2
2009-12-10,2,3,1
2009-12-10,2,34,1
2009-12-10,2,96,1
2009-12-10,2,108,1
2009-12-10,3,3,1
2009-12-10,3,37,1
2009-12-10,4,114,1
2009-12-10,4,140,1
2009-12-10,5,50,1
2009-12-10,5,59,1
2009-12-10,5,102,1
2009-12-10,6,27,1
2009-12-10,6,124,1
2009-12-10,6,240,1
2009-12-10,6,270,1
2009-12-10,6,924,1
2009-12-10,7,25,1
2009-12-10,8,38,1
2009-12-10,8,72,1
2009-12-10,8,124,1
2009-12-10,8,260,1
2009-12-10,9,169,1
2009-12-10,9,360,1
2009-12-10,10,97,1
2009-12-10,10,114,1
2009-12-10,10,182,1
2009-12-10,10,450,1
2009-12-10,11,110,1
2009-12-10,12,73,1
2009-12-10,12,97,1
2009-12-10,12,133,1
2009-12-10,12,352,1
2009-12-10,13,29,1
2009-12-10,13,182,1
2009-12-10,13,270,1
2009-12-10,14,17,1
2009-12-10,14,35,1
2009-12-10,14,123,1
2009-12-10,14,375,1
2009-12-10,14,422,1
2009-12-10,15,56,1
2009-12-10,15,644,1
2009-12-10,16,147,1
2009-12-10,16,193,1
2009-12-10,17,1448,1
2009-12-10,18,146,1
2009-12-10,20,28,1
2009-12-10,20,84,1
2009-12-10,21,55,1
2009-12-10,22,260,1
2009-12-10,22,376,1
2009-12-10,23,42,1
2009-12-10,23,78,1
2009-12-10,23,111,1
2009-12-10,23,143,1
2009-12-10,23,872,1
2009-12-10,26,2604,1
2009-12-10,27,67,1
2009-12-10,27,151,1
2009-12-10,32,139,1
2009-12-10,33,208,1
2009-12-10,33,687,1
2009-12-10,35,133,1
2009-12-10,35,415,1
2009-12-10,37,200,1
2009-12-10,37,275,1
2009-12-10,37,740,1
2009-12-10,39,45,1
2009-12-10,40,256,1
2009-12-10,44,934,1
2009-12-10,45,132,1
2009-12-10,45,331,1
2009-12-10,46,267,1
2009-12-10,49,156,1
2009-12-10,55,306,1
2009-12-10,56,520,1
2009-12-10,57,518,1
2009-12-10,58,194,1
2009-12-10,59,495,1
2009-12-10,67,741,1
2009-12-10,83,154,1
2009-12-10,140,485,1
2009-12-10,499,1036,1
2009-12-11,1,2,2
2009-12-11,1,6,1
2009-12-11,1,10,1
2009-12-11,1,24,1
2009-12-11,1,40,1
2009-12-11,1,96,1
2009-12-11,1,120,1
2009-12-11,1,400,1
2009-12-11,1,1080,1
2009-12-11,2,2,1
2009-12-11,2,4,1
2009-12-11,2,19,1
2009-12-11,3,3,1
2009-12-11,4,4,1
2009-12-11,4,60,1
2009-12-11,5,23,1
2009-12-11,6,146,1
2009-12-11,7,106,1
2009-12-11,7,110,1
2009-12-11,7,1200,1
2009-12-11,7,3672,1
2009-12-11,8,37,1
2009-12-11,8,188,1
2009-12-11,10,80,1
2009-12-11,10,109,1
2009-12-11,10,540,1
2009-12-11,12,135,1
2009-12-11,13,146,1
2009-12-11,13,211,1
2009-12-11,13,245,1
2009-12-11,13,438,1
2009-12-11,14,35,1
2009-12-11,14,380,1
2009-12-11,15,260,1
2009-12-11,16,27,1
2009-12-11,16,343,1
2009-12-11,16,358,1
2009-12-11,17,622,1
2009-12-11,17,1086,1
2009-12-11,18,77,1
2009-12-11,18,114,1
2009-12-11,18,195,1
2009-12-11,19,104,1
2009-12-11,20,378,1
2009-12-11,20,704,1
2009-12-11,21,542,1
2009-12-11,22,1946,1
2009-12-11,23,50,1
2009-12-11,24,523,1
2009-12-11,25,110,1
2009-12-11,25,277,1
2009-12-11,28,255,1
2009-12-11,29,200,1
2009-12-11,32,63,1
2009-12-11,33,70,1
2009-12-11,34,108,1
2009-12-11,34,520,1
2009-12-11,37,147,1
2009-12-11,38,161,1
2009-12-11,44,90,1
2009-12-11,45,308,1
2009-12-11,49,84,1
2009-12-11,50,625,1
2009-12-11,55,148,1
2009-12-11,57,152,1
2009-12-11,58,207,1
2009-12-11,64,289,1
2009-12-11,73,253,1
2009-12-11,125,325,1
2009-12-13,1,1,1
2009-12-13,1,2,1
2009-12-13,1,6,1
2009-12-13,1,10,1
2009-12-13,1,12,1
2009-12-13,1,48,1
2009-12-13,1,128,1
2009-12-13,2,96,1
2009-12-13,3,18,1
2009-12-13,3,33,1
2009-12-13,3,66,1
2009-12-13,3,123,1
2009-12-13,3,132,1
2009-12-13,6,84,1
2009-12-13,8,332,1
2009-12-13,10,41,1
2009-12-13,10,312,1
2009-12-13,11,31,1
2009-12-13,11,111,1
2009-12-13,11,147,1
2009-12-13,13,125,1
2009-12-13,13,135,1
2009-12-13,14,155,1
2009-12-13,14,230,1
2009-12-13,14,382,1
2009-12-13,15,86,1
2009-12-13,15,318,1
2009-12-13,15,384,1
2009-12-13,16,146,1
2009-12-13,16,188,1
2009-12-13,17,53,1
2009-12-13,18,93,1
2009-12-13,18,246,1
2009-12-13,19,30,1
2009-12-13,19,182,1
2009-12-13,20,71,1
2009-12-13,21,528,1
2009-12-13,23,328,1
2009-12-13,24,67,1
2009-12-13,24,229,1
2009-12-13,25,51,1
2009-12-13,26,121,1
2009-12-13,27,184,1
2009-12-13,28,170,1
2009-12-13,28,494,1
2009-12-13,31,90,1
2009-12-13,32,41,1
2009-12-13,33,285,1
2009-12-13,34,149,1
2009-12-13,35,68,1
2009-12-13,35,109,1
2009-12-13,36,299,1
2009-12-13,37,61,1
2009-12-13,37,274,1
2009-12-13,39,58,1
2009-12-13,39,451,1
2009-12-13,40,177,1
2009-12-13,43,217,1
2009-12-13,44,298,1
2009-12-13,45,215,1
2009-12-13,45,646,1
2009-12-13,45,651,1
2009-12-13,49,225,1
2009-12-13,51,137,1
2009-12-13,51,155,1
2009-12-13,53,62,1
2009-12-13,58,180,1
2009-12-13,60,283,1
2009-12-13,64,153,1
2009-12-13,64,253,1
2009-12-13,88,334,1
2009-12-14,1,1,1
2009-12-14,1,4,1
2009-12-14,1,12,1
2009-12-14,1,24,1
2009-12-14,1,96,1
2009-12-14,1,126,1
2009-12-14,1,468,1
2009-12-14,1,504,1
2009-12-14,2,4,1
2009-12-14,2,26,1
2009-12-14,2,48,1
2009-12-14,3,10,1
2009-12-14,4,7,1
2009-12-14,4,17,1
2009-12-14,4,21,1
2009-12-14,4,23,1
2009-12-14,4,40,1
2009-12-14,4,216,1
2009-12-14,5,17,1
2009-12-14,5,20,1
2009-12-14,6,13,1
2009-12-14,6,21,1
2009-12-14,6,34,1
2009-12-14,6,126,1
2009-12-14,7,100,1
2009-12-14,7,269,1
2009-12-14,8,37,1
2009-12-14,8,63,1
2009-12-14,9,72,1
2009-12-14,9,139,1
2009-12-14,9,184,1
2009-12-14,10,486,1
2009-12-14,11,362,1
2009-12-14,12,124,1
2009-12-14,13,48,1
2009-12-14,13,142,1
2009-12-14,13,184,1
2009-12-14,14,1452,1
2009-12-14,15,158,1
2009-12-14,16,46,1
2009-12-14,16,84,1
2009-12-14,16,101,1
2009-12-14,16,190,1
2009-12-14,17,100,1
2009-12-14,17,480,1
2009-12-14,18,56,1
2009-12-14,18,60,1
2009-12-14,18,67,1
2009-12-14,18,138,1
2009-12-14,19,507,1
2009-12-14,21,158,1
2009-12-14,21,180,1
2009-12-14,23,233,1
2009-12-14,24,195,1
2009-12-14,24,588,1
2009-12-14,25,256,1
2009-12-14,25,332,1
2009-12-14,26,89,1
2009-12-14,27,93,1
2009-12-14,27,346,1
2009-12-14,28,121,1
2009-12-14,29,53,1
2009-12-14,29,338,1
2009-12-14,31,169,1
2009-12-14,33,68,1
2009-12-14,34,90,1
2009-12-14,37,489,1
2009-12-14,39,260,1
2009-12-14,42,268,1
2009-12-14,56,288,1
2009-12-14,57,335,1
2009-12-14,62,896,1
2009-12-14,63,724,1
2009-12-14,64,898,1
2009-12-14,65,343,1
2009-12-14,67,163,1
2009-12-14,67,240,1
2009-12-14,68,452,1
2009-12-14,68,2979,1
2009-12-14,77,928,1
2009-12-14,97,412,1
2009-12-14,105,187,1
2009-12-14,113,20524,1
2009-12-14,447,835,1
2009-12-14,485,856,1
2009-12-14,546,1169,1
2009-12-14,578,1304,1
2009-12-15,1,1,1
2009-12-15,1,2,1
2009-12-15,1,10,1
2009-12-15,1,48,1
2009-12-15,1,144,2
2009-12-15,1,300,2
2009-12-15,1,3000,1
2009-12-15,2,4,1
2009-12-15,2,60,1
2009-12-15,2,64,1
2009-12-15,3,3,1
2009-12-15,3,15,1
2009-12-15,3,16,1
2009-12-15,3,582,1
2009-12-15,4,16,1
2009-12-15,4,43,1
2009-12-15,4,72,1
2009-12-15,4,142,1
2009-12-15,4,1016,1
2009-12-15,5,41,1
2009-12-15,5,110,1
2009-12-15,6,22,1
2009-12-15,6,90,1
2009-12-15,6,164,1
2009-12-15,6,198,1
2009-12-15,6,221,1
2009-12-15,6,338,1
2009-12-15,6,539,1
2009-12-15,6,840,1
2009-12-15,7,22,1
2009-12-15,7,24,1
2009-12-15,7,164,1
2009-12-15,7,258,1
2009-12-15,7,870,1
2009-12-15,8,270,1
2009-12-15,9,49,1
2009-12-15,9,161,1
2009-12-15,9,206,1
2009-12-15,9,261,1
2009-12-15,9,400,1
2009-12-15,9,1016,1
2009-12-15,10,276,1
2009-12-15,11,58,1
2009-12-15,11,72,1
2009-12-15,11,83,1
2009-12-15,11,138,1
2009-12-15,11,158,1
2009-12-15,11,224,1
2009-12-15,11,856,1
2009-12-15,12,72,1
2009-12-15,12,201,1
2009-12-15,13,60,1
2009-12-15,13,228,1
2009-12-15,13,270,1
2009-12-15,15,45,1
2009-12-15,15,78,1
2009-12-15,15,121,1
2009-12-15,15,140,1
2009-12-15,16,70,1
2009-12-15,16,239,1
2009-12-15,16,280,1
2009-12-15,16,676,1
2009-12-15,17,202,1
2009-12-15,18,180,1
2009-12-15,19,139,1
2009-12-15,19,146,1
2009-12-15,19,156,1
2009-12-15,19,204,1
2009-12-15,20,158,1
2009-12-15,20,189,1
2009-12-15,20,217,1
2009-12-15,21,364,1
2009-12-15,24,841,1
2009-12-15,24,1086,1
2009-12-15,25,90,1
2009-12-15,26,448,1
2009-12-15,27,245,1
2009-12-15,27,381,1
2009-12-15,28,209,1
2009-12-15,31,60,1
2009-12-15,31,176,1
2009-12-15,34,62,1
2009-12-15,34,152,1
2009-12-15,36,185,1
2009-12-15,39,327,1
2009-12-15,41,320,1
2009-12-15,41,1116,1
2009-12-15,50,69,1
2009-12-15,50,293,1
2009-12-15,52,84,1
2009-12-15,58,638,1
2009-12-15,63,361,1
2009-12-15,70,225,1
2009-12-15,72,200,1
2009-12-15,79,438,1
2009-12-15,341,546,1
2009-12-16,1,1,1
2009-12-16,1,12,1
2009-12-16,1,24,1
2009-12-16,1,128,1
2009-12-16,2,2,1
2009-12-16,2,212,1
2009-12-16,3,26,2
2009-12-16,3,44,1
2009-12-16,4,58,1
2009-12-16,5,52,1
2009-12-16,5,55,1
2009-12-16,5,80,1
2009-12-16,5,291,1
2009-12-16,5,378,1
2009-12-16,6,44,1
2009-12-16,6,116,1
2009-12-16,6,132,1
2009-12-16,7,13,1
2009-12-16,7,47,1
2009-12-16,8,131,1
2009-12-16,9,9,1
2009-12-16,9,56,1
2009-12-16,9,112,1
2009-12-16,9,131,1
2009-12-16,9,336,1
2009-12-16,9,400,1
2009-12-16,10,14,1
2009-12-16,10,61,1
2009-12-16,10,166,1
2009-12-16,10,418,1
2009-12-16,10,526,1
2009-12-16,11,58,1
2009-12-16,11,75,1
2009-12-16,11,154,1
2009-12-16,11,161,1
2009-12-16,11,299,1
2009-12-16,11,306,1
2009-12-16,12,16,1
2009-12-16,12,82,1
2009-12-16,12,150,1
2009-12-16,12,238,1
2009-12-16,12,480,1
2009-12-16,12,1660,1
2009-12-16,13,63,1
2009-12-16,13,99,1
2009-12-16,13,225,1
2009-12-16,14,79,1
2009-12-16,14,100,1
2009-12-16,14,230,1
2009-12-16,15,32,1
2009-12-16,15,95,1
2009-12-16,15,147,1
2009-12-16,15,273,1
2009-12-16,15,456,1
2009-12-16,16,113,1
2009-12-16,16,119,1
2009-12-16,16,123,1
2009-12-16,16,384,1
2009-12-16,18,18,1
2009-12-16,18,39,1
2009-12-16,18,141,1
2009-12-16,18,159,1
2009-12-16,18,209,1
2009-12-16,19,60,1
2009-12-16,19,157,1
2009-12-16,20,475,1
2009-12-16,21,168,1
2009-12-16,21,296,1
2009-12-16,21,1108,1
2009-12-16,22,324,1
2009-12-16,23,197,1
2009-12-16,23,365,1
2009-12-16,27,263,1
2009-12-16,28,28,1
2009-12-16,31,597,1
2009-12-16,32,145,1
2009-12-16,32,201,1
2009-12-16,33,67,1
2009-12-16,36,197,1
2009-12-16,37,360,1
2009-12-16,38,239,1
2009-12-16,40,568,1
2009-12-16,42,60,1
2009-12-16,44,153,1
2009-12-16,46,1086,1
2009-12-16,49,408,1
2009-12-16,50,311,1
2009-12-16,51,296,1
2009-12-16,52,203,1
2009-12-16,56,100,1
2009-12-16,58,251,1
2009-12-16,62,977,1
2009-12-16,69,187,1
2009-12-16,74,1628,1
2009-12-16,412,743,1
2009-12-16,479,929,1
2009-12-16,497,965,1
2009-12-17,1,1,1
2009-12-17,1,2,2
2009-12-17,1,3,1
2009-12-17,1,4,2
2009-12-17,1,48,1
2009-12-17,2,2,3
2009-12-17,2,3,1
2009-12-17,2,34,1
2009-12-17,3,4,1
2009-12-17,3,5,1
2009-12-17,3,44,1
2009-12-17,3,60,1
2009-12-17,3,576,1
2009-12-17,4,5,1
2009-12-17,4,6,1
2009-12-17,4,78,1
2009-12-17,4,113,1
2009-12-17,5,11,1
2009-12-17,5,12,1
2009-12-17,5,84,1
2009-12-17,5,190,1
2009-12-17,6,6,1
2009-12-17,6,60,1
2009-12-17,6,96,1
2009-12-17,6,97,1
2009-12-17,6,127,1
2009-12-17,6,130,1
2009-12-17,7,57,1
2009-12-17,7,65,1
2009-12-17,8,12,1
2009-12-17,8,24,1
2009-12-17,8,36,1
2009-12-17,8,52,1
2009-12-17,8,134,1
2009-12-17,8,189,1
2009-12-17,8,212,1
2009-12-17,9,74,1
2009-12-17,9,92,1
2009-12-17,10,106,1
2009-12-17,10,216,1
2009-12-17,11,14,1
2009-12-17,11,50,1
2009-12-17,11,78,1
2009-12-17,11,139,1
2009-12-17,11,176,3
2009-12-17,11,206,1
2009-12-17,11,338,1
2009-12-17,11,358,1
2009-12-17,12,153,1
2009-12-17,13,111,1
2009-12-17,13,142,1
2009-12-17,14,98,1
2009-12-17,14,140,1
2009-12-17,14,192,1
2009-12-17,14,214,1
2009-12-17,14,217,1
2009-12-17,15,137,1
2009-12-17,16,350,1
2009-12-17,16,593,1
2009-12-17,17,62,1
2009-12-17,17,158,1
2009-12-17,19,35,1
2009-12-17,19,368,1
2009-12-17,20,61,1
2009-12-17,21,30,1
2009-12-17,21,52,1
2009-12-17,21,108,1
2009-12-17,21,245,1
2009-12-17,23,682,1
2009-12-17,26,136,1
2009-12-17,26,267,1
2009-12-17,26,326,1
2009-12-17,27,191,1
2009-12-17,28,89,1
2009-12-17,29,621,1
2009-12-17,31,42,1
2009-12-17,31,468,1
2009-12-17,32,54,1
2009-12-17,32,77,1
2009-12-17,32,471,1
2009-12-17,36,186,1
2009-12-17,37,60,1
2009-12-17,37,91,1
2009-12-17,38,119,1
2009-12-17,39,50,1
2009-12-17,40,53,1
2009-12-17,41,47,1
2009-12-17,43,106,1
2009-12-17,44,258,1
2009-12-17,45,139,1
2009-12-17,51,88,1
2009-12-17,52,168,1
2009-12-17,54,936,1
2009-12-17,71,764,1
2009-12-17,74,276,1
2009-12-17,78,408,1
2009-12-17,85,153,1
2009-12-18,1,1,5
2009-12-18,1,4,1
2009-12-18,1,60,1
2009-12-18,2,2,1
2009-12-18,2,312,1
2009-12-18,3,104,1
2009-12-18,4,64,1
2009-12-18,4,168,1
2009-12-18,5,5,1
2009-12-18,5,42,1
2009-12-18,5,60,1
2009-12-18,6,6,1
2009-12-18,6,66,1
2009-12-18,6,170,1
2009-12-18,6,268,1
2009-12-18,7,19,1
2009-12-18,7,25,1
2009-12-18,7,88,1
2009-12-18,8,268,1
2009-12-18,9,59,1
2009-12-18,9,101,1
2009-12-18,9,192,1
2009-12-18,10,41,1
2009-12-18,10,103,1
2009-12-18,10,108,1
2009-12-18,11,26,1
2009-12-18,11,87,1
2009-12-18,12,98,1
2009-12-18,13,20,1
2009-12-18,13,91,1
2009-12-18,14,175,1
2009-12-18,16,36,1
2009-12-18,16,136,1
2009-12-18,17,153,1
2009-12-18,18,140,1
2009-12-18,19,158,1
2009-12-18,20,401,1
2009-12-18,21,250,1
2009-12-18,21,274,1
2009-12-18,22,149,1
2009-12-18,23,138,1
2009-12-18,23,210,1
2009-12-18,23,337,1
2009-12-18,25,219,1
2009-12-18,25,394,1
2009-12-18,27,165,1
2009-12-18,29,127,1
2009-12-18,30,250,1
2009-12-18,33,288,1
2009-12-18,34,388,1
2009-12-18,36,183,1
2009-12-18,36,418,1
2009-12-18,38,416,1
2009-12-18,44,156,1
2009-12-18,45,121,1
2009-12-18,52,147,1
2009-12-18,52,6560,1
2009-12-18,57,156,1
2009-12-18,74,126,1
2009-12-18,89,517,1
2009-12-18,356,671,1
2009-12-18,483,923,1
2009-12-20,1,5,1
2009-12-20,1,24,1
2009-12-20,2,2,1
2009-12-20,3,3,1
2009-12-20,4,43,1
2009-12-20,5,112,1
2009-12-20,5,451,1
2009-12-20,7,450,1
2009-12-20,8,112,1
2009-12-20,11,36,1
2009-12-20,11,381,1
2009-12-20,12,52,1
2009-12-20,13,111,1
2009-12-20,14,189,1
2009-12-20,15,75,1
2009-12-20,16,132,1
2009-12-20,18,303,1
2009-12-20,19,96,1
2009-12-20,20,172,1
2009-12-20,20,180,1
2009-12-20,20,234,1
2009-12-20,21,151,1
2009-12-20,22,133,1
2009-12-20,22,384,1
2009-12-20,25,90,1
2009-12-20,28,49,1
2009-12-20,29,347,1
2009-12-20,30,177,1
2009-12-20,31,271,1
2009-12-20,35,263,1
2009-12-20,36,94,1
2009-12-20,38,144,1
2009-12-20,38,231,1
2009-12-20,45,758,1
2009-12-21,1,1,1
2009-12-21,1,42,1
2009-12-21,1,50,1
2009-12-21,2,2,1
2009-12-21,2,30,1
2009-12-21,2,202,1
2009-12-21,3,3,1
2009-12-21,3,4,2
2009-12-21,3,16,1
2009-12-21,3,120,1
2009-12-21,5,168,1
2009-12-21,5,248,1
2009-12-21,6,9,1
2009-12-21,6,11,1
2009-12-21,7,154,1
2009-12-21,8,57,1
2009-12-21,8,76,1
2009-12-21,8,172,1
2009-12-21,8,203,1
2009-12-21,9,15,1
2009-12-21,11,310,1
2009-12-21,12,22,1
2009-12-21,12,24,1
2009-12-21,12,36,1
2009-12-21,12,180,1
2009-12-21,14,31,1
2009-12-21,14,107,1
2009-12-21,15,135,1
2009-12-21,17,151,1
2009-12-21,18,33,1
2009-12-21,18,362,1
2009-12-21,24,38,1
2009-12-21,24,385,1
2009-12-21,28,204,1
2009-12-21,35,4512,1
2009-12-21,36,62,1
2009-12-21,50,196,1
2009-12-21,65,211,1
2009-12-21,103,195,1
2009-12-22,1,1,2
2009-12-22,1,12,1
2009-12-22,2,2,1
2009-12-22,2,114,1
2009-12-22,3,7,1
2009-12-22,3,14,1
2009-12-22,3,198,1
2009-12-22,4,4,1
2009-12-22,4,8,1
2009-12-22,5,5,1
2009-12-22,5,1026,1
2009-12-22,6,41,1
2009-12-22,6,53,1
2009-12-22,7,7,1
2009-12-22,8,8,2
2009-12-22,8,614,1
2009-12-22,9,43,1
2009-12-22,11,15,1
2009-12-22,13,17,1
2009-12-22,13,33,1
2009-12-22,13,320,1
2009-12-22,16,240,1
2009-12-22,18,35,1
2009-12-22,20,125,1
2009-12-22,20,253,1
2009-12-22,23,8421,1
2009-12-22,25,48,1
2009-12-22,26,32,1
2009-12-22,28,104,1
2009-12-22,33,60,1
2009-12-22,34,47,1
2009-12-22,36,55,1
2009-12-22,42,57,1
2009-12-22,42,68,1
2009-12-22,43,65,1
2009-12-22,45,87,1
2009-12-22,46,247,1
2009-12-22,50,73,1
2009-12-22,54,96,1
2009-12-22,169,229,1
2009-12-22,278,397,1
2009-12-22,315,605,1
2009-12-22,325,561,1
2009-12-23,1,1,4
2009-12-23,1,48,1
2009-12-23,4,4,1
2009-12-23,5,12,1
2009-12-23,6,14,1
2009-12-23,6,140,1
2009-12-23,6,624,1
2009-12-23,7,9,1
2009-12-23,7,16,1
2009-12-23,7,528,1
2009-12-23,10,28,1
2009-12-23,10,364,1
2009-12-23,23,176,1
2009-12-23,24,121,1
2009-12-23,26,32,1
2009-12-23,40,160,1
2009-12-23,103,1058,1
2009-12-23,104,1070,1
2009-12-23,130,180,1
2010-01-04,1,24,1
2010-01-04,1,100,1
2010-01-04,2,26,1
2010-01-04,2,192,1
2010-01-04,2,288,1
2010-01-04,2,400,1
2010-01-04,3,3,1
2010-01-04,6,88,1
2010-01-04,8,18,1
2010-01-04,9,762,1
2010-01-04,14,26,1
2010-01-04,14,56,1
2010-01-04,14,71,1
2010-01-04,14,166,1
2010-01-04,16,2668,1
2010-01-04,18,122,1
2010-01-04,18,3264,1
2010-01-04,24,84,1
2010-01-04,26,229,1
2010-01-04,40,296,1
2010-01-04,42,102,1
2010-01-04,47,114,1
2010-01-04,47,147,1
2010-01-04,49,170,1
2010-01-04,57,131,1
2010-01-04,63,135,1
2010-01-04,66,962,1
2010-01-05,1,100,1
2010-01-05,1,408,1
2010-01-05,2,2,2
2010-01-05,2,400,1
2010-01-05,3,4,1
2010-01-05,3,72,1
2010-01-05,3,86,1
2010-01-05,3,390,1
2010-01-05,8,23,1
2010-01-05,9,16,1
2010-01-05,9,96,1
2010-01-05,9,290,1
2010-01-05,13,161,1
2010-01-05,13,247,1
2010-01-05,13,665,1
2010-01-05,15,106,1
2010-01-05,15,676,1
2010-01-05,17,700,1
2010-01-05,20,302,1
2010-01-05,25,883,1
2010-01-05,26,454,1
2010-01-05,30,107,1
2010-01-05,37,296,1
2010-01-05,38,184,1
2010-01-05,41,92,1
2010-01-05,41,310,1
2010-01-05,41,315,1
2010-01-05,43,480,1
2010-01-05,48,1571,1
2010-01-05,56,212,1
2010-01-05,58,165,1
2010-01-05,58,516,1
2010-01-05,65,566,1
2010-01-05,66,157,1
2010-01-05,76,267,1
2010-01-06,1,1,1
2010-01-06,1,80,1
2010-01-06,1,576,1
2010-01-06,3,19,1
2010-01-06,10,177,1
2010-01-06,12,274,1
2010-01-06,13,3798,1
2010-01-06,19,194,1
2010-01-06,22,183,1
2010-01-06,23,68,1
2010-01-06,24,546,1
2010-01-06,24,784,1
2010-01-06,38,303,1
2010-01-06,102,490,1
2010-01-07,1,2,1
2010-01-07,1,72,1
2010-01-07,1,300,1
2010-01-07,1,600,1
2010-01-07,2,4,1
2010-01-07,2,904,1
2010-01-07,3,3,1
2010-01-07,3,148,1
2010-01-07,4,984,1
2010-01-07,5,21,1
2010-01-07,5,48,1
2010-01-07,6,8,1
2010-01-07,7,64,1
2010-01-07,7,97,1
2010-01-07,8,53,1
2010-01-07,8,74,1
2010-01-07,8,92,1
2010-01-07,8,336,1
2010-01-07,9,56,1
2010-01-07,9,136,1
2010-01-07,9,204,1
2010-01-07,9,320,1
2010-01-07,9,1124,1
2010-01-07,10,18,1
2010-01-07,10,103,1
2010-01-07,12,91,1
2010-01-07,13,392,1
2010-01-07,14,56,1
2010-01-07,14,180,1
2010-01-07,17,84,1
2010-01-07,19,176,1
2010-01-07,19,374,1
2010-01-07,22,59,1
2010-01-07,24,166,1
2010-01-07,24,198,1
2010-01-07,25,197,1
2010-01-07,27,198,1
2010-01-07,29,86,1
2010-01-07,29,290,1
2010-01-07,29,342,1
2010-01-07,31,61,1
2010-01-07,38,1888,1
2010-01-07,44,385,1
2010-01-07,54,480,1
2010-01-07,62,998,1
2010-01-07,94,25018,1
2010-01-07,199,3141,1
2010-01-08,1,1,1
2010-01-08,1,48,1
2010-01-08,2,144,1
2010-01-08,2,156,1
2010-01-08,2,240,1
2010-01-08,2,388,1
2010-01-08,2,696,1
2010-01-08,2,1176,1
2010-01-08,4,2208,1
2010-01-08,6,49,1
2010-01-08,6,60,1
2010-01-08,6,67,1
2010-01-08,6,96,1
2010-01-08,6,294,1
2010-01-08,7,23,1
2010-01-08,7,79,1
2010-01-08,9,79,1
2010-01-08,9,229,1
2010-01-08,11,58,1
2010-01-08,11,123,1
2010-01-08,12,46,1
2010-01-08,12,82,1
2010-01-08,12,172,1
2010-01-08,14,145,1
2010-01-08,14,194,1
2010-01-08,16,272,1
2010-01-08,18,274,1
2010-01-08,22,295,1
2010-01-08,22,338,1
2010-01-08,22,393,1
2010-01-08,25,594,1
2010-01-08,27,197,1
2010-01-08,28,52,1
2010-01-08,29,213,1
2010-01-08,30,104,1
2010-01-08,30,223,1
2010-01-08,30,334,1
2010-01-08,31,307,1
2010-01-08,35,356,1
2010-01-08,37,93,1
2010-01-08,38,496,1
2010-01-08,100,1299,1
2010-01-10,1,2,1
2010-01-10,1,6,1
2010-01-10,1,24,1
2010-01-10,4,257,1
2010-01-10,4,1200,1
2010-01-10,5,92,1
2010-01-10,6,276,1
2010-01-10,7,464,1
2010-01-10,8,824,1
2010-01-10,10,90,1
2010-01-10,10,116,1
2010-01-10,12,84,1
2010-01-10,13,480,1
2010-01-10,16,28,1
2010-01-10,17,207,1
2010-01-10,18,104,1
2010-01-10,18,357,1
2010-01-10,19,194,1
2010-01-10,19,3403,1
2010-01-10,22,68,1
2010-01-10,25,95,1
2010-01-10,26,164,1
2010-01-10,27,246,1
2010-01-10,27,304,1
2010-01-10,28,213,1
2010-01-10,28,389,1
2010-01-10,29,40,1
2010-01-10,29,59,1
2010-01-10,32,182,1
2010-01-10,38,114,1
2010-01-10,39,47,1
2010-01-10,46,512,1
2010-01-10,55,2066,1
2010-01-10,59,718,1
2010-01-11,1,1,1
2010-01-11,1,2,1
2010-01-11,1,120,1
2010-01-11,1,150,1
2010-01-11,1,192,1
2010-01-11,1,216,1
2010-01-11,2,44,1
2010-01-11,2,168,1
2010-01-11,2,864,1
2010-01-11,3,3,1
2010-01-11,3,24,1
2010-01-11,3,52,1
2010-01-11,4,77,1
2010-01-11,6,45,1
2010-01-11,6,224,1
2010-01-11,7,1200,1
2010-01-11,8,124,1
2010-01-11,9,56,1
2010-01-11,9,198,1
2010-01-11,9,237,1
2010-01-11,9,336,1
2010-01-11,10,100,1
2010-01-11,10,136,1
2010-01-11,10,171,1
2010-01-11,12,76,1
2010-01-11,13,236,1
2010-01-11,14,305,1
2010-01-11,16,215,1
2010-01-11,17,36,1
2010-01-11,17,257,1
2010-01-11,18,146,1
2010-01-11,18,194,1
2010-01-11,18,263,1
2010-01-11,18,313,1
2010-01-11,18,480,1
2010-01-11,19,97,1
2010-01-11,20,172,1
2010-01-11,21,75,1
2010-01-11,22,202,1
2010-01-11,25,452,1
2010-01-11,29,134,1
2010-01-11,35,389,1
2010-01-11,52,101,1
2010-01-11,59,630,1
2010-01-11,152,227,1
2010-01-11,157,268,1
2010-01-11,172,427,1
2010-01-11,180,457,1
2010-01-11,183,307,1
2010-01-11,187,374,1
2010-01-11,200,455,1
2010-01-11,252,605,1
2010-01-11,266,471,1
2010-01-11,319,860,1
2010-01-12,1,192,1
2010-01-12,2,3,1
2010-01-12,2,32,1
2010-01-12,2,84,1
2010-01-12,2,96,1
2010-01-12,2,300,1
2010-01-12,3,4,1
2010-01-12,3,866,1
2010-01-12,4,8,1
2010-01-12,4,68,1
2010-01-12,4,88,1
2010-01-12,5,6,1
2010-01-12,5,15,1
2010-01-12,6,32,1
2010-01-12,8,74,1
2010-01-12,11,95,1
2010-01-12,11,128,1
2010-01-12,11,133,1
2010-01-12,15,158,1
2010-01-12,16,182,1
2010-01-12,17,370,1
2010-01-12,18,4980,1
2010-01-12,19,719,1
2010-01-12,20,178,1
2010-01-12,21,191,1
2010-01-12,24,114,1
2010-01-12,25,91,1
2010-01-12,32,379,1
2010-01-12,36,77,1
2010-01-12,38,78,1
2010-01-12,43,329,1
2010-01-12,44,7782,1
2010-01-12,51,338,1
2010-01-12,52,1301,1
2010-01-12,59,808,1
2010-01-12,70,118,1
2010-01-12,148,398,1
2010-01-12,239,469,1
2010-01-13,2,244,1
2010-01-13,4,42,1
2010-01-13,5,5,1
2010-01-13,5,60,1
2010-01-13,5,804,1
2010-01-13,7,138,1
2010-01-13,8,165,1
2010-01-13,8,234,1
2010-01-13,11,144,1
2010-01-13,11,372,1
2010-01-13,11,462,1
2010-01-13,14,64,1
2010-01-13,15,53,1
2010-01-13,17,151,1
2010-01-13,19,45,1
2010-01-13,21,221,1
2010-01-13,21,298,1
2010-01-13,22,369,1
2010-01-13,32,339,1
2010-01-13,34,587,1
2010-01-13,35,499,1
2010-01-13,38,432,1
2010-01-13,45,540,1
2010-01-13,102,276,1
2010-01-13,217,406,1
2010-01-13,263,522,1
2010-01-13,270,752,1
2010-01-13,336,604,1
2010-01-14,1,4,1
2010-01-14,1,6,1
2010-01-14,1,12,1
2010-01-14,1,24,1
2010-01-14,1,96,1
2010-01-14,2,32,1
2010-01-14,2,50,1
2010-01-14,4,110,1
2010-01-14,6,51,1
2010-01-14,6,177,1
2010-01-14,8,42,1
2010-01-14,8,800,1
2010-01-14,10,75,1
2010-01-14,10,284,1
2010-01-14,11,344,1
2010-01-14,12,96,1
2010-01-14,12,172,1
2010-01-14,15,158,1
2010-01-14,16,72,1
2010-01-14,16,118,1
2010-01-14,16,120,1
2010-01-14,16,197,1
2010-01-14,17,148,1
2010-01-14,17,231,1
2010-01-14,18,83,1
2010-01-14,19,156,1
2010-01-14,20,75,1
2010-01-14,20,146,1
2010-01-14,20,158,1
2010-01-14,20,160,1
2010-01-14,20,170,1
2010-01-14,20,176,2
2010-01-14,20,396,1
2010-01-14,22,117,1
2010-01-14,22,325,1
2010-01-14,23,238,1
2010-01-14,25,228,1
2010-01-14,25,296,1
2010-01-14,27,524,1
2010-01-14,29,243,1
2010-01-14,30,129,1
2010-01-14,36,202,1
2010-01-14,40,325,1
2010-01-14,40,879,1
2010-01-14,42,225,1
2010-01-14,42,487,1
2010-01-14,45,91,1
2010-01-14,48,383,1
2010-01-14,50,105,1
2010-01-14,55,476,1
2010-01-14,76,540,1
2010-01-14,100,316,1
2010-01-14,118,650,1
2010-01-14,253,463,1
2010-01-14,283,536,1
2010-01-14,331,994,1
2010-01-15,1,1,2
2010-01-15,1,15,1
2010-01-15,1,48,1
2010-01-15,2,48,1
2010-01-15,2,200,1
2010-01-15,3,42,1
2010-01-15,3,174,1
2010-01-15,4,4,1
2010-01-15,4,68,2
2010-01-15,5,5,1
2010-01-15,5,13,1
2010-01-15,5,50,1
2010-01-15,6,180,1
2010-01-15,9,84,1
2010-01-15,10,76,1
2010-01-15,10,107,1
2010-01-15,10,122,1
2010-01-15,11,61,1
2010-01-15,11,75,1
2010-01-15,11,102,1
2010-01-15,13,119,1
2010-01-15,13,156,1
2010-01-15,13,165,1
2010-01-15,15,36,1
2010-01-15,16,135,1
2010-01-15,16,253,1
2010-01-15,17,27,1
2010-01-15,17,114,1
2010-01-15,19,91,1
2010-01-15,20,146,1
2010-01-15,20,154,1
2010-01-15,20,162,1
2010-01-15,20,166,1
2010-01-15,20,168,1
2010-01-15,20,224,1
2010-01-15,20,3130,1
2010-01-15,21,186,1
2010-01-15,23,227,1
2010-01-15,24,230,1
2010-01-15,32,262,1
2010-01-15,40,83,1
2010-01-15,46,184,1
2010-01-15,56,473,1
2010-01-17,1,1,1
2010-01-17,4,48,1
2010-01-17,4,68,1
2010-01-17,5,515,1
2010-01-17,7,210,1
2010-01-17,7,276,1
2010-01-17,12,75,1
2010-01-17,12,88,1
2010-01-17,13,39,1
2010-01-17,14,112,1
2010-01-17,14,113,1
2010-01-17,15,120,1
2010-01-17,15,1955,1
2010-01-17,16,325,1
2010-01-17,17,133,1
2010-01-17,18,75,1
2010-01-17,18,138,1
2010-01-17,20,150,1
2010-01-17,20,168,1
2010-01-17,22,31,1
2010-01-17,22,143,1
2010-01-17,22,195,1
2010-01-17,23,61,1
2010-01-17,23,328,1
2010-01-17,25,293,1
2010-01-17,25,508,1
2010-01-17,26,53,1
2010-01-17,27,138,1
2010-01-17,28,70,1
2010-01-17,32,314,1
2010-01-17,34,101,1
2010-01-17,36,363,1
2010-01-17,37,155,1
2010-01-17,43,647,1
2010-01-17,44,54,1
2010-01-17,46,358,1
2010-01-17,47,440,1
2010-01-17,48,98,1
2010-01-17,129,412,1
2010-01-17,143,670,1
2010-01-18,1,1,2
2010-01-18,1,2,2
2010-01-18,1,12,1
2010-01-18,6,84,1
2010-01-18,7,49,1
2010-01-18,8,51,1
2010-01-18,9,93,1
2010-01-18,13,79,1
2010-01-18,15,54,1
2010-01-18,15,105,1
2010-01-18,15,3160,1
2010-01-18,18,48,1
2010-01-18,19,142,1
2010-01-18,19,166,1
2010-01-18,19,503,1
2010-01-18,20,474,1
2010-01-18,23,443,1
2010-01-18,24,215,1
2010-01-18,25,272,1
2010-01-18,26,147,1
2010-01-18,27,193,1
2010-01-18,28,138,1
2010-01-18,28,158,1
2010-01-18,31,148,1
2010-01-18,31,322,1
2010-01-18,35,102,1
2010-01-18,38,55,1
2010-01-18,39,351,1
2010-01-18,41,110,1
2010-01-18,42,120,1
2010-01-18,43,156,1
2010-01-18,50,119,1
2010-01-18,59,155,1
2010-01-18,64,132,1
2010-01-18,182,293,1
2010-01-18,227,530,1
2010-01-18,267,483,1
2010-01-18,367,703,1
2010-01-19,1,6,1
2010-01-19,1,36,1
2010-01-19,1,144,1
2010-01-19,2,60,1
2010-01-19,3,96,1
2010-01-19,4,91,1
2010-01-19,4,220,1
2010-01-19,5,36,1
2010-01-19,5,45,1
2010-01-19,6,56,1
2010-01-19,6,58,1
2010-01-19,7,522,1
2010-01-19,9,138,1
2010-01-19,9,201,1
2010-01-19,11,74,1
2010-01-19,12,210,1
2010-01-19,13,114,1
2010-01-19,14,127,1
2010-01-19,16,232,1
2010-01-19,16,326,1
2010-01-19,17,79,1
2010-01-19,18,85,1
2010-01-19,18,221,1
2010-01-19,20,538,1
2010-01-19,22,232,1
2010-01-19,23,95,1
2010-01-19,24,340,1
2010-01-19,25,94,1
2010-01-19,27,47,1
2010-01-19,27,242,1
2010-01-19,30,90,1
2010-01-19,30,707,1
2010-01-19,31,334,1
2010-01-19,35,103,1
2010-01-19,37,421,1
2010-01-19,39,315,1
2010-01-19,42,304,1
2010-01-19,49,348,1
2010-01-19,52,145,1
2010-01-19,52,3373,1
2010-01-19,67,655,1
2010-01-19,71,391,1
2010-01-19,81,617,1
2010-01-19,142,424,1
2010-01-19,342,906,1
2010-01-19,383,1427,1
2010-01-20,1,216,1
2010-01-20,1,1146,1
2010-01-20,2,2,1
2010-01-20,3,28,1
2010-01-20,3,172,1
2010-01-20,4,32,1
2010-01-20,5,36,1
2010-01-20,5,55,1
2010-01-20,5,1200,1
2010-01-20,6,44,1
2010-01-20,8,63,1
2010-01-20,9,1432,1
2010-01-20,10,108,1
2010-01-20,11,53,1
2010-01-20,12,12,1
2010-01-20,12,97,1
2010-01-20,14,315,1
2010-01-20,16,123,1
2010-01-20,16,168,1
2010-01-20,20,93,1
2010-01-20,20,114,1
2010-01-20,22,283,1
2010-01-20,26,98,1
2010-01-20,26,115,1
2010-01-20,26,180,1
2010-01-20,27,288,1
2010-01-20,28,372,1
2010-01-20,28,537,1
2010-01-20,34,136,1
2010-01-20,43,144,1
2010-01-20,46,400,1
2010-01-20,48,299,1
2010-01-20,53,576,1
2010-01-20,77,124,1
2010-01-20,102,393,1
2010-01-20,362,1256,1
2010-01-21,1,24,1
2010-01-21,2,36,1
2010-01-21,3,3,1
2010-01-21,3,17,1
2010-01-21,3,244,1
2010-01-21,3,300,1
2010-01-21,5,17,1
2010-01-21,5,23,1
2010-01-21,5,35,1
2010-01-21,5,208,1
2010-01-21,6,196,1
2010-01-21,7,107,1
2010-01-21,8,18,1
2010-01-21,10,92,1
2010-01-21,10,121,1
2010-01-21,11,58,1
2010-01-21,11,154,1
2010-01-21,14,198,1
2010-01-21,15,130,1
2010-01-21,15,63302,1
2010-01-21,16,135,1
2010-01-21,17,205,1
2010-01-21,18,94,1
2010-01-21,19,158,1
2010-01-21,20,186,1
2010-01-21,21,143,1
2010-01-21,22,157,1
2010-01-21,22,354,1
2010-01-21,24,235,1
2010-01-21,25,102,1
2010-01-21,25,273,1
2010-01-21,27,118,1
2010-01-21,28,178,1
2010-01-21,30,93,1
2010-01-21,32,250,1
2010-01-21,32,310,1
2010-01-21,35,129,1
2010-01-21,37,118,1
2010-01-21,38,115,1
2010-01-21,44,364,1
2010-01-21,44,776,1
2010-01-21,46,72,1
2010-01-21,51,289,1
2010-01-21,53,102,1
2010-01-21,56,215,1
2010-01-21,71,559,1
2010-01-21,74,1358,1
2010-01-21,83,543,1
2010-01-22,1,1,1
2010-01-22,1,2,1
2010-01-22,1,90,1
2010-01-22,1,240,1
2010-01-22,1,300,1
2010-01-22,3,13,1
2010-01-22,5,20,1
2010-01-22,5,146,1
2010-01-22,6,7,1
2010-01-22,6,8,1
2010-01-22,8,130,1
2010-01-22,9,200,1
2010-01-22,9,664,1
2010-01-22,10,49,1
2010-01-22,10,63,1
2010-01-22,11,171,1
2010-01-22,11,440,1
2010-01-22,12,132,1
2010-01-22,13,83,1
2010-01-22,15,164,1
2010-01-22,15,178,1
2010-01-22,16,101,1
2010-01-22,18,232,1
2010-01-22,19,68,1
2010-01-22,19,142,1
2010-01-22,19,585,1
2010-01-22,20,191,1
2010-01-22,21,306,1
2010-01-22,22,95,1
2010-01-22,23,364,1
2010-01-22,29,426,1
2010-01-22,35,452,1
2010-01-22,37,124,1
2010-01-22,38,393,1
2010-01-22,40,6644,1
2010-01-22,44,598,1
2010-01-22,45,471,1
2010-01-22,48,557,1
2010-01-22,71,597,1
2010-01-22,87,465,1
2010-01-22,109,1065,1
2010-01-22,201,587,1
2010-01-22,339,996,1
2010-01-24,2,12,1
2010-01-24,2,56,1
2010-01-24,4,20,1
2010-01-24,4,47,1
2010-01-24,6,38,1
2010-01-24,6,85,1
2010-01-24,6,112,1
2010-01-24,7,39,1
2010-01-24,7,76,1
2010-01-24,7,225,1
2010-01-24,8,127,1
2010-01-24,8,544,1
2010-01-24,9,67,1
2010-01-24,9,136,1
2010-01-24,10,926,1
2010-01-24,13,61,1
2010-01-24,13,123,1
2010-01-24,13,262,1
2010-01-24,14,110,1
2010-01-24,17,33,1
2010-01-24,17,157,1
2010-01-24,17,207,1
2010-01-24,17,272,1
2010-01-24,19,73,1
2010-01-24,19,189,1
2010-01-24,19,340,1
2010-01-24,20,231,1
2010-01-24,20,255,1
2010-01-24,20,272,1
2010-01-24,22,48,1
2010-01-24,23,97,1
2010-01-24,23,146,1
2010-01-24,23,151,1
2010-01-24,24,229,1
2010-01-24,26,198,1
2010-01-24,27,88,1
2010-01-24,27,104,1
2010-01-24,29,72,1
2010-01-24,32,179,1
2010-01-24,39,339,1
2010-01-24,41,157,1
2010-01-24,42,86,1
2010-01-24,51,170,1
2010-01-24,60,158,1
2010-01-24,61,313,1
2010-01-24,66,82,1
2010-01-24,67,167,1
2010-01-24,69,189,1
2010-01-24,80,199,1
2010-01-24,102,633,1
2010-01-25,1,8,1
2010-01-25,1,10,1
2010-01-25,3,5,1
2010-01-25,4,4,1
2010-01-25,4,33,1
2010-01-25,5,6,2
2010-01-25,5,46,1
2010-01-25,5,138,1
2010-01-25,6,15,1
2010-01-25,8,10,1
2010-01-25,8,11,1
2010-01-25,9,10,1
2010-01-25,9,14,1
2010-01-25,10,16,1
2010-01-25,10,89,1
2010-01-25,12,51,1
2010-01-25,14,99,1
2010-01-25,15,52,1
2010-01-25,15,81,1
2010-01-25,15,310,1
2010-01-25,16,32,1
2010-01-25,16,174,1
2010-01-25,16,478,1
2010-01-25,17,126,1
2010-01-25,18,50,1
2010-01-25,18,581,1
2010-01-25,20,58,1
2010-01-25,20,99,1
2010-01-25,20,173,1
2010-01-25,20,185,1
2010-01-25,20,206,1
2010-01-25,22,70,1
2010-01-25,22,193,1
2010-01-25,23,223,1
2010-01-25,23,279,1
2010-01-25,28,144,1
2010-01-25,29,381,1
2010-01-25,30,95,1
2010-01-25,33,256,1
2010-01-25,33,510,1
2010-01-25,35,81,1
2010-01-25,39,218,1
2010-01-25,39,490,1
2010-01-25,40,403,1
2010-01-25,47,90,1
2010-01-25,47,98,1
2010-01-25,47,200,1
2010-01-25,47,343,1
2010-01-25,50,500,1
2010-01-25,52,149,1
2010-01-25,53,221,1
2010-01-25,63,272,1
2010-01-25,65,743,1
2010-01-25,117,340,1
2010-01-25,150,245,1
2010-01-25,151,326,1
2010-01-26,1,1,2
2010-01-26,1,2,1
2010-01-26,1,24,1
2010-01-26,3,6,1
2010-01-26,3,18,1
2010-01-26,3,22,1
2010-01-26,4,4,1
2010-01-26,4,32,1
2010-01-26,6,44,1
2010-01-26,6,84,1
2010-01-26,7,86,1
2010-01-26,7,116,1
2010-01-26,7,139,1
2010-01-26,7,392,1
2010-01-26,8,8,1
2010-01-26,8,80,1
2010-01-26,8,286,1
2010-01-26,10,96,1
2010-01-26,11,52,1
2010-01-26,12,290,1
2010-01-26,14,55,1
2010-01-26,14,79,1
2010-01-26,14,214,1
2010-01-26,14,242,1
2010-01-26,15,130,1
2010-01-26,15,200,1
2010-01-26,16,201,1
2010-01-26,17,37,1
2010-01-26,19,167,1
2010-01-26,19,187,1
2010-01-26,21,256,1
2010-01-26,23,116,1
2010-01-26,24,226,1
2010-01-26,24,254,1
2010-01-26,25,312,2
2010-01-26,26,222,1
2010-01-26,27,420,1
2010-01-26,27,1046,1
2010-01-26,31,322,1
2010-01-26,33,169,1
2010-01-26,34,170,1
2010-01-26,37,253,1
2010-01-26,37,411,1
2010-01-26,40,463,1
2010-01-26,41,80,1
2010-01-26,43,111,1
2010-01-26,43,211,1
2010-01-26,44,211,1
2010-01-26,44,237,1
2010-01-26,66,312,1
2010-01-26,90,12832,1
2010-01-26,98,201,1
2010-01-26,107,182,1
2010-01-26,167,322,1
2010-01-27,1,2,2
2010-01-27,2,22,1
2010-01-27,2,228,1
2010-01-27,2,400,1
2010-01-27,2,1640,1
2010-01-27,3,5,1
2010-01-27,3,21,1
2010-01-27,5,5,1
2010-01-27,5,188,1
2010-01-27,5,242,1
2010-01-27,5,264,1
2010-01-27,6,32,1
2010-01-27,6,99,1
2010-01-27,6,202,1
2010-01-27,6,310,1
2010-01-27,7,31,1
2010-01-27,7,151,1
2010-01-27,8,42,1
2010-01-27,9,167,1
2010-01-27,10,560,1
2010-01-27,12,80,1
2010-01-27,13,34,1
2010-01-27,13,94,1
2010-01-27,13,262,1
2010-01-27,14,39,1
2010-01-27,14,248,1
2010-01-27,14,569,1
2010-01-27,16,239,1
2010-01-27,16,244,1
2010-01-27,16,285,1
2010-01-27,18,139,1
2010-01-27,19,84,1
2010-01-27,20,240,1
2010-01-27,21,228,1
2010-01-27,24,160,1
2010-01-27,24,307,1
2010-01-27,25,127,1
2010-01-27,28,304,1
2010-01-27,29,53,1
2010-01-27,29,330,1
2010-01-27,30,90,1
2010-01-27,33,4872,1
2010-01-27,37,144,1
2010-01-27,38,118,1
2010-01-27,38,380,1
2010-01-27,40,587,1
2010-01-27,41,287,1
2010-01-27,43,105,1
2010-01-27,53,673,1
2010-01-27,58,212,1
2010-01-27,62,434,1
2010-01-27,70,436,1
2010-01-27,163,289,1
2010-01-27,165,263,1
2010-01-27,167,287,1
2010-01-28,1,2,2
2010-01-28,1,8,1
2010-01-28,1,19,1
2010-01-28,1,32,1
2010-01-28,1,72,3
2010-01-28,2,192,1
2010-01-28,3,70,1
2010-01-28,3,120,1
2010-01-28,5,27,1
2010-01-28,6,42,1
2010-01-28,7,270,1
2010-01-28,8,40,1
2010-01-28,8,288,1
2010-01-28,9,109,1
2010-01-28,10,70,1
2010-01-28,10,436,1
2010-01-28,11,378,1
2010-01-28,12,90,1
2010-01-28,13,22,1
2010-01-28,13,117,1
2010-01-28,13,334,1
2010-01-28,14,42,1
2010-01-28,14,270,1
2010-01-28,16,69,1
2010-01-28,16,330,1
2010-01-28,17,290,1
2010-01-28,18,177,1
2010-01-28,19,135,1
2010-01-28,21,253,1
2010-01-28,21,406,1
2010-01-28,26,74,1
2010-01-28,27,69,1
2010-01-28,27,446,1
2010-01-28,28,210,1
2010-01-28,29,408,1
2010-01-28,30,267,1
2010-01-28,30,362,1
2010-01-28,32,52,1
2010-01-28,33,452,1
2010-01-28,37,419,1
2010-01-28,38,232,1
2010-01-28,39,74,1
2010-01-28,39,279,1
2010-01-28,40,379,1
2010-01-28,45,131,1
2010-01-28,46,272,1
2010-01-28,46,430,1
2010-01-28,49,158,1
2010-01-28,53,359,1
2010-01-28,62,444,1
2010-01-28,62,627,1
2010-01-28,74,252,1
2010-01-29,1,1,1
2010-01-29,1,4,1
2010-01-29,1,5,1
2010-01-29,1,10,3
2010-01-29,1,15,3
2010-01-29,1,70,1
2010-01-29,1,144,1
2010-01-29,1,500,1
2010-01-29,3,12,1
2010-01-29,3,14,1
2010-01-29,3,220,1
2010-01-29,4,5,1
2010-01-29,4,34,1
2010-01-29,5,238,1
2010-01-29,6,836,1
2010-01-29,7,11,1
2010-01-29,9,116,1
2010-01-29,10,56,1
2010-01-29,14,109,1
2010-01-29,14,144,1
2010-01-29,14,240,1
2010-01-29,17,164,1
2010-01-29,17,266,1
2010-01-29,19,188,1
2010-01-29,19,340,1
2010-01-29,20,101,1
2010-01-29,21,280,1
2010-01-29,22,70,1
2010-01-29,24,260,1
2010-01-29,27,423,1
2010-01-29,29,189,1
2010-01-29,31,202,1
2010-01-29,32,104,1
2010-01-29,32,232,1
2010-01-29,32,248,1
2010-01-29,41,452,1
2010-01-29,42,268,1
2010-01-29,42,520,1
2010-01-29,43,372,1
2010-01-29,47,1547,1
2010-01-29,63,320,1
2010-01-29,68,119,1
2010-01-29,169,296,1
2010-01-29,186,376,1
2010-01-31,1,1,1
2010-01-31,2,4,1
2010-01-31,3,4,1
2010-01-31,4,34,1
2010-01-31,4,96,1
2010-01-31,5,45,1
2010-01-31,5,151,1
2010-01-31,6,6,1
2010-01-31,6,96,1
2010-01-31,6,99,1
2010-01-31,6,231,1
2010-01-31,7,21,1
2010-01-31,7,72,1
2010-01-31,7,100,1
2010-01-31,7,410,1
2010-01-31,8,82,1
2010-01-31,10,132,1
2010-01-31,10,630,1
2010-01-31,12,66,1
2010-01-31,12,80,1
2010-01-31,12,165,1
2010-01-31,12,236,1
2010-01-31,13,21,1
2010-01-31,14,56,1
2010-01-31,15,142,1
2010-01-31,16,65,1
2010-01-31,17,157,1
2010-01-31,17,163,1
2010-01-31,18,281,1
2010-01-31,19,113,1
2010-01-31,21,68,1
2010-01-31,23,438,1
2010-01-31,24,302,1
2010-01-31,24,550,1
2010-01-31,25,277,1
2010-01-31,26,118,1
2010-01-31,26,138,1
2010-01-31,27,187,1
2010-01-31,29,373,1
2010-01-31,40,55,1
2010-01-31,42,408,1
2010-01-31,43,345,1
2010-01-31,48,179,1
2010-01-31,49,120,1
2010-01-31,49,161,1
2010-01-31,53,253,1
2010-01-31,60,150,1
2010-01-31,66,137,1
2010-01-31,67,362,1
2010-01-31,78,112,1
2010-01-31,80,869,1
2010-01-31,98,789,1
2010-01-31,111,612,1
2010-02-01,1,2,1
2010-02-01,1,12,1
2010-02-01,1,15,1
2010-02-01,1,60,1
2010-02-01,1,96,1
2010-02-01,1,156,1
2010-02-01,1,432,1
2010-02-01,2,4,1
2010-02-01,2,16,1
2010-02-01,3,36,1
2010-02-01,3,84,1
2010-02-01,3,344,1
2010-02-01,4,4,1
2010-02-01,4,55,1
2010-02-01,4,208,1
2010-02-01,5,5,1
2010-02-01,5,60,1
2010-02-01,7,7,1
2010-02-01,7,117,1
2010-02-01,8,10,1
2010-02-01,8,40,1
2010-02-01,9,42,1
2010-02-01,9,144,1
2010-02-01,10,77,1
2010-02-01,10,96,1
2010-02-01,10,98,1
2010-02-01,11,15,2
2010-02-01,11,16,1
2010-02-01,11,57,1
2010-02-01,12,74,1
2010-02-01,14,32,1
2010-02-01,14,106,1
2010-02-01,15,79,1
2010-02-01,15,130,1
2010-02-01,16,106,1
2010-02-01,16,107,1
2010-02-01,16,228,1
2010-02-01,18,43,1
2010-02-01,18,180,1
2010-02-01,18,247,1
2010-02-01,19,101,1
2010-02-01,19,222,1
2010-02-01,21,150,1
2010-02-01,23,197,1
2010-02-01,23,223,1
2010-02-01,24,244,1
2010-02-01,25,171,1
2010-02-01,26,228,1
2010-02-01,27,304,1
2010-02-01,30,250,1
2010-02-01,31,294,1
2010-02-01,35,439,1
2010-02-01,39,176,1
2010-02-01,43,90,1
2010-02-01,44,72,1
2010-02-01,45,137,1
2010-02-01,45,605,1
2010-02-01,47,543,1
2010-02-01,53,131,1
2010-02-01,57,430,1
2010-02-01,145,246,1
2010-02-01,210,341,1
2010-02-02,1,2,2
2010-02-02,1,460,1
2010-02-02,2,2,2
2010-02-02,2,10,1
2010-02-02,4,17,1
2010-02-02,5,84,1
2010-02-02,5,312,1
2010-02-02,6,6,1
2010-02-02,7,70,1
2010-02-02,8,201,1
2010-02-02,9,158,1
2010-02-02,12,81,1
2010-02-02,12,200,1
2010-02-02,12,286,1
2010-02-02,14,230,1
2010-02-02,15,157,1
2010-02-02,16,58,1
2010-02-02,16,166,1
2010-02-02,17,36,1
2010-02-02,18,360,1
2010-02-02,19,355,1
2010-02-02,21,196,1
2010-02-02,22,148,1
2010-02-02,23,241,1
2010-02-02,25,80,1
2010-02-02,26,156,1
2010-02-02,26,464,1
2010-02-02,27,1144,1
2010-02-02,28,382,1
2010-02-02,29,159,1
2010-02-02,35,445,1
2010-02-02,41,440,1
2010-02-02,41,490,1
2010-02-02,42,270,1
2010-02-02,45,105,1
2010-02-02,45,247,1
2010-02-02,50,712,1
2010-02-02,53,106,1
2010-02-02,56,508,1
2010-02-02,59,675,1
2010-02-02,69,160,1
2010-02-02,79,191,1
2010-02-02,109,579,1
2010-02-03,1,2,1
2010-02-03,1,20,1
2010-02-03,1,84,1
2010-02-03,2,2,1
2010-02-03,2,24,1
2010-02-03,3,8,1
2010-02-03,4,12,1
2010-02-03,5,54,1
2010-02-03,6,144,1
2010-02-03,6,216,1
2010-02-03,7,101,1
2010-02-03,7,236,1
2010-02-03,8,54,1
2010-02-03,8,86,1
2010-02-03,11,103,1
2010-02-03,11,104,1
2010-02-03,12,146,1
2010-02-03,12,344,1
2010-02-03,13,245,1
2010-02-03,14,117,1
2010-02-03,15,90,1
2010-02-03,15,170,1
2010-02-03,18,343,1
2010-02-03,19,313,1
2010-02-03,20,413,1
2010-02-03,20,431,1
2010-02-03,20,643,1
2010-02-03,21,255,1
2010-02-03,21,469,1
2010-02-03,22,40,1
2010-02-03,23,37,1
2010-02-03,23,236,1
2010-02-03,24,171,1
2010-02-03,24,402,1
2010-02-03,25,292,1
2010-02-03,26,48,1
2010-02-03,26,563,1
2010-02-03,28,129,1
2010-02-03,28,305,1
2010-02-03,30,345,1
2010-02-03,31,132,1
2010-02-03,44,193,1
2010-02-03,46,61,1
2010-02-03,65,591,1
2010-02-03,70,402,1
2010-02-03,94,206,1
2010-02-03,142,215,1
2010-02-03,168,432,1
2010-02-03,195,262,1
2010-02-04,1,2,1
2010-02-04,1,30,1
2010-02-04,1,144,1
2010-02-04,1,300,2
2010-02-04,1,500,1
2010-02-04,2,2,1
2010-02-04,3,14,1
2010-02-04,3,648,1
2010-02-04,4,18,1
2010-02-04,4,42,1
2010-02-04,4,67,1
2010-02-04,5,7,1
2010-02-04,5,35,1
2010-02-04,5,196,1
2010-02-04,6,86,1
2010-02-04,6,680,1
2010-02-04,7,55,1
2010-02-04,9,65,1
2010-02-04,11,97,1
2010-02-04,12,159,1
2010-02-04,13,158,1
2010-02-04,14,183,1
2010-02-04,15,172,1
2010-02-04,16,203,2
2010-02-04,16,358,1
2010-02-04,17,56,1
2010-02-04,17,128,1
2010-02-04,17,226,1
2010-02-04,17,231,1
2010-02-04,17,326,1
2010-02-04,18,31,1
2010-02-04,18,161,1
2010-02-04,19,191,1
2010-02-04,20,206,1
2010-02-04,21,229,1
2010-02-04,22,109,1
2010-02-04,25,109,1
2010-02-04,25,112,1
2010-02-04,25,260,3
2010-02-04,26,167,1
2010-02-04,28,180,1
2010-02-04,28,185,1
2010-02-04,28,309,1
2010-02-04,28,662,1
2010-02-04,29,376,1
2010-02-04,32,58,1
2010-02-04,35,61,1
2010-02-04,37,42,1
2010-02-04,42,83,1
2010-02-04,47,157,1
2010-02-04,61,326,1
2010-02-04,62,306,1
2010-02-04,65,327,1
2010-02-04,73,223,1
2010-02-04,73,270,1
2010-02-04,73,296,1
2010-02-04,101,837,1
2010-02-04,128,367,1
2010-02-05,1,12,1
2010-02-05,1,374,1
2010-02-05,2,37,1
2010-02-05,3,28,1
2010-02-05,4,80,1
2010-02-05,4,112,1
2010-02-05,4,120,1
2010-02-05,6,50,1
2010-02-05,6,80,1
2010-02-05,6,108,1
2010-02-05,6,1190,1
2010-02-05,8,29,1
2010-02-05,8,242,1
2010-02-05,9,44,1
2010-02-05,10,234,1
2010-02-05,13,41,1
2010-02-05,13,222,1
2010-02-05,15,70,1
2010-02-05,15,125,1
2010-02-05,15,156,1
2010-02-05,15,1296,1
2010-02-05,17,126,1
2010-02-05,17,135,1
2010-02-05,17,771,1
2010-02-05,18,288,1
2010-02-05,21,292,1
2010-02-05,22,168,1
2010-02-05,23,237,1
2010-02-05,28,235,1
2010-02-05,30,36,1
2010-02-05,30,217,1
2010-02-05,31,319,1
2010-02-05,41,420,1
2010-02-05,48,256,1
2010-02-05,49,988,1
2010-02-05,50,416,1
2010-02-05,53,391,1
2010-02-05,139,220,1
2010-02-05,145,231,1
2010-02-07,3,192,1
2010-02-07,4,7,1
2010-02-07,4,1008,1
2010-02-07,6,42,1
2010-02-07,8,51,1
2010-02-07,8,192,1
2010-02-07,9,129,1
2010-02-07,10,86,1
2010-02-07,13,66,1
2010-02-07,15,154,1
2010-02-07,16,39,1
2010-02-07,16,99,1
2010-02-07,16,103,1
2010-02-07,19,36,1
2010-02-07,19,54,1
2010-02-07,20,243,1
2010-02-07,21,185,1
2010-02-07,21,1234,1
2010-02-07,22,192,1
2010-02-07,23,239,1
2010-02-07,24,194,1
2010-02-07,31,78,1
2010-02-07,33,96,1
2010-02-07,34,5116,1
2010-02-07,44,88,1
2010-02-07,49,562,1
2010-02-07,60,217,1
2010-02-07,61,105,1
2010-02-07,76,136,1
2010-02-07,125,258,1
2010-02-08,1,1,2
2010-02-08,2,18,1
2010-02-08,3,14,1
2010-02-08,3,22,1
2010-02-08,3,34,1
2010-02-08,3,48,1
2010-02-08,3,126,1
2010-02-08,4,4,1
2010-02-08,4,6,1
2010-02-08,4,32,1
2010-02-08,5,52,1
2010-02-08,5,106,1
2010-02-08,6,9,1
2010-02-08,6,32,1
2010-02-08,6,210,1
2010-02-08,7,74,1
2010-02-08,7,105,1
2010-02-08,8,29,1
2010-02-08,8,72,1
2010-02-08,8,81,1
2010-02-08,8,126,1
2010-02-08,9,86,1
2010-02-08,11,98,1
2010-02-08,11,265,1
2010-02-08,12,43,1
2010-02-08,12,245,1
2010-02-08,14,124,1
2010-02-08,15,213,1
2010-02-08,17,43,1
2010-02-08,17,113,1
2010-02-08,18,303,1
2010-02-08,19,380,1
2010-02-08,20,126,1
2010-02-08,21,104,1
2010-02-08,21,253,1
2010-02-08,22,79,1
2010-02-08,23,254,1
2010-02-08,24,73,1
2010-02-08,25,270,1
2010-02-08,26,37,1
2010-02-08,26,111,1
2010-02-08,27,82,1
2010-02-08,27,389,1
2010-02-08,28,462,2
2010-02-08,30,238,1
2010-02-08,31,259,1
2010-02-08,31,546,1
2010-02-08,35,48,1
2010-02-08,38,46,1
2010-02-08,38,184,1
2010-02-08,39,67,1
2010-02-08,44,422,1
2010-02-08,47,160,1
2010-02-08,69,266,1
2010-02-08,135,224,1
2010-02-08,205,336,1
2010-02-09,1,1,1
2010-02-09,1,144,1
2010-02-09,2,84,1
2010-02-09,2,246,1
2010-02-09,3,17,1
2010-02-09,3,39,1
2010-02-09,4,11,1
2010-02-09,4,49,1
2010-02-09,6,43,1
2010-02-09,6,60,1
2010-02-09,6,79,1
2010-02-09,6,166,1
2010-02-09,7,53,1
2010-02-09,7,58,1
2010-02-09,8,20,1
2010-02-09,8,42,1
2010-02-09,8,56,1
2010-02-09,8,92,1
2010-02-09,9,76,1
2010-02-09,10,142,1
2010-02-09,10,405,1
2010-02-09,11,110,1
2010-02-09,11,127,1
2010-02-09,12,138,1
2010-02-09,13,82,1
2010-02-09,13,170,1
2010-02-09,14,99,1
2010-02-09,14,822,1
2010-02-09,15,47,1
2010-02-09,15,172,1
2010-02-09,16,89,1
2010-02-09,16,142,1
2010-02-09,16,181,1
2010-02-09,17,180,1
2010-02-09,17,222,1
2010-02-09,18,31,1
2010-02-09,19,165,1
2010-02-09,20,225,1
2010-02-09,20,292,1
2010-02-09,21,433,1
2010-02-09,24,168,1
2010-02-09,25,134,1
2010-02-09,25,154,1
2010-02-09,26,359,1
2010-02-09,29,275,1
2010-02-09,29,418,1
2010-02-09,36,345,1
2010-02-09,36,390,1
2010-02-09,37,48,1
2010-02-09,38,213,1
2010-02-09,39,204,1
2010-02-09,51,822,1
2010-02-09,90,1519,1
2010-02-09,137,229,1
2010-02-10,1,1,3
2010-02-10,3,40,1
2010-02-10,3,45,1
2010-02-10,3,108,1
2010-02-10,5,38,1
2010-02-10,5,72,1
2010-02-10,5,144,1
2010-02-10,7,32,1
2010-02-10,7,130,1
2010-02-10,8,176,1
2010-02-10,11,176,1
2010-02-10,12,12,1
2010-02-10,12,38,1
2010-02-10,12,78,1
2010-02-10,12,87,1
2010-02-10,13,54,1
2010-02-10,13,57,1
2010-02-10,14,135,1
2010-02-10,21,57,1
2010-02-10,22,119,1
2010-02-10,29,56,1
2010-02-10,31,43,1
2010-02-10,31,496,1
2010-02-10,36,68,1
2010-02-10,40,74,1
2010-02-10,52,448,1
2010-02-10,80,299,1
2010-02-10,158,226,1
2010-02-10,206,463,1
2010-02-11,1,1,3
2010-02-11,1,2,1
2010-02-11,1,10,1
2010-02-11,1,12,2
2010-02-11,1,24,2
2010-02-11,1,96,1
2010-02-11,1,300,1
2010-02-11,2,4,2
2010-02-11,2,52,1
2010-02-11,3,14,1
2010-02-11,3,624,1
2010-02-11,4,4,1
2010-02-11,4,40,1
2010-02-11,4,400,1
2010-02-11,5,84,1
2010-02-11,7,48,1
2010-02-11,8,36,1
2010-02-11,8,74,1
2010-02-11,8,245,1
2010-02-11,8,700,1
2010-02-11,9,32,1
2010-02-11,10,120,1
2010-02-11,11,158,1
2010-02-11,11,486,1
2010-02-11,12,79,1
2010-02-11,12,99,1
2010-02-11,12,162,1
2010-02-11,12,271,1
2010-02-11,12,288,1
2010-02-11,14,67,1
2010-02-11,14,145,1
2010-02-11,14,159,1
2010-02-11,14,173,1
2010-02-11,17,734,1
2010-02-11,19,65,1
2010-02-11,19,304,1
2010-02-11,21,62,1
2010-02-11,21,163,1
2010-02-11,23,79,1
2010-02-11,23,142,1
2010-02-11,25,113,1
2010-02-11,25,335,1
2010-02-11,26,81,1
2010-02-11,26,115,1
2010-02-11,26,230,1
2010-02-11,27,105,1
2010-02-11,41,102,1
2010-02-11,53,146,1
2010-02-11,56,773,1
2010-02-11,60,192,1
2010-02-11,64,244,1
2010-02-12,1,1,2
2010-02-12,1,20,1
2010-02-12,2,2,1
2010-02-12,2,108,1
2010-02-12,3,188,1
2010-02-12,5,118,1
2010-02-12,5,722,1
2010-02-12,6,158,1
2010-02-12,6,1440,1
2010-02-12,8,100,1
2010-02-12,9,114,1
2010-02-12,11,182,1
2010-02-12,12,76,1
2010-02-12,13,71,1
2010-02-12,18,129,1
2010-02-12,18,156,1
2010-02-12,19,43,1
2010-02-12,19,178,1
2010-02-12,20,45,1
2010-02-12,20,188,1
2010-02-12,20,253,1
2010-02-12,29,318,1
2010-02-12,32,89,1
2010-02-12,35,129,1
2010-02-12,35,365,1
2010-02-12,43,791,1
2010-02-12,44,197,1
2010-02-12,44,653,1
2010-02-12,53,155,1
2010-02-12,60,341,1
2010-02-12,175,323,1
2010-02-14,1,1,1
2010-02-14,1,48,1
2010-02-14,1,144,1
2010-02-14,2,200,1
2010-02-14,3,3,1
2010-02-14,3,106,1
2010-02-14,4,408,1
2010-02-14,5,46,1
2010-02-14,8,104,1
2010-02-14,9,31,1
2010-02-14,9,65,1
2010-02-14,9,234,1
2010-02-14,10,276,1
2010-02-14,13,115,1
2010-02-14,13,160,1
2010-02-14,14,90,1
2010-02-14,15,116,1
2010-02-14,15,425,1
2010-02-14,16,92,1
2010-02-14,16,167,1
2010-02-14,18,151,1
2010-02-14,19,158,1
2010-02-14,19,494,1
2010-02-14,20,43,1
2010-02-14,21,54,1
2010-02-14,21,94,1
2010-02-14,21,185,1
2010-02-14,21,187,1
2010-02-14,21,228,1
2010-02-14,21,268,1
2010-02-14,22,918,1
2010-02-14,25,198,1
2010-02-14,29,67,1
2010-02-14,29,1434,1
2010-02-14,31,322,1
2010-02-14,34,241,1
2010-02-14,36,516,1
2010-02-14,37,127,1
2010-02-14,49,272,1
2010-02-14,65,259,1
2010-02-14,66,363,1
2010-02-14,76,156,1
2010-02-14,90,624,1
2010-02-14,104,587,1
2010-02-14,123,165,1
2010-02-15,1,1,1
2010-02-15,1,6,1
2010-02-15,1,10,1
2010-02-15,1,12,3
2010-02-15,2,10,1
2010-02-15,2,72,1
2010-02-15,3,36,2
2010-02-15,3,60,1
2010-02-15,4,192,1
2010-02-15,5,98,1
2010-02-15,6,576,1
2010-02-15,6,600,1
2010-02-15,7,1700,1
2010-02-15,8,19,1
2010-02-15,9,134,1
2010-02-15,11,243,1
2010-02-15,11,549,1
2010-02-15,14,134,1
2010-02-15,14,256,1
2010-02-15,16,191,1
2010-02-15,17,33,1
2010-02-15,17,548,1
2010-02-15,19,147,2
2010-02-15,21,68,1
2010-02-15,21,175,1
2010-02-15,22,76,1
2010-02-15,24,677,1
2010-02-15,25,86,1
2010-02-15,25,241,1
2010-02-15,29,403,1
2010-02-15,30,83774,1
2010-02-15,35,358,1
2010-02-15,46,288,1
2010-02-15,46,322,1
2010-02-15,47,428,1
2010-02-15,48,629,1
2010-02-15,51,616,1
2010-02-15,59,186,1
2010-02-15,73,1339,1
2010-02-15,80,1086,1
2010-02-16,1,3,1
2010-02-16,3,3,1
2010-02-16,3,8,1
2010-02-16,3,144,1
2010-02-16,3,204,1
2010-02-16,3,396,1
2010-02-16,4,6,1
2010-02-16,4,8,1
2010-02-16,4,25,1
2010-02-16,5,77,1
2010-02-16,6,74,1
2010-02-16,6,117,1
2010-02-16,6,668,1
2010-02-16,7,36,1
2010-02-16,7,91,1
2010-02-16,7,114,1
2010-02-16,7,1320,1
2010-02-16,8,75,1
2010-02-16,8,78,1
2010-02-16,9,40,1
2010-02-16,9,85,1
2010-02-16,9,189,1
2010-02-16,9,254,1
2010-02-16,10,92,1
2010-02-16,10,214,1
2010-02-16,12,73,1
2010-02-16,14,152,1
2010-02-16,15,125,1
2010-02-16,15,142,1
2010-02-16,15,208,1
2010-02-16,15,1304,1
2010-02-16,16,98,1
2010-02-16,17,93,1
2010-02-16,17,142,1
2010-02-16,17,208,1
2010-02-16,18,199,1
2010-02-16,18,200,1
2010-02-16,19,524,1
2010-02-16,23,341,1
2010-02-16,24,271,1
2010-02-16,27,321,1
2010-02-16,28,254,1
2010-02-16,29,122,1
2010-02-16,30,199,1
2010-02-16,31,134,1
2010-02-16,31,219,1
2010-02-16,35,212,1
2010-02-16,36,315,1
2010-02-16,43,73,1
2010-02-16,47,350,1
2010-02-16,48,355,1
2010-02-16,51,591,1
2010-02-16,52,299,1
2010-02-16,54,922,1
2010-02-16,55,130,1
2010-02-16,67,445,1
2010-02-16,68,183,1
2010-02-16,84,1775,1
2010-02-16,114,198,1
2010-02-16,135,457,1
2010-02-16,415,764,1
2010-02-17,1,9456,1
2010-02-17,2,8,1
2010-02-17,2,85,1
2010-02-17,2,298,1
2010-02-17,3,6,1
2010-02-17,3,18,1
2010-02-17,3,890,1
2010-02-17,4,128,1
2010-02-17,5,70,1
2010-02-17,5,76,1
2010-02-17,6,576,1
2010-02-17,6,658,1
2010-02-17,7,224,1
2010-02-17,8,26,1
2010-02-17,10,44,1
2010-02-17,10,84,1
2010-02-17,10,814,1
2010-02-17,11,14,1
2010-02-17,11,144,1
2010-02-17,13,108,1
2010-02-17,15,38,1
2010-02-17,16,41,1
2010-02-17,16,372,1
2010-02-17,16,814,1
2010-02-17,17,136,1
2010-02-17,18,188,1
2010-02-17,18,303,1
2010-02-17,20,99,1
2010-02-17,21,61,1
2010-02-17,21,235,1
2010-02-17,22,316,1
2010-02-17,22,401,1
2010-02-17,23,278,1
2010-02-17,25,190,1
2010-02-17,26,194,1
2010-02-17,27,65,1
2010-02-17,29,354,1
2010-02-17,30,414,1
2010-02-17,34,247,1
2010-02-17,36,2250,1
2010-02-17,37,1893,1
2010-02-17,40,85,1
2010-02-17,41,139,1
2010-02-17,41,217,1
2010-02-17,41,415,1
2010-02-17,52,329,1
2010-02-17,62,814,1
2010-02-17,117,454,1
2010-02-18,1,1,1
2010-02-18,1,6,2
2010-02-18,1,10,1
2010-02-18,1,30,1
2010-02-18,1,50,1
2010-02-18,2,2,1
2010-02-18,2,160,1
2010-02-18,3,7,1
2010-02-18,3,20,1
2010-02-18,5,32,1
2010-02-18,5,480,1
2010-02-18,6,64,1
2010-02-18,6,131,1
2010-02-18,7,65,1
2010-02-18,7,642,1
2010-02-18,9,101,1
2010-02-18,9,152,1
2010-02-18,9,160,1
2010-02-18,10,77,1
2010-02-18,11,76,1
2010-02-18,11,87,1
2010-02-18,11,107,1
2010-02-18,12,92,1
2010-02-18,13,120,1
2010-02-18,14,2114,1
2010-02-18,16,392,1
2010-02-18,17,200,1
2010-02-18,17,262,1
2010-02-18,17,342,1
2010-02-18,18,27,1
2010-02-18,18,146,1
2010-02-18,18,155,1
2010-02-18,18,232,1
2010-02-18,19,183,1
2010-02-18,20,46,1
2010-02-18,20,262,1
2010-02-18,21,178,1
2010-02-18,21,325,1
2010-02-18,22,77,1
2010-02-18,22,242,1
2010-02-18,22,292,1
2010-02-18,23,56,1
2010-02-18,23,181,1
2010-02-18,24,196,1
2010-02-18,27,295,1
2010-02-18,28,207,1
2010-02-18,29,225,1
2010-02-18,29,342,1
2010-02-18,31,96,1
2010-02-18,32,106,1
2010-02-18,34,77,1
2010-02-18,34,606,1
2010-02-18,37,5864,1
2010-02-18,38,117,1
2010-02-18,38,489,1
2010-02-18,41,1062,1
2010-02-18,45,499,1
2010-02-18,46,169,1
2010-02-18,54,430,1
2010-02-18,82,173,1
2010-02-18,83,416,1
2010-02-18,97,124,1
2010-02-19,1,4,1
2010-02-19,1,96,2
2010-02-19,1,100,1
2010-02-19,2,2,1
2010-02-19,2,450,1
2010-02-19,3,3,1
2010-02-19,3,204,1
2010-02-19,4,5,1
2010-02-19,4,69,1
2010-02-19,4,318,1
2010-02-19,5,5,1
2010-02-19,5,2970,1
2010-02-19,6,7,1
2010-02-19,6,9,1
2010-02-19,6,10,1
2010-02-19,6,11,1
2010-02-19,7,8,1
2010-02-19,7,9,1
2010-02-19,7,48,1
2010-02-19,7,84,1
2010-02-19,7,1400,1
2010-02-19,8,13,1
2010-02-19,9,58,1
2010-02-19,10,16,1
2010-02-19,10,31,1
2010-02-19,10,76,1
2010-02-19,10,83,1
2010-02-19,10,104,1
2010-02-19,11,17,1
2010-02-19,12,22,1
2010-02-19,12,261,1
2010-02-19,13,131,1
2010-02-19,14,14,1
2010-02-19,14,18,1
2010-02-19,14,21,1
2010-02-19,15,16,1
2010-02-19,15,196,1
2010-02-19,17,27,1
2010-02-19,18,23,1
2010-02-19,20,197,1
2010-02-19,21,28,1
2010-02-19,21,145,1
2010-02-19,21,242,1
2010-02-19,25,62,1
2010-02-19,27,868,1
2010-02-19,36,535,1
2010-02-19,39,179,1
2010-02-19,41,409,1
2010-02-19,43,52,1
2010-02-19,54,530,1
2010-02-19,57,111,1
2010-02-19,57,366,1
2010-02-19,112,365,1
2010-02-19,126,294,1
2010-02-19,163,333,1
2010-02-19,200,494,1
2010-02-19,217,346,1
2010-02-21,1,120,1
2010-02-21,2,132,1
2010-02-21,3,8,1
2010-02-21,3,390,1
2010-02-21,4,48,1
2010-02-21,6,98,1
2010-02-21,7,24,1
2010-02-21,11,132,1
2010-02-21,11,164,1
2010-02-21,13,100,1
2010-02-21,14,96,1
2010-02-21,14,105,1
2010-02-21,14,173,1
2010-02-21,15,40,1
2010-02-21,16,133,1
2010-02-21,19,117,1
2010-02-21,19,192,1
2010-02-21,19,210,1
2010-02-21,20,74,1
2010-02-21,21,71,1
2010-02-21,21,99,1
2010-02-21,21,204,1
2010-02-21,28,281,1
2010-02-21,29,58,1
2010-02-21,29,66,1
2010-02-21,29,93,1
2010-02-21,31,80,1
2010-02-21,33,303,1
2010-02-21,35,338,1
2010-02-21,39,314,1
2010-02-21,44,64,1
2010-02-21,48,159,1
2010-02-21,54,144,1
2010-02-21,55,485,1
2010-02-21,57,165,1
2010-02-21,62,124,1
2010-02-21,70,195,1
2010-02-22,1,1,1
2010-02-22,1,25,1
2010-02-22,1,250,1
2010-02-22,2,3,1
2010-02-22,2,388,1
2010-02-22,3,6,1
2010-02-22,3,120,1
2010-02-22,3,128,1
2010-02-22,4,56,1
2010-02-22,4,78,1
2010-02-22,5,68,1
2010-02-22,6,8,1
2010-02-22,6,12,1
2010-02-22,6,67,1
2010-02-22,6,122,1
2010-02-22,8,370,1
2010-02-22,10,100,1
2010-02-22,11,340,1
2010-02-22,12,288,1
2010-02-22,12,494,1
2010-02-22,13,85,1
2010-02-22,13,128,1
2010-02-22,13,156,1
2010-02-22,14,125,1
2010-02-22,14,156,1
2010-02-22,18,50,1
2010-02-22,18,216,1
2010-02-22,18,235,1
2010-02-22,23,310,1
2010-02-22,26,268,1
2010-02-22,31,196,1
2010-02-22,31,486,1
2010-02-22,33,1882,1
2010-02-22,35,228,1
2010-02-22,36,88,1
2010-02-22,38,170,1
2010-02-22,38,411,1
2010-02-22,39,381,1
2010-02-22,40,369,1
2010-02-22,47,92,1
2010-02-22,48,152,1
2010-02-22,51,438,1
2010-02-22,53,181,1
2010-02-22,54,798,1
2010-02-22,58,865,1
2010-02-22,59,308,1
2010-02-22,59,532,1
2010-02-22,85,1201,1
2010-02-23,1,1,1
2010-02-23,1,2,2
2010-02-23,2,3,1
2010-02-23,2,12,1
2010-02-23,2,36,1
2010-02-23,4,23,1
2010-02-23,4,232,1
2010-02-23,5,11,1
2010-02-23,7,85,1
2010-02-23,7,132,1
2010-02-23,7,516,1
2010-02-23,8,25,1
2010-02-23,8,290,1
2010-02-23,9,2116,1
2010-02-23,10,129,1
2010-02-23,10,190,1
2010-02-23,11,316,1
2010-02-23,13,375,1
2010-02-23,15,145,1
2010-02-23,16,144,1
2010-02-23,17,153,1
2010-02-23,18,160,1
2010-02-23,18,696,1
2010-02-23,19,19,1
2010-02-23,19,91,1
2010-02-23,20,146,1
2010-02-23,21,31,1
2010-02-23,21,52,1
2010-02-23,22,175,1
2010-02-23,22,482,1
2010-02-23,23,238,1
2010-02-23,23,308,1
2010-02-23,23,411,1
2010-02-23,25,479,1
2010-02-23,26,468,1
2010-02-23,27,235,1
2010-02-23,29,281,1
2010-02-23,29,332,1
2010-02-23,30,343,1
2010-02-23,50,245,1
2010-02-23,53,151,1
2010-02-23,62,316,1
2010-02-23,66,667,1
2010-02-23,74,117,1
2010-02-23,107,233,1
2010-02-23,157,700,1
2010-02-24,1,1,1
2010-02-24,1,5,1
2010-02-24,1,36,1
2010-02-24,1,48,1
2010-02-24,1,150,1
2010-02-24,1,1008,1
2010-02-24,2,30,1
2010-02-24,3,16,1
2010-02-24,3,76,1
2010-02-24,3,180,1
2010-02-24,4,8,1
2010-02-24,4,11,1
2010-02-24,4,44,1
2010-02-24,4,640,1
2010-02-24,5,602,1
2010-02-24,5,654,1
2010-02-24,6,14,1
2010-02-24,6,52,1
2010-02-24,7,12,1
2010-02-24,9,47,1
2010-02-24,9,343,1
2010-02-24,10,288,1
2010-02-24,11,24,1
2010-02-24,11,77,1
2010-02-24,11,121,1
2010-02-24,12,93,1
2010-02-24,12,304,1
2010-02-24,13,73,1
2010-02-24,13,83,1
2010-02-24,13,216,1
2010-02-24,13,1232,4
2010-02-24,13,2224,1
2010-02-24,14,131,1
2010-02-24,16,32,1
2010-02-24,16,83,1
2010-02-24,16,130,1
2010-02-24,16,1028,1
2010-02-24,17,147,1
2010-02-24,17,297,1
2010-02-24,18,377,1
2010-02-24,19,106,1
2010-02-24,20,95,1
2010-02-24,20,293,1
2010-02-24,21,220,1
2010-02-24,27,331,1
2010-02-24,27,339,1
2010-02-24,30,3676,1
2010-02-24,32,84,1
2010-02-24,35,153,1
2010-02-24,35,205,1
2010-02-24,35,349,1
2010-02-24,38,132,1
2010-02-24,40,394,1
2010-02-24,46,73,1
2010-02-24,53,82,1
2010-02-24,58,102,1
2010-02-24,63,451,1
2010-02-24,67,261,1
2010-02-24,107,155,1
2010-02-24,161,319,1
2010-02-25,1,1,1
2010-02-25,1,5,1
2010-02-25,1,6,1
2010-02-25,1,48,1
2010-02-25,1,180,1
2010-02-25,2,5,1
2010-02-25,2,108,1
2010-02-25,2,384,1
2010-02-25,3,37,1
2010-02-25,3,52,1
2010-02-25,3,58,1
2010-02-25,4,224,1
2010-02-25,4,240,1
2010-02-25,4,282,1
2010-02-25,5,10,1
2010-02-25,5,72,1
2010-02-25,5,246,1
2010-02-25,6,19,1
2010-02-25,6,49,1
2010-02-25,6,2880,1
2010-02-25,8,190,1
2010-02-25,8,240,1
2010-02-25,8,900,1
2010-02-25,9,47,1
2010-02-25,9,51,1
2010-02-25,10,185,1
2010-02-25,11,99,1
2010-02-25,12,109,1
2010-02-25,12,141,1
2010-02-25,13,102,1
2010-02-25,14,160,1
2010-02-25,16,178,1
2010-02-25,17,3168,1
2010-02-25,18,63,1
2010-02-25,18,89,1
2010-02-25,18,98,1
2010-02-25,19,57,1
2010-02-25,19,150,1
2010-02-25,19,263,1
2010-02-25,19,501,1
2010-02-25,20,113,1
2010-02-25,20,248,1
2010-02-25,20,3736,1
2010-02-25,21,81,1
2010-02-25,24,342,1
2010-02-25,25,232,1
2010-02-25,25,350,1
2010-02-25,26,73,1
2010-02-25,28,349,1
2010-02-25,29,318,1
2010-02-25,32,100,1
2010-02-25,34,322,1
2010-02-25,34,400,1
2010-02-25,36,99,1
2010-02-25,38,669,1
2010-02-25,39,132,1
2010-02-25,41,1149,1
2010-02-25,41,2851,1
2010-02-25,43,57,1
2010-02-25,44,161,1
2010-02-25,49,450,1
2010-02-25,52,297,1
2010-02-25,54,506,1
2010-02-25,55,398,1
2010-02-25,66,240,1
2010-02-25,95,649,1
2010-02-25,166,297,1
2010-02-26,1,12,1
2010-02-26,1,36,1
2010-02-26,1,100,1
2010-02-26,2,2,1
2010-02-26,2,132,1
2010-02-26,2,400,1
2010-02-26,3,118,1
2010-02-26,4,4,1
2010-02-26,5,33,1
2010-02-26,7,37,1
2010-02-26,8,15,1
2010-02-26,8,123,1
2010-02-26,9,109,1
2010-02-26,10,11,1
2010-02-26,11,220,1
2010-02-26,11,378,1
2010-02-26,15,117,1
2010-02-26,16,163,1
2010-02-26,17,158,1
2010-02-26,17,170,1
2010-02-26,20,97,1
2010-02-26,20,179,1
2010-02-26,23,34,1
2010-02-26,23,144,1
2010-02-26,23,240,1
2010-02-26,24,344,1
2010-02-26,24,351,1
2010-02-26,26,26,1
2010-02-26,26,509,1
2010-02-26,27,322,1
2010-02-26,36,313,1
2010-02-26,45,86,1
2010-02-26,76,1543,1
2010-02-26,79,295,1
2010-02-26,166,261,1
2010-02-26,189,345,1
2010-02-28,1,36,1
2010-02-28,1,40,1
2010-02-28,2,216,1
2010-02-28,3,33,1
2010-02-28,3,260,1
2010-02-28,4,15,1
2010-02-28,4,76,1
2010-02-28,4,376,1
2010-02-28,5,18,1
2010-02-28,6,8,1
2010-02-28,6,87,1
2010-02-28,9,61,1
2010-02-28,9,133,1
2010-02-28,9,175,1
2010-02-28,9,624,1
2010-02-28,11,61,1
2010-02-28,11,64,1
2010-02-28,12,26,1
2010-02-28,13,45,1
2010-02-28,13,90,1
2010-02-28,13,762,1
2010-02-28,14,48,1
2010-02-28,14,120,1
2010-02-28,14,178,1
2010-02-28,15,80,1
2010-02-28,15,258,1
2010-02-28,16,167,1
2010-02-28,17,77,1
2010-02-28,17,237,1
2010-02-28,19,89,1
2010-02-28,20,52,1
2010-02-28,20,199,1
2010-02-28,22,145,1
2010-02-28,22,160,1
2010-02-28,24,138,1
2010-02-28,24,176,1
2010-02-28,25,216,1
2010-02-28,26,44,1
2010-02-28,26,167,1
2010-02-28,27,129,1
2010-02-28,27,203,1
2010-02-28,31,53,1
2010-02-28,33,224,1
2010-02-28,34,121,1
2010-02-28,37,86,1
2010-02-28,49,90,1
2010-02-28,53,208,1
2010-02-28,54,120,1
2010-02-28,57,97,1
2010-02-28,69,400,1
2010-02-28,93,115,1
2010-02-28,94,422,1
2010-02-28,123,475,1
2010-03-01,1,6,1
2010-03-01,1,24,1
2010-03-01,1,100,1
2010-03-01,1,1200,1
2010-03-01,2,32,1
2010-03-01,2,72,1
2010-03-01,3,32,1
2010-03-01,3,106,1
2010-03-01,3,200,1
2010-03-01,4,72,1
2010-03-01,4,960,1
2010-03-01,5,42,1
2010-03-01,6,19,1
2010-03-01,6,68,1
2010-03-01,6,78,1
2010-03-01,6,127,1
2010-03-01,6,264,1
2010-03-01,7,37,1
2010-03-01,7,56,1
2010-03-01,7,352,1
2010-03-01,8,172,1
2010-03-01,9,1006,1
2010-03-01,10,124,1
2010-03-01,11,107,1
2010-03-01,12,144,1
2010-03-01,13,81,1
2010-03-01,14,85,1
2010-03-01,14,121,1
2010-03-01,14,136,1
2010-03-01,14,176,1
2010-03-01,14,206,1
2010-03-01,15,87,1
2010-03-01,15,194,1
2010-03-01,16,125,1
2010-03-01,16,1726,1
2010-03-01,17,70,1
2010-03-01,17,106,1
2010-03-01,17,226,1
2010-03-01,20,6456,1
2010-03-01,21,66,1
2010-03-01,21,71,1
2010-03-01,23,76,1
2010-03-01,24,57,1
2010-03-01,24,95,1
2010-03-01,26,365,1
2010-03-01,27,2184,1
2010-03-01,30,54,1
2010-03-01,32,361,1
2010-03-01,33,325,1
2010-03-01,36,359,1
2010-03-01,43,78,1
2010-03-01,43,127,1
2010-03-01,47,392,1
2010-03-01,52,118,1
2010-03-01,55,151,1
2010-03-01,61,810,1
2010-03-01,63,317,1
2010-03-01,168,259,1
2010-03-02,1,1,2
2010-03-02,1,4,1
2010-03-02,1,36,1
2010-03-02,1,120,1
2010-03-02,2,40,1
2010-03-02,2,228,1
2010-03-02,3,3,1
2010-03-02,3,108,1
2010-03-02,4,93,1
2010-03-02,5,5,1
2010-03-02,5,68,1
2010-03-02,6,41,1
2010-03-02,7,96,1
2010-03-02,7,120,1
2010-03-02,8,41,1
2010-03-02,9,74,1
2010-03-02,9,92,1
2010-03-02,10,66,1
2010-03-02,11,94,1
2010-03-02,11,134,1
2010-03-02,12,198,1
2010-03-02,13,148,1
2010-03-02,14,136,1
2010-03-02,14,148,1
2010-03-02,15,114,1
2010-03-02,16,162,1
2010-03-02,17,69,1
2010-03-02,17,86,1
2010-03-02,17,153,1
2010-03-02,18,112,1
2010-03-02,19,161,1
2010-03-02,19,552,1
2010-03-02,19,1782,1
2010-03-02,21,214,1
2010-03-02,22,60,1
2010-03-02,22,125,1
2010-03-02,24,59,1
2010-03-02,24,293,1
2010-03-02,27,243,1
2010-03-02,28,32,1
2010-03-02,29,333,1
2010-03-02,32,280,1
2010-03-02,33,190,1
2010-03-02,33,315,1
2010-03-02,33,616,1
2010-03-02,36,642,1
2010-03-02,37,235,1
2010-03-02,43,104,1
2010-03-02,47,62,1
2010-03-02,47,264,1
2010-03-02,70,1279,1
2010-03-02,116,395,1
2010-03-02,202,375,1
2010-03-02,271,500,1
2010-03-03,1,1,1
2010-03-03,2,16,1
2010-03-03,3,42,1
2010-03-03,3,70,1
2010-03-03,3,94,1
2010-03-03,4,6,1
2010-03-03,4,17,1
2010-03-03,4,34,1
2010-03-03,5,40,1
2010-03-03,6,65,1
2010-03-03,6,97,1
2010-03-03,6,104,1
2010-03-03,7,45,1
2010-03-03,7,52,1
2010-03-03,7,123,1
2010-03-03,9,59,1
2010-03-03,9,74,1
2010-03-03,9,83,1
2010-03-03,9,100,1
2010-03-03,10,56,1
2010-03-03,10,75,1
2010-03-03,11,64,1
2010-03-03,11,98,2
2010-03-03,12,791,1
2010-03-03,13,51,1
2010-03-03,13,144,1
2010-03-03,15,58,1
2010-03-03,15,245,1
2010-03-03,16,75,1
2010-03-03,16,140,1
2010-03-03,16,152,1
2010-03-03,16,205,1
2010-03-03,17,106,1
2010-03-03,18,198,1
2010-03-03,19,218,1
2010-03-03,22,205,1
2010-03-03,23,226,1
2010-03-03,24,274,1
2010-03-03,24,387,1
2010-03-03,25,76,1
2010-03-03,27,132,1
2010-03-03,27,291,1
2010-03-03,28,304,1
2010-03-03,29,484,1
2010-03-03,31,60,1
2010-03-03,31,795,1
2010-03-03,32,92,1
2010-03-03,33,91,1
2010-03-03,36,4940,1
2010-03-03,39,1197,1
2010-03-03,40,71,1
2010-03-03,45,370,1
2010-03-03,45,497,1
2010-03-03,48,543,1
2010-03-03,49,90,1
2010-03-03,66,255,1
2010-03-03,69,2467,1
2010-03-03,108,264,1
2010-03-03,115,1536,1
2010-03-03,138,518,1
2010-03-03,222,342,1
2010-03-04,1,1,2
2010-03-04,1,6,1
2010-03-04,1,72,1
2010-03-04,2,72,1
2010-03-04,3,24,1
2010-03-04,3,36,1
2010-03-04,3,105,1
2010-03-04,4,348,1
2010-03-04,5,50,1
2010-03-04,5,261,1
2010-03-04,6,10,1
2010-03-04,6,260,1
2010-03-04,7,158,1
2010-03-04,7,205,1
2010-03-04,8,31,1
2010-03-04,9,74,1
2010-03-04,11,78,1
2010-03-04,11,117,1
2010-03-04,11,141,1
2010-03-04,11,145,1
2010-03-04,12,84,1
2010-03-04,13,99,1
2010-03-04,13,137,1
2010-03-04,13,174,1
2010-03-04,13,224,1
2010-03-04,14,777,1
2010-03-04,15,552,1
2010-03-04,15,560,1
2010-03-04,16,80,1
2010-03-04,16,115,1
2010-03-04,16,169,1
2010-03-04,17,167,1
2010-03-04,17,209,1
2010-03-04,17,646,1
2010-03-04,19,125,1
2010-03-04,19,183,1
2010-03-04,19,191,1
2010-03-04,19,209,1
2010-03-04,19,272,1
2010-03-04,21,314,1
2010-03-04,22,396,1
2010-03-04,23,55,1
2010-03-04,24,54,1
2010-03-04,25,204,1
2010-03-04,26,240,1
2010-03-04,26,276,1
2010-03-04,27,35,1
2010-03-04,27,102,1
2010-03-04,28,247,1
2010-03-04,29,312,1
2010-03-04,29,313,1
2010-03-04,29,566,1
2010-03-04,31,183,1
2010-03-04,31,619,1
2010-03-04,32,170,1
2010-03-04,33,108,1
2010-03-04,33,2046,1
2010-03-04,35,250,1
2010-03-04,35,284,1
2010-03-04,37,71,1
2010-03-04,37,299,1
2010-03-04,39,370,1
2010-03-04,40,135,1
2010-03-04,40,406,1
2010-03-04,42,287,1
2010-03-04,44,534,1
2010-03-04,59,168,1
2010-03-04,59,292,1
2010-03-04,78,366,1
2010-03-04,80,188,1
2010-03-04,96,1005,1
2010-03-04,248,541,1
2010-03-05,1,1,1
2010-03-05,1,2,1
2010-03-05,1,12,1
2010-03-05,1,50,1
2010-03-05,1,72,1
2010-03-05,1,120,1
2010-03-05,2,2,3
2010-03-05,2,3,1
2010-03-05,2,54,1
2010-03-05,2,200,1
2010-03-05,3,3,2
2010-03-05,3,6,1
2010-03-05,3,16,1
2010-03-05,3,194,1
2010-03-05,4,47,1
2010-03-05,4,118,1
2010-03-05,4,1398,1
2010-03-05,5,10,1
2010-03-05,5,66,1
2010-03-05,6,6,1
2010-03-05,6,25,1
2010-03-05,6,56,1
2010-03-05,6,66,1
2010-03-05,7,8,1
2010-03-05,7,47,1
2010-03-05,7,50,1
2010-03-05,7,1600,1
2010-03-05,8,93,1
2010-03-05,8,150,1
2010-03-05,9,13,1
2010-03-05,10,175,1
2010-03-05,11,12,1
2010-03-05,11,120,1
2010-03-05,11,418,1
2010-03-05,11,3672,1
2010-03-05,12,21,1
2010-03-05,12,83,1
2010-03-05,12,134,1
2010-03-05,12,144,1
2010-03-05,13,13,1
2010-03-05,13,18,1
2010-03-05,13,24,1
2010-03-05,14,17,1
2010-03-05,14,78,1
2010-03-05,14,218,1
2010-03-05,15,20,2
2010-03-05,15,30,1
2010-03-05,15,258,1
2010-03-05,16,884,1
2010-03-05,16,2594,1
2010-03-05,17,22,1
2010-03-05,17,71,1
2010-03-05,17,191,1
2010-03-05,18,21,1
2010-03-05,18,155,1
2010-03-05,18,165,1
2010-03-05,18,182,1
2010-03-05,18,214,1
2010-03-05,19,43,1
2010-03-05,19,144,1
2010-03-05,20,141,1
2010-03-05,20,187,1
2010-03-05,23,103,1
2010-03-05,23,259,1
2010-03-05,24,264,1
2010-03-05,25,160,1
2010-03-05,26,394,1
2010-03-05,30,88,1
2010-03-05,30,263,1
2010-03-05,32,85,1
2010-03-05,32,365,1
2010-03-05,41,100,1
2010-03-05,51,550,1
2010-03-05,58,79,1
2010-03-05,58,192,1
2010-03-05,63,157,1
2010-03-05,101,227,1
2010-03-07,1,1,2
2010-03-07,1,2,1
2010-03-07,1,6,1
2010-03-07,1,25,1
2010-03-07,2,2,2
2010-03-07,2,3,1
2010-03-07,2,5,1
2010-03-07,3,14,1
2010-03-07,5,130,1
2010-03-07,7,128,1
2010-03-07,7,189,1
2010-03-07,9,29,1
2010-03-07,9,36,1
2010-03-07,10,219,1
2010-03-07,12,97,1
2010-03-07,13,23,1
2010-03-07,14,61,1
2010-03-07,14,72,1
2010-03-07,14,75,1
2010-03-07,14,266,1
2010-03-07,15,136,1
2010-03-07,15,156,1
2010-03-07,16,156,1
2010-03-07,16,222,1
2010-03-07,16,267,1
2010-03-07,18,253,1
2010-03-07,18,324,1
2010-03-07,19,26,1
2010-03-07,19,164,1
2010-03-07,19,336,1
2010-03-07,20,174,1
2010-03-07,21,249,1
2010-03-07,22,181,1
2010-03-07,24,163,1
2010-03-07,25,70,1
2010-03-07,30,121,1
2010-03-07,30,354,1
2010-03-07,31,127,1
2010-03-07,32,97,1
2010-03-07,36,168,1
2010-03-07,36,188,1
2010-03-07,37,543,1
2010-03-07,39,247,1
2010-03-07,39,525,1
2010-03-07,51,100,1
2010-03-07,52,271,1
2010-03-07,57,496,1
2010-03-07,62,299,1
2010-03-07,68,259,1
2010-03-07,74,238,1
2010-03-07,77,118,1
2010-03-07,83,105,1
2010-03-07,110,1114,1
2010-03-07,145,672,1
2010-03-07,270,710,1
2010-03-08,1,1,3
2010-03-08,1,50,1
2010-03-08,2,2,2
2010-03-08,2,19,1
2010-03-08,2,24,1
2010-03-08,2,54,1
2010-03-08,2,100,1
2010-03-08,2,460,1
2010-03-08,2,650,1
2010-03-08,3,36,1
2010-03-08,3,48,1
2010-03-08,3,182,1
2010-03-08,4,4,1
2010-03-08,4,40,1
2010-03-08,4,93,1
2010-03-08,4,216,1
2010-03-08,4,360,1
2010-03-08,5,76,1
2010-03-08,5,85,1
2010-03-08,5,332,1
2010-03-08,6,32,1
2010-03-08,6,136,1
2010-03-08,6,234,1
2010-03-08,7,132,1
2010-03-08,7,150,1
2010-03-08,8,48,1
2010-03-08,8,102,1
2010-03-08,8,107,1
2010-03-08,8,208,1
2010-03-08,9,15,1
2010-03-08,9,72,1
2010-03-08,9,100,1
2010-03-08,9,133,1
2010-03-08,9,980,1
2010-03-08,10,55,1
2010-03-08,10,220,1
2010-03-08,10,780,1
2010-03-08,11,167,1
2010-03-08,12,132,1
2010-03-08,13,47,1
2010-03-08,13,116,1
2010-03-08,13,204,1
2010-03-08,14,62,1
2010-03-08,14,117,1
2010-03-08,15,119,1
2010-03-08,15,148,1
2010-03-08,15,150,1
2010-03-08,16,183,1
2010-03-08,18,136,1
2010-03-08,19,104,1
2010-03-08,19,238,1
2010-03-08,20,241,1
2010-03-08,21,180,1
2010-03-08,21,1058,1
2010-03-08,22,251,1
2010-03-08,22,498,1
2010-03-08,23,198,1
2010-03-08,26,165,1
2010-03-08,28,330,1
2010-03-08,33,392,1
2010-03-08,33,400,1
2010-03-08,35,346,1
2010-03-08,36,186,1
2010-03-08,38,302,1
2010-03-08,40,127,1
2010-03-08,40,181,1
2010-03-08,48,157,1
2010-03-08,52,557,1
2010-03-08,197,419,1
2010-03-08,218,294,1
2010-03-08,248,392,1
2010-03-08,306,631,1
2010-03-09,1,1,1
2010-03-09,1,2,1
2010-03-09,1,24,1
2010-03-09,1,72,1
2010-03-09,1,144,1
2010-03-09,1,200,1
2010-03-09,3,48,1
2010-03-09,3,300,1
2010-03-09,4,30,1
2010-03-09,4,32,1
2010-03-09,4,42,1
2010-03-09,4,54,1
2010-03-09,4,168,1
2010-03-09,4,444,1
2010-03-09,5,5,1
2010-03-09,5,109,1
2010-03-09,6,64,1
2010-03-09,6,171,1
2010-03-09,7,41,1
2010-03-09,8,439,1
2010-03-09,9,50,1
2010-03-09,9,56,1
2010-03-09,9,144,1
2010-03-09,9,209,1
2010-03-09,9,286,1
2010-03-09,11,1116,1
2010-03-09,12,98,1
2010-03-09,13,44,1
2010-03-09,13,1046,1
2010-03-09,16,128,1
2010-03-09,16,134,1
2010-03-09,17,55,1
2010-03-09,18,157,1
2010-03-09,19,70,1
2010-03-09,19,238,1
2010-03-09,20,70,1
2010-03-09,21,51,1
2010-03-09,21,226,1
2010-03-09,22,250,1
2010-03-09,23,149,1
2010-03-09,23,215,1
2010-03-09,24,139,1
2010-03-09,24,258,1
2010-03-09,24,319,1
2010-03-09,25,353,1
2010-03-09,27,39,1
2010-03-09,29,160,1
2010-03-09,30,595,1
2010-03-09,35,190,1
2010-03-09,40,230,1
2010-03-09,41,486,1
2010-03-09,43,117,1
2010-03-09,53,546,1
2010-03-09,67,433,1
2010-03-09,70,970,1
2010-03-09,217,335,1
2010-03-10,1,1,1
2010-03-10,1,2,1
2010-03-10,1,6,1
2010-03-10,1,120,1
2010-03-10,1,200,1
2010-03-10,2,2,1
2010-03-10,2,100,1
2010-03-10,2,152,1
2010-03-10,3,366,1
2010-03-10,4,376,1
2010-03-10,4,1016,1
2010-03-10,5,9,1
2010-03-10,5,35,1
2010-03-10,6,217,1
2010-03-10,6,312,1
2010-03-10,7,40,1
2010-03-10,7,279,1
2010-03-10,7,289,1
2010-03-10,8,59,1
2010-03-10,8,84,1
2010-03-10,9,34,1
2010-03-10,9,114,1
2010-03-10,9,172,1
2010-03-10,11,112,1
2010-03-10,12,80,1
2010-03-10,13,18,1
2010-03-10,13,26,1
2010-03-10,13,29,1
2010-03-10,14,125,1
2010-03-10,14,133,1
2010-03-10,15,130,1
2010-03-10,15,162,1
2010-03-10,15,166,1
2010-03-10,15,201,1
2010-03-10,15,696,1
2010-03-10,17,3768,1
2010-03-10,18,198,1
2010-03-10,20,89,1
2010-03-10,20,104,1
2010-03-10,20,578,1
2010-03-10,21,126,1
2010-03-10,22,274,1
2010-03-10,23,454,1
2010-03-10,24,91,1
2010-03-10,25,86,1
2010-03-10,25,125,1
2010-03-10,26,269,1
2010-03-10,26,307,1
2010-03-10,27,100,1
2010-03-10,32,98,1
2010-03-10,34,69,1
2010-03-10,34,96,1
2010-03-10,34,222,1
2010-03-10,38,720,1
2010-03-10,40,498,1
2010-03-10,49,296,1
2010-03-10,63,216,1
2010-03-10,74,486,1
2010-03-10,147,2239,1
2010-03-10,212,333,1
2010-03-10,217,364,1
2010-03-11,1,1,1
2010-03-11,1,2,1
2010-03-11,1,100,4
2010-03-11,2,68,1
2010-03-11,2,144,1
2010-03-11,3,6,1
2010-03-11,3,25,1
2010-03-11,3,90,1
2010-03-11,4,70,1
2010-03-11,6,36,1
2010-03-11,6,125,1
2010-03-11,6,158,1
2010-03-11,7,65,1
2010-03-11,8,58,1
2010-03-11,9,59,1
2010-03-11,9,2772,1
2010-03-11,10,56,1
2010-03-11,10,83,1
2010-03-11,10,534,1
2010-03-11,11,44,1
2010-03-11,11,184,1
2010-03-11,11,218,1
2010-03-11,12,69,1
2010-03-11,14,153,1
2010-03-11,15,45,1
2010-03-11,15,124,1
2010-03-11,15,1244,1
2010-03-11,16,46,1
2010-03-11,16,325,1
2010-03-11,21,234,1
2010-03-11,21,242,1
2010-03-11,21,351,1
2010-03-11,22,74,1
2010-03-11,22,135,1
2010-03-11,22,379,1
2010-03-11,24,2158,1
2010-03-11,27,94,1
2010-03-11,28,152,1
2010-03-11,29,300,1
2010-03-11,33,92,1
2010-03-11,35,350,1
2010-03-11,35,375,1
2010-03-11,36,176,1
2010-03-11,54,95,1
2010-03-11,58,334,1
2010-03-11,68,345,1
2010-03-11,93,693,1
2010-03-11,125,353,1
2010-03-11,274,471,1
2010-03-12,1,12,1
2010-03-12,1,144,1
2010-03-12,2,48,1
2010-03-12,4,39,1
2010-03-12,5,60,1
2010-03-12,6,41,2
2010-03-12,6,60,1
2010-03-12,6,300,1
2010-03-12,7,41,1
2010-03-12,7,45,1
2010-03-12,8,662,1
2010-03-12,9,66,1
2010-03-12,9,314,1
2010-03-12,10,52,1
2010-03-12,11,230,1
2010-03-12,13,36,1
2010-03-12,13,122,1
2010-03-12,15,328,1
2010-03-12,16,162,1
2010-03-12,18,385,1
2010-03-12,22,325,1
2010-03-12,23,252,1
2010-03-12,23,3608,1
2010-03-12,24,102,1
2010-03-12,26,309,1
2010-03-12,29,190,1
2010-03-12,30,216,1
2010-03-12,36,405,1
2010-03-12,36,442,1
2010-03-12,37,287,1
2010-03-12,38,378,1
2010-03-12,42,130,1
2010-03-12,47,400,1
2010-03-12,52,367,1
2010-03-12,265,442,1
2010-03-14,1,2,1
2010-03-14,5,102,1
2010-03-14,5,130,1
2010-03-14,6,67,1
2010-03-14,6,158,1
2010-03-14,10,13,1
2010-03-14,10,18,1
2010-03-14,11,72,1
2010-03-14,12,302,1
2010-03-14,19,63,1
2010-03-14,21,76,1
2010-03-14,21,93,1
2010-03-14,21,149,1
2010-03-14,26,88,1
2010-03-14,29,334,1
2010-03-14,29,1424,1
2010-03-14,32,165,1
2010-03-14,38,182,1
2010-03-14,39,181,1
2010-03-14,40,223,1
2010-03-14,52,223,1
2010-03-14,65,386,1
2010-03-14,70,209,1
2010-03-14,97,265,1
2010-03-15,1,1,1
2010-03-15,1,6,1
2010-03-15,1,36,1
2010-03-15,1,87,1
2010-03-15,1,100,1
2010-03-15,1,300,1
2010-03-15,1,372,1
2010-03-15,1,432,1
2010-03-15,1,450,1
2010-03-15,1,2016,1
2010-03-15,2,2,1
2010-03-15,2,498,1
2010-03-15,3,5,1
2010-03-15,4,26,1
2010-03-15,4,48,1
2010-03-15,5,560,1
2010-03-15,5,1049,1
2010-03-15,6,50,1
2010-03-15,6,52,1
2010-03-15,7,102,1
2010-03-15,7,127,1
2010-03-15,7,133,1
2010-03-15,10,289,1
2010-03-15,12,177,1
2010-03-15,13,304,1
2010-03-15,14,176,1
2010-03-15,15,46,1
2010-03-15,15,73,1
2010-03-15,16,156,1
2010-03-15,18,206,1
2010-03-15,18,272,1
2010-03-15,19,303,1
2010-03-15,20,176,1
2010-03-15,21,165,1
2010-03-15,22,275,1
2010-03-15,22,608,1
2010-03-15,23,232,1
2010-03-15,25,57,1
2010-03-15,26,169,1
2010-03-15,26,186,1
2010-03-15,30,39,1
2010-03-15,30,60,1
2010-03-15,34,137,1
2010-03-15,34,623,1
2010-03-15,37,507,1
2010-03-15,42,105,1
2010-03-15,42,110,1
2010-03-15,48,132,1
2010-03-15,49,254,1
2010-03-15,49,651,1
2010-03-15,56,544,1
2010-03-15,65,185,1
2010-03-15,105,281,1
2010-03-15,162,308,1
2010-03-15,197,358,1
2010-03-15,262,471,1
2010-03-16,1,2,1
2010-03-16,1,24,1
2010-03-16,1,288,1
2010-03-16,2,24,1
2010-03-16,2,72,1
2010-03-16,3,296,1
2010-03-16,4,56,1
2010-03-16,5,37,1
2010-03-16,5,40,1
2010-03-16,7,69,1
2010-03-16,8,91,1
2010-03-16,9,252,1
2010-03-16,11,149,1
2010-03-16,11,570,1
2010-03-16,13,65,1
2010-03-16,13,179,1
2010-03-16,14,72,1
2010-03-16,18,116,1
2010-03-16,18,156,1
2010-03-16,19,114,1
2010-03-16,20,228,1
2010-03-16,21,123,1
2010-03-16,21,143,1
2010-03-16,21,332,1
2010-03-16,22,77,1
2010-03-16,22,86,1
2010-03-16,24,342,1
2010-03-16,26,236,1
2010-03-16,31,148,1
2010-03-16,33,272,1
2010-03-16,34,77,1
2010-03-16,34,119,1
2010-03-16,34,293,1
2010-03-16,34,361,1
2010-03-16,38,360,1
2010-03-16,40,551,1
2010-03-16,49,345,1
2010-03-16,51,137,1
2010-03-16,51,150,1
2010-03-16,55,3086,1
2010-03-16,58,879,1
2010-03-16,59,1040,1
2010-03-16,65,283,1
2010-03-16,133,301,1
2010-03-16,154,285,1
2010-03-17,3,3,1
2010-03-17,3,72,1
2010-03-17,3,1248,1
2010-03-17,4,272,1
2010-03-17,5,420,1
2010-03-17,6,83,1
2010-03-17,6,2160,1
2010-03-17,8,64,1
2010-03-17,8,176,1
2010-03-17,9,55,1
2010-03-17,10,151,1
2010-03-17,10,63974,1
2010-03-17,11,196,1
2010-03-17,13,57,1
2010-03-17,14,37,1
2010-03-17,14,122,1
2010-03-17,14,153,1
2010-03-17,14,161,1
2010-03-17,17,126,1
2010-03-17,18,172,1
2010-03-17,18,210,1
2010-03-17,18,266,1
2010-03-17,21,207,1
2010-03-17,22,89,1
2010-03-17,23,81,1
2010-03-17,23,250,1
2010-03-17,24,656,1
2010-03-17,25,433,1
2010-03-17,26,246,1
2010-03-17,28,61,1
2010-03-17,30,40,1
2010-03-17,30,59,1
2010-03-17,30,70,1
2010-03-17,31,84,1
2010-03-17,33,96,1
2010-03-17,33,273,1
2010-03-17,35,84,1
2010-03-17,37,1396,1
2010-03-17,40,136,1
2010-03-17,42,561,1
2010-03-17,46,130,1
2010-03-17,47,720,1
2010-03-17,50,444,1
2010-03-17,51,275,1
2010-03-17,56,892,1
2010-03-17,64,594,1
2010-03-17,68,574,1
2010-03-17,125,192,1
2010-03-18,1,24,2
2010-03-18,1,31,1
2010-03-18,1,72,1
2010-03-18,1,100,1
2010-03-18,2,96,1
2010-03-18,2,156,1
2010-03-18,2,192,1
2010-03-18,3,36,2
2010-03-18,3,60,1
2010-03-18,4,4,1
2010-03-18,4,31,1
2010-03-18,4,552,1
2010-03-18,5,50,1
2010-03-18,5,204,1
2010-03-18,5,386,1
2010-03-18,5,1000,1
2010-03-18,6,394,1
2010-03-18,6,708,1
2010-03-18,6,1018,1
2010-03-18,7,45,1
2010-03-18,7,117,1
2010-03-18,7,237,1
2010-03-18,8,18,1
2010-03-18,8,136,1
2010-03-18,8,176,1
2010-03-18,9,24,1
2010-03-18,9,42,1
2010-03-18,9,111,1
2010-03-18,10,96,1
2010-03-18,10,103,1
2010-03-18,10,148,1
2010-03-18,10,156,1
2010-03-18,10,253,1
2010-03-18,11,104,1
2010-03-18,11,149,1
2010-03-18,12,77,1
2010-03-18,12,163,1
2010-03-18,13,21,1
2010-03-18,13,123,1
2010-03-18,14,262,1
2010-03-18,14,2041,1
2010-03-18,15,35,1
2010-03-18,15,326,1
2010-03-18,16,166,1
2010-03-18,16,226,1
2010-03-18,16,452,1
2010-03-18,17,53,1
2010-03-18,17,79,1
2010-03-18,17,206,1
2010-03-18,18,30,1
2010-03-18,18,434,1
2010-03-18,19,198,1
2010-03-18,20,42,1
2010-03-18,21,87,1
2010-03-18,21,205,1
2010-03-18,21,1330,1
2010-03-18,22,98,1
2010-03-18,22,228,1
2010-03-18,23,61,1
2010-03-18,23,64,1
2010-03-18,24,258,1
2010-03-18,25,285,1
2010-03-18,25,310,1
2010-03-18,26,230,1
2010-03-18,26,669,1
2010-03-18,27,230,1
2010-03-18,27,528,1
2010-03-18,30,176,1
2010-03-18,30,358,1
2010-03-18,32,669,1
2010-03-18,33,310,1
2010-03-18,34,2798,1
2010-03-18,38,200,1
2010-03-18,39,308,1
2010-03-18,39,375,1
2010-03-18,40,84,1
2010-03-18,41,126,1
2010-03-18,48,310,1
2010-03-18,61,617,1
2010-03-18,64,284,1
2010-03-18,67,174,1
2010-03-18,142,254,1
2010-03-19,1,1,1
2010-03-19,1,4,1
2010-03-19,1,600,1
2010-03-19,2,11,1
2010-03-19,2,108,1
2010-03-19,3,4,1
2010-03-19,3,108,1
2010-03-19,3,1734,1
2010-03-19,5,23,1
2010-03-19,5,148,1
2010-03-19,5,240,1
2010-03-19,6,792,1
2010-03-19,8,77,1
2010-03-19,8,236,1
2010-03-19,9,56,1
2010-03-19,9,77,1
2010-03-19,9,614,1
2010-03-19,11,124,1
2010-03-19,11,217,1
2010-03-19,12,91,1
2010-03-19,13,70,1
2010-03-19,13,147,1
2010-03-19,14,123,1
2010-03-19,14,306,1
2010-03-19,16,98,1
2010-03-19,16,178,1
2010-03-19,17,139,1
2010-03-19,18,98,1
2010-03-19,18,136,1
2010-03-19,19,156,1
2010-03-19,21,157,1
2010-03-19,21,632,1
2010-03-19,22,460,1
2010-03-19,24,202,1
2010-03-19,25,171,1
2010-03-19,25,225,1
2010-03-19,25,428,1
2010-03-19,26,179,1
2010-03-19,27,309,1
2010-03-19,28,63,1
2010-03-19,29,66,1
2010-03-19,30,394,1
2010-03-19,34,197,1
2010-03-19,39,305,1
2010-03-19,45,106,1
2010-03-19,45,235,1
2010-03-19,45,438,1
2010-03-19,53,148,1
2010-03-19,57,168,1
2010-03-19,58,470,1
2010-03-19,58,492,1
2010-03-19,67,218,1
2010-03-19,83,247,1
2010-03-19,189,366,1
2010-03-21,1,2,1
2010-03-21,1,1000,1
2010-03-21,2,76,1
2010-03-21,2,84,1
2010-03-21,2,316,1
2010-03-21,3,17,1
2010-03-21,4,19,1
2010-03-21,5,230,1
2010-03-21,6,37,1
2010-03-21,6,180,1
2010-03-21,7,16,1
2010-03-21,7,48,1
2010-03-21,8,16,1
2010-03-21,8,41,1
2010-03-21,8,43,1
2010-03-21,8,53,1
2010-03-21,8,1632,1
2010-03-21,9,82,1
2010-03-21,9,117,1
2010-03-21,9,120,1
2010-03-21,9,132,1
2010-03-21,11,50,1
2010-03-21,11,113,1
2010-03-21,12,283,1
2010-03-21,12,546,1
2010-03-21,13,119,1
2010-03-21,13,141,1
2010-03-21,13,154,1
2010-03-21,15,146,1
2010-03-21,16,189,1
2010-03-21,18,330,1
2010-03-21,19,135,1
2010-03-21,19,254,1
2010-03-21,20,24,1
2010-03-21,20,327,1
2010-03-21,21,296,1
2010-03-21,23,61,1
2010-03-21,24,209,1
2010-03-21,25,156,1
2010-03-21,27,84,1
2010-03-21,28,274,1
2010-03-21,30,69,1
2010-03-21,31,152,1
2010-03-21,34,382,1
2010-03-21,35,84,1
2010-03-21,35,89,1
2010-03-21,42,67,1
2010-03-21,49,96,1
2010-03-21,50,120,1
2010-03-21,55,255,1
2010-03-21,61,445,1
2010-03-21,74,538,1
2010-03-21,78,551,1
2010-03-21,79,632,1
2010-03-21,91,110,1
2010-03-21,140,671,1
2010-03-22,1,1,2
2010-03-22,1,12,1
2010-03-22,1,48,1
2010-03-22,1,96,1
2010-03-22,2,24,1
2010-03-22,2,99,1
2010-03-22,4,21,1
2010-03-22,5,26,1
2010-03-22,5,1296,1
2010-03-22,6,20,1
2010-03-22,6,118,1
2010-03-22,7,38,1
2010-03-22,7,46,1
2010-03-22,8,20,1
2010-03-22,8,62,1
2010-03-22,9,71,1
2010-03-22,10,144,1
2010-03-22,11,22,1
2010-03-22,11,127,1
2010-03-22,12,156,1
2010-03-22,12,654,1
2010-03-22,13,94,1
2010-03-22,13,166,1
2010-03-22,14,144,1
2010-03-22,14,284,1
2010-03-22,14,928,1
2010-03-22,15,66,1
2010-03-22,15,104,1
2010-03-22,16,160,1
2010-03-22,18,203,1
2010-03-22,19,204,1
2010-03-22,21,90,1
2010-03-22,21,221,1
2010-03-22,21,268,1
2010-03-22,22,111,1
2010-03-22,23,316,1
2010-03-22,23,324,1
2010-03-22,24,249,1
2010-03-22,25,162,1
2010-03-22,27,141,1
2010-03-22,27,218,1
2010-03-22,31,112,1
2010-03-22,32,372,1
2010-03-22,32,520,1
2010-03-22,33,353,1
2010-03-22,33,363,1
2010-03-22,33,503,1
2010-03-22,37,278,1
2010-03-22,43,126,1
2010-03-22,44,431,1
2010-03-22,46,346,1
2010-03-22,88,350,1
2010-03-22,146,249,1
2010-03-22,167,824,1
2010-03-22,193,437,1
2010-03-23,1,1,1
2010-03-23,1,2,1
2010-03-23,1,6,2
2010-03-23,1,30,1
2010-03-23,1,32,1
2010-03-23,1,150,1
2010-03-23,2,2,1
2010-03-23,2,12,2
2010-03-23,2,24,1
2010-03-23,2,28,1
2010-03-23,4,318,1
2010-03-23,4,376,1
2010-03-23,4,3800,1
2010-03-23,4,40000,1
2010-03-23,5,68,1
2010-03-23,5,196,1
2010-03-23,5,202,1
2010-03-23,5,484,1
2010-03-23,6,32,1
2010-03-23,7,40,1
2010-03-23,7,146,1
2010-03-23,7,198,1
2010-03-23,8,67,1
2010-03-23,8,134,1
2010-03-23,8,266,1
2010-03-23,9,87,1
2010-03-23,9,108,1
2010-03-23,9,126,1
2010-03-23,11,42,1
2010-03-23,11,171,1
2010-03-23,11,184,1
2010-03-23,12,261,1
2010-03-23,13,64,1
2010-03-23,15,99,1
2010-03-23,16,284,1
2010-03-23,17,215,1
2010-03-23,18,101,1
2010-03-23,18,112,1
2010-03-23,19,158,1
2010-03-23,19,211,1
2010-03-23,20,99,1
2010-03-23,20,184,1
2010-03-23,21,40,1
2010-03-23,23,110,1
2010-03-23,23,151,1
2010-03-23,23,213,1
2010-03-23,23,714,1
2010-03-23,25,164,1
2010-03-23,26,300,1
2010-03-23,27,382,1
2010-03-23,29,41,1
2010-03-23,30,79,1
2010-03-23,31,211,1
2010-03-23,33,135,1
2010-03-23,34,373,1
2010-03-23,35,898,1
2010-03-23,37,153,1
2010-03-23,39,78,1
2010-03-23,39,138,1
2010-03-23,43,374,1
2010-03-23,47,59,1
2010-03-23,48,145,1
2010-03-23,57,79,1
2010-03-23,81,233,1
2010-03-23,164,262,1
2010-03-24,1,1,2
2010-03-24,1,2,1
2010-03-24,1,12,1
2010-03-24,1,13,1
2010-03-24,1,28,1
2010-03-24,1,40,1
2010-03-24,1,144,1
2010-03-24,2,2,2
2010-03-24,2,5,1
2010-03-24,2,18,1
2010-03-24,2,900,1
2010-03-24,3,12,1
2010-03-24,3,36,1
2010-03-24,3,610,1
2010-03-24,4,75,1
2010-03-24,6,36,1
2010-03-24,6,49,1
2010-03-24,6,72,1
2010-03-24,6,976,1
2010-03-24,7,50,1
2010-03-24,7,162,1
2010-03-24,7,642,1
2010-03-24,8,840,1
2010-03-24,9,248,1
2010-03-24,10,63,1
2010-03-24,11,81,2
2010-03-24,12,17,1
2010-03-24,13,94,1
2010-03-24,13,205,1
2010-03-24,14,69,1
2010-03-24,14,263,1
2010-03-24,16,135,1
2010-03-24,16,192,1
2010-03-24,17,126,1
2010-03-24,17,153,2
2010-03-24,17,239,1
2010-03-24,17,258,1
2010-03-24,17,271,1
2010-03-24,18,168,1
2010-03-24,18,270,1
2010-03-24,19,144,1
2010-03-24,19,323,1
2010-03-24,21,149,1
2010-03-24,21,207,1
2010-03-24,21,265,1
2010-03-24,22,218,1
2010-03-24,23,49,1
2010-03-24,24,215,1
2010-03-24,25,78,1
2010-03-24,27,215,1
2010-03-24,27,442,1
2010-03-24,28,100,1
2010-03-24,29,245,1
2010-03-24,31,91,1
2010-03-24,34,58,1
2010-03-24,39,190,1
2010-03-24,42,70,1
2010-03-24,55,647,1
2010-03-24,63,206,1
2010-03-24,64,175,1
2010-03-24,64,1158,1
2010-03-24,67,1359,1
2010-03-24,113,264,1
2010-03-24,231,571,1
2010-03-25,1,1,1
2010-03-25,1,2,1
2010-03-25,2,20,1
2010-03-25,2,60,1
2010-03-25,2,72,1
2010-03-25,2,99,1
2010-03-25,2,168,1
2010-03-25,3,7,1
2010-03-25,3,28,1
2010-03-25,3,48,1
2010-03-25,4,15,1
2010-03-25,4,19,1
2010-03-25,5,32,1
2010-03-25,6,58,1
2010-03-25,6,68,1
2010-03-25,7,51,1
2010-03-25,7,58,1
2010-03-25,7,80,1
2010-03-25,7,105,1
2010-03-25,7,164,1
2010-03-25,8,38,1
2010-03-25,8,55,1
2010-03-25,8,68,1
2010-03-25,8,1600,1
2010-03-25,9,13,1
2010-03-25,9,182,1
2010-03-25,9,360,1
2010-03-25,9,590,1
2010-03-25,10,83,1
2010-03-25,12,153,1
2010-03-25,13,72,1
2010-03-25,13,147,1
2010-03-25,14,21,1
2010-03-25,14,60,1
2010-03-25,14,61,1
2010-03-25,14,368,1
2010-03-25,14,1642,1
2010-03-25,15,109,1
2010-03-25,16,154,1
2010-03-25,16,186,1
2010-03-25,17,158,1
2010-03-25,17,221,1
2010-03-25,18,222,1
2010-03-25,19,141,1
2010-03-25,19,240,1
2010-03-25,19,645,1
2010-03-25,20,65,1
2010-03-25,20,136,1
2010-03-25,20,222,1
2010-03-25,20,238,1
2010-03-25,21,126,1
2010-03-25,22,415,1
2010-03-25,23,142,1
2010-03-25,23,191,1
2010-03-25,23,202,1
2010-03-25,23,220,1
2010-03-25,23,334,1
2010-03-25,24,394,1
2010-03-25,25,290,1
2010-03-25,27,284,1
2010-03-25,29,431,1
2010-03-25,32,143,1
2010-03-25,33,264,1
2010-03-25,33,523,1
2010-03-25,34,103,1
2010-03-25,34,293,1
2010-03-25,37,108,1
2010-03-25,37,120,1
2010-03-25,41,57,1
2010-03-25,43,106,1
2010-03-25,44,344,1
2010-03-25,45,398,1
2010-03-25,47,439,1
2010-03-25,55,80,1
2010-03-25,58,322,1
2010-03-25,80,166,1
2010-03-25,87,552,1
2010-03-25,136,342,1
2010-03-25,203,391,1
2010-03-26,1,1,1
2010-03-26,1,4,1
2010-03-26,1,9,1
2010-03-26,1,24,1
2010-03-26,1,96,1
2010-03-26,1,120,1
2010-03-26,1,156,1
2010-03-26,1,320,1
2010-03-26,1,600,1
2010-03-26,2,45,1
2010-03-26,3,9,1
2010-03-26,3,15,1
2010-03-26,4,14,1
2010-03-26,5,17,1
2010-03-26,6,41,1
2010-03-26,6,68,1
2010-03-26,6,90,1
2010-03-26,6,228,1
2010-03-26,7,8,1
2010-03-26,8,8,1
2010-03-26,9,120,1
2010-03-26,9,472,1
2010-03-26,10,72,1
2010-03-26,10,84,1
2010-03-26,10,90,1
2010-03-26,11,112,1
2010-03-26,12,65,1
2010-03-26,12,122,1
2010-03-26,13,81,1
2010-03-26,13,103,1
2010-03-26,13,106,1
2010-03-26,13,108,1
2010-03-26,14,88,1
2010-03-26,14,153,1
2010-03-26,15,539,1
2010-03-26,18,124,1
2010-03-26,18,283,1
2010-03-26,18,416,1
2010-03-26,19,147,1
2010-03-26,20,752,1
2010-03-26,20,2380,1
2010-03-26,23,167,1
2010-03-26,24,3506,1
2010-03-26,25,48,1
2010-03-26,25,247,1
2010-03-26,25,291,1
2010-03-26,27,279,1
2010-03-26,27,3662,1
2010-03-26,28,45,1
2010-03-26,29,804,1
2010-03-26,30,35,1
2010-03-26,31,222,1
2010-03-26,32,327,1
2010-03-26,38,111,1
2010-03-26,40,131,1
2010-03-26,42,206,1
2010-03-26,42,456,1
2010-03-26,48,435,1
2010-03-26,71,137,1
2010-03-26,105,841,1
2010-03-26,279,667,1
2010-03-28,4,60,1
2010-03-28,4,84,1
2010-03-28,5,182,1
2010-03-28,7,14,1
2010-03-28,7,55,1
2010-03-28,7,60,1
2010-03-28,9,37,1
2010-03-28,9,57,1
2010-03-28,9,126,1
2010-03-28,10,362,1
2010-03-28,11,177,1
2010-03-28,11,417,1
2010-03-28,12,96,1
2010-03-28,12,136,1
2010-03-28,12,544,1
2010-03-28,14,95,1
2010-03-28,14,190,1
2010-03-28,14,273,1
2010-03-28,16,82,1
2010-03-28,16,104,1
2010-03-28,16,176,1
2010-03-28,17,47,1
2010-03-28,17,70,1
2010-03-28,17,109,1
2010-03-28,18,78,1
2010-03-28,18,134,1
2010-03-28,19,136,1
2010-03-28,24,161,1
2010-03-28,24,796,1
2010-03-28,25,305,1
2010-03-28,25,956,1
2010-03-28,28,342,1
2010-03-28,28,369,1
2010-03-28,30,65,1
2010-03-28,30,124,1
2010-03-28,31,294,1
2010-03-28,35,46,1
2010-03-28,37,132,1
2010-03-28,37,148,1
2010-03-28,38,807,1
2010-03-28,39,73,1
2010-03-28,39,154,1
2010-03-28,43,86,1
2010-03-28,44,173,1
2010-03-28,48,121,1
2010-03-28,54,177,1
2010-03-28,54,185,1
2010-03-28,59,205,1
2010-03-28,60,115,1
2010-03-28,60,337,1
2010-03-28,61,89,1
2010-03-28,62,121,1
2010-03-28,68,267,1
2010-03-28,68,345,1
2010-03-28,71,1175,1
2010-03-28,77,1318,1
2010-03-28,87,393,1
2010-03-28,118,781,1
2010-03-29,1,1,3
2010-03-29,1,11,1
2010-03-29,1,36,1
2010-03-29,1,240,1
2010-03-29,1,600,1
2010-03-29,1,840,1
2010-03-29,2,46,1
2010-03-29,2,144,1
2010-03-29,3,184,1
2010-03-29,3,486,1
2010-03-29,3,1524,1
2010-03-29,4,27,1
2010-03-29,5,1944,1
2010-03-29,6,60,1
2010-03-29,6,165,1
2010-03-29,7,10,1
2010-03-29,7,51,1
2010-03-29,8,10,2
2010-03-29,8,12,1
2010-03-29,8,13,1
2010-03-29,8,14,1
2010-03-29,8,28,1
2010-03-29,8,2208,1
2010-03-29,9,10,1
2010-03-29,10,11,1
2010-03-29,10,12,1
2010-03-29,10,13,1
2010-03-29,10,18,1
2010-03-29,10,93,1
2010-03-29,11,12,1
2010-03-29,11,13,1
2010-03-29,11,15,1
2010-03-29,12,12,1
2010-03-29,12,15,1
2010-03-29,12,18,2
2010-03-29,12,32,1
2010-03-29,12,620,1
2010-03-29,13,111,1
2010-03-29,14,17,1
2010-03-29,14,23,1
2010-03-29,14,39,1
2010-03-29,14,74,1
2010-03-29,14,92,1
2010-03-29,15,20,1
2010-03-29,17,84,1
2010-03-29,17,226,1
2010-03-29,18,22,1
2010-03-29,18,27,1
2010-03-29,18,193,1
2010-03-29,19,27,1
2010-03-29,19,228,1
2010-03-29,20,112,1
2010-03-29,20,169,1
2010-03-29,21,212,1
2010-03-29,21,258,1
2010-03-29,22,28,1
2010-03-29,22,306,1
2010-03-29,23,159,1
2010-03-29,23,237,1
2010-03-29,23,561,1
2010-03-29,25,133,1
2010-03-29,27,304,1
2010-03-29,28,368,1
2010-03-29,30,326,1
2010-03-29,31,296,1
2010-03-29,33,417,1
2010-03-29,34,176,1
2010-03-29,34,379,1
2010-03-29,37,314,1
2010-03-29,37,345,1
2010-03-29,42,64,1
2010-03-29,42,250,1
2010-03-29,53,126,1
2010-03-29,55,130,1
2010-03-29,65,124,1
2010-03-29,67,152,1
2010-03-29,73,1122,1
2010-03-29,76,518,1
2010-03-29,92,374,1
2010-03-29,117,5924,1
2010-03-29,240,549,1
2010-03-30,1,1,2
2010-03-30,1,20,1
2010-03-30,1,60,1
2010-03-30,1,96,1
2010-03-30,1,144,1
2010-03-30,2,5,1
2010-03-30,2,8,1
2010-03-30,2,124,1
2010-03-30,2,464,1
2010-03-30,3,6,1
2010-03-30,3,10,1
2010-03-30,3,16,1
2010-03-30,3,56,1
2010-03-30,3,60,1
2010-03-30,4,22,1
2010-03-30,4,27,1
2010-03-30,4,62,1
2010-03-30,4,98,1
2010-03-30,7,7,1
2010-03-30,8,62,1
2010-03-30,8,68,1
2010-03-30,8,112,1
2010-03-30,8,760,1
2010-03-30,8,1259,1
2010-03-30,10,208,1
2010-03-30,10,234,1
2010-03-30,11,47,1
2010-03-30,11,121,1
2010-03-30,11,228,1
2010-03-30,13,44,1
2010-03-30,13,79,1
2010-03-30,13,440,1
2010-03-30,13,1586,1
2010-03-30,14,61,1
2010-03-30,14,143,1
2010-03-30,14,556,1
2010-03-30,15,92,1
2010-03-30,16,146,1
2010-03-30,16,996,1
2010-03-30,17,69,1
2010-03-30,17,159,1
2010-03-30,18,294,1
2010-03-30,19,195,1
2010-03-30,20,71,1
2010-03-30,20,181,1
2010-03-30,20,640,1
2010-03-30,23,298,1
2010-03-30,24,51,1
2010-03-30,24,521,1
2010-03-30,25,238,1
2010-03-30,26,57,1
2010-03-30,26,208,1
2010-03-30,28,155,1
2010-03-30,30,334,1
2010-03-30,31,206,1
2010-03-30,32,115,1
2010-03-30,33,453,1
2010-03-30,37,274,1
2010-03-30,40,982,1
2010-03-30,41,51,1
2010-03-30,42,272,1
2010-03-30,55,146,1
2010-03-30,59,225,1
2010-03-30,62,1012,1
2010-03-30,65,187,1
2010-03-30,70,119,1
2010-03-30,79,607,1
2010-03-30,80,1608,1
2010-03-30,463,1032,1
2010-03-31,1,1,1
2010-03-31,1,12,1
2010-03-31,1,72,1
2010-03-31,1,144,1
2010-03-31,2,2,2
2010-03-31,2,120,1
2010-03-31,3,3,2
2010-03-31,3,17,1
2010-03-31,3,56,1
2010-03-31,3,216,1
2010-03-31,4,124,1
2010-03-31,4,236,1
2010-03-31,5,5,1
2010-03-31,5,92,1
2010-03-31,7,34,1
2010-03-31,8,10,1
2010-03-31,8,18,1
2010-03-31,8,39,1
2010-03-31,8,133,1
2010-03-31,8,234,1
2010-03-31,10,12,1
2010-03-31,10,103,1
2010-03-31,11,11,1
2010-03-31,11,61,1
2010-03-31,11,123,1
2010-03-31,11,215,1
2010-03-31,12,71,1
2010-03-31,12,269,1
2010-03-31,14,97,1
2010-03-31,14,149,1
2010-03-31,15,57,1
2010-03-31,16,82,1
2010-03-31,16,312,1
2010-03-31,17,264,1
2010-03-31,18,55,1
2010-03-31,18,74,1
2010-03-31,18,282,1
2010-03-31,18,289,1
2010-03-31,20,31,1
2010-03-31,20,41,1
2010-03-31,20,167,1
2010-03-31,21,134,1
2010-03-31,22,75,1
2010-03-31,22,143,1
2010-03-31,22,173,1
2010-03-31,22,189,1
2010-03-31,23,28,1
2010-03-31,23,313,1
2010-03-31,24,37,1
2010-03-31,24,123,1
2010-03-31,24,178,1
2010-03-31,25,177,1
2010-03-31,26,231,1
2010-03-31,26,611,1
2010-03-31,27,154,1
2010-03-31,28,263,1
2010-03-31,28,293,1
2010-03-31,28,344,1
2010-03-31,31,140,1
2010-03-31,33,86,1
2010-03-31,33,163,1
2010-03-31,33,538,1
2010-03-31,34,368,1
2010-03-31,36,286,1
2010-03-31,37,57,1
2010-03-31,41,188,1
2010-03-31,43,615,1
2010-03-31,47,796,1
2010-03-31,58,1082,1
2010-03-31,72,317,1
2010-03-31,79,161,1
2010-03-31,201,387,1
2010-03-31,271,700,1
2010-04-01,1,1,1
2010-04-01,1,12,1
2010-04-01,1,108,1
2010-04-01,2,2,2
2010-04-01,2,392,1
2010-04-01,3,34,1
2010-04-01,4,96,1
2010-04-01,5,88,1
2010-04-01,5,116,1
2010-04-01,5,1428,1
2010-04-01,6,320,1
2010-04-01,7,62,1
2010-04-01,8,10,1
2010-04-01,8,60,1
2010-04-01,9,17,1
2010-04-01,9,120,1
2010-04-01,9,182,1
2010-04-01,9,324,1
2010-04-01,11,65,1
2010-04-01,11,93,1
2010-04-01,12,29,1
2010-04-01,12,38,2
2010-04-01,12,63,1
2010-04-01,12,285,1
2010-04-01,13,126,1
2010-04-01,13,130,1
2010-04-01,13,132,1
2010-04-01,14,61,1
2010-04-01,14,91,1
2010-04-01,14,105,1
2010-04-01,14,175,1
2010-04-01,14,316,1
2010-04-01,15,117,1
2010-04-01,15,123,1
2010-04-01,15,193,1
2010-04-01,15,331,1
2010-04-01,16,89,1
2010-04-01,16,181,1
2010-04-01,16,210,1
2010-04-01,17,84,1
2010-04-01,17,118,1
2010-04-01,17,136,1
2010-04-01,17,254,1
2010-04-01,18,147,1
2010-04-01,18,175,1
2010-04-01,19,123,1
2010-04-01,19,126,1
2010-04-01,19,157,1
2010-04-01,20,94,1
2010-04-01,20,96,1
2010-04-01,20,266,1
2010-04-01,20,269,1
2010-04-01,21,52,1
2010-04-01,21,104,1
2010-04-01,21,140,1
2010-04-01,22,396,1
2010-04-01,23,367,1
2010-04-01,24,189,1
2010-04-01,25,85,1
2010-04-01,25,400,1
2010-04-01,27,34,1
2010-04-01,29,258,1
2010-04-01,30,139,1
2010-04-01,31,2474,1
2010-04-01,33,248,1
2010-04-01,34,801,1
2010-04-01,39,586,1
2010-04-01,43,849,1
2010-04-01,53,166,1
2010-04-01,55,203,1
2010-04-01,59,144,1
2010-04-01,64,112,1
2010-04-01,66,168,1
2010-04-01,77,528,1
2010-04-01,215,373,1
2010-04-06,1,1,2
2010-04-06,1,35,1
2010-04-06,1,48,1
2010-04-06,1,150,1
2010-04-06,1,280,1
2010-04-06,1,300,2
2010-04-06,1,1152,1
2010-04-06,3,324,1
2010-04-06,4,6,1
2010-04-06,4,36,1
2010-04-06,5,120,1
2010-04-06,6,43,1
2010-04-06,6,45,1
2010-04-06,6,254,1
2010-04-06,6,2400,1
2010-04-06,7,83,1
2010-04-06,7,228,1
2010-04-06,8,9,1
2010-04-06,8,292,1
2010-04-06,9,76,1
2010-04-06,9,84,1
2010-04-06,9,156,1
2010-04-06,10,61,1
2010-04-06,10,358,1
2010-04-06,11,110,1
2010-04-06,12,30,1
2010-04-06,12,516,1
2010-04-06,13,78,1
2010-04-06,13,180,1
2010-04-06,14,129,1
2010-04-06,14,130,1
2010-04-06,14,153,1
2010-04-06,14,510,1
2010-04-06,18,67,1
2010-04-06,21,573,1
2010-04-06,22,260,1
2010-04-06,23,195,1
2010-04-06,24,163,1
2010-04-06,26,113,1
2010-04-06,29,66,1
2010-04-06,30,298,1
2010-04-06,31,162,1
2010-04-06,32,254,1
2010-04-06,35,95,1
2010-04-06,37,73,1
2010-04-06,37,234,1
2010-04-06,43,154,1
2010-04-06,44,377,1
2010-04-06,49,690,1
2010-04-06,52,77,1
2010-04-06,58,99,1
2010-04-06,67,126,1
2010-04-06,164,297,1
2010-04-07,1,1,1
2010-04-07,1,3,1
2010-04-07,1,48,1
2010-04-07,2,12,1
2010-04-07,2,80,1
2010-04-07,3,280,1
2010-04-07,4,24,1
2010-04-07,4,108,1
2010-04-07,4,238,1
2010-04-07,5,48,1
2010-04-07,5,62,1
2010-04-07,6,286,1
2010-04-07,7,72,1
2010-04-07,7,92,1
2010-04-07,8,26,1
2010-04-07,8,33,1
2010-04-07,8,70,1
2010-04-07,8,680,1
2010-04-07,9,52,1
2010-04-07,9,1100,1
2010-04-07,10,1232,1
2010-04-07,10,1588,1
2010-04-07,11,85,1
2010-04-07,11,100,1
2010-04-07,11,103,1
2010-04-07,11,1180,3
2010-04-07,11,1396,1
2010-04-07,11,2360,1
2010-04-07,12,97,1
2010-04-07,12,134,1
2010-04-07,14,1366,1
2010-04-07,15,204,1
2010-04-07,15,247,1
2010-04-07,16,149,1
2010-04-07,16,284,1
2010-04-07,17,80,1
2010-04-07,17,135,1
2010-04-07,17,238,1
2010-04-07,17,1525,1
2010-04-07,20,154,1
2010-04-07,23,175,1
2010-04-07,25,113,1
2010-04-07,25,133,1
2010-04-07,27,229,1
2010-04-07,27,247,1
2010-04-07,28,59,1
2010-04-07,28,259,1
2010-04-07,28,331,1
2010-04-07,29,254,1
2010-04-07,30,59,1
2010-04-07,31,459,1
2010-04-07,34,588,1
2010-04-07,35,316,1
2010-04-07,35,404,1
2010-04-07,36,461,1
2010-04-07,48,194,1
2010-04-07,88,135,1
2010-04-07,116,371,1
2010-04-07,276,423,1
2010-04-08,1,6,2
2010-04-08,1,12,1
2010-04-08,1,192,1
2010-04-08,1,648,1
2010-04-08,2,2,1
2010-04-08,2,3,1
2010-04-08,2,14,1
2010-04-08,2,20,1
2010-04-08,2,88,1
2010-04-08,3,44,1
2010-04-08,3,96,1
2010-04-08,3,100,1
2010-04-08,3,154,1
2010-04-08,4,62,1
2010-04-08,4,80,1
2010-04-08,5,6,1
2010-04-08,5,15,1
2010-04-08,5,21,1
2010-04-08,5,172,1
2010-04-08,5,240,1
2010-04-08,5,328,1
2010-04-08,6,466,1
2010-04-08,6,972,1
2010-04-08,7,84,1
2010-04-08,7,86,1
2010-04-08,8,8,1
2010-04-08,8,55,1
2010-04-08,10,55,1
2010-04-08,10,91,1
2010-04-08,10,258,1
2010-04-08,10,487,1
2010-04-08,11,85,1
2010-04-08,11,118,1
2010-04-08,11,254,1
2010-04-08,12,134,1
2010-04-08,12,144,1
2010-04-08,12,146,1
2010-04-08,13,334,1
2010-04-08,13,626,1
2010-04-08,15,68,1
2010-04-08,15,96,1
2010-04-08,15,117,1
2010-04-08,15,149,1
2010-04-08,15,358,1
2010-04-08,16,159,1
2010-04-08,17,1722,1
2010-04-08,18,33,1
2010-04-08,19,50,1
2010-04-08,19,52,1
2010-04-08,20,592,1
2010-04-08,21,494,1
2010-04-08,21,605,1
2010-04-08,21,4846,1
2010-04-08,22,124,1
2010-04-08,22,310,1
2010-04-08,23,151,1
2010-04-08,23,160,1
2010-04-08,23,253,1
2010-04-08,23,529,1
2010-04-08,23,776,1
2010-04-08,25,62,1
2010-04-08,25,69,1
2010-04-08,25,239,1
2010-04-08,27,80,1
2010-04-08,27,102,1
2010-04-08,27,700,1
2010-04-08,29,198,1
2010-04-08,29,231,1
2010-04-08,33,156,1
2010-04-08,33,348,1
2010-04-08,33,727,1
2010-04-08,34,72,1
2010-04-08,34,1044,1
2010-04-08,39,351,1
2010-04-08,41,229,1
2010-04-08,44,336,1
2010-04-08,46,157,1
2010-04-08,52,229,1
2010-04-08,58,928,1
2010-04-08,64,132,1
2010-04-08,64,882,1
2010-04-08,92,212,1
2010-04-08,221,480,1
2010-04-08,243,475,1
2010-04-09,1,1,1
2010-04-09,1,6,1
2010-04-09,1,8,1
2010-04-09,1,30,1
2010-04-09,1,48,1
2010-04-09,1,96,1
2010-04-09,1,100,1
2010-04-09,1,300,1
2010-04-09,2,3,1
2010-04-09,2,400,1
2010-04-09,4,26,1
2010-04-09,5,6,1
2010-04-09,6,80,1
2010-04-09,7,27,1
2010-04-09,7,358,1
2010-04-09,8,10,1
2010-04-09,8,74,1
2010-04-09,9,12,1
2010-04-09,9,600,1
2010-04-09,10,12,1
2010-04-09,10,18,1
2010-04-09,11,13,1
2010-04-09,11,14,1
2010-04-09,11,171,1
2010-04-09,12,15,1
2010-04-09,12,230,1
2010-04-09,13,134,1
2010-04-09,16,21,1
2010-04-09,17,32,1
2010-04-09,17,258,1
2010-04-09,17,320,1
2010-04-09,18,31,1
2010-04-09,19,75,1
2010-04-09,19,183,1
2010-04-09,19,204,1
2010-04-09,22,34,1
2010-04-09,22,245,1
2010-04-09,23,168,1
2010-04-09,24,245,1
2010-04-09,24,290,1
2010-04-09,27,64,1
2010-04-09,29,42,1
2010-04-09,31,409,1
2010-04-09,32,69,1
2010-04-09,36,776,1
2010-04-09,37,108,1
2010-04-09,37,542,1
2010-04-09,51,151,1
2010-04-09,52,680,1
2010-04-09,56,1031,1
2010-04-09,84,333,1
2010-04-11,1,12,1
2010-04-11,3,1088,1
2010-04-11,4,42,1
2010-04-11,5,80,1
2010-04-11,5,153,1
2010-04-11,6,229,1
2010-04-11,7,62,1
2010-04-11,7,65,1
2010-04-11,7,72,1
2010-04-11,8,54,1
2010-04-11,8,225,1
2010-04-11,10,92,1
2010-04-11,12,648,1
2010-04-11,14,121,1
2010-04-11,14,334,1
2010-04-11,15,142,1
2010-04-11,16,79,1
2010-04-11,19,47,1
2010-04-11,19,98,1
2010-04-11,19,211,1
2010-04-11,22,46,1
2010-04-11,22,56,1
2010-04-11,22,274,1
2010-04-11,22,456,1
2010-04-11,23,49,1
2010-04-11,24,363,1
2010-04-11,26,221,1
2010-04-11,30,168,1
2010-04-11,30,349,1
2010-04-11,31,557,1
2010-04-11,35,382,1
2010-04-11,38,516,1
2010-04-11,44,254,1
2010-04-11,46,65,1
2010-04-11,46,345,1
2010-04-11,47,240,1
2010-04-11,48,308,1
2010-04-11,50,2108,1
2010-04-11,59,156,1
2010-04-11,67,304,1
2010-04-11,86,296,1
2010-04-11,90,335,1
2010-04-12,1,6,1
2010-04-12,1,12,1
2010-04-12,1,38,1
2010-04-12,1,47,1
2010-04-12,2,14,1
2010-04-12,2,48,1
2010-04-12,2,56,1
2010-04-12,4,21,1
2010-04-12,4,501,1
2010-04-12,5,544,1
2010-04-12,6,6,1
2010-04-12,6,99,2
2010-04-12,8,24,1
2010-04-12,8,948,1
2010-04-12,12,85,1
2010-04-12,12,146,1
2010-04-12,12,442,1
2010-04-12,13,386,1
2010-04-12,15,576,1
2010-04-12,18,370,1
2010-04-12,19,127,1
2010-04-12,19,182,1
2010-04-12,19,283,1
2010-04-12,20,116,1
2010-04-12,20,145,1
2010-04-12,20,177,1
2010-04-12,20,183,1
2010-04-12,20,728,1
2010-04-12,22,25,1
2010-04-12,22,194,1
2010-04-12,27,924,1
2010-04-12,29,51,1
2010-04-12,29,258,1
2010-04-12,37,218,1
2010-04-12,44,75,1
2010-04-12,45,1460,1
2010-04-12,49,104,1
2010-04-12,49,491,1
2010-04-12,49,645,1
2010-04-12,51,367,1
2010-04-12,54,684,1
2010-04-12,58,759,1
2010-04-12,81,192,1
2010-04-13,1,1,1
2010-04-13,1,5,1
2010-04-13,1,50,1
2010-04-13,1,72,1
2010-04-13,2,56,1
2010-04-13,2,120,1
2010-04-13,3,76,1
2010-04-13,3,144,1
2010-04-13,4,13,1
2010-04-13,4,78,1
2010-04-13,4,108,1
2010-04-13,5,11,1
2010-04-13,7,64,1
2010-04-13,8,29,1
2010-04-13,9,52,1
2010-04-13,10,20,1
2010-04-13,11,98,1
2010-04-13,13,123,1
2010-04-13,13,181,1
2010-04-13,14,14,1
2010-04-13,14,155,1
2010-04-13,15,90,1
2010-04-13,16,63,1
2010-04-13,16,296,1
2010-04-13,19,250,1
2010-04-13,20,155,1
2010-04-13,20,162,1
2010-04-13,22,256,1
2010-04-13,23,98,1
2010-04-13,23,380,1
2010-04-13,24,285,1
2010-04-13,25,58,1
2010-04-13,25,67,1
2010-04-13,25,96,1
2010-04-13,28,51,1
2010-04-13,28,294,1
2010-04-13,28,561,1
2010-04-13,30,82,1
2010-04-13,31,222,1
2010-04-13,33,52,1
2010-04-13,33,191,1
2010-04-13,34,60,1
2010-04-13,39,6216,1
2010-04-13,43,113,1
2010-04-13,45,131,1
2010-04-13,51,144,1
2010-04-13,54,257,1
2010-04-13,55,113,1
2010-04-13,59,978,1
2010-04-13,66,464,1
2010-04-13,73,529,1
2010-04-13,107,357,1
2010-04-14,1,2,1
2010-04-14,1,7,1
2010-04-14,1,144,1
2010-04-14,2,2,1
2010-04-14,2,40,1
2010-04-14,2,48,1
2010-04-14,3,88,1
2010-04-14,3,228,1
2010-04-14,4,49,1
2010-04-14,4,72,1
2010-04-14,4,276,1
2010-04-14,4,400,1
2010-04-14,5,5,1
2010-04-14,6,88,1
2010-04-14,6,482,1
2010-04-14,7,56,1
2010-04-14,9,65,1
2010-04-14,12,104,1
2010-04-14,15,260,1
2010-04-14,15,2400,1
2010-04-14,17,226,1
2010-04-14,17,444,1
2010-04-14,18,122,1
2010-04-14,19,178,1
2010-04-14,20,39,1
2010-04-14,20,166,1
2010-04-14,21,196,1
2010-04-14,22,232,1
2010-04-14,26,320,1
2010-04-14,27,123,1
2010-04-14,29,367,1
2010-04-14,31,423,1
2010-04-14,32,298,1
2010-04-14,38,120,1
2010-04-14,39,76,1
2010-04-14,40,125,1
2010-04-14,42,252,1
2010-04-14,44,689,1
2010-04-14,47,293,1
2010-04-14,52,456,1
2010-04-14,53,628,1
2010-04-14,59,265,1
2010-04-14,70,4320,1
2010-04-14,94,812,1
2010-04-14,102,370,1
2010-04-15,1,2,1
2010-04-15,1,4,1
2010-04-15,1,12,3
2010-04-15,1,30,1
2010-04-15,2,3,1
2010-04-15,2,16,1
2010-04-15,2,72,1
2010-04-15,3,27,1
2010-04-15,4,6,1
2010-04-15,4,30,1
2010-04-15,4,35,1
2010-04-15,6,208,1
2010-04-15,7,76,1
2010-04-15,7,230,1
2010-04-15,8,70,1
2010-04-15,9,37,1
2010-04-15,9,172,1
2010-04-15,9,179,1
2010-04-15,9,324,1
2010-04-15,10,82,1
2010-04-15,10,100,1
2010-04-15,10,140,1
2010-04-15,10,329,1
2010-04-15,11,262,1
2010-04-15,12,129,1
2010-04-15,12,161,1
2010-04-15,13,42,1
2010-04-15,13,100,1
2010-04-15,14,183,1
2010-04-15,15,76,1
2010-04-15,15,93,1
2010-04-15,15,105,1
2010-04-15,16,170,1
2010-04-15,17,118,1
2010-04-15,17,162,1
2010-04-15,18,49,1
2010-04-15,18,206,1
2010-04-15,18,213,1
2010-04-15,20,162,1
2010-04-15,20,188,1
2010-04-15,20,192,1
2010-04-15,22,156,1
2010-04-15,22,248,1
2010-04-15,22,384,1
2010-04-15,23,255,1
2010-04-15,26,218,1
2010-04-15,27,77,1
2010-04-15,27,183,1
2010-04-15,29,52,1
2010-04-15,29,200,1
2010-04-15,30,894,1
2010-04-15,33,463,1
2010-04-15,34,419,1
2010-04-15,39,345,1
2010-04-15,41,59,1
2010-04-15,44,721,1
2010-04-15,45,125,1
2010-04-15,48,355,1
2010-04-15,50,529,1
2010-04-15,57,143,1
2010-04-15,63,123,1
2010-04-16,1,8,1
2010-04-16,1,12,1
2010-04-16,1,14,1
2010-04-16,1,498,1
2010-04-16,2,24,1
2010-04-16,2,1152,1
2010-04-16,3,9,1
2010-04-16,4,42,1
2010-04-16,4,270,1
2010-04-16,5,55,1
2010-04-16,5,216,1
2010-04-16,6,6,2
2010-04-16,6,396,1
2010-04-16,7,216,1
2010-04-16,13,27,1
2010-04-16,14,254,1
2010-04-16,17,116,1
2010-04-16,18,89,1
2010-04-16,18,110,1
2010-04-16,18,202,1
2010-04-16,18,234,1
2010-04-16,18,241,1
2010-04-16,18,268,1
2010-04-16,20,161,1
2010-04-16,20,166,1
2010-04-16,21,206,1
2010-04-16,21,4696,1
2010-04-16,22,339,1
2010-04-16,22,450,1
2010-04-16,25,514,1
2010-04-16,26,266,1
2010-04-16,26,299,1
2010-04-16,26,364,1
2010-04-16,32,86,1
2010-04-16,34,108,1
2010-04-16,42,432,1
2010-04-16,50,248,1
2010-04-16,51,728,1
2010-04-16,62,847,1
2010-04-16,72,144,1
2010-04-16,73,363,1
2010-04-18,1,1,1
2010-04-18,1,4,1
2010-04-18,2,2,1
2010-04-18,3,120,1
2010-04-18,4,171,1
2010-04-18,4,180,1
2010-04-18,6,409,1
2010-04-18,7,1849,1
2010-04-18,8,67,1
2010-04-18,8,143,1
2010-04-18,8,360,1
2010-04-18,9,435,1
2010-04-18,11,58,1
2010-04-18,11,214,1
2010-04-18,12,102,1
2010-04-18,12,132,1
2010-04-18,13,35,1
2010-04-18,14,42,1
2010-04-18,14,122,1
2010-04-18,14,831,1
2010-04-18,14,1244,1
2010-04-18,15,95,1
2010-04-18,16,49,1
2010-04-18,16,167,1
2010-04-18,18,53,1
2010-04-18,18,182,1
2010-04-18,20,89,1
2010-04-18,20,480,1
2010-04-18,21,146,2
2010-04-18,21,154,1
2010-04-18,21,172,1
2010-04-18,22,248,1
2010-04-18,23,170,1
2010-04-18,23,280,1
2010-04-18,23,358,1
2010-04-18,24,58,1
2010-04-18,24,231,1
2010-04-18,26,93,1
2010-04-18,29,125,1
2010-04-18,29,172,1
2010-04-18,35,163,1
2010-04-18,37,127,1
2010-04-18,42,250,1
2010-04-18,49,274,1
2010-04-18,56,67,1
2010-04-18,56,163,1
2010-04-18,61,233,1
2010-04-18,65,322,1
2010-04-18,76,267,1
2010-04-18,77,228,1
2010-04-18,84,335,1
2010-04-18,91,278,1
2010-04-18,113,333,1
2010-04-19,1,8,1
2010-04-19,1,24,1
2010-04-19,1,100,1
2010-04-19,1,216,1
2010-04-19,1,600,1
2010-04-19,2,20,1
2010-04-19,2,121,1
2010-04-19,2,1640,1
2010-04-19,3,4,1
2010-04-19,3,7,1
2010-04-19,3,25,1
2010-04-19,3,105,1
2010-04-19,3,110,1
2010-04-19,4,6,1
2010-04-19,4,19,1
2010-04-19,4,64,1
2010-04-19,5,24,1
2010-04-19,6,6,1
2010-04-19,6,74,1
2010-04-19,6,200,1
2010-04-19,7,47,1
2010-04-19,7,102,1
2010-04-19,8,77,1
2010-04-19,11,22,1
2010-04-19,11,92,1
2010-04-19,11,128,1
2010-04-19,11,273,1
2010-04-19,12,50,1
2010-04-19,12,52,1
2010-04-19,14,170,1
2010-04-19,15,125,1
2010-04-19,15,130,1
2010-04-19,15,200,1
2010-04-19,16,120,1
2010-04-19,16,592,1
2010-04-19,19,160,1
2010-04-19,20,136,1
2010-04-19,20,144,1
2010-04-19,21,158,1
2010-04-19,21,174,1
2010-04-19,21,190,2
2010-04-19,21,272,1
2010-04-19,21,282,1
2010-04-19,22,208,1
2010-04-19,23,195,1
2010-04-19,24,502,1
2010-04-19,27,312,1
2010-04-19,28,495,1
2010-04-19,30,762,1
2010-04-19,31,34,1
2010-04-19,32,372,1
2010-04-19,36,355,1
2010-04-19,40,90,1
2010-04-19,41,516,1
2010-04-19,43,430,1
2010-04-19,45,429,1
2010-04-19,47,869,1
2010-04-19,50,618,1
2010-04-19,51,124,1
2010-04-19,52,87,1
2010-04-19,54,229,1
2010-04-19,55,700,1
2010-04-19,108,161,1
2010-04-19,134,212,1
2010-04-19,136,279,1
2010-04-19,137,242,1
2010-04-19,153,228,1
2010-04-19,160,311,1
2010-04-19,172,305,1
2010-04-19,187,355,1
2010-04-19,192,1585,1
2010-04-19,256,533,1
2010-04-19,298,577,1
2010-04-20,1,1,2
2010-04-20,1,20,1
2010-04-20,1,33,1
2010-04-20,1,35,1
2010-04-20,2,84,1
2010-04-20,2,108,1
2010-04-20,2,220,1
2010-04-20,3,296,1
2010-04-20,4,26,1
2010-04-20,4,38,1
2010-04-20,4,60,1
2010-04-20,4,109,1
2010-04-20,5,5,1
2010-04-20,5,584,1
2010-04-20,6,37,1
2010-04-20,6,159,1
2010-04-20,7,29,1
2010-04-20,7,713,1
2010-04-20,10,45,1
2010-04-20,10,54,1
2010-04-20,10,345,1
2010-04-20,11,155,1
2010-04-20,13,43,1
2010-04-20,13,88,1
2010-04-20,13,143,1
2010-04-20,13,206,1
2010-04-20,13,382,1
2010-04-20,13,990,1
2010-04-20,14,26,1
2010-04-20,16,144,1
2010-04-20,16,240,1
2010-04-20,16,249,1
2010-04-20,17,55,1
2010-04-20,17,116,1
2010-04-20,18,94,1
2010-04-20,18,290,1
2010-04-20,19,212,1
2010-04-20,19,248,1
2010-04-20,19,267,1
2010-04-20,19,284,1
2010-04-20,20,128,1
2010-04-20,21,78,1
2010-04-20,21,172,1
2010-04-20,21,178,1
2010-04-20,21,184,2
2010-04-20,22,258,1
2010-04-20,23,88,1
2010-04-20,23,137,1
2010-04-20,24,90,1
2010-04-20,24,272,1
2010-04-20,25,112,1
2010-04-20,30,638,1
2010-04-20,35,374,1
2010-04-20,36,268,1
2010-04-20,37,136,1
2010-04-20,37,356,1
2010-04-20,39,134,1
2010-04-20,40,210,1
2010-04-20,45,219,1
2010-04-20,54,228,1
2010-04-20,108,176,1
2010-04-20,110,427,1
2010-04-20,117,383,1
2010-04-20,167,862,1
2010-04-21,1,1,2
2010-04-21,1,4,1
2010-04-21,1,5,1
2010-04-21,1,6,1
2010-04-21,1,16,1
2010-04-21,1,24,1
2010-04-21,1,37,1
2010-04-21,1,72,2
2010-04-21,1,144,1
2010-04-21,2,2,1
2010-04-21,2,3,2
2010-04-21,2,104,1
2010-04-21,3,36,1
2010-04-21,5,58,1
2010-04-21,5,160,1
2010-04-21,6,118,1
2010-04-21,6,218,1
2010-04-21,7,55,1
2010-04-21,8,308,1
2010-04-21,9,103,1
2010-04-21,9,936,1
2010-04-21,11,39,1
2010-04-21,11,116,1
2010-04-21,11,244,1
2010-04-21,12,68,1
2010-04-21,14,170,1
2010-04-21,15,220,1
2010-04-21,15,234,1
2010-04-21,15,235,1
2010-04-21,15,364,1
2010-04-21,16,170,1
2010-04-21,17,89,1
2010-04-21,18,183,1
2010-04-21,19,131,1
2010-04-21,19,133,1
2010-04-21,19,217,1
2010-04-21,20,62,1
2010-04-21,20,70,1
2010-04-21,20,219,1
2010-04-21,21,188,1
2010-04-21,21,286,1
2010-04-21,23,312,1
2010-04-21,25,58,1
2010-04-21,25,253,1
2010-04-21,26,168,1
2010-04-21,29,91,1
2010-04-21,29,102,1
2010-04-21,35,118,1
2010-04-21,37,176,1
2010-04-21,37,409,1
2010-04-21,41,120,1
2010-04-21,42,1600,1
2010-04-21,43,107,1
2010-04-21,48,387,1
2010-04-21,48,566,1
2010-04-21,48,1367,1
2010-04-21,52,341,1
2010-04-21,53,471,1
2010-04-21,63,150,1
2010-04-21,69,375,1
2010-04-21,119,206,1
2010-04-22,1,2,1
2010-04-22,1,12,1
2010-04-22,1,18,1
2010-04-22,1,50,1
2010-04-22,1,120,1
2010-04-22,2,12,1
2010-04-22,2,14,1
2010-04-22,2,102,1
2010-04-22,2,110,1
2010-04-22,2,120,1
2010-04-22,2,300,1
2010-04-22,2,588,1
2010-04-22,3,3,1
2010-04-22,3,8,1
2010-04-22,3,231,1
2010-04-22,4,12,1
2010-04-22,4,84,1
2010-04-22,4,114,1
2010-04-22,4,168,1
2010-04-22,5,120,1
2010-04-22,5,277,1
2010-04-22,5,2146,1
2010-04-22,6,106,1
2010-04-22,6,856,1
2010-04-22,7,86,1
2010-04-22,7,108,1
2010-04-22,7,134,1
2010-04-22,7,300,1
2010-04-22,8,29,1
2010-04-22,9,128,1
2010-04-22,10,24,1
2010-04-22,10,73,1
2010-04-22,10,221,1
2010-04-22,10,534,1
2010-04-22,10,576,1
2010-04-22,11,27,1
2010-04-22,11,51,1
2010-04-22,12,760,1
2010-04-22,13,143,1
2010-04-22,13,226,1
2010-04-22,14,100,1
2010-04-22,14,128,1
2010-04-22,15,153,1
2010-04-22,15,206,1
2010-04-22,15,323,1
2010-04-22,15,498,1
2010-04-22,16,118,1
2010-04-22,16,202,1
2010-04-22,16,227,1
2010-04-22,16,260,1
2010-04-22,17,85,1
2010-04-22,17,230,1
2010-04-22,18,250,1
2010-04-22,19,357,1
2010-04-22,19,632,1
2010-04-22,20,188,1
2010-04-22,21,144,1
2010-04-22,22,200,1
2010-04-22,22,292,1
2010-04-22,23,247,1
2010-04-22,24,221,1
2010-04-22,26,245,1
2010-04-22,26,556,1
2010-04-22,28,298,1
2010-04-22,29,245,1
2010-04-22,30,97,1
2010-04-22,32,189,1
2010-04-22,32,367,1
2010-04-22,36,1500,1
2010-04-22,37,519,1
2010-04-22,39,295,1
2010-04-22,40,485,1
2010-04-22,49,122,1
2010-04-22,58,616,1
2010-04-22,58,1501,1
2010-04-22,80,134,1
2010-04-22,204,345,1
2010-04-23,1,1,1
2010-04-23,1,12,1
2010-04-23,1,150,1
2010-04-23,1,516,1
2010-04-23,3,3,1
2010-04-23,4,6,1
2010-04-23,4,208,1
2010-04-23,5,18,1
2010-04-23,5,27,2
2010-04-23,5,53,1
2010-04-23,6,52,1
2010-04-23,7,24,1
2010-04-23,7,66,1
2010-04-23,8,144,1
2010-04-23,9,91,1
2010-04-23,9,112,1
2010-04-23,10,76,1
2010-04-23,10,127,1
2010-04-23,10,895,1
2010-04-23,11,58,1
2010-04-23,11,82,1
2010-04-23,12,217,1
2010-04-23,13,173,1
2010-04-23,15,233,1
2010-04-23,16,16,1
2010-04-23,16,187,1
2010-04-23,16,211,1
2010-04-23,16,354,1
2010-04-23,17,97,1
2010-04-23,17,186,1
2010-04-23,18,360,1
2010-04-23,20,56,1
2010-04-23,20,187,1
2010-04-23,20,193,1
2010-04-23,21,309,1
2010-04-23,22,208,1
2010-04-23,22,256,1
2010-04-23,22,306,1
2010-04-23,22,329,1
2010-04-23,22,339,1
2010-04-23,23,64,1
2010-04-23,23,155,1
2010-04-23,26,270,1
2010-04-23,26,288,1
2010-04-23,27,379,1
2010-04-23,28,317,1
2010-04-23,29,224,1
2010-04-23,30,86,1
2010-04-23,30,142,1
2010-04-23,30,300,1
2010-04-23,44,158,1
2010-04-23,44,206,1
2010-04-23,47,150,1
2010-04-23,51,202,1
2010-04-23,193,369,1
2010-04-25,2,160,1
2010-04-25,2,288,1
2010-04-25,4,42,1
2010-04-25,4,120,1
2010-04-25,4,222,1
2010-04-25,5,37,1
2010-04-25,5,48,1
2010-04-25,5,240,1
2010-04-25,5,338,1
2010-04-25,6,68,1
2010-04-25,7,19,1
2010-04-25,11,98,1
2010-04-25,13,91,1
2010-04-25,13,119,1
2010-04-25,15,216,1
2010-04-25,17,60,1
2010-04-25,17,147,1
2010-04-25,17,168,1
2010-04-25,18,110,1
2010-04-25,18,169,1
2010-04-25,18,206,1
2010-04-25,20,176,1
2010-04-25,21,37,1
2010-04-25,22,185,1
2010-04-25,24,47,1
2010-04-25,24,59,1
2010-04-25,24,340,1
2010-04-25,25,539,1
2010-04-25,27,77,1
2010-04-25,31,151,1
2010-04-25,32,246,1
2010-04-25,35,326,1
2010-04-25,37,56,1
2010-04-25,38,76,1
2010-04-25,39,52,1
2010-04-25,40,309,1
2010-04-25,42,364,1
2010-04-25,42,647,1
2010-04-25,47,155,1
2010-04-25,52,140,1
2010-04-25,53,165,1
2010-04-25,53,216,1
2010-04-25,56,216,1
2010-04-25,64,156,1
2010-04-25,107,389,1
2010-04-25,155,343,1
2010-04-26,1,2,1
2010-04-26,1,4,1
2010-04-26,1,10,1
2010-04-26,1,18,1
2010-04-26,1,20,1
2010-04-26,1,27,1
2010-04-26,1,192,1
2010-04-26,2,5,1
2010-04-26,2,49,1
2010-04-26,2,492,1
2010-04-26,3,3,1
2010-04-26,3,30,1
2010-04-26,3,40,1
2010-04-26,4,4,1
2010-04-26,4,84,1
2010-04-26,5,36,1
2010-04-26,5,108,1
2010-04-26,5,116,1
2010-04-26,6,6,1
2010-04-26,6,74,1
2010-04-26,6,1400,1
2010-04-26,7,70,1
2010-04-26,7,113,1
2010-04-26,8,8,1
2010-04-26,8,13,1
2010-04-26,8,14,1
2010-04-26,8,99,1
2010-04-26,8,116,1
2010-04-26,8,264,1
2010-04-26,8,313,1
2010-04-26,9,11,1
2010-04-26,9,88,1
2010-04-26,9,117,1
2010-04-26,9,146,1
2010-04-26,9,886,1
2010-04-26,10,53,1
2010-04-26,10,90,1
2010-04-26,10,100,1
2010-04-26,10,292,1
2010-04-26,10,365,1
2010-04-26,11,13,1
2010-04-26,11,14,1
2010-04-26,11,66,1
2010-04-26,11,108,1
2010-04-26,11,128,1
2010-04-26,11,3202,1
2010-04-26,12,103,1
2010-04-26,13,15,1
2010-04-26,13,16,1
2010-04-26,13,23,1
2010-04-26,13,25,1
2010-04-26,13,100,1
2010-04-26,13,114,1
2010-04-26,13,1768,1
2010-04-26,14,15,1
2010-04-26,14,123,1
2010-04-26,14,139,1
2010-04-26,14,143,1
2010-04-26,15,22,1
2010-04-26,15,30,1
2010-04-26,15,47,1
2010-04-26,15,142,1
2010-04-26,15,159,1
2010-04-26,16,37,1
2010-04-26,16,138,1
2010-04-26,16,144,1
2010-04-26,16,159,1
2010-04-26,17,20,1
2010-04-26,17,113,1
2010-04-26,17,163,1
2010-04-26,17,306,1
2010-04-26,19,25,1
2010-04-26,21,105,1
2010-04-26,21,215,1
2010-04-26,21,331,1
2010-04-26,22,50,1
2010-04-26,22,130,1
2010-04-26,26,282,1
2010-04-26,27,310,1
2010-04-26,31,414,1
2010-04-26,32,94,1
2010-04-26,32,297,1
2010-04-26,34,84,1
2010-04-26,34,135,1
2010-04-26,35,213,1
2010-04-26,36,278,1
2010-04-26,44,700,1
2010-04-26,51,127,1
2010-04-26,51,174,1
2010-04-26,51,192,1
2010-04-26,54,104,1
2010-04-26,57,93,1
2010-04-26,57,572,1
2010-04-26,64,226,1
2010-04-26,77,196,1
2010-04-26,91,249,1
2010-04-26,116,308,1
2010-04-26,123,192,1
2010-04-27,1,1,1
2010-04-27,1,16,1
2010-04-27,1,50,1
2010-04-27,1,144,1
2010-04-27,1,240,1
2010-04-27,2,2,1
2010-04-27,2,84,1
2010-04-27,2,216,1
2010-04-27,3,5,1
2010-04-27,3,20,1
2010-04-27,3,24,1
2010-04-27,3,50,1
2010-04-27,3,62,1
2010-04-27,3,72,1
2010-04-27,3,74,1
2010-04-27,3,94,1
2010-04-27,3,117,1
2010-04-27,4,292,1
2010-04-27,5,196,1
2010-04-27,6,7,1
2010-04-27,6,53,1
2010-04-27,7,7,1
2010-04-27,7,73,1
2010-04-27,7,198,1
2010-04-27,7,401,1
2010-04-27,8,113,1
2010-04-27,9,112,1
2010-04-27,11,132,1
2010-04-27,11,396,1
2010-04-27,11,692,1
2010-04-27,12,69,1
2010-04-27,12,625,1
2010-04-27,12,2140,1
2010-04-27,13,293,1
2010-04-27,13,400,1
2010-04-27,14,33,1
2010-04-27,14,68,1
2010-04-27,14,175,1
2010-04-27,14,186,1
2010-04-27,15,139,1
2010-04-27,15,161,1
2010-04-27,16,300,1
2010-04-27,17,171,1
2010-04-27,18,106,1
2010-04-27,18,317,1
2010-04-27,20,178,1
2010-04-27,20,1664,1
2010-04-27,21,164,1
2010-04-27,21,197,1
2010-04-27,21,200,1
2010-04-27,21,324,1
2010-04-27,23,64,1
2010-04-27,23,69,1
2010-04-27,24,333,1
2010-04-27,25,93,1
2010-04-27,25,283,1
2010-04-27,25,1651,1
2010-04-27,26,246,1
2010-04-27,27,198,1
2010-04-27,27,283,1
2010-04-27,27,333,1
2010-04-27,28,225,1
2010-04-27,29,228,1
2010-04-27,31,397,1
2010-04-27,32,1198,1
2010-04-27,33,327,1
2010-04-27,34,74,1
2010-04-27,35,295,1
2010-04-27,36,509,1
2010-04-27,37,75,1
2010-04-27,38,317,1
2010-04-27,39,792,1
2010-04-27,40,527,1
2010-04-27,45,227,1
2010-04-27,49,416,1
2010-04-27,53,185,1
2010-04-27,53,992,1
2010-04-27,58,766,1
2010-04-27,236,598,1
2010-04-28,1,1,1
2010-04-28,1,6,1
2010-04-28,1,10,1
2010-04-28,1,20,1
2010-04-28,1,60,1
2010-04-28,1,720,1
2010-04-28,2,2,1
2010-04-28,2,12,1
2010-04-28,2,120,1
2010-04-28,2,300,1
2010-04-28,3,36,1
2010-04-28,4,133,1
2010-04-28,4,149,1
2010-04-28,4,324,1
2010-04-28,5,44,1
2010-04-28,6,60,1
2010-04-28,6,67,1
2010-04-28,6,214,1
2010-04-28,7,496,1
2010-04-28,8,63,1
2010-04-28,8,92,1
2010-04-28,9,60,1
2010-04-28,10,62,1
2010-04-28,10,120,1
2010-04-28,10,232,1
2010-04-28,11,231,1
2010-04-28,11,354,1
2010-04-28,12,587,1
2010-04-28,13,71,1
2010-04-28,13,132,1
2010-04-28,13,152,1
2010-04-28,13,1456,1
2010-04-28,14,91,1
2010-04-28,15,93,1
2010-04-28,15,108,1
2010-04-28,17,44,1
2010-04-28,17,86,1
2010-04-28,17,110,1
2010-04-28,17,178,1
2010-04-28,17,200,1
2010-04-28,18,20,1
2010-04-28,18,78,1
2010-04-28,18,417,1
2010-04-28,19,56,1
2010-04-28,19,248,1
2010-04-28,20,176,1
2010-04-28,20,191,1
2010-04-28,20,212,1
2010-04-28,20,290,1
2010-04-28,22,62,1
2010-04-28,22,242,1
2010-04-28,27,228,1
2010-04-28,28,275,1
2010-04-28,29,210,1
2010-04-28,30,258,1
2010-04-28,31,406,1
2010-04-28,32,100,1
2010-04-28,33,293,1
2010-04-28,33,453,1
2010-04-28,36,377,1
2010-04-28,43,187,1
2010-04-28,45,564,1
2010-04-28,51,836,1
2010-04-28,52,524,1
2010-04-28,54,151,1
2010-04-28,55,800,1
2010-04-28,57,945,1
2010-04-28,58,199,1
2010-04-28,61,149,1
2010-04-28,63,455,1
2010-04-28,97,466,1
2010-04-28,131,2003,1
2010-04-28,177,299,1
2010-04-29,1,1,1
2010-04-29,1,32,1
2010-04-29,1,48,1
2010-04-29,2,2,1
2010-04-29,2,39,1
2010-04-29,2,46,1
2010-04-29,2,300,1
2010-04-29,3,3,2
2010-04-29,3,7,1
2010-04-29,3,38,1
2010-04-29,3,66,1
2010-04-29,4,4,1
2010-04-29,4,7,1
2010-04-29,4,22,1
2010-04-29,4,253,1
2010-04-29,4,426,1
2010-04-29,5,44,1
2010-04-29,5,986,1
2010-04-29,6,46,1
2010-04-29,6,57,1
2010-04-29,6,87,1
2010-04-29,7,64,1
2010-04-29,7,74,1
2010-04-29,8,25,1
2010-04-29,8,76,1
2010-04-29,9,92,1
2010-04-29,9,132,1
2010-04-29,10,107,1
2010-04-29,10,116,1
2010-04-29,11,53,1
2010-04-29,11,251,1
2010-04-29,12,148,1
2010-04-29,13,25,1
2010-04-29,13,41,1
2010-04-29,13,103,1
2010-04-29,14,59,1
2010-04-29,14,152,1
2010-04-29,14,466,1
2010-04-29,15,107,1
2010-04-29,15,116,1
2010-04-29,15,172,1
2010-04-29,15,243,1
2010-04-29,16,185,1
2010-04-29,17,425,1
2010-04-29,18,93,1
2010-04-29,18,102,1
2010-04-29,18,126,1
2010-04-29,18,244,1
2010-04-29,19,118,1
2010-04-29,19,148,1
2010-04-29,20,27,1
2010-04-29,20,181,1
2010-04-29,20,194,1
2010-04-29,21,48,1
2010-04-29,21,393,1
2010-04-29,22,237,1
2010-04-29,22,240,1
2010-04-29,23,109,1
2010-04-29,23,231,1
2010-04-29,23,250,1
2010-04-29,24,428,1
2010-04-29,25,202,1
2010-04-29,25,304,1
2010-04-29,27,232,1
2010-04-29,28,369,1
2010-04-29,40,570,1
2010-04-29,40,636,1
2010-04-29,41,739,1
2010-04-29,42,117,1
2010-04-29,42,425,1
2010-04-29,43,446,1
2010-04-29,46,473,1
2010-04-29,47,835,1
2010-04-29,48,361,1
2010-04-29,53,244,1
2010-04-29,53,462,1
2010-04-29,58,199,1
2010-04-29,71,177,1
2010-04-29,75,279,1
2010-04-29,95,282,1
2010-04-29,101,421,1
2010-04-29,133,290,1
2010-04-29,181,360,1
2010-04-30,1,1,1
2010-04-30,1,36,1
2010-04-30,1,100,1
2010-04-30,1,240,1
2010-04-30,1,300,1
2010-04-30,2,7,1
2010-04-30,2,9,1
2010-04-30,2,96,1
2010-04-30,2,140,1
2010-04-30,2,3601,1
2010-04-30,3,62,1
2010-04-30,4,29,1
2010-04-30,5,72,1
2010-04-30,6,15,1
2010-04-30,6,21,1
2010-04-30,6,60,1
2010-04-30,7,50,1
2010-04-30,9,83,1
2010-04-30,11,284,1
2010-04-30,12,240,1
2010-04-30,12,1536,1
2010-04-30,14,6384,1
2010-04-30,15,426,1
2010-04-30,16,191,1
2010-04-30,18,45,1
2010-04-30,18,137,1
2010-04-30,18,147,1
2010-04-30,21,386,1
2010-04-30,22,104,1
2010-04-30,22,222,1
2010-04-30,24,235,1
2010-04-30,27,85,1
2010-04-30,27,246,1
2010-04-30,27,250,1
2010-04-30,27,270,1
2010-04-30,27,371,1
2010-04-30,28,47,1
2010-04-30,36,798,1
2010-04-30,36,850,1
2010-04-30,46,486,1
2010-04-30,47,413,1
2010-04-30,48,76,1
2010-04-30,49,86,1
2010-04-30,50,786,1
2010-04-30,58,343,1
2010-04-30,61,170,1
2010-04-30,69,169,1
2010-04-30,115,198,1
2010-04-30,162,445,1
2010-05-02,1,4,1
2010-05-02,1,16,1
2010-05-02,2,450,1
2010-05-02,3,72,1
2010-05-02,3,84,1
2010-05-02,5,35,1
2010-05-02,6,60,1
2010-05-02,6,130,1
2010-05-02,7,49,1
2010-05-02,7,51,1
2010-05-02,8,76,1
2010-05-02,9,70,1
2010-05-02,9,87,1
2010-05-02,9,114,1
2010-05-02,10,92,1
2010-05-02,10,170,1
2010-05-02,11,94,1
2010-05-02,11,106,1
2010-05-02,11,160,1
2010-05-02,14,58,1
2010-05-02,14,288,1
2010-05-02,16,153,1
2010-05-02,19,41,1
2010-05-02,19,84,1
2010-05-02,19,132,1
2010-05-02,20,122,1
2010-05-02,21,302,1
2010-05-02,23,127,1
2010-05-02,23,448,1
2010-05-02,24,294,1
2010-05-02,30,67,1
2010-05-02,30,91,1
2010-05-02,32,66,1
2010-05-02,32,234,1
2010-05-02,42,631,1
2010-05-02,46,59,1
2010-05-02,51,90,1
2010-05-02,51,127,1
2010-05-02,74,726,1
2010-05-02,109,244,1
2010-05-04,1,1,2
2010-05-04,1,10,1
2010-05-04,1,15,1
2010-05-04,1,64,1
2010-05-04,1,70,1
2010-05-04,1,72,1
2010-05-04,1,560,1
2010-05-04,3,12,1
2010-05-04,3,26,1
2010-05-04,4,13,1
2010-05-04,5,49,1
2010-05-04,10,42,1
2010-05-04,10,172,1
2010-05-04,11,154,1
2010-05-04,12,87,1
2010-05-04,12,109,1
2010-05-04,12,180,1
2010-05-04,13,142,1
2010-05-04,13,498,1
2010-05-04,15,153,1
2010-05-04,16,105,1
2010-05-04,17,179,1
2010-05-04,18,153,1
2010-05-04,18,376,1
2010-05-04,19,75,1
2010-05-04,20,112,1
2010-05-04,20,127,1
2010-05-04,20,173,1
2010-05-04,22,200,1
2010-05-04,22,261,1
2010-05-04,22,1015,1
2010-05-04,23,38,1
2010-05-04,23,180,1
2010-05-04,23,198,1
2010-05-04,24,195,1
2010-05-04,25,278,1
2010-05-04,27,328,1
2010-05-04,27,359,1
2010-05-04,29,290,1
2010-05-04,30,490,1
2010-05-04,31,65,1
2010-05-04,33,452,1
2010-05-04,39,299,1
2010-05-04,40,155,1
2010-05-04,47,705,1
2010-05-04,49,425,1
2010-05-04,52,434,1
2010-05-04,114,167,1
2010-05-04,123,521,1
2010-05-04,138,259,1
2010-05-04,142,261,1
2010-05-05,1,1,1
2010-05-05,1,2,1
2010-05-05,1,4,1
2010-05-05,1,6,1
2010-05-05,1,10,1
2010-05-05,1,720,1
2010-05-05,2,2,1
2010-05-05,2,18,1
2010-05-05,2,144,1
2010-05-05,2,156,1
2010-05-05,4,28,1
2010-05-05,4,46,1
2010-05-05,4,57,2
2010-05-05,4,66,1
2010-05-05,4,96,1
2010-05-05,4,102,1
2010-05-05,4,133,1
2010-05-05,4,432,1
2010-05-05,4,984,1
2010-05-05,5,33,1
2010-05-05,6,38,1
2010-05-05,6,49,1
2010-05-05,6,50,1
2010-05-05,6,52,1
2010-05-05,7,8,1
2010-05-05,7,47,1
2010-05-05,7,204,1
2010-05-05,8,15,1
2010-05-05,8,34,1
2010-05-05,8,118,1
2010-05-05,9,117,1
2010-05-05,9,218,1
2010-05-05,9,706,1
2010-05-05,10,14,1
2010-05-05,10,17,1
2010-05-05,10,201,1
2010-05-05,11,84,1
2010-05-05,12,13,1
2010-05-05,12,39,1
2010-05-05,12,106,1
2010-05-05,12,123,1
2010-05-05,12,139,1
2010-05-05,12,144,1
2010-05-05,13,17,1
2010-05-05,13,56,1
2010-05-05,13,154,1
2010-05-05,14,18,1
2010-05-05,14,48,1
2010-05-05,14,120,1
2010-05-05,14,148,1
2010-05-05,14,453,1
2010-05-05,15,428,1
2010-05-05,17,120,1
2010-05-05,17,158,1
2010-05-05,18,19,1
2010-05-05,18,24,1
2010-05-05,18,186,1
2010-05-05,18,1415,1
2010-05-05,19,125,1
2010-05-05,20,89,1
2010-05-05,21,226,1
2010-05-05,22,30,1
2010-05-05,22,273,1
2010-05-05,23,292,1
2010-05-05,24,240,1
2010-05-05,25,897,1
2010-05-05,27,84,1
2010-05-05,30,439,1
2010-05-05,31,145,1
2010-05-05,33,86,1
2010-05-05,39,541,1
2010-05-05,40,248,1
2010-05-05,44,672,1
2010-05-05,49,412,1
2010-05-05,51,375,1
2010-05-05,53,461,1
2010-05-05,63,203,1
2010-05-05,76,266,1
2010-05-05,138,284,1
2010-05-05,146,224,1
2010-05-06,1,1,2
2010-05-06,1,6,1
2010-05-06,1,10,1
2010-05-06,1,24,1
2010-05-06,1,32,1
2010-05-06,1,36,1
2010-05-06,2,3,1
2010-05-06,2,6,1
2010-05-06,3,16,1
2010-05-06,3,20,1
2010-05-06,3,54,1
2010-05-06,3,696,1
2010-05-06,4,4,1
2010-05-06,4,16,1
2010-05-06,4,80,1
2010-05-06,4,109,1
2010-05-06,4,173,1
2010-05-06,5,22,1
2010-05-06,6,388,1
2010-05-06,7,128,1
2010-05-06,7,148,1
2010-05-06,7,156,1
2010-05-06,9,304,1
2010-05-06,10,82,1
2010-05-06,10,228,1
2010-05-06,11,12,1
2010-05-06,11,232,1
2010-05-06,12,84,1
2010-05-06,12,97,1
2010-05-06,12,99,1
2010-05-06,12,123,1
2010-05-06,12,138,1
2010-05-06,12,167,1
2010-05-06,13,71,1
2010-05-06,13,202,1
2010-05-06,14,147,1
2010-05-06,14,161,1
2010-05-06,14,172,1
2010-05-06,14,274,1
2010-05-06,15,79,1
2010-05-06,15,107,1
2010-05-06,15,169,1
2010-05-06,16,119,1
2010-05-06,16,121,1
2010-05-06,17,38,1
2010-05-06,17,50,1
2010-05-06,19,94,1
2010-05-06,20,726,1
2010-05-06,21,54,1
2010-05-06,23,284,1
2010-05-06,24,196,1
2010-05-06,25,224,1
2010-05-06,26,222,1
2010-05-06,26,266,1
2010-05-06,26,429,1
2010-05-06,27,394,1
2010-05-06,28,239,1
2010-05-06,30,208,1
2010-05-06,31,59,1
2010-05-06,31,427,1
2010-05-06,32,305,1
2010-05-06,32,338,1
2010-05-06,34,48,1
2010-05-06,35,129,1
2010-05-06,35,2692,1
2010-05-06,36,176,1
2010-05-06,36,179,1
2010-05-06,37,575,1
2010-05-06,40,728,1
2010-05-06,47,561,1
2010-05-06,48,166,1
2010-05-06,49,117,1
2010-05-06,49,398,1
2010-05-06,51,118,1
2010-05-06,51,122,1
2010-05-06,58,227,1
2010-05-06,75,8396,1
2010-05-06,80,4557,1
2010-05-06,147,1478,1
2010-05-06,152,278,1
2010-05-06,174,399,1
2010-05-07,1,1,2
2010-05-07,1,4,1
2010-05-07,1,6,1
2010-05-07,1,18,1
2010-05-07,1,24,1
2010-05-07,1,48,2
2010-05-07,1,50,1
2010-05-07,1,60,1
2010-05-07,1,96,2
2010-05-07,1,100,1
2010-05-07,1,392,1
2010-05-07,1,408,1
2010-05-07,1,432,1
2010-05-07,2,180,1
2010-05-07,3,48,1
2010-05-07,3,60,1
2010-05-07,3,148,1
2010-05-07,3,636,1
2010-05-07,3,1524,1
2010-05-07,4,184,1
2010-05-07,5,36,1
2010-05-07,5,226,1
2010-05-07,5,240,1
2010-05-07,6,6,1
2010-05-07,6,46,1
2010-05-07,6,110,1
2010-05-07,6,144,1
2010-05-07,7,360,1
2010-05-07,11,47,1
2010-05-07,11,1300,1
2010-05-07,12,190,1
2010-05-07,12,256,1
2010-05-07,12,269,1
2010-05-07,13,128,1
2010-05-07,13,130,1
2010-05-07,13,936,1
2010-05-07,14,336,1
2010-05-07,15,298,1
2010-05-07,15,423,1
2010-05-07,16,153,1
2010-05-07,16,188,1
2010-05-07,16,205,1
2010-05-07,17,137,1
2010-05-07,18,66,1
2010-05-07,18,198,1
2010-05-07,20,280,1
2010-05-07,21,153,1
2010-05-07,22,1090,1
2010-05-07,24,237,1
2010-05-07,24,304,1
2010-05-07,25,68,1
2010-05-07,25,78,1
2010-05-07,25,281,1
2010-05-07,26,618,1
2010-05-07,27,392,1
2010-05-07,29,140,1
2010-05-07,31,95,1
2010-05-07,48,140,1
2010-05-07,62,573,1
2010-05-07,78,329,1
2010-05-07,122,225,1
2010-05-07,143,333,1
2010-05-07,250,6846,1
2010-05-09,1,50,1
2010-05-09,2,10,1
2010-05-09,2,14,1
2010-05-09,2,16,1
2010-05-09,3,12,1
2010-05-09,4,4,1
2010-05-09,5,18,1
2010-05-09,5,34,1
2010-05-09,5,37,1
2010-05-09,5,48,1
2010-05-09,5,92,1
2010-05-09,6,97,1
2010-05-09,7,94,1
2010-05-09,8,36,1
2010-05-09,8,72,1
2010-05-09,8,101,1
2010-05-09,9,56,1
2010-05-09,9,174,1
2010-05-09,11,59,1
2010-05-09,11,64,1
2010-05-09,12,77,1
2010-05-09,12,449,1
2010-05-09,13,194,1
2010-05-09,16,131,1
2010-05-09,16,182,1
2010-05-09,16,196,1
2010-05-09,17,48,1
2010-05-09,17,188,1
2010-05-09,18,236,1
2010-05-09,19,57,1
2010-05-09,19,59,1
2010-05-09,19,253,1
2010-05-09,20,75,1
2010-05-09,20,202,1
2010-05-09,22,306,1
2010-05-09,24,50,1
2010-05-09,24,179,1
2010-05-09,24,728,1
2010-05-09,24,729,1
2010-05-09,26,295,1
2010-05-09,27,62,1
2010-05-09,28,130,1
2010-05-09,29,156,1
2010-05-09,30,66,1
2010-05-09,32,414,1
2010-05-09,34,200,1
2010-05-09,35,124,1
2010-05-09,35,317,1
2010-05-09,37,136,1
2010-05-09,41,93,1
2010-05-09,44,93,1
2010-05-09,44,672,1
2010-05-09,51,185,1
2010-05-09,53,196,1
2010-05-09,53,574,1
2010-05-09,54,106,1
2010-05-09,59,156,1
2010-05-09,69,523,1
2010-05-09,103,313,1
2010-05-09,106,1147,1
2010-05-09,140,318,1
2010-05-09,145,207,1
2010-05-10,1,6,1
2010-05-10,1,36,1
2010-05-10,2,9,1
2010-05-10,2,192,1
2010-05-10,2,10201,1
2010-05-10,3,3,1
2010-05-10,3,12,1
2010-05-10,3,28,1
2010-05-10,3,46,1
2010-05-10,3,210,1
2010-05-10,4,21,1
2010-05-10,4,232,1
2010-05-10,4,384,1
2010-05-10,4,1908,1
2010-05-10,5,49,1
2010-05-10,5,85,1
2010-05-10,5,102,1
2010-05-10,5,234,1
2010-05-10,6,129,1
2010-05-10,6,159,1
2010-05-10,7,60,1
2010-05-10,7,80,1
2010-05-10,7,200,1
2010-05-10,8,36,1
2010-05-10,9,120,1
2010-05-10,10,41,1
2010-05-10,10,47,1
2010-05-10,10,72,1
2010-05-10,10,193,1
2010-05-10,11,57,1
2010-05-10,11,95,1
2010-05-10,11,138,1
2010-05-10,11,166,1
2010-05-10,12,79,1
2010-05-10,12,119,1
2010-05-10,12,314,1
2010-05-10,13,105,1
2010-05-10,13,166,1
2010-05-10,13,544,1
2010-05-10,14,210,1
2010-05-10,14,251,1
2010-05-10,14,390,1
2010-05-10,15,166,1
2010-05-10,15,177,1
2010-05-10,15,268,1
2010-05-10,16,62,1
2010-05-10,16,63,1
2010-05-10,16,102,1
2010-05-10,16,130,1
2010-05-10,16,185,1
2010-05-10,17,90,1
2010-05-10,18,238,1
2010-05-10,19,92,1
2010-05-10,19,295,1
2010-05-10,20,682,1
2010-05-10,21,145,1
2010-05-10,21,285,1
2010-05-10,22,93,1
2010-05-10,22,107,1
2010-05-10,22,151,1
2010-05-10,23,170,1
2010-05-10,23,761,1
2010-05-10,26,61,1
2010-05-10,28,344,1
2010-05-10,31,78,1
2010-05-10,31,227,1
2010-05-10,33,115,1
2010-05-10,37,350,1
2010-05-10,44,117,1
2010-05-10,46,622,1
2010-05-10,48,172,1
2010-05-10,53,374,1
2010-05-10,55,245,1
2010-05-10,98,608,1
2010-05-10,111,333,1
2010-05-10,134,263,1
2010-05-10,138,309,1
2010-05-11,1,30,1
2010-05-11,1,36,1
2010-05-11,1,48,1
2010-05-11,1,50,1
2010-05-11,1,288,1
2010-05-11,2,10,1
2010-05-11,3,19,1
2010-05-11,3,21,1
2010-05-11,3,96,1
2010-05-11,4,40,1
2010-05-11,5,78,1
2010-05-11,6,46,1
2010-05-11,6,56,1
2010-05-11,6,66,1
2010-05-11,6,188,1
2010-05-11,7,97,1
2010-05-11,7,112,1
2010-05-11,8,57,1
2010-05-11,8,71,1
2010-05-11,8,369,1
2010-05-11,10,45,1
2010-05-11,10,92,1
2010-05-11,10,128,1
2010-05-11,10,542,1
2010-05-11,11,181,1
2010-05-11,12,119,1
2010-05-11,12,238,1
2010-05-11,12,377,1
2010-05-11,13,44,1
2010-05-11,13,93,1
2010-05-11,13,137,1
2010-05-11,14,104,1
2010-05-11,14,212,1
2010-05-11,14,386,1
2010-05-11,15,94,1
2010-05-11,15,256,1
2010-05-11,15,923,1
2010-05-11,17,143,1
2010-05-11,18,60,1
2010-05-11,18,143,1
2010-05-11,18,1120,1
2010-05-11,20,235,1
2010-05-11,22,120,1
2010-05-11,23,233,1
2010-05-11,24,87,1
2010-05-11,24,179,1
2010-05-11,25,126,1
2010-05-11,26,473,1
2010-05-11,26,496,1
2010-05-11,27,694,1
2010-05-11,31,571,1
2010-05-11,34,122,1
2010-05-11,42,173,1
2010-05-11,48,721,1
2010-05-11,49,146,1
2010-05-11,53,370,1
2010-05-11,55,593,1
2010-05-11,57,627,1
2010-05-11,61,140,1
2010-05-11,67,2359,1
2010-05-11,78,454,1
2010-05-11,85,419,1
2010-05-11,86,996,1
2010-05-11,155,222,1
2010-05-11,174,423,1
2010-05-12,1,30,1
2010-05-12,1,48,1
2010-05-12,1,200,1
2010-05-12,2,168,4
2010-05-12,2,196,1
2010-05-12,2,336,1
2010-05-12,3,6,1
2010-05-12,3,140,1
2010-05-12,3,1636,1
2010-05-12,4,4,1
2010-05-12,4,52,1
2010-05-12,4,178,1
2010-05-12,4,394,1
2010-05-12,4,1736,1
2010-05-12,5,35,1
2010-05-12,5,380,1
2010-05-12,5,612,1
2010-05-12,5,896,1
2010-05-12,5,1200,1
2010-05-12,6,50,1
2010-05-12,6,69,1
2010-05-12,6,142,1
2010-05-12,7,288,1
2010-05-12,8,16,1
2010-05-12,8,86,1
2010-05-12,12,388,1
2010-05-12,13,112,1
2010-05-12,13,138,1
2010-05-12,13,381,1
2010-05-12,14,67,1
2010-05-12,14,168,1
2010-05-12,16,73,1
2010-05-12,16,147,1
2010-05-12,17,158,1
2010-05-12,17,583,1
2010-05-12,19,173,1
2010-05-12,19,201,1
2010-05-12,19,273,1
2010-05-12,19,275,1
2010-05-12,19,281,1
2010-05-12,20,274,1
2010-05-12,22,76,1
2010-05-12,22,155,1
2010-05-12,23,136,1
2010-05-12,23,210,1
2010-05-12,23,320,1
2010-05-12,29,100,1
2010-05-12,32,173,1
2010-05-12,33,43,1
2010-05-12,33,328,1
2010-05-12,34,166,1
2010-05-12,35,569,1
2010-05-12,36,471,1
2010-05-12,37,216,1
2010-05-12,41,309,1
2010-05-12,45,208,1
2010-05-12,55,272,1
2010-05-12,65,584,1
2010-05-12,66,3775,1
2010-05-12,73,162,1
2010-05-12,135,307,1
2010-05-13,1,55,1
2010-05-13,1,175,1
2010-05-13,1,1152,1
2010-05-13,2,2,2
2010-05-13,2,34,1
2010-05-13,3,36,1
2010-05-13,3,54,1
2010-05-13,3,256,1
2010-05-13,4,100,1
2010-05-13,4,232,1
2010-05-13,5,102,1
2010-05-13,7,110,1
2010-05-13,7,2313,1
2010-05-13,8,609,1
2010-05-13,8,1854,1
2010-05-13,9,150,1
2010-05-13,9,166,1
2010-05-13,9,1164,1
2010-05-13,10,219,1
2010-05-13,11,67,1
2010-05-13,11,128,1
2010-05-13,11,308,1
2010-05-13,11,1796,1
2010-05-13,11,3560,1
2010-05-13,11,3564,1
2010-05-13,13,30,1
2010-05-13,14,104,1
2010-05-13,15,50,1
2010-05-13,15,78,1
2010-05-13,15,114,1
2010-05-13,15,680,1
2010-05-13,16,150,1
2010-05-13,17,67,1
2010-05-13,17,112,1
2010-05-13,17,252,1
2010-05-13,17,274,1
2010-05-13,18,76,1
2010-05-13,18,152,1
2010-05-13,18,175,1
2010-05-13,18,300,1
2010-05-13,19,250,1
2010-05-13,20,83,1
2010-05-13,20,221,1
2010-05-13,21,33,1
2010-05-13,21,116,1
2010-05-13,21,193,1
2010-05-13,22,89,1
2010-05-13,23,221,1
2010-05-13,23,269,1
2010-05-13,24,974,1
2010-05-13,27,116,1
2010-05-13,28,278,1
2010-05-13,29,191,1
2010-05-13,29,363,1
2010-05-13,30,166,1
2010-05-13,32,200,1
2010-05-13,32,426,1
2010-05-13,34,72,1
2010-05-13,40,153,1
2010-05-13,40,537,1
2010-05-13,41,197,1
2010-05-13,42,170,1
2010-05-13,47,93,1
2010-05-13,48,87,1
2010-05-13,201,463,1
2010-05-14,1,1,1
2010-05-14,1,2,1
2010-05-14,1,6,1
2010-05-14,1,22,1
2010-05-14,1,144,1
2010-05-14,1,1200,1
2010-05-14,2,2,2
2010-05-14,2,4,1
2010-05-14,2,11,1
2010-05-14,2,24,1
2010-05-14,2,288,1
2010-05-14,3,3,1
2010-05-14,3,102,1
2010-05-14,3,1992,1
2010-05-14,5,90,1
2010-05-14,6,6,1
2010-05-14,6,24,1
2010-05-14,7,41,1
2010-05-14,7,231,1
2010-05-14,8,8,1
2010-05-14,8,70,1
2010-05-14,9,198,1
2010-05-14,10,98,1
2010-05-14,10,268,1
2010-05-14,11,37,1
2010-05-14,11,120,1
2010-05-14,12,63,1
2010-05-14,12,163,1
2010-05-14,13,81,1
2010-05-14,15,96,1
2010-05-14,15,184,1
2010-05-14,17,115,1
2010-05-14,19,108,1
2010-05-14,20,189,1
2010-05-14,21,142,1
2010-05-14,22,223,1
2010-05-14,23,472,1
2010-05-14,24,90,1
2010-05-14,28,156,1
2010-05-14,30,226,1
2010-05-14,33,77,1
2010-05-14,33,104,1
2010-05-14,34,91,1
2010-05-14,47,5021,1
2010-05-14,50,80,1
2010-05-14,59,1400,1
2010-05-14,145,280,1
2010-05-16,1,10,1
2010-05-16,1,24,1
2010-05-16,2,14,1
2010-05-16,3,184,1
2010-05-16,4,133,1
2010-05-16,4,180,1
2010-05-16,6,76,1
2010-05-16,9,36,1
2010-05-16,9,86,1
2010-05-16,12,32,1
2010-05-16,12,34,1
2010-05-16,12,51,1
2010-05-16,13,14,1
2010-05-16,13,18,1
2010-05-16,13,48,1
2010-05-16,14,43,1
2010-05-16,15,77,1
2010-05-16,16,587,1
2010-05-16,17,166,1
2010-05-16,18,130,1
2010-05-16,19,593,1
2010-05-16,20,36,1
2010-05-16,20,141,1
2010-05-16,21,77,1
2010-05-16,21,251,1
2010-05-16,21,638,1
2010-05-16,26,45,1
2010-05-16,27,126,1
2010-05-16,28,1234,1
2010-05-16,29,115,1
2010-05-16,31,2461,1
2010-05-16,38,123,1
2010-05-16,42,236,1
2010-05-16,43,116,1
2010-05-16,44,54,1
2010-05-16,45,52,1
2010-05-16,48,79,1
2010-05-16,58,319,1
2010-05-16,59,104,1
2010-05-16,95,245,1
2010-05-16,96,584,1
2010-05-16,122,281,1
2010-05-16,157,829,1
2010-05-16,190,357,1
2010-05-17,1,12,1
2010-05-17,1,36,1
2010-05-17,1,48,1
2010-05-17,2,2,1
2010-05-17,2,18,1
2010-05-17,2,600,1
2010-05-17,4,4,1
2010-05-17,4,82,1
2010-05-17,4,520,1
2010-05-17,5,125,1
2010-05-17,7,228,1
2010-05-17,8,106,1
2010-05-17,8,1128,1
2010-05-17,11,19,1
2010-05-17,11,65,1
2010-05-17,12,166,1
2010-05-17,12,168,1
2010-05-17,13,58,1
2010-05-17,13,664,1
2010-05-17,13,2221,1
2010-05-17,14,73,1
2010-05-17,14,177,1
2010-05-17,16,89,1
2010-05-17,17,130,1
2010-05-17,18,111,1
2010-05-17,18,150,1
2010-05-17,20,140,1
2010-05-17,20,320,1
2010-05-17,22,108,1
2010-05-17,22,143,1
2010-05-17,22,145,1
2010-05-17,22,161,1
2010-05-17,25,234,1
2010-05-17,25,301,1
2010-05-17,26,146,1
2010-05-17,28,328,1
2010-05-17,38,552,1
2010-05-17,41,367,1
2010-05-17,46,547,1
2010-05-17,49,72,1
2010-05-17,54,732,1
2010-05-17,56,550,1
2010-05-17,64,281,1
2010-05-17,68,258,1
2010-05-17,73,141,1
2010-05-17,84,171,1
2010-05-17,127,1413,1
2010-05-17,199,321,1
2010-05-18,1,4,1
2010-05-18,1,5,1
2010-05-18,1,10,1
2010-05-18,1,12,1
2010-05-18,1,24,2
2010-05-18,1,32,1
2010-05-18,1,35,1
2010-05-18,1,36,2
2010-05-18,1,144,1
2010-05-18,2,91,1
2010-05-18,2,400,1
2010-05-18,3,15,1
2010-05-18,3,226,1
2010-05-18,3,12500,1
2010-05-18,4,28,1
2010-05-18,4,56,1
2010-05-18,5,16,1
2010-05-18,5,50,1
2010-05-18,5,340,1
2010-05-18,6,37,1
2010-05-18,7,24,1
2010-05-18,8,21,1
2010-05-18,9,153,1
2010-05-18,9,218,1
2010-05-18,9,240,1
2010-05-18,11,62,1
2010-05-18,12,110,1
2010-05-18,12,143,1
2010-05-18,13,94,1
2010-05-18,13,108,1
2010-05-18,13,266,1
2010-05-18,17,22,1
2010-05-18,17,103,1
2010-05-18,18,122,1
2010-05-18,19,180,1
2010-05-18,22,43,1
2010-05-18,22,56,1
2010-05-18,22,83,1
2010-05-18,24,169,1
2010-05-18,24,370,1
2010-05-18,27,195,1
2010-05-18,27,395,1
2010-05-18,29,385,1
2010-05-18,30,30,1
2010-05-18,30,315,1
2010-05-18,30,322,1
2010-05-18,30,497,1
2010-05-18,31,142,1
2010-05-18,34,130,1
2010-05-18,35,277,1
2010-05-18,35,301,1
2010-05-18,35,330,1
2010-05-18,36,194,1
2010-05-18,39,299,1
2010-05-18,49,81,1
2010-05-18,61,226,1
2010-05-18,64,390,1
2010-05-18,78,160,1
2010-05-18,101,140,1
2010-05-18,145,668,1
2010-05-18,180,369,1
2010-05-19,1,1,2
2010-05-19,1,6,1
2010-05-19,1,10,1
2010-05-19,1,32,1
2010-05-19,1,50,1
2010-05-19,1,88,1
2010-05-19,2,72,1
2010-05-19,2,96,1
2010-05-19,2,224,1
2010-05-19,2,788,1
2010-05-19,3,5,1
2010-05-19,3,88,1
2010-05-19,3,108,1
2010-05-19,3,144,1
2010-05-19,5,5,1
2010-05-19,5,40,1
2010-05-19,5,78,1
2010-05-19,5,100,1
2010-05-19,6,82,1
2010-05-19,6,120,1
2010-05-19,7,268,1
2010-05-19,8,24,1
2010-05-19,8,38,1
2010-05-19,8,64,1
2010-05-19,8,94,1
2010-05-19,9,406,1
2010-05-19,11,58,1
2010-05-19,11,83,1
2010-05-19,12,135,1
2010-05-19,12,430,1
2010-05-19,14,103,1
2010-05-19,14,159,1
2010-05-19,15,105,1
2010-05-19,15,261,1
2010-05-19,15,346,1
2010-05-19,16,276,1
2010-05-19,18,140,1
2010-05-19,18,152,1
2010-05-19,18,320,1
2010-05-19,21,82,1
2010-05-19,21,100,1
2010-05-19,21,117,1
2010-05-19,21,160,1
2010-05-19,21,226,1
2010-05-19,23,176,1
2010-05-19,23,199,1
2010-05-19,23,284,1
2010-05-19,26,456,1
2010-05-19,29,146,1
2010-05-19,31,47,1
2010-05-19,34,131,1
2010-05-19,39,67,1
2010-05-19,40,165,2
2010-05-19,54,106,1
2010-05-19,68,324,1
2010-05-19,75,194,1
2010-05-19,80,185,1
2010-05-19,87,536,1
2010-05-19,103,220,1
2010-05-20,1,1,2
2010-05-20,1,2,1
2010-05-20,1,10,1
2010-05-20,1,48,2
2010-05-20,1,100,1
2010-05-20,1,800,1
2010-05-20,3,14,1
2010-05-20,4,54,1
2010-05-20,4,60,1
2010-05-20,5,23,1
2010-05-20,5,136,1
2010-05-20,5,208,1
2010-05-20,6,23,1
2010-05-20,6,60,1
2010-05-20,9,74,1
2010-05-20,9,116,1
2010-05-20,10,132,1
2010-05-20,10,146,1
2010-05-20,10,199,1
2010-05-20,11,165,1
2010-05-20,11,304,1
2010-05-20,12,121,1
2010-05-20,12,207,1
2010-05-20,12,221,1
2010-05-20,12,408,1
2010-05-20,15,32,1
2010-05-20,15,41,1
2010-05-20,15,105,1
2010-05-20,16,134,1
2010-05-20,17,191,1
2010-05-20,17,193,1
2010-05-20,19,189,1
2010-05-20,19,198,1
2010-05-20,19,2488,1
2010-05-20,20,84,1
2010-05-20,20,118,2
2010-05-20,21,64,1
2010-05-20,21,75,1
2010-05-20,21,189,1
2010-05-20,21,260,1
2010-05-20,23,52,1
2010-05-20,23,174,1
2010-05-20,24,245,1
2010-05-20,27,48,1
2010-05-20,27,294,1
2010-05-20,28,85,1
2010-05-20,28,252,1
2010-05-20,28,313,1
2010-05-20,30,296,1
2010-05-20,33,421,1
2010-05-20,45,117,1
2010-05-20,46,465,1
2010-05-20,50,162,1
2010-05-20,51,861,1
2010-05-20,54,169,1
2010-05-20,56,301,1
2010-05-20,59,841,1
2010-05-20,60,234,1
2010-05-20,62,526,1
2010-05-20,63,188,1
2010-05-20,66,280,1
2010-05-20,73,325,1
2010-05-20,78,573,1
2010-05-20,93,255,1
2010-05-21,1,2,2
2010-05-21,1,3,1
2010-05-21,1,5,1
2010-05-21,1,12,1
2010-05-21,1,72,1
2010-05-21,1,100,2
2010-05-21,1,204,1
2010-05-21,2,110,1
2010-05-21,3,3,1
2010-05-21,4,4,1
2010-05-21,4,20,1
2010-05-21,5,212,1
2010-05-21,6,6,2
2010-05-21,6,8,1
2010-05-21,6,120,1
2010-05-21,7,23,1
2010-05-21,9,24,1
2010-05-21,9,82,1
2010-05-21,9,102,1
2010-05-21,10,81,1
2010-05-21,10,206,1
2010-05-21,11,89,1
2010-05-21,11,160,1
2010-05-21,11,1600,1
2010-05-21,13,41,1
2010-05-21,14,123,1
2010-05-21,14,427,1
2010-05-21,15,42,1
2010-05-21,15,84,1
2010-05-21,16,65,1
2010-05-21,18,193,1
2010-05-21,20,185,1
2010-05-21,22,151,1
2010-05-21,22,303,1
2010-05-21,24,275,1
2010-05-21,25,231,1
2010-05-21,26,243,1
2010-05-21,27,305,1
2010-05-21,28,463,1
2010-05-21,29,454,1
2010-05-21,30,378,1
2010-05-21,30,486,1
2010-05-21,32,472,1
2010-05-21,37,56,1
2010-05-21,42,253,1
2010-05-21,48,406,1
2010-05-21,112,319,1
2010-05-21,151,249,1
2010-05-21,160,302,1
2010-05-21,164,429,1
2010-05-23,1,6,1
2010-05-23,2,16,1
2010-05-23,3,19,1
2010-05-23,5,31,1
2010-05-23,6,69,1
2010-05-23,6,156,1
2010-05-23,6,384,1
2010-05-23,9,54,1
2010-05-23,11,884,1
2010-05-23,13,144,1
2010-05-23,14,218,1
2010-05-23,15,135,1
2010-05-23,16,39,1
2010-05-23,16,68,1
2010-05-23,17,82,2
2010-05-23,17,338,1
2010-05-23,18,134,1
2010-05-23,18,246,1
2010-05-23,18,328,1
2010-05-23,19,78,1
2010-05-23,19,368,1
2010-05-23,20,162,1
2010-05-23,20,221,1
2010-05-23,21,27,1
2010-05-23,21,101,1
2010-05-23,21,140,1
2010-05-23,21,158,1
2010-05-23,22,149,1
2010-05-23,23,281,1
2010-05-23,24,80,1
2010-05-23,26,210,1
2010-05-23,27,76,1
2010-05-23,28,247,1
2010-05-23,29,115,1
2010-05-23,29,250,1
2010-05-23,31,355,1
2010-05-23,32,69,1
2010-05-23,32,74,1
2010-05-23,37,588,1
2010-05-23,40,161,1
2010-05-23,40,377,1
2010-05-23,45,67,1
2010-05-23,53,74,1
2010-05-23,54,292,1
2010-05-23,69,583,1
2010-05-23,87,4402,1
2010-05-23,95,590,1
2010-05-23,110,302,1
2010-05-24,1,1,1
2010-05-24,1,4,1
2010-05-24,1,8,1
2010-05-24,1,72,1
2010-05-24,3,15,1
2010-05-24,4,4,1
2010-05-24,4,11,1
2010-05-24,4,63,1
2010-05-24,5,46,1
2010-05-24,5,66,1
2010-05-24,5,122,1
2010-05-24,6,48,1
2010-05-24,6,58,2
2010-05-24,6,62,1
2010-05-24,6,109,2
2010-05-24,7,32,1
2010-05-24,7,69,1
2010-05-24,7,156,1
2010-05-24,9,61,1
2010-05-24,9,73,1
2010-05-24,9,78,1
2010-05-24,9,1560,1
2010-05-24,10,43,1
2010-05-24,10,63,1
2010-05-24,10,75,1
2010-05-24,11,88,1
2010-05-24,11,97,1
2010-05-24,11,99,1
2010-05-24,11,112,1
2010-05-24,11,134,1
2010-05-24,11,158,1
2010-05-24,11,398,1
2010-05-24,12,554,1
2010-05-24,13,156,1
2010-05-24,13,205,1
2010-05-24,13,384,1
2010-05-24,13,496,1
2010-05-24,14,169,1
2010-05-24,15,106,1
2010-05-24,16,192,1
2010-05-24,16,17766,1
2010-05-24,17,119,1
2010-05-24,17,273,1
2010-05-24,18,123,1
2010-05-24,18,213,1
2010-05-24,20,72,1
2010-05-24,21,224,1
2010-05-24,21,309,1
2010-05-24,22,174,1
2010-05-24,25,146,1
2010-05-24,25,220,1
2010-05-24,26,235,1
2010-05-24,29,169,1
2010-05-24,29,357,1
2010-05-24,30,65,1
2010-05-24,30,154,1
2010-05-24,33,154,1
2010-05-24,33,269,1
2010-05-24,33,528,1
2010-05-24,37,738,1
2010-05-24,38,201,1
2010-05-24,38,360,1
2010-05-24,40,172,1
2010-05-24,41,702,1
2010-05-24,43,450,1
2010-05-24,46,604,1
2010-05-24,48,505,1
2010-05-24,72,732,1
2010-05-24,185,336,1
2010-05-25,1,1,1
2010-05-25,1,2,2
2010-05-25,1,6,1
2010-05-25,1,8,1
2010-05-25,1,128,1
2010-05-25,2,6,1
2010-05-25,3,3,1
2010-05-25,3,6,1
2010-05-25,4,104,1
2010-05-25,5,119,1
2010-05-25,5,384,1
2010-05-25,6,58,1
2010-05-25,6,2640,1
2010-05-25,7,232,1
2010-05-25,7,850,1
2010-05-25,8,60,1
2010-05-25,8,162,1
2010-05-25,9,24,1
2010-05-25,9,47,1
2010-05-25,10,21,1
2010-05-25,10,72,1
2010-05-25,10,331,1
2010-05-25,11,93,1
2010-05-25,14,142,1
2010-05-25,15,107,1
2010-05-25,15,159,1
2010-05-25,15,162,1
2010-05-25,16,141,1
2010-05-25,16,587,1
2010-05-25,17,89,1
2010-05-25,17,107,1
2010-05-25,18,169,1
2010-05-25,19,65,1
2010-05-25,19,176,1
2010-05-25,20,235,1
2010-05-25,21,58,1
2010-05-25,22,456,1
2010-05-25,23,63,1
2010-05-25,23,83,1
2010-05-25,23,305,1
2010-05-25,23,417,1
2010-05-25,23,484,1
2010-05-25,26,244,1
2010-05-25,28,190,1
2010-05-25,30,467,1
2010-05-25,30,472,1
2010-05-25,33,652,1
2010-05-25,38,623,1
2010-05-25,40,248,1
2010-05-25,42,465,1
2010-05-25,47,100,1
2010-05-25,49,531,1
2010-05-25,52,304,1
2010-05-25,76,113,1
2010-05-25,92,549,1
2010-05-25,116,266,1
2010-05-25,176,464,1
2010-05-26,1,1,3
2010-05-26,1,2,1
2010-05-26,1,4,1
2010-05-26,1,12,1
2010-05-26,1,15,1
2010-05-26,1,25,1
2010-05-26,1,50,1
2010-05-26,1,300,1
2010-05-26,2,2,1
2010-05-26,2,29,1
2010-05-26,2,84,1
2010-05-26,3,160,1
2010-05-26,4,19,1
2010-05-26,4,216,1
2010-05-26,4,1082,1
2010-05-26,5,6,1
2010-05-26,5,24,1
2010-05-26,5,50,1
2010-05-26,5,312,1
2010-05-26,6,50,1
2010-05-26,6,102,1
2010-05-26,7,62,1
2010-05-26,7,90,1
2010-05-26,8,53,1
2010-05-26,8,150,1
2010-05-26,9,63,1
2010-05-26,9,76,1
2010-05-26,9,230,1
2010-05-26,9,532,1
2010-05-26,10,41,1
2010-05-26,11,71,1
2010-05-26,11,355,1
2010-05-26,12,14,1
2010-05-26,12,150,1
2010-05-26,13,18,1
2010-05-26,13,22,1
2010-05-26,13,128,1
2010-05-26,14,21,1
2010-05-26,14,24,1
2010-05-26,14,126,1
2010-05-26,15,19,1
2010-05-26,15,21,1
2010-05-26,15,27,1
2010-05-26,15,156,1
2010-05-26,15,169,1
2010-05-26,17,23,1
2010-05-26,17,26,1
2010-05-26,17,29,1
2010-05-26,17,54,1
2010-05-26,17,138,1
2010-05-26,17,237,1
2010-05-26,18,24,1
2010-05-26,18,100,1
2010-05-26,18,114,1
2010-05-26,18,120,1
2010-05-26,18,180,1
2010-05-26,18,284,1
2010-05-26,19,35,1
2010-05-26,19,242,1
2010-05-26,19,292,1
2010-05-26,19,401,1
2010-05-26,20,26,1
2010-05-26,20,175,1
2010-05-26,21,26,2
2010-05-26,21,32,1
2010-05-26,21,252,1
2010-05-26,22,30,1
2010-05-26,22,248,1
2010-05-26,25,28,1
2010-05-26,25,643,1
2010-05-26,26,34,1
2010-05-26,26,100,1
2010-05-26,27,109,1
2010-05-26,28,218,1
2010-05-26,29,54,1
2010-05-26,30,85,1
2010-05-26,30,363,1
2010-05-26,30,2466,1
2010-05-26,31,506,1
2010-05-26,31,698,1
2010-05-26,32,132,1
2010-05-26,35,1362,1
2010-05-26,36,575,1
2010-05-26,40,671,1
2010-05-26,44,111,1
2010-05-26,49,87,1
2010-05-26,50,289,1
2010-05-26,51,348,1
2010-05-26,69,656,1
2010-05-26,82,787,1
2010-05-26,157,303,1
2010-05-27,1,1,1
2010-05-27,1,2,1
2010-05-27,1,4,1
2010-05-27,1,6,1
2010-05-27,1,12,1
2010-05-27,1,18,1
2010-05-27,1,36,1
2010-05-27,2,2,1
2010-05-27,2,3,1
2010-05-27,2,24,1
2010-05-27,4,37,1
2010-05-27,4,55,1
2010-05-27,4,108,1
2010-05-27,4,206,1
2010-05-27,4,294,1
2010-05-27,5,27,1
2010-05-27,5,46,1
2010-05-27,6,62,1
2010-05-27,6,68,1
2010-05-27,6,84,1
2010-05-27,6,316,1
2010-05-27,7,7,1
2010-05-27,7,46,1
2010-05-27,7,60,1
2010-05-27,7,66,1
2010-05-27,7,76,1
2010-05-27,8,24,1
2010-05-27,8,77,1
2010-05-27,8,80,1
2010-05-27,8,104,1
2010-05-27,8,219,1
2010-05-27,8,726,1
2010-05-27,9,182,1
2010-05-27,10,66,1
2010-05-27,10,79,1
2010-05-27,10,180,1
2010-05-27,11,204,1
2010-05-27,11,590,1
2010-05-27,12,44,1
2010-05-27,12,92,1
2010-05-27,12,127,1
2010-05-27,12,144,1
2010-05-27,13,134,1
2010-05-27,14,62,1
2010-05-27,14,68,1
2010-05-27,15,34,1
2010-05-27,15,310,1
2010-05-27,18,259,1
2010-05-27,20,59,1
2010-05-27,20,91,1
2010-05-27,20,167,1
2010-05-27,21,264,1
2010-05-27,22,172,1
2010-05-27,24,373,1
2010-05-27,24,916,1
2010-05-27,25,35,1
2010-05-27,25,82,1
2010-05-27,25,272,1
2010-05-27,25,598,1
2010-05-27,26,412,1
2010-05-27,27,433,1
2010-05-27,27,619,1
2010-05-27,29,203,1
2010-05-27,29,918,1
2010-05-27,31,159,1
2010-05-27,31,375,1
2010-05-27,32,88,1
2010-05-27,32,102,1
2010-05-27,32,131,1
2010-05-27,33,153,1
2010-05-27,34,182,1
2010-05-27,35,377,1
2010-05-27,38,56,1
2010-05-27,39,275,1
2010-05-27,43,80,1
2010-05-27,43,391,1
2010-05-27,43,778,1
2010-05-27,49,587,1
2010-05-27,51,434,1
2010-05-27,56,562,1
2010-05-27,61,123,1
2010-05-27,67,160,1
2010-05-27,73,836,1
2010-05-27,79,192,1
2010-05-27,86,218,1
2010-05-27,90,270,1
2010-05-27,203,390,1
2010-05-28,1,1,3
2010-05-28,1,2,2
2010-05-28,1,4,1
2010-05-28,1,6,2
2010-05-28,1,8,1
2010-05-28,1,144,1
2010-05-28,2,2,1
2010-05-28,2,58,1
2010-05-28,2,60,1
2010-05-28,2,240,1
2010-05-28,3,33,1
2010-05-28,3,218,1
2010-05-28,4,4,1
2010-05-28,4,192,1
2010-05-28,5,5,1
2010-05-28,5,96,1
2010-05-28,6,88,1
2010-05-28,6,326,1
2010-05-28,7,9,1
2010-05-28,7,55,1
2010-05-28,9,88,1
2010-05-28,9,123,1
2010-05-28,9,139,1
2010-05-28,10,140,1
2010-05-28,11,58,1
2010-05-28,11,310,1
2010-05-28,12,20,1
2010-05-28,14,113,1
2010-05-28,14,142,1
2010-05-28,14,304,1
2010-05-28,14,2584,1
2010-05-28,17,250,1
2010-05-28,17,251,1
2010-05-28,18,129,1
2010-05-28,18,204,1
2010-05-28,19,59,1
2010-05-28,20,159,1
2010-05-28,20,209,1
2010-05-28,21,33,1
2010-05-28,24,853,1
2010-05-28,26,69,1
2010-05-28,26,300,1
2010-05-28,32,159,1
2010-05-28,32,248,1
2010-05-28,33,140,1
2010-05-28,38,88,1
2010-05-28,39,287,1
2010-05-28,41,431,1
2010-05-28,48,276,1
2010-05-28,54,357,1
2010-05-28,83,1266,1
2010-05-28,103,813,1
2010-05-28,134,294,1
2010-05-28,135,301,1
2010-05-30,1,2,2
2010-05-30,1,32,1
2010-05-30,2,14,1
2010-05-30,5,67,1
2010-05-30,5,209,1
2010-05-30,10,16,1
2010-05-30,10,524,1
2010-05-30,11,150,1
2010-05-30,12,114,1
2010-05-30,13,19,1
2010-05-30,16,29,1
2010-05-30,16,274,1
2010-05-30,16,498,1
2010-05-30,17,111,1
2010-05-30,19,255,1
2010-05-30,21,122,1
2010-05-30,23,374,1
2010-05-30,24,182,1
2010-05-30,26,811,1
2010-05-30,27,59,1
2010-05-30,27,66,1
2010-05-30,29,99,1
2010-05-30,33,573,1
2010-05-30,36,168,1
2010-05-30,40,105,1
2010-05-30,41,187,1
2010-05-30,44,72,1
2010-05-30,45,393,1
2010-05-30,56,145,1
2010-05-30,65,219,1
2010-05-30,103,380,1
2010-06-01,1,1,5
2010-06-01,1,2,1
2010-06-01,2,2,1
2010-06-01,2,164,1
2010-06-01,2,200,1
2010-06-01,3,3,2
2010-06-01,3,60,1
2010-06-01,3,96,1
2010-06-01,4,48,1
2010-06-01,5,31,1
2010-06-01,6,6,1
2010-06-01,7,41,1
2010-06-01,7,79,1
2010-06-01,8,80,1
2010-06-01,8,87,1
2010-06-01,9,40,1
2010-06-01,10,92,1
2010-06-01,11,41,1
2010-06-01,14,92,1
2010-06-01,16,114,1
2010-06-01,16,446,1
2010-06-01,18,59,1
2010-06-01,18,160,1
2010-06-01,18,291,1
2010-06-01,20,118,1
2010-06-01,21,81,1
2010-06-01,22,220,1
2010-06-01,23,62,1
2010-06-01,23,126,1
2010-06-01,24,159,1
2010-06-01,29,253,1
2010-06-01,32,85,1
2010-06-01,45,502,1
2010-06-01,46,66,1
2010-06-01,46,1456,1
2010-06-01,56,240,1
2010-06-01,75,478,1
2010-06-01,82,337,1
2010-06-01,86,388,1
2010-06-01,91,1037,1
2010-06-01,284,496,1
2010-06-02,1,2,1
2010-06-02,1,6,1
2010-06-02,1,24,1
2010-06-02,1,144,1
2010-06-02,1,200,1
2010-06-02,1,576,1
2010-06-02,1,1200,1
2010-06-02,2,4,1
2010-06-02,2,32,1
2010-06-02,3,4,1
2010-06-02,3,88,1
2010-06-02,4,5,1
2010-06-02,4,66,1
2010-06-02,5,35,1
2010-06-02,5,40,1
2010-06-02,5,92,1
2010-06-02,6,8,1
2010-06-02,6,43,1
2010-06-02,6,176,1
2010-06-02,7,9,1
2010-06-02,7,94,1
2010-06-02,8,28,1
2010-06-02,9,176,1
2010-06-02,11,100,1
2010-06-02,12,22,1
2010-06-02,13,62,1
2010-06-02,13,247,1
2010-06-02,14,136,1
2010-06-02,15,134,1
2010-06-02,15,1588,1
2010-06-02,16,110,1
2010-06-02,18,18,1
2010-06-02,18,112,1
2010-06-02,19,242,1
2010-06-02,19,1581,1
2010-06-02,20,400,1
2010-06-02,21,133,1
2010-06-02,22,115,1
2010-06-02,26,122,1
2010-06-02,27,305,1
2010-06-02,36,2077,1
2010-06-02,71,213,1
2010-06-02,85,116,1
2010-06-02,102,430,1
2010-06-02,265,501,1
2010-06-03,1,1,4
2010-06-03,1,2,1
2010-06-03,1,30,2
2010-06-03,2,2,1
2010-06-03,2,24,1
2010-06-03,3,3,1
2010-06-03,3,132,1
2010-06-03,3,180,1
2010-06-03,4,20,1
2010-06-03,4,66,1
2010-06-03,4,768,1
2010-06-03,5,14,1
2010-06-03,5,26,1
2010-06-03,5,56,1
2010-06-03,5,124,1
2010-06-03,6,28,1
2010-06-03,6,48,1
2010-06-03,6,152,1
2010-06-03,6,1008,1
2010-06-03,7,26,1
2010-06-03,7,86,1
2010-06-03,8,122,1
2010-06-03,8,217,1
2010-06-03,9,134,1
2010-06-03,10,43,1
2010-06-03,11,130,1
2010-06-03,12,186,1
2010-06-03,14,22,1
2010-06-03,14,98,1
2010-06-03,14,122,1
2010-06-03,16,28,1
2010-06-03,16,213,1
2010-06-03,16,1830,1
2010-06-03,17,52,1
2010-06-03,17,182,1
2010-06-03,17,199,1
2010-06-03,18,342,1
2010-06-03,18,399,1
2010-06-03,19,226,1
2010-06-03,19,240,1
2010-06-03,20,107,1
2010-06-03,20,398,1
2010-06-03,24,141,1
2010-06-03,25,110,1
2010-06-03,25,370,1
2010-06-03,27,326,1
2010-06-03,30,328,1
2010-06-03,30,431,1
2010-06-03,31,347,1
2010-06-03,32,161,1
2010-06-03,36,489,1
2010-06-03,39,296,1
2010-06-03,40,508,1
2010-06-03,49,242,1
2010-06-03,51,59,1
2010-06-03,57,496,1
2010-06-03,57,1878,1
2010-06-03,58,158,1
2010-06-03,75,979,1
2010-06-03,91,796,1
2010-06-03,151,763,1
2010-06-03,295,630,1
2010-06-04,1,1,1
2010-06-04,1,5,1
2010-06-04,1,22,1
2010-06-04,1,72,1
2010-06-04,1,134,1
2010-06-04,1,432,1
2010-06-04,2,2,1
2010-06-04,2,168,1
2010-06-04,3,3,1
2010-06-04,3,4,1
2010-06-04,3,50,1
2010-06-04,4,480,1
2010-06-04,5,7,1
2010-06-04,5,87,1
2010-06-04,7,63,1
2010-06-04,8,26,1
2010-06-04,8,33,1
2010-06-04,8,122,1
2010-06-04,8,609,1
2010-06-04,10,10,1
2010-06-04,10,205,1
2010-06-04,11,16,1
2010-06-04,11,210,1
2010-06-04,12,59,1
2010-06-04,12,115,1
2010-06-04,13,17,1
2010-06-04,13,63,1
2010-06-04,15,15,1
2010-06-04,15,59,1
2010-06-04,16,40,1
2010-06-04,16,162,1
2010-06-04,17,231,1
2010-06-04,18,27,1
2010-06-04,19,153,1
2010-06-04,19,246,1
2010-06-04,20,177,1
2010-06-04,21,29,1
2010-06-04,23,394,1
2010-06-04,24,240,1
2010-06-04,25,41,1
2010-06-04,26,640,1
2010-06-04,29,433,1
2010-06-04,31,148,1
2010-06-04,37,55,1
2010-06-04,41,67,1
2010-06-04,43,51,1
2010-06-04,57,197,1
2010-06-04,62,348,1
2010-06-04,124,203,1
2010-06-04,179,422,1
2010-06-04,314,759,1
2010-06-06,1,8,1
2010-06-06,1,10,1
2010-06-06,1,48,1
2010-06-06,2,6,1
2010-06-06,2,24,2
2010-06-06,6,79,1
2010-06-06,6,113,1
2010-06-06,7,359,1
2010-06-06,8,13,1
2010-06-06,8,299,1
2010-06-06,9,57,1
2010-06-06,9,78,1
2010-06-06,10,138,1
2010-06-06,11,61,1
2010-06-06,11,336,1
2010-06-06,12,32,1
2010-06-06,12,63,1
2010-06-06,12,220,1
2010-06-06,13,56,1
2010-06-06,13,282,1
2010-06-06,14,95,1
2010-06-06,14,98,1
2010-06-06,15,40,1
2010-06-06,15,138,2
2010-06-06,17,150,1
2010-06-06,18,93,1
2010-06-06,19,158,1
2010-06-06,19,250,1
2010-06-06,20,97,1
2010-06-06,20,703,1
2010-06-06,21,306,1
2010-06-06,23,237,1
2010-06-06,25,68,1
2010-06-06,25,415,1
2010-06-06,26,88,1
2010-06-06,26,96,1
2010-06-06,26,147,1
2010-06-06,26,220,1
2010-06-06,28,51,1
2010-06-06,30,36,1
2010-06-06,30,80,1
2010-06-06,30,133,1
2010-06-06,31,251,1
2010-06-06,31,390,1
2010-06-06,31,535,1
2010-06-06,35,116,1
2010-06-06,35,191,1
2010-06-06,37,108,1
2010-06-06,43,186,1
2010-06-06,43,195,1
2010-06-06,44,88,1
2010-06-06,44,321,1
2010-06-06,50,116,1
2010-06-06,53,208,1
2010-06-06,53,469,1
2010-06-06,55,290,1
2010-06-06,60,177,1
2010-06-06,67,314,1
2010-06-06,69,1202,1
2010-06-06,71,530,1
2010-06-06,75,293,1
2010-06-06,79,313,1
2010-06-06,85,170,1
2010-06-06,99,389,1
2010-06-06,110,368,1
2010-06-06,248,820,1
2010-06-07,1,1,2
2010-06-07,1,4,1
2010-06-07,1,6,1
2010-06-07,1,8,1
2010-06-07,1,12,3
2010-06-07,1,288,1
2010-06-07,2,14,1
2010-06-07,2,40,2
2010-06-07,3,20,1
2010-06-07,3,72,1
2010-06-07,3,2190,1
2010-06-07,3,2490,2
2010-06-07,4,924,1
2010-06-07,4,1256,1
2010-06-07,5,39,1
2010-06-07,5,44,1
2010-06-07,5,146,1
2010-06-07,5,504,1
2010-06-07,6,124,1
2010-06-07,7,49,1
2010-06-07,7,112,1
2010-06-07,7,126,1
2010-06-07,7,254,1
2010-06-07,8,54,1
2010-06-07,8,174,1
2010-06-07,10,88,1
2010-06-07,10,171,1
2010-06-07,11,69,1
2010-06-07,11,79,1
2010-06-07,11,98,1
2010-06-07,11,156,1
2010-06-07,12,25,1
2010-06-07,12,89,1
2010-06-07,13,26,1
2010-06-07,13,74,1
2010-06-07,13,85,1
2010-06-07,13,134,1
2010-06-07,15,40,1
2010-06-07,15,62,1
2010-06-07,15,176,1
2010-06-07,16,136,1
2010-06-07,17,163,1
2010-06-07,18,195,1
2010-06-07,18,281,1
2010-06-07,18,483,1
2010-06-07,19,27,1
2010-06-07,19,50,1
2010-06-07,19,188,1
2010-06-07,19,248,1
2010-06-07,19,310,1
2010-06-07,20,111,1
2010-06-07,20,117,1
2010-06-07,20,120,1
2010-06-07,20,195,1
2010-06-07,20,225,1
2010-06-07,20,228,1
2010-06-07,20,243,1
2010-06-07,20,489,1
2010-06-07,21,87,1
2010-06-07,23,72,1
2010-06-07,23,149,1
2010-06-07,23,153,1
2010-06-07,25,2930,1
2010-06-07,26,71,1
2010-06-07,27,48,1
2010-06-07,27,135,1
2010-06-07,27,277,1
2010-06-07,28,149,1
2010-06-07,28,219,1
2010-06-07,29,122,1
2010-06-07,30,56,1
2010-06-07,30,88,1
2010-06-07,30,440,1
2010-06-07,32,172,1
2010-06-07,34,64,1
2010-06-07,35,737,1
2010-06-07,36,379,1
2010-06-07,36,564,1
2010-06-07,38,80,1
2010-06-07,38,100,1
2010-06-07,40,112,1
2010-06-07,40,232,1
2010-06-07,41,266,1
2010-06-07,41,309,1
2010-06-07,42,93,1
2010-06-07,42,541,1
2010-06-07,53,290,1
2010-06-07,56,132,1
2010-06-07,61,290,1
2010-06-07,68,1063,1
2010-06-07,71,308,1
2010-06-07,91,452,1
2010-06-07,95,481,1
2010-06-07,102,291,1
2010-06-07,105,168,1
2010-06-07,106,384,1
2010-06-07,113,214,1
2010-06-07,155,257,1
2010-06-08,1,2,1
2010-06-08,1,20,1
2010-06-08,1,22,1
2010-06-08,1,36,1
2010-06-08,1,48,1
2010-06-08,1,50,1
2010-06-08,1,96,1
2010-06-08,1,293,1
2010-06-08,1,624,1
2010-06-08,2,4,1
2010-06-08,2,40,1
2010-06-08,2,48,1
2010-06-08,2,96,1
2010-06-08,2,108,1
2010-06-08,2,4000,1
2010-06-08,3,38,1
2010-06-08,3,102,1
2010-06-08,3,261,1
2010-06-08,3,400,1
2010-06-08,4,100,1
2010-06-08,5,84,1
2010-06-08,6,21,1
2010-06-08,6,74,1
2010-06-08,8,288,1
2010-06-08,8,1452,1
2010-06-08,9,71,1
2010-06-08,9,106,1
2010-06-08,9,160,1
2010-06-08,10,23,1
2010-06-08,11,85,1
2010-06-08,11,111,1
2010-06-08,11,132,1
2010-06-08,11,145,1
2010-06-08,11,308,1
2010-06-08,11,4910,1
2010-06-08,12,131,1
2010-06-08,12,134,1
2010-06-08,12,150,1
2010-06-08,13,62,1
2010-06-08,14,140,1
2010-06-08,14,480,1
2010-06-08,16,135,1
2010-06-08,17,195,1
2010-06-08,18,27,1
2010-06-08,18,115,1
2010-06-08,18,1307,1
2010-06-08,19,46,1
2010-06-08,20,30,1
2010-06-08,20,146,1
2010-06-08,20,292,1
2010-06-08,22,161,1
2010-06-08,24,284,1
2010-06-08,27,283,1
2010-06-08,27,355,1
2010-06-08,28,375,1
2010-06-08,29,104,1
2010-06-08,32,65,1
2010-06-08,32,704,1
2010-06-08,33,142,1
2010-06-08,33,147,1
2010-06-08,36,123,1
2010-06-08,36,149,1
2010-06-08,37,160,1
2010-06-08,38,74,1
2010-06-08,39,284,1
2010-06-08,42,131,1
2010-06-08,44,231,1
2010-06-08,48,707,1
2010-06-08,53,104,1
2010-06-08,62,400,1
2010-06-08,63,259,1
2010-06-08,71,1054,1
2010-06-08,78,141,1
2010-06-08,100,404,1
2010-06-08,144,206,1
2010-06-08,180,398,1
2010-06-08,255,680,1
2010-06-09,1,1,2
2010-06-09,1,2,1
2010-06-09,1,5,1
2010-06-09,1,12,1
2010-06-09,1,24,1
2010-06-09,1,50,1
2010-06-09,1,200,1
2010-06-09,1,240,1
2010-06-09,1,1152,1
2010-06-09,2,200,1
2010-06-09,2,408,1
2010-06-09,2,704,1
2010-06-09,3,6,1
2010-06-09,4,52,1
2010-06-09,4,80,1
2010-06-09,4,122,1
2010-06-09,5,450,1
2010-06-09,6,30,1
2010-06-09,7,84,1
2010-06-09,8,200,1
2010-06-09,9,65,1
2010-06-09,10,96,1
2010-06-09,11,23,1
2010-06-09,11,142,1
2010-06-09,12,52,1
2010-06-09,12,288,1
2010-06-09,13,198,1
2010-06-09,14,19,1
2010-06-09,15,422,1
2010-06-09,16,76,1
2010-06-09,16,100,1
2010-06-09,16,140,1
2010-06-09,16,302,1
2010-06-09,16,304,1
2010-06-09,17,108,1
2010-06-09,17,157,1
2010-06-09,18,1110,1
2010-06-09,18,6874,1
2010-06-09,19,214,1
2010-06-09,19,336,1
2010-06-09,20,156,1
2010-06-09,21,62,1
2010-06-09,21,80,1
2010-06-09,22,1516,1
2010-06-09,23,123,1
2010-06-09,23,215,1
2010-06-09,24,246,1
2010-06-09,24,289,1
2010-06-09,24,303,1
2010-06-09,25,876,1
2010-06-09,26,177,1
2010-06-09,26,368,1
2010-06-09,28,370,1
2010-06-09,28,394,1
2010-06-09,30,116,1
2010-06-09,30,590,1
2010-06-09,32,205,1
2010-06-09,34,888,1
2010-06-09,35,370,1
2010-06-09,35,723,1
2010-06-09,37,43,1
2010-06-09,46,641,1
2010-06-09,54,156,1
2010-06-09,59,150,1
2010-06-09,69,260,1
2010-06-09,123,784,1
2010-06-09,148,337,1
2010-06-10,1,1,3
2010-06-10,1,4,1
2010-06-10,1,10,1
2010-06-10,1,12,1
2010-06-10,1,24,2
2010-06-10,1,100,1
2010-06-10,1,216,1
2010-06-10,2,7,1
2010-06-10,3,3,1
2010-06-10,3,12,1
2010-06-10,4,68,1
2010-06-10,5,30,1
2010-06-10,5,41,1
2010-06-10,5,60,1
2010-06-10,6,31,1
2010-06-10,6,138,1
2010-06-10,6,216,1
2010-06-10,7,124,1
2010-06-10,8,82,1
2010-06-10,8,217,1
2010-06-10,9,166,1
2010-06-10,9,256,1
2010-06-10,9,708,1
2010-06-10,10,38,1
2010-06-10,10,79,1
2010-06-10,11,74,1
2010-06-10,11,81,1
2010-06-10,11,232,1
2010-06-10,13,69,1
2010-06-10,13,74,1
2010-06-10,13,77,1
2010-06-10,13,106,1
2010-06-10,14,144,1
2010-06-10,14,156,1
2010-06-10,14,312,1
2010-06-10,15,45,1
2010-06-10,15,58,1
2010-06-10,15,542,1
2010-06-10,16,69,1
2010-06-10,16,227,1
2010-06-10,17,164,1
2010-06-10,18,137,1
2010-06-10,19,110,1
2010-06-10,19,174,1
2010-06-10,19,216,1
2010-06-10,20,87,1
2010-06-10,20,217,1
2010-06-10,23,122,1
2010-06-10,25,40,1
2010-06-10,25,379,1
2010-06-10,26,195,1
2010-06-10,33,271,1
2010-06-10,33,389,1
2010-06-10,35,88,1
2010-06-10,36,201,1
2010-06-10,36,273,1
2010-06-10,50,309,1
2010-06-10,63,1122,1
2010-06-10,65,176,1
2010-06-10,88,124,1
2010-06-11,1,1,2
2010-06-11,1,200,1
2010-06-11,1,240,1
2010-06-11,1,300,1
2010-06-11,1,360,1
2010-06-11,1,1000,1
2010-06-11,2,2,2
2010-06-11,2,3,1
2010-06-11,2,7,1
2010-06-11,2,120,1
2010-06-11,3,34,1
2010-06-11,3,504,1
2010-06-11,4,27,1
2010-06-11,4,216,1
2010-06-11,4,258,1
2010-06-11,5,150,1
2010-06-11,5,334,1
2010-06-11,6,85,1
2010-06-11,7,7,2
2010-06-11,7,11,1
2010-06-11,7,189,1
2010-06-11,8,109,1
2010-06-11,8,130,1
2010-06-11,9,63,1
2010-06-11,9,95,1
2010-06-11,10,352,1
2010-06-11,11,14,1
2010-06-11,12,45,1
2010-06-11,12,88,1
2010-06-11,12,191,1
2010-06-11,12,274,1
2010-06-11,13,125,1
2010-06-11,13,192,1
2010-06-11,13,416,1
2010-06-11,14,52,1
2010-06-11,15,41,1
2010-06-11,15,105,1
2010-06-11,15,398,1
2010-06-11,16,132,1
2010-06-11,16,662,1
2010-06-11,17,188,1
2010-06-11,17,523,1
2010-06-11,18,23,1
2010-06-11,18,131,1
2010-06-11,18,145,1
2010-06-11,18,165,1
2010-06-11,19,205,1
2010-06-11,20,252,1
2010-06-11,20,253,1
2010-06-11,21,111,1
2010-06-11,22,126,1
2010-06-11,22,274,1
2010-06-11,23,48,1
2010-06-11,23,72,1
2010-06-11,23,129,1
2010-06-11,24,68,1
2010-06-11,24,526,1
2010-06-11,25,296,1
2010-06-11,25,386,1
2010-06-11,26,83,1
2010-06-11,27,113,1
2010-06-11,27,260,1
2010-06-11,27,433,1
2010-06-11,31,650,1
2010-06-11,32,1305,1
2010-06-11,34,76,1
2010-06-11,36,462,1
2010-06-11,38,121,1
2010-06-11,43,598,1
2010-06-11,57,195,1
2010-06-11,62,122,1
2010-06-11,78,102,1
2010-06-11,86,3634,1
2010-06-11,87,980,1
2010-06-11,150,445,1
2010-06-11,181,412,1
2010-06-13,1,1,1
2010-06-13,1,12,1
2010-06-13,1,29,1
2010-06-13,1,50,1
2010-06-13,1,144,1
2010-06-13,2,36,1
2010-06-13,2,50,1
2010-06-13,3,28,1
2010-06-13,4,96,1
2010-06-13,5,25,1
2010-06-13,5,56,1
2010-06-13,5,92,1
2010-06-13,5,108,1
2010-06-13,5,162,1
2010-06-13,6,37,1
2010-06-13,6,84,1
2010-06-13,6,115,1
2010-06-13,6,229,1
2010-06-13,7,96,1
2010-06-13,7,136,1
2010-06-13,8,65,1
2010-06-13,8,518,1
2010-06-13,9,26,1
2010-06-13,9,56,1
2010-06-13,9,101,1
2010-06-13,9,187,1
2010-06-13,10,19,1
2010-06-13,10,73,1
2010-06-13,11,227,1
2010-06-13,12,79,1
2010-06-13,13,41,1
2010-06-13,13,58,1
2010-06-13,13,121,1
2010-06-13,13,156,1
2010-06-13,15,136,1
2010-06-13,15,199,1
2010-06-13,16,132,1
2010-06-13,16,146,1
2010-06-13,16,187,1
2010-06-13,17,194,1
2010-06-13,17,456,1
2010-06-13,17,558,1
2010-06-13,18,91,1
2010-06-13,18,135,1
2010-06-13,18,145,1
2010-06-13,18,162,1
2010-06-13,18,276,1
2010-06-13,18,376,1
2010-06-13,19,40,1
2010-06-13,19,178,1
2010-06-13,20,131,1
2010-06-13,21,49,1
2010-06-13,23,144,1
2010-06-13,23,203,1
2010-06-13,26,43,1
2010-06-13,27,331,1
2010-06-13,28,40,1
2010-06-13,28,242,1
2010-06-13,32,116,1
2010-06-13,34,53,1
2010-06-13,35,803,1
2010-06-13,48,92,1
2010-06-13,51,357,1
2010-06-13,53,251,1
2010-06-13,58,178,1
2010-06-13,60,191,1
2010-06-13,60,197,1
2010-06-13,78,410,1
2010-06-13,117,295,1
2010-06-13,129,328,1
2010-06-14,1,1,2
2010-06-14,1,12,1
2010-06-14,1,64,1
2010-06-14,1,120,1
2010-06-14,1,288,2
2010-06-14,1,2000,1
2010-06-14,2,3,1
2010-06-14,2,12,1
2010-06-14,2,112,1
2010-06-14,2,120,1
2010-06-14,4,13,1
2010-06-14,4,26,1
2010-06-14,4,396,1
2010-06-14,6,17,1
2010-06-14,6,27,1
2010-06-14,6,108,1
2010-06-14,7,54,1
2010-06-14,7,334,1
2010-06-14,8,49,1
2010-06-14,9,45,1
2010-06-14,9,77,1
2010-06-14,11,77,1
2010-06-14,11,93,1
2010-06-14,12,44,1
2010-06-14,12,67,1
2010-06-14,12,502,1
2010-06-14,13,194,1
2010-06-14,14,132,1
2010-06-14,14,162,1
2010-06-14,14,283,1
2010-06-14,15,24,1
2010-06-14,15,84,1
2010-06-14,15,110,1
2010-06-14,20,101,1
2010-06-14,20,282,1
2010-06-14,21,223,1
2010-06-14,22,82,1
2010-06-14,25,1744,1
2010-06-14,28,77,1
2010-06-14,28,127,1
2010-06-14,29,557,1
2010-06-14,31,146,1
2010-06-14,32,70,1
2010-06-14,36,232,1
2010-06-14,37,420,1
2010-06-14,37,458,1
2010-06-14,47,212,1
2010-06-14,51,453,1
2010-06-14,71,298,1
2010-06-14,72,441,1
2010-06-14,101,1016,1
2010-06-14,129,1670,1
2010-06-14,133,964,1
2010-06-14,175,261,1
2010-06-14,193,327,1
2010-06-15,1,1,1
2010-06-15,1,6,1
2010-06-15,1,10,2
2010-06-15,1,18,1
2010-06-15,1,850,1
2010-06-15,2,2,1
2010-06-15,2,13,1
2010-06-15,2,144,1
2010-06-15,3,18,1
2010-06-15,3,60,1
2010-06-15,4,24,1
2010-06-15,5,9,1
2010-06-15,5,1152,1
2010-06-15,7,155,1
2010-06-15,8,33,1
2010-06-15,9,272,1
2010-06-15,10,36,1
2010-06-15,11,148,1
2010-06-15,12,68,1
2010-06-15,14,49,1
2010-06-15,14,114,1
2010-06-15,17,239,1
2010-06-15,18,142,1
2010-06-15,21,236,1
2010-06-15,22,100,1
2010-06-15,23,416,1
2010-06-15,23,552,1
2010-06-15,24,280,1
2010-06-15,25,212,1
2010-06-15,25,286,1
2010-06-15,27,325,1
2010-06-15,28,139,1
2010-06-15,28,336,1
2010-06-15,28,861,1
2010-06-15,29,57,1
2010-06-15,32,673,1
2010-06-15,34,218,1
2010-06-15,34,354,1
2010-06-15,35,467,1
2010-06-15,40,888,1
2010-06-15,42,223,1
2010-06-15,42,626,1
2010-06-15,45,237,1
2010-06-15,46,634,1
2010-06-15,46,6102,1
2010-06-15,49,230,1
2010-06-15,51,124,1
2010-06-15,54,115,1
2010-06-15,93,1246,1
2010-06-15,203,407,1
2010-06-15,219,437,1
2010-06-16,1,1,3
2010-06-16,1,6,1
2010-06-16,1,13,1
2010-06-16,1,24,2
2010-06-16,1,36,1
2010-06-16,1,48,1
2010-06-16,1,84,1
2010-06-16,1,96,1
2010-06-16,2,11,1
2010-06-16,2,72,1
2010-06-16,2,196,1
2010-06-16,2,232,1
2010-06-16,2,288,1
2010-06-16,3,40,1
2010-06-16,3,160,1
2010-06-16,4,21,2
2010-06-16,5,130,1
2010-06-16,5,402,1
2010-06-16,6,27,1
2010-06-16,6,35,1
2010-06-16,6,36,1
2010-06-16,6,57,1
2010-06-16,6,342,1
2010-06-16,7,20,1
2010-06-16,7,40,1
2010-06-16,7,79,1
2010-06-16,7,132,1
2010-06-16,7,450,1
2010-06-16,8,66,1
2010-06-16,8,144,1
2010-06-16,8,232,1
2010-06-16,8,928,1
2010-06-16,9,36,1
2010-06-16,9,258,1
2010-06-16,10,115,1
2010-06-16,11,68,1
2010-06-16,11,109,1
2010-06-16,12,34,1
2010-06-16,12,102,1
2010-06-16,12,356,1
2010-06-16,14,170,1
2010-06-16,15,123,1
2010-06-16,15,1444,1
2010-06-16,16,79,1
2010-06-16,16,137,1
2010-06-16,17,253,1
2010-06-16,19,45,1
2010-06-16,19,51,1
2010-06-16,20,219,1
2010-06-16,21,39,1
2010-06-16,21,378,1
2010-06-16,24,113,1
2010-06-16,26,81,1
2010-06-16,26,127,1
2010-06-16,28,85,1
2010-06-16,29,110,1
2010-06-16,30,408,1
2010-06-16,37,113,1
2010-06-16,40,442,1
2010-06-16,42,763,1
2010-06-16,45,129,1
2010-06-16,45,489,1
2010-06-16,46,192,1
2010-06-16,47,1042,1
2010-06-16,49,583,1
2010-06-16,51,151,1
2010-06-16,51,744,1
2010-06-16,53,512,1
2010-06-16,58,172,1
2010-06-16,66,172,1
2010-06-16,71,557,1
2010-06-16,81,256,1
2010-06-16,82,1023,1
2010-06-16,84,1554,1
2010-06-16,91,220,1
2010-06-16,194,467,1
2010-06-17,1,1,1
2010-06-17,1,2,1
2010-06-17,1,4,1
2010-06-17,1,24,1
2010-06-17,2,2,1
2010-06-17,2,4,1
2010-06-17,2,34,1
2010-06-17,2,108,1
2010-06-17,3,100,1
2010-06-17,4,9,1
2010-06-17,4,55,1
2010-06-17,5,170,1
2010-06-17,6,6,2
2010-06-17,6,14,1
2010-06-17,7,29,1
2010-06-17,7,76,1
2010-06-17,7,85,1
2010-06-17,7,340,1
2010-06-17,8,15,1
2010-06-17,9,56,1
2010-06-17,10,61,1
2010-06-17,10,248,1
2010-06-17,11,114,1
2010-06-17,13,316,1
2010-06-17,14,77,1
2010-06-17,15,45,1
2010-06-17,15,140,1
2010-06-17,15,152,1
2010-06-17,16,128,1
2010-06-17,17,97,1
2010-06-17,18,95,1
2010-06-17,18,123,1
2010-06-17,18,181,1
2010-06-17,20,61,1
2010-06-17,20,74,1
2010-06-17,20,127,1
2010-06-17,20,313,1
2010-06-17,21,224,1
2010-06-17,22,109,1
2010-06-17,22,224,1
2010-06-17,22,236,1
2010-06-17,23,69,1
2010-06-17,23,235,1
2010-06-17,24,468,1
2010-06-17,25,127,1
2010-06-17,26,121,1
2010-06-17,27,380,1
2010-06-17,29,90,1
2010-06-17,29,210,1
2010-06-17,29,438,1
2010-06-17,30,196,1
2010-06-17,31,71,1
2010-06-17,31,295,1
2010-06-17,31,493,1
2010-06-17,32,363,1
2010-06-17,35,77,1
2010-06-17,36,113,1
2010-06-17,36,169,1
2010-06-17,39,71,1
2010-06-17,39,273,1
2010-06-17,39,502,1
2010-06-17,40,146,1
2010-06-17,40,164,1
2010-06-17,44,733,1
2010-06-17,46,346,1
2010-06-17,52,275,1
2010-06-17,53,123,1
2010-06-17,54,732,1
2010-06-17,61,274,1
2010-06-17,71,874,1
2010-06-17,72,266,1
2010-06-17,156,326,1
2010-06-18,1,84,1
2010-06-18,2,4,1
2010-06-18,2,7,1
2010-06-18,2,90,1
2010-06-18,3,18,1
2010-06-18,4,4,1
2010-06-18,6,6,1
2010-06-18,6,55,1
2010-06-18,6,186,1
2010-06-18,7,35,1
2010-06-18,8,412,1
2010-06-18,9,42,1
2010-06-18,9,325,1
2010-06-18,10,31,1
2010-06-18,10,101,1
2010-06-18,10,107,1
2010-06-18,10,111,1
2010-06-18,11,32,1
2010-06-18,12,114,1
2010-06-18,12,122,1
2010-06-18,13,13,1
2010-06-18,13,67,1
2010-06-18,13,108,1
2010-06-18,13,129,1
2010-06-18,14,161,1
2010-06-18,15,154,1
2010-06-18,16,95,1
2010-06-18,17,56,1
2010-06-18,17,155,1
2010-06-18,18,133,1
2010-06-18,18,148,1
2010-06-18,19,234,1
2010-06-18,19,247,1
2010-06-18,19,254,1
2010-06-18,20,127,1
2010-06-18,21,148,1
2010-06-18,21,248,1
2010-06-18,22,51,1
2010-06-18,22,296,1
2010-06-18,23,105,1
2010-06-18,25,63,1
2010-06-18,27,81,1
2010-06-18,28,261,1
2010-06-18,28,284,1
2010-06-18,30,266,1
2010-06-18,30,640,1
2010-06-18,35,2598,1
2010-06-18,115,279,1
2010-06-18,137,284,1
2010-06-20,1,10,1
2010-06-20,1,150,1
2010-06-20,2,73,1
2010-06-20,3,72,1
2010-06-20,5,17,1
2010-06-20,5,640,1
2010-06-20,6,331,1
2010-06-20,7,24,1
2010-06-20,7,68,1
2010-06-20,7,194,1
2010-06-20,7,232,1
2010-06-20,7,268,1
2010-06-20,9,21,1
2010-06-20,10,48,1
2010-06-20,10,61,1
2010-06-20,11,276,1
2010-06-20,11,426,1
2010-06-20,14,34,1
2010-06-20,14,70,1
2010-06-20,25,151,1
2010-06-20,33,128,1
2010-06-20,37,78,1
2010-06-20,39,401,1
2010-06-20,40,170,1
2010-06-20,45,221,1
2010-06-20,82,328,1
2010-06-21,1,6,1
2010-06-21,1,18,1
2010-06-21,2,26,1
2010-06-21,4,13,1
2010-06-21,4,17,1
2010-06-21,6,61,1
2010-06-21,9,68,1
2010-06-21,10,26,1
2010-06-21,10,47,1
2010-06-21,10,2028,1
2010-06-21,13,232,1
2010-06-21,14,179,1
2010-06-21,15,85,1
2010-06-21,15,118,1
2010-06-21,15,152,1
2010-06-21,18,63,1
2010-06-21,19,287,1
2010-06-21,20,180,1
2010-06-21,20,201,1
2010-06-21,21,46,1
2010-06-21,22,145,1
2010-06-21,25,219,1
2010-06-21,27,106,1
2010-06-21,28,176,1
2010-06-21,28,318,1
2010-06-21,29,194,1
2010-06-21,31,104,1
2010-06-21,31,351,1
2010-06-21,32,277,1
2010-06-21,33,136,1
2010-06-21,33,435,1
2010-06-21,34,188,1
2010-06-21,40,94,1
2010-06-21,42,334,1
2010-06-21,44,358,1
2010-06-21,68,99,1
2010-06-21,68,239,1
2010-06-21,75,292,1
2010-06-21,76,156,1
2010-06-21,87,229,1
2010-06-21,109,1602,1
2010-06-21,117,804,1
2010-06-21,120,679,1
2010-06-21,347,812,1
2010-06-22,1,2,1
2010-06-22,1,6,1
2010-06-22,1,24,1
2010-06-22,1,48,2
2010-06-22,2,2,1
2010-06-22,3,47,1
2010-06-22,5,52,1
2010-06-22,6,148,1
2010-06-22,8,71,1
2010-06-22,8,79,1
2010-06-22,8,95,1
2010-06-22,8,126,1
2010-06-22,9,63,1
2010-06-22,9,150,1
2010-06-22,10,216,1
2010-06-22,10,220,1
2010-06-22,11,144,1
2010-06-22,13,104,1
2010-06-22,14,103,1
2010-06-22,14,156,1
2010-06-22,14,264,1
2010-06-22,15,164,1
2010-06-22,15,285,1
2010-06-22,16,113,1
2010-06-22,17,134,1
2010-06-22,18,438,1
2010-06-22,19,81,1
2010-06-22,19,117,1
2010-06-22,20,100,1
2010-06-22,20,120,1
2010-06-22,21,168,1
2010-06-22,22,147,1
2010-06-22,22,234,1
2010-06-22,23,220,1
2010-06-22,25,270,1
2010-06-22,26,193,1
2010-06-22,34,316,1
2010-06-22,35,579,1
2010-06-22,132,361,1
2010-06-22,152,283,1
2010-06-22,188,503,1
2010-06-23,1,1,1
2010-06-23,1,2,1
2010-06-23,1,3,1
2010-06-23,1,15,1
2010-06-23,1,64,1
2010-06-23,1,200,1
2010-06-23,1,300,1
2010-06-23,1,1000,1
2010-06-23,2,2,1
2010-06-23,2,84,1
2010-06-23,2,136,1
2010-06-23,2,300,1
2010-06-23,2,744,1
2010-06-23,3,36,1
2010-06-23,3,72,1
2010-06-23,4,16,1
2010-06-23,4,40,1
2010-06-23,4,914,1
2010-06-23,5,73,1
2010-06-23,5,116,1
2010-06-23,5,144,1
2010-06-23,5,318,1
2010-06-23,6,41,1
2010-06-23,6,88,1
2010-06-23,6,391,1
2010-06-23,7,116,1
2010-06-23,7,214,1
2010-06-23,8,35,1
2010-06-23,8,58,1
2010-06-23,8,92,1
2010-06-23,8,240,1
2010-06-23,9,9,1
2010-06-23,9,77,1
2010-06-23,9,147,1
2010-06-23,10,10,1
2010-06-23,10,1488,1
2010-06-23,11,113,1
2010-06-23,11,140,1
2010-06-23,11,208,1
2010-06-23,12,19,1
2010-06-23,12,94,1
2010-06-23,12,127,1
2010-06-23,13,88,1
2010-06-23,13,104,1
2010-06-23,14,191,1
2010-06-23,14,262,1
2010-06-23,15,200,1
2010-06-23,15,280,1
2010-06-23,16,232,1
2010-06-23,17,160,1
2010-06-23,18,233,1
2010-06-23,19,155,1
2010-06-23,21,175,1
2010-06-23,21,241,1
2010-06-23,21,470,1
2010-06-23,22,291,1
2010-06-23,25,38,1
2010-06-23,25,305,1
2010-06-23,27,766,1
2010-06-23,29,258,1
2010-06-23,30,106,1
2010-06-23,35,266,1
2010-06-23,37,235,1
2010-06-23,39,277,1
2010-06-23,51,1166,1
2010-06-23,74,787,1
2010-06-23,163,323,1
2010-06-23,203,326,1
2010-06-24,1,1,2
2010-06-24,1,2,1
2010-06-24,1,4,1
2010-06-24,1,10,1
2010-06-24,1,12,1
2010-06-24,2,16,1
2010-06-24,2,20,2
2010-06-24,2,2401,1
2010-06-24,3,14,1
2010-06-24,3,84,1
2010-06-24,3,240,1
2010-06-24,4,5,1
2010-06-24,4,86,1
2010-06-24,4,250,1
2010-06-24,5,5,1
2010-06-24,5,32,1
2010-06-24,5,50,1
2010-06-24,6,500,1
2010-06-24,7,222,1
2010-06-24,9,33,1
2010-06-24,10,149,1
2010-06-24,10,257,1
2010-06-24,11,95,1
2010-06-24,12,62,1
2010-06-24,13,61,1
2010-06-24,13,229,1
2010-06-24,14,18,1
2010-06-24,14,50,1
2010-06-24,15,108,1
2010-06-24,15,116,1
2010-06-24,15,132,1
2010-06-24,15,213,1
2010-06-24,17,128,1
2010-06-24,17,342,1
2010-06-24,17,362,1
2010-06-24,18,26,1
2010-06-24,18,160,1
2010-06-24,18,190,1
2010-06-24,19,82,1
2010-06-24,20,35,1
2010-06-24,20,37,1
2010-06-24,20,73,1
2010-06-24,22,32,1
2010-06-24,22,39,1
2010-06-24,22,322,1
2010-06-24,24,35,1
2010-06-24,24,36,1
2010-06-24,24,152,1
2010-06-24,24,939,1
2010-06-24,25,88,1
2010-06-24,25,282,1
2010-06-24,27,45,1
2010-06-24,28,40,1
2010-06-24,29,48,1
2010-06-24,31,247,1
2010-06-24,33,57,1
2010-06-24,33,71,1
2010-06-24,34,750,1
2010-06-24,35,58,1
2010-06-24,39,55,1
2010-06-24,40,96,1
2010-06-24,40,317,1
2010-06-24,43,85,1
2010-06-24,43,142,1
2010-06-24,44,526,1
2010-06-24,46,102,1
2010-06-24,48,92,1
2010-06-24,53,275,1
2010-06-24,72,174,1
2010-06-24,72,526,1
2010-06-24,92,1247,1
2010-06-25,1,1,1
2010-06-25,1,3,1
2010-06-25,1,4,1
2010-06-25,1,6,1
2010-06-25,2,25,1
2010-06-25,3,3,1
2010-06-25,4,10,1
2010-06-25,4,110,1
2010-06-25,6,88,1
2010-06-25,7,10,1
2010-06-25,7,27,1
2010-06-25,7,56,1
2010-06-25,7,116,1
2010-06-25,7,491,1
2010-06-25,9,89,1
2010-06-25,10,96,1
2010-06-25,11,16,1
2010-06-25,12,93,1
2010-06-25,12,176,1
2010-06-25,13,99,1
2010-06-25,13,122,1
2010-06-25,14,43,1
2010-06-25,14,252,1
2010-06-25,15,201,1
2010-06-25,15,202,1
2010-06-25,15,224,1
2010-06-25,16,111,1
2010-06-25,17,39,1
2010-06-25,18,156,1
2010-06-25,20,50,1
2010-06-25,22,135,1
2010-06-25,22,569,1
2010-06-25,23,241,1
2010-06-25,23,281,1
2010-06-25,23,355,1
2010-06-25,32,53,1
2010-06-25,34,280,1
2010-06-25,39,173,1
2010-06-25,39,764,1
2010-06-25,40,334,1
2010-06-25,50,239,1
2010-06-25,66,493,1
2010-06-25,515,1594,1
2010-06-27,1,4,1
2010-06-27,2,7,1
2010-06-27,2,108,1
2010-06-27,3,40,1
2010-06-27,3,48,1
2010-06-27,3,106,1
2010-06-27,4,118,1
2010-06-27,5,34,1
2010-06-27,5,39,1
2010-06-27,5,43,1
2010-06-27,5,252,1
2010-06-27,5,704,1
2010-06-27,6,187,1
2010-06-27,7,86,1
2010-06-27,8,35,1
2010-06-27,9,20,1
2010-06-27,9,45,1
2010-06-27,9,51,1
2010-06-27,9,119,1
2010-06-27,9,397,1
2010-06-27,10,78,1
2010-06-27,10,107,1
2010-06-27,10,124,1
2010-06-27,11,192,1
2010-06-27,12,24,1
2010-06-27,12,90,1
2010-06-27,12,210,1
2010-06-27,13,137,1
2010-06-27,13,138,1
2010-06-27,13,406,1
2010-06-27,14,24,1
2010-06-27,14,141,1
2010-06-27,15,72,1
2010-06-27,18,43,2
2010-06-27,18,703,1
2010-06-27,19,80,1
2010-06-27,19,127,1
2010-06-27,19,140,1
2010-06-27,20,200,1
2010-06-27,23,1340,1
2010-06-27,26,49,1
2010-06-27,26,100,1
2010-06-27,32,178,1
2010-06-27,32,301,1
2010-06-27,34,1098,1
2010-06-27,38,497,1
2010-06-27,44,196,1
2010-06-27,45,171,1
2010-06-27,47,75,1
2010-06-27,60,159,1
2010-06-27,73,160,1
2010-06-27,89,131,1
2010-06-27,129,516,1
2010-06-27,157,425,1
2010-06-28,1,1,1
2010-06-28,2,168,1
2010-06-28,2,446,1
2010-06-28,3,10,1
2010-06-28,3,77,1
2010-06-28,3,96,1
2010-06-28,3,126,1
2010-06-28,3,137,1
2010-06-28,3,260,1
2010-06-28,3,1236,1
2010-06-28,4,208,1
2010-06-28,4,219,1
2010-06-28,5,73,1
2010-06-28,6,42,1
2010-06-28,7,28,1
2010-06-28,7,42,1
2010-06-28,7,60,1
2010-06-28,7,152,1
2010-06-28,7,211,1
2010-06-28,8,38,1
2010-06-28,8,52,1
2010-06-28,9,77,1
2010-06-28,9,96,1
2010-06-28,9,102,1
2010-06-28,11,134,1
2010-06-28,12,112,1
2010-06-28,13,76,1
2010-06-28,13,131,1
2010-06-28,13,282,1
2010-06-28,14,296,1
2010-06-28,14,2584,1
2010-06-28,14,6584,1
2010-06-28,15,137,1
2010-06-28,16,84,1
2010-06-28,17,33,1
2010-06-28,17,86,1
2010-06-28,18,108,1
2010-06-28,18,166,1
2010-06-28,19,19,1
2010-06-28,20,182,1
2010-06-28,21,213,1
2010-06-28,21,308,1
2010-06-28,21,1398,1
2010-06-28,23,80,1
2010-06-28,23,146,1
2010-06-28,24,73,1
2010-06-28,24,107,1
2010-06-28,24,367,1
2010-06-28,28,303,1
2010-06-28,30,292,1
2010-06-28,32,85,1
2010-06-28,34,414,1
2010-06-28,35,189,1
2010-06-28,37,394,1
2010-06-28,38,55,1
2010-06-28,38,361,1
2010-06-28,42,167,1
2010-06-28,43,603,1
2010-06-28,47,425,1
2010-06-28,51,78,1
2010-06-28,53,284,1
2010-06-28,55,558,1
2010-06-28,59,617,1
2010-06-28,63,246,1
2010-06-28,71,575,1
2010-06-28,71,8954,1
2010-06-28,111,1786,1
2010-06-28,167,408,1
2010-06-28,168,318,1
2010-06-29,1,6,2
2010-06-29,1,12,1
2010-06-29,1,20,1
2010-06-29,1,50,1
2010-06-29,1,72,1
2010-06-29,1,96,1
2010-06-29,1,120,1
2010-06-29,1,140,1
2010-06-29,1,144,1
2010-06-29,1,864,1
2010-06-29,2,2,1
2010-06-29,2,25,1
2010-06-29,2,200,1
2010-06-29,3,4,1
2010-06-29,3,14,1
2010-06-29,3,32,1
2010-06-29,4,30,1
2010-06-29,4,624,1
2010-06-29,5,74,1
2010-06-29,5,112,1
2010-06-29,5,1300,1
2010-06-29,6,67,1
2010-06-29,7,50,1
2010-06-29,8,34,1
2010-06-29,8,79,1
2010-06-29,9,65,1
2010-06-29,9,74,1
2010-06-29,9,96,1
2010-06-29,9,120,1
2010-06-29,9,194,1
2010-06-29,9,2520,1
2010-06-29,10,140,1
2010-06-29,10,158,1
2010-06-29,10,276,1
2010-06-29,10,360,1
2010-06-29,11,78,1
2010-06-29,11,100,1
2010-06-29,11,119,1
2010-06-29,11,499,1
2010-06-29,12,184,1
2010-06-29,13,99,1
2010-06-29,13,2402,1
2010-06-29,14,271,1
2010-06-29,15,322,1
2010-06-29,17,191,1
2010-06-29,18,39,1
2010-06-29,18,159,1
2010-06-29,18,317,1
2010-06-29,19,570,1
2010-06-29,20,304,1
2010-06-29,21,106,1
2010-06-29,21,192,1
2010-06-29,22,330,1
2010-06-29,23,184,1
2010-06-29,23,222,1
2010-06-29,23,241,1
2010-06-29,24,164,1
2010-06-29,25,217,1
2010-06-29,26,464,1
2010-06-29,33,289,1
2010-06-29,35,293,1
2010-06-29,37,181,1
2010-06-29,44,161,1
2010-06-29,48,481,1
2010-06-29,49,803,1
2010-06-29,60,800,1
2010-06-29,66,433,1
2010-06-29,86,182,1
2010-06-29,89,760,1
2010-06-29,118,1017,1
2010-06-29,133,242,1
2010-06-29,191,376,1
2010-06-30,1,6,1
2010-06-30,1,40,2
2010-06-30,1,200,1
2010-06-30,1,300,1
2010-06-30,2,2,1
2010-06-30,2,80,1
2010-06-30,2,96,1
2010-06-30,2,756,1
2010-06-30,3,6,1
2010-06-30,3,22,1
2010-06-30,3,278,1
2010-06-30,4,4,1
2010-06-30,4,20,1
2010-06-30,4,168,1
2010-06-30,5,290,1
2010-06-30,6,43,1
2010-06-30,7,60,1
2010-06-30,7,204,1
2010-06-30,8,126,1
2010-06-30,8,142,1
2010-06-30,9,66,1
2010-06-30,9,71,1
2010-06-30,9,120,1
2010-06-30,9,158,1
2010-06-30,10,38,1
2010-06-30,10,104,1
2010-06-30,10,2424,1
2010-06-30,11,88,2
2010-06-30,11,104,1
2010-06-30,11,150,1
2010-06-30,11,446,1
2010-06-30,12,74,1
2010-06-30,12,88,1
2010-06-30,14,118,1
2010-06-30,15,220,1
2010-06-30,15,294,1
2010-06-30,15,462,1
2010-06-30,16,114,1
2010-06-30,16,156,1
2010-06-30,17,111,1
2010-06-30,17,137,1
2010-06-30,18,104,1
2010-06-30,18,198,1
2010-06-30,18,242,1
2010-06-30,19,71,1
2010-06-30,19,131,1
2010-06-30,20,158,1
2010-06-30,20,188,1
2010-06-30,20,2938,1
2010-06-30,21,193,1
2010-06-30,21,343,1
2010-06-30,22,350,1
2010-06-30,23,173,1
2010-06-30,23,199,1
2010-06-30,24,269,1
2010-06-30,24,273,1
2010-06-30,25,260,1
2010-06-30,27,176,1
2010-06-30,29,63,1
2010-06-30,29,139,1
2010-06-30,29,200,1
2010-06-30,30,233,1
2010-06-30,30,494,1
2010-06-30,31,195,1
2010-06-30,32,241,1
2010-06-30,38,560,1
2010-06-30,39,153,1
2010-06-30,42,281,1
2010-06-30,45,161,1
2010-06-30,57,284,1
2010-06-30,58,277,1
2010-06-30,59,231,1
2010-06-30,87,1618,1
2010-06-30,127,363,1
2010-06-30,161,365,1
2010-06-30,180,413,1
2010-07-01,1,1,3
2010-07-01,1,4,1
2010-07-01,1,27,1
2010-07-01,1,30,1
2010-07-01,1,32,1
2010-07-01,2,5,1
2010-07-01,2,7,1
2010-07-01,2,24,1
2010-07-01,2,52,1
2010-07-01,3,27,1
2010-07-01,4,62,1
2010-07-01,4,119,1
2010-07-01,5,196,1
2010-07-01,5,240,1
2010-07-01,6,12,1
2010-07-01,6,246,1
2010-07-01,7,34,1
2010-07-01,7,74,1
2010-07-01,7,144,1
2010-07-01,7,234,1
2010-07-01,8,67,1
2010-07-01,8,135,1
2010-07-01,8,298,1
2010-07-01,9,21,1
2010-07-01,10,33,1
2010-07-01,10,111,1
2010-07-01,10,114,1
2010-07-01,10,125,1
2010-07-01,10,140,1
2010-07-01,10,192,1
2010-07-01,11,12,1
2010-07-01,11,76,1
2010-07-01,11,82,1
2010-07-01,11,112,1
2010-07-01,11,183,1
2010-07-01,11,226,1
2010-07-01,12,35,1
2010-07-01,12,248,1
2010-07-01,13,282,1
2010-07-01,14,59,1
2010-07-01,14,82,1
2010-07-01,15,24,1
2010-07-01,15,170,1
2010-07-01,15,224,1
2010-07-01,16,128,1
2010-07-01,17,140,1
2010-07-01,17,150,1
2010-07-01,17,206,1
2010-07-01,18,48,1
2010-07-01,19,75,1
2010-07-01,19,185,1
2010-07-01,20,141,1
2010-07-01,20,354,1
2010-07-01,21,69,1
2010-07-01,21,154,1
2010-07-01,21,250,1
2010-07-01,21,257,1
2010-07-01,21,270,1
2010-07-01,21,276,1
2010-07-01,22,79,1
2010-07-01,22,156,1
2010-07-01,22,223,1
2010-07-01,23,64,1
2010-07-01,23,163,1
2010-07-01,23,237,1
2010-07-01,23,240,1
2010-07-01,28,472,1
2010-07-01,33,656,1
2010-07-01,37,285,1
2010-07-01,39,152,1
2010-07-01,41,106,1
2010-07-01,41,181,1
2010-07-01,43,762,1
2010-07-01,45,81,1
2010-07-01,47,400,1
2010-07-01,50,93,1
2010-07-01,51,220,1
2010-07-01,55,545,1
2010-07-01,68,714,1
2010-07-01,132,261,1
2010-07-01,145,2352,1
2010-07-01,154,746,1
2010-07-02,1,1,2
2010-07-02,1,3,1
2010-07-02,1,6,1
2010-07-02,1,8,1
2010-07-02,1,12,2
2010-07-02,1,16,1
2010-07-02,1,20,1
2010-07-02,1,72,1
2010-07-02,2,4,1
2010-07-02,4,7,1
2010-07-02,8,80,1
2010-07-02,10,212,1
2010-07-02,10,361,1
2010-07-02,11,102,1
2010-07-02,12,158,1
2010-07-02,13,200,1
2010-07-02,14,19,1
2010-07-02,15,202,1
2010-07-02,16,130,1
2010-07-02,16,170,1
2010-07-02,16,193,1
2010-07-02,17,187,1
2010-07-02,19,269,1
2010-07-02,20,129,1
2010-07-02,21,83,1
2010-07-02,21,222,1
2010-07-02,21,231,1
2010-07-02,22,26,1
2010-07-02,22,229,1
2010-07-02,26,424,1
2010-07-02,27,107,1
2010-07-02,27,261,1
2010-07-02,30,274,1
2010-07-02,30,316,1
2010-07-02,31,370,1
2010-07-02,33,182,1
2010-07-02,39,337,1
2010-07-02,66,281,1
2010-07-02,71,119,1
2010-07-02,88,814,1
2010-07-02,112,421,1
2010-07-02,134,1460,1
2010-07-04,2,144,1
2010-07-04,3,161,1
2010-07-04,4,38,1
2010-07-04,5,7,1
2010-07-04,8,708,1
2010-07-04,10,199,1
2010-07-04,11,14,1
2010-07-04,21,54,1
2010-07-04,21,85,1
2010-07-04,24,411,1
2010-07-04,26,58,1
2010-07-04,37,1722,1
2010-07-04,38,128,1
2010-07-04,38,149,1
2010-07-04,49,133,1
2010-07-04,50,131,1
2010-07-04,53,350,1
2010-07-04,55,80,1
2010-07-04,70,184,1
2010-07-04,73,370,1
2010-07-04,81,219,1
2010-07-05,1,1,2
2010-07-05,1,12,1
2010-07-05,1,48,1
2010-07-05,1,72,1
2010-07-05,1,252,1
2010-07-05,1,300,1
2010-07-05,2,8,1
2010-07-05,3,12,1
2010-07-05,3,270,1
2010-07-05,4,4,1
2010-07-05,4,30,1
2010-07-05,4,48,1
2010-07-05,5,11,1
2010-07-05,5,50,1
2010-07-05,5,55,1
2010-07-05,5,600,1
2010-07-05,6,10,1
2010-07-05,6,181,1
2010-07-05,6,256,1
2010-07-05,8,82,1
2010-07-05,8,202,1
2010-07-05,8,294,1
2010-07-05,8,504,1
2010-07-05,9,17,1
2010-07-05,9,54,1
2010-07-05,9,56,1
2010-07-05,9,119,1
2010-07-05,9,396,1
2010-07-05,10,10,1
2010-07-05,10,177,1
2010-07-05,11,110,1
2010-07-05,12,148,1
2010-07-05,12,156,1
2010-07-05,13,94,1
2010-07-05,14,109,1
2010-07-05,15,384,1
2010-07-05,16,490,1
2010-07-05,17,174,1
2010-07-05,18,88,1
2010-07-05,18,181,1
2010-07-05,19,53,1
2010-07-05,19,289,1
2010-07-05,20,52,1
2010-07-05,22,101,1
2010-07-05,23,122,1
2010-07-05,24,194,1
2010-07-05,25,123,1
2010-07-05,25,182,1
2010-07-05,26,168,2
2010-07-05,27,206,1
2010-07-05,27,727,1
2010-07-05,28,86,1
2010-07-05,28,128,1
2010-07-05,28,196,1
2010-07-05,28,216,1
2010-07-05,28,313,1
2010-07-05,29,40,1
2010-07-05,29,80,1
2010-07-05,29,119,1
2010-07-05,29,197,1
2010-07-05,29,223,1
2010-07-05,29,230,1
2010-07-05,29,242,1
2010-07-05,29,280,1
2010-07-05,29,286,1
2010-07-05,29,294,1
2010-07-05,29,304,1
2010-07-05,30,281,1
2010-07-05,30,290,1
2010-07-05,30,294,1
2010-07-05,31,280,1
2010-07-05,35,339,1
2010-07-05,35,504,1
2010-07-05,37,96,1
2010-07-05,39,346,1
2010-07-05,40,169,1
2010-07-05,40,225,1
2010-07-05,46,122,1
2010-07-05,56,811,1
2010-07-05,66,524,1
2010-07-05,73,219,1
2010-07-05,95,169,1
2010-07-05,147,344,1
2010-07-06,1,1,1
2010-07-06,1,3,1
2010-07-06,1,4,2
2010-07-06,1,8,1
2010-07-06,1,18,1
2010-07-06,2,6,1
2010-07-06,2,20,1
2010-07-06,2,54,1
2010-07-06,3,162,1
2010-07-06,3,234,1
2010-07-06,4,60,1
2010-07-06,4,326,1
2010-07-06,5,283,1
2010-07-06,6,145,1
2010-07-06,6,292,1
2010-07-06,6,538,1
2010-07-06,6,792,1
2010-07-06,7,192,1
2010-07-06,8,54,1
2010-07-06,8,187,1
2010-07-06,8,249,1
2010-07-06,9,49,1
2010-07-06,9,58,1
2010-07-06,9,104,1
2010-07-06,10,48,1
2010-07-06,10,89,1
2010-07-06,10,90,1
2010-07-06,10,150,1
2010-07-06,11,54,1
2010-07-06,11,136,1
2010-07-06,11,338,1
2010-07-06,12,130,1
2010-07-06,12,278,1
2010-07-06,13,142,1
2010-07-06,14,84,1
2010-07-06,14,140,1
2010-07-06,14,170,1
2010-07-06,15,104,1
2010-07-06,15,171,1
2010-07-06,16,202,1
2010-07-06,17,232,1
2010-07-06,17,290,1
2010-07-06,19,39,1
2010-07-06,20,240,1
2010-07-06,21,148,1
2010-07-06,21,155,1
2010-07-06,21,2064,1
2010-07-06,22,202,1
2010-07-06,24,275,1
2010-07-06,28,108,1
2010-07-06,30,66,1
2010-07-06,34,108,1
2010-07-06,40,279,1
2010-07-06,46,227,1
2010-07-06,47,559,1
2010-07-06,149,342,1
2010-07-06,225,448,1
2010-07-07,1,1,1
2010-07-07,1,6,2
2010-07-07,1,8,2
2010-07-07,1,16,1
2010-07-07,1,24,1
2010-07-07,1,96,1
2010-07-07,1,128,1
2010-07-07,1,144,2
2010-07-07,1,192,1
2010-07-07,1,300,1
2010-07-07,2,5,1
2010-07-07,3,100,1
2010-07-07,3,220,1
2010-07-07,3,240,1
2010-07-07,5,5,1
2010-07-07,5,228,1
2010-07-07,5,315,1
2010-07-07,6,16,1
2010-07-07,6,18,1
2010-07-07,6,145,1
2010-07-07,7,62,1
2010-07-07,7,81,1
2010-07-07,8,320,1
2010-07-07,9,62,1
2010-07-07,9,247,1
2010-07-07,11,82,1
2010-07-07,11,183,1
2010-07-07,13,140,1
2010-07-07,15,29,1
2010-07-07,15,102,1
2010-07-07,15,260,1
2010-07-07,16,25,1
2010-07-07,16,53,1
2010-07-07,16,59,1
2010-07-07,16,162,1
2010-07-07,16,184,1
2010-07-07,16,266,1
2010-07-07,18,23,1
2010-07-07,18,115,1
2010-07-07,18,248,1
2010-07-07,18,266,1
2010-07-07,19,24,1
2010-07-07,19,305,1
2010-07-07,20,40,1
2010-07-07,20,82,1
2010-07-07,20,305,1
2010-07-07,21,28,1
2010-07-07,21,40,1
2010-07-07,21,42,1
2010-07-07,22,30,1
2010-07-07,23,50,1
2010-07-07,23,76,1
2010-07-07,23,90,1
2010-07-07,25,33,1
2010-07-07,26,176,1
2010-07-07,26,275,1
2010-07-07,27,58,1
2010-07-07,27,305,1
2010-07-07,28,42,1
2010-07-07,29,254,1
2010-07-07,30,67,1
2010-07-07,30,182,1
2010-07-07,30,314,1
2010-07-07,32,1864,1
2010-07-07,41,708,1
2010-07-07,42,63,1
2010-07-07,43,81,1
2010-07-07,44,702,1
2010-07-07,53,250,1
2010-07-07,53,1006,1
2010-07-07,61,151,1
2010-07-07,130,237,1
2010-07-07,149,1064,1
2010-07-07,178,409,1
2010-07-08,1,1,1
2010-07-08,1,6,1
2010-07-08,1,26,1
2010-07-08,1,170,1
2010-07-08,1,176,1
2010-07-08,2,2,2
2010-07-08,2,9,1
2010-07-08,2,14,1
2010-07-08,2,267,1
2010-07-08,3,48,1
2010-07-08,4,76,1
2010-07-08,4,84,1
2010-07-08,5,5,1
2010-07-08,5,7,1
2010-07-08,5,29,1
2010-07-08,5,35,1
2010-07-08,5,157,1
2010-07-08,6,30,1
2010-07-08,6,222,1
2010-07-08,7,54,1
2010-07-08,7,128,1
2010-07-08,7,130,1
2010-07-08,8,16,1
2010-07-08,8,72,1
2010-07-08,9,26,1
2010-07-08,9,29,1
2010-07-08,9,143,1
2010-07-08,10,72,1
2010-07-08,10,138,1
2010-07-08,10,190,1
2010-07-08,10,252,1
2010-07-08,11,156,1
2010-07-08,12,17,1
2010-07-08,12,55,1
2010-07-08,12,112,1
2010-07-08,12,213,1
2010-07-08,13,47,1
2010-07-08,13,50,1
2010-07-08,13,126,1
2010-07-08,13,630,1
2010-07-08,15,70,1
2010-07-08,17,68,1
2010-07-08,17,83,1
2010-07-08,17,291,1
2010-07-08,18,184,1
2010-07-08,19,192,1
2010-07-08,19,235,1
2010-07-08,20,42,1
2010-07-08,20,529,1
2010-07-08,21,113,1
2010-07-08,22,109,1
2010-07-08,22,119,1
2010-07-08,23,206,1
2010-07-08,24,374,1
2010-07-08,26,95,1
2010-07-08,28,96,1
2010-07-08,28,241,1
2010-07-08,29,243,1
2010-07-08,30,789,2
2010-07-08,33,312,1
2010-07-08,35,482,1
2010-07-08,37,292,1
2010-07-08,40,108,1
2010-07-08,42,117,1
2010-07-08,43,460,1
2010-07-08,46,198,1
2010-07-08,58,402,1
2010-07-08,61,172,1
2010-07-08,92,528,1
2010-07-08,98,174,1
2010-07-09,1,1,1
2010-07-09,1,2,1
2010-07-09,1,3,1
2010-07-09,1,85,1
2010-07-09,2,2,2
2010-07-09,3,54,1
2010-07-09,7,22,1
2010-07-09,7,44,1
2010-07-09,12,248,1
2010-07-09,12,870,1
2010-07-09,13,132,1
2010-07-09,14,118,1
2010-07-09,15,124,1
2010-07-09,15,416,1
2010-07-09,16,240,1
2010-07-09,17,109,1
2010-07-09,19,223,1
2010-07-09,19,240,1
2010-07-09,20,75,1
2010-07-09,20,170,1
2010-07-09,20,281,1
2010-07-09,25,7172,1
2010-07-09,27,417,1
2010-07-09,35,198,1
2010-07-09,41,71,1
2010-07-09,52,1024,1
2010-07-09,74,686,1
2010-07-09,172,444,1
2010-07-09,216,597,1
2010-07-11,1,8,1
2010-07-11,1,24,2
2010-07-11,1,600,1
2010-07-11,3,4,1
2010-07-11,8,66,1
2010-07-11,10,136,1
2010-07-11,15,58,1
2010-07-11,15,90,1
2010-07-11,16,200,1
2010-07-11,17,27,1
2010-07-11,20,2213,1
2010-07-11,21,67,1
2010-07-11,21,132,1
2010-07-11,23,134,1
2010-07-11,25,29,1
2010-07-11,26,95,1
2010-07-11,27,170,1
2010-07-11,29,158,1
2010-07-11,30,231,1
2010-07-11,32,68,1
2010-07-11,34,68,1
2010-07-11,37,68,1
2010-07-11,38,97,1
2010-07-11,40,360,1
2010-07-11,48,101,1
2010-07-11,63,122,1
2010-07-11,104,498,1
2010-07-12,1,1,1
2010-07-12,1,4,1
2010-07-12,1,12,1
2010-07-12,1,16,1
2010-07-12,1,24,1
2010-07-12,1,50,2
2010-07-12,1,72,1
2010-07-12,1,144,1
2010-07-12,2,2,1
2010-07-12,2,16,1
2010-07-12,2,18,1
2010-07-12,2,73,1
2010-07-12,2,192,1
2010-07-12,3,35,1
2010-07-12,3,52,1
2010-07-12,4,201,1
2010-07-12,5,500,1
2010-07-12,6,13,1
2010-07-12,6,58,1
2010-07-12,8,60,1
2010-07-12,8,345,1
2010-07-12,11,88,1
2010-07-12,12,43,1
2010-07-12,12,140,1
2010-07-12,14,49,1
2010-07-12,14,114,1
2010-07-12,16,186,1
2010-07-12,17,137,1
2010-07-12,18,123,1
2010-07-12,19,209,1
2010-07-12,19,1072,1
2010-07-12,21,418,1
2010-07-12,22,215,1
2010-07-12,23,554,1
2010-07-12,24,82,1
2010-07-12,26,287,1
2010-07-12,27,53,1
2010-07-12,28,178,1
2010-07-12,32,347,1
2010-07-12,42,89,1
2010-07-12,51,94,1
2010-07-12,54,799,1
2010-07-12,69,184,1
2010-07-12,80,231,1
2010-07-12,94,1011,1
2010-07-12,97,292,1
2010-07-12,119,445,1
2010-07-12,169,411,1
2010-07-13,1,1,3
2010-07-13,1,6,1
2010-07-13,1,12,3
2010-07-13,1,13,1
2010-07-13,1,20,1
2010-07-13,1,50,1
2010-07-13,1,200,1
2010-07-13,1,500,1
2010-07-13,1,504,1
2010-07-13,2,10,1
2010-07-13,2,30,1
2010-07-13,2,136,1
2010-07-13,2,150,1
2010-07-13,3,10,1
2010-07-13,3,12,1
2010-07-13,3,156,1
2010-07-13,3,300,1
2010-07-13,5,26,1
2010-07-13,5,124,1
2010-07-13,5,138,1
2010-07-13,5,159,1
2010-07-13,6,11,1
2010-07-13,6,49,1
2010-07-13,7,144,1
2010-07-13,7,159,1
2010-07-13,9,29,1
2010-07-13,9,102,1
2010-07-13,10,67,1
2010-07-13,10,83,1
2010-07-13,11,24,1
2010-07-13,17,24,1
2010-07-13,18,155,1
2010-07-13,20,115,1
2010-07-13,21,210,1
2010-07-13,23,72,1
2010-07-13,25,437,1
2010-07-13,28,102,1
2010-07-13,30,529,1
2010-07-13,31,256,1
2010-07-13,34,638,1
2010-07-13,39,146,1
2010-07-13,39,546,1
2010-07-13,50,476,1
2010-07-13,52,300,1
2010-07-13,52,842,1
2010-07-13,54,683,1
2010-07-13,55,250,1
2010-07-13,56,202,1
2010-07-13,67,198,1
2010-07-13,129,282,1
2010-07-13,170,358,1
2010-07-14,1,1,3
2010-07-14,1,7,1
2010-07-14,1,9,1
2010-07-14,1,12,1
2010-07-14,1,24,1
2010-07-14,1,600,1
2010-07-14,2,8,1
2010-07-14,2,15,1
2010-07-14,2,102,1
2010-07-14,3,102,1
2010-07-14,4,4,1
2010-07-14,6,132,1
2010-07-14,7,63,1
2010-07-14,7,92,1
2010-07-14,7,119,1
2010-07-14,7,280,1
2010-07-14,9,130,1
2010-07-14,10,109,1
2010-07-14,10,184,1
2010-07-14,11,119,1
2010-07-14,11,127,1
2010-07-14,12,19,1
2010-07-14,13,147,1
2010-07-14,14,14,1
2010-07-14,14,179,1
2010-07-14,15,85,1
2010-07-14,15,179,1
2010-07-14,16,21,2
2010-07-14,16,225,1
2010-07-14,17,215,1
2010-07-14,17,1862,1
2010-07-14,18,185,1
2010-07-14,18,258,1
2010-07-14,19,28,1
2010-07-14,19,186,1
2010-07-14,19,1524,1
2010-07-14,21,49,1
2010-07-14,22,145,1
2010-07-14,22,194,1
2010-07-14,23,35,1
2010-07-14,24,36,1
2010-07-14,24,264,1
2010-07-14,27,158,1
2010-07-14,27,222,1
2010-07-14,34,119,1
2010-07-14,34,638,1
2010-07-14,37,130,1
2010-07-14,37,142,1
2010-07-14,37,222,1
2010-07-14,38,413,1
2010-07-14,42,130,1
2010-07-14,45,73,1
2010-07-14,50,888,1
2010-07-14,51,566,1
2010-07-14,75,117,1
2010-07-14,78,971,1
2010-07-14,113,254,1
2010-07-14,130,260,1
2010-07-15,1,2,1
2010-07-15,1,3,1
2010-07-15,1,15,1
2010-07-15,1,24,1
2010-07-15,1,30,1
2010-07-15,1,50,1
2010-07-15,1,240,1
2010-07-15,1,624,1
2010-07-15,2,4,1
2010-07-15,2,15,1
2010-07-15,2,64,1
2010-07-15,3,4,1
2010-07-15,3,384,1
2010-07-15,3,636,2
2010-07-15,3,1384,1
2010-07-15,4,12,1
2010-07-15,4,66,1
2010-07-15,5,16,1
2010-07-15,5,48,1
2010-07-15,5,93,1
2010-07-15,5,132,1
2010-07-15,7,19,1
2010-07-15,7,43,1
2010-07-15,7,75,1
2010-07-15,7,306,1
2010-07-15,8,31,1
2010-07-15,9,330,1
2010-07-15,10,74,1
2010-07-15,10,83,1
2010-07-15,10,100,1
2010-07-15,10,141,1
2010-07-15,10,3888,1
2010-07-15,11,350,1
2010-07-15,12,67,1
2010-07-15,12,93,2
2010-07-15,12,270,1
2010-07-15,13,230,1
2010-07-15,14,70,1
2010-07-15,14,205,1
2010-07-15,15,149,1
2010-07-15,15,221,1
2010-07-15,15,370,1
2010-07-15,16,40,1
2010-07-15,17,4992,1
2010-07-15,18,156,1
2010-07-15,18,258,1
2010-07-15,19,79,1
2010-07-15,20,44,1
2010-07-15,21,64,1
2010-07-15,21,176,1
2010-07-15,21,274,1
2010-07-15,23,232,1
2010-07-15,24,72,1
2010-07-15,24,283,1
2010-07-15,25,85,1
2010-07-15,30,283,1
2010-07-15,31,79,1
2010-07-15,31,150,1
2010-07-15,32,98,1
2010-07-15,33,513,1
2010-07-15,34,251,1
2010-07-15,35,116,1
2010-07-15,35,390,1
2010-07-15,36,505,1
2010-07-15,38,440,1
2010-07-15,39,411,1
2010-07-15,40,158,1
2010-07-15,40,410,1
2010-07-15,40,528,1
2010-07-15,58,90,1
2010-07-15,58,2628,1
2010-07-15,60,377,1
2010-07-15,64,1398,1
2010-07-15,66,278,1
2010-07-15,85,126,1
2010-07-15,113,252,1
2010-07-16,1,1,2
2010-07-16,1,2,1
2010-07-16,1,3,1
2010-07-16,1,4,1
2010-07-16,1,12,1
2010-07-16,1,20,1
2010-07-16,1,36,1
2010-07-16,1,180,1
2010-07-16,1,264,1
2010-07-16,2,3,1
2010-07-16,2,14,2
2010-07-16,2,20,1
2010-07-16,2,23,1
2010-07-16,2,36,1
2010-07-16,3,28,1
2010-07-16,3,40,1
2010-07-16,3,80,1
2010-07-16,3,112,1
2010-07-16,3,288,1
2010-07-16,3,480,1
2010-07-16,4,4,1
2010-07-16,4,40,1
2010-07-16,4,210,1
2010-07-16,5,23,1
2010-07-16,5,104,1
2010-07-16,6,94,1
2010-07-16,7,58,1
2010-07-16,7,66,1
2010-07-16,7,72,1
2010-07-16,7,81,1
2010-07-16,7,175,1
2010-07-16,8,10,1
2010-07-16,8,170,1
2010-07-16,8,633,1
2010-07-16,9,70,1
2010-07-16,10,13,1
2010-07-16,10,82,1
2010-07-16,10,114,1
2010-07-16,10,234,1
2010-07-16,10,236,1
2010-07-16,11,107,1
2010-07-16,11,158,1
2010-07-16,11,186,1
2010-07-16,13,78,1
2010-07-16,13,206,1
2010-07-16,13,212,1
2010-07-16,14,135,1
2010-07-16,14,368,1
2010-07-16,15,116,1
2010-07-16,16,287,1
2010-07-16,17,162,1
2010-07-16,19,264,1
2010-07-16,20,70,1
2010-07-16,20,98,1
2010-07-16,22,403,1
2010-07-16,24,50,1
2010-07-16,30,734,1
2010-07-16,30,749,1
2010-07-16,32,335,1
2010-07-16,35,156,1
2010-07-16,37,2567,1
2010-07-16,39,361,1
2010-07-16,41,492,1
2010-07-16,44,195,1
2010-07-16,100,1040,1
2010-07-16,122,563,1
2010-07-16,177,252,1
2010-07-18,1,20,1
2010-07-18,1,30,1
2010-07-18,1,192,1
2010-07-18,2,336,1
2010-07-18,3,80,1
2010-07-18,4,156,1
2010-07-18,5,780,1
2010-07-18,6,47,1
2010-07-18,6,120,1
2010-07-18,7,115,1
2010-07-18,8,22,1
2010-07-18,8,82,1
2010-07-18,10,66,1
2010-07-18,11,168,1
2010-07-18,12,192,1
2010-07-18,13,322,1
2010-07-18,14,103,1
2010-07-18,15,86,1
2010-07-18,15,183,1
2010-07-18,17,129,1
2010-07-18,17,212,1
2010-07-18,18,316,1
2010-07-18,19,263,1
2010-07-18,20,149,1
2010-07-18,21,43,1
2010-07-18,21,134,1
2010-07-18,22,86,1
2010-07-18,23,50,1
2010-07-18,23,1834,1
2010-07-18,25,67,1
2010-07-18,25,464,1
2010-07-18,27,80,1
2010-07-18,28,421,1
2010-07-18,33,46,1
2010-07-18,46,98,1
2010-07-18,58,1166,1
2010-07-18,63,202,1
2010-07-18,68,288,1
2010-07-18,74,252,1
2010-07-18,90,273,1
2010-07-19,1,20,1
2010-07-19,1,48,1
2010-07-19,1,50,1
2010-07-19,2,2,1
2010-07-19,2,14,1
2010-07-19,2,36,1
2010-07-19,2,96,1
2010-07-19,3,30,1
2010-07-19,3,40,1
2010-07-19,3,52,1
2010-07-19,3,66,1
2010-07-19,3,78,1
2010-07-19,4,41,1
2010-07-19,4,231,1
2010-07-19,8,55,1
2010-07-19,8,69,1
2010-07-19,8,106,1
2010-07-19,9,14,1
2010-07-19,9,236,1
2010-07-19,11,86,1
2010-07-19,11,156,1
2010-07-19,11,2008,1
2010-07-19,13,24,1
2010-07-19,14,115,1
2010-07-19,15,156,1
2010-07-19,16,108,1
2010-07-19,17,193,1
2010-07-19,18,107,1
2010-07-19,19,236,1
2010-07-19,20,203,1
2010-07-19,20,226,1
2010-07-19,20,244,1
2010-07-19,23,316,1
2010-07-19,24,90,1
2010-07-19,24,98,1
2010-07-19,24,222,1
2010-07-19,24,279,1
2010-07-19,24,419,1
2010-07-19,26,270,1
2010-07-19,27,234,1
2010-07-19,28,57,1
2010-07-19,28,197,1
2010-07-19,30,60,1
2010-07-19,30,318,1
2010-07-19,33,231,1
2010-07-19,39,210,1
2010-07-19,40,95,1
2010-07-19,43,73,1
2010-07-19,45,4031,1
2010-07-19,47,685,1
2010-07-19,48,2330,1
2010-07-19,50,590,1
2010-07-19,55,347,1
2010-07-19,57,917,1
2010-07-19,66,764,1
2010-07-19,84,153,1
2010-07-19,113,205,1
2010-07-19,115,205,1
2010-07-20,1,4,1
2010-07-20,1,6,1
2010-07-20,1,12,1
2010-07-20,1,52,1
2010-07-20,2,5,1
2010-07-20,2,36,1
2010-07-20,2,108,1
2010-07-20,3,3,1
2010-07-20,3,47,1
2010-07-20,4,5,1
2010-07-20,4,8,1
2010-07-20,4,14,1
2010-07-20,4,122,1
2010-07-20,5,58,1
2010-07-20,5,108,1
2010-07-20,6,66,1
2010-07-20,6,86,1
2010-07-20,8,50,1
2010-07-20,8,78,1
2010-07-20,9,84,1
2010-07-20,10,148,1
2010-07-20,10,248,1
2010-07-20,11,95,1
2010-07-20,11,118,1
2010-07-20,11,131,1
2010-07-20,11,162,1
2010-07-20,11,358,1
2010-07-20,12,82,1
2010-07-20,12,133,1
2010-07-20,12,138,1
2010-07-20,13,312,1
2010-07-20,16,99,1
2010-07-20,16,195,1
2010-07-20,17,228,1
2010-07-20,18,50,1
2010-07-20,18,93,1
2010-07-20,18,171,1
2010-07-20,19,165,1
2010-07-20,20,66,1
2010-07-20,20,305,1
2010-07-20,20,420,1
2010-07-20,21,156,1
2010-07-20,22,199,1
2010-07-20,26,268,1
2010-07-20,30,88,1
2010-07-20,31,58,1
2010-07-20,31,284,1
2010-07-20,33,245,1
2010-07-20,33,406,1
2010-07-20,40,264,1
2010-07-20,43,2319,1
2010-07-20,45,162,1
2010-07-20,48,213,1
2010-07-20,50,464,1
2010-07-20,56,1707,1
2010-07-20,77,233,1
2010-07-20,187,383,1
2010-07-21,1,1,1
2010-07-21,1,6,1
2010-07-21,1,288,1
2010-07-21,2,2,1
2010-07-21,3,5,2
2010-07-21,3,10,1
2010-07-21,3,72,1
2010-07-21,4,4,1
2010-07-21,4,7,1
2010-07-21,4,108,1
2010-07-21,4,124,1
2010-07-21,5,53,1
2010-07-21,5,64,1
2010-07-21,5,126,1
2010-07-21,5,352,1
2010-07-21,6,132,1
2010-07-21,7,10,1
2010-07-21,7,1504,1
2010-07-21,8,49,1
2010-07-21,8,295,1
2010-07-21,10,119,1
2010-07-21,10,133,1
2010-07-21,10,185,1
2010-07-21,10,210,1
2010-07-21,12,150,1
2010-07-21,13,25,1
2010-07-21,13,105,1
2010-07-21,13,345,1
2010-07-21,14,114,1
2010-07-21,14,218,1
2010-07-21,16,32,1
2010-07-21,16,118,1
2010-07-21,17,143,1
2010-07-21,18,139,1
2010-07-21,19,170,1
2010-07-21,20,484,1
2010-07-21,22,44,1
2010-07-21,22,182,1
2010-07-21,23,657,1
2010-07-21,24,736,1
2010-07-21,25,169,1
2010-07-21,29,581,1
2010-07-21,30,178,1
2010-07-21,30,530,1
2010-07-21,36,468,1
2010-07-21,47,169,1
2010-07-21,50,603,1
2010-07-21,52,614,1
2010-07-21,57,669,1
2010-07-21,84,328,1
2010-07-21,91,772,1
2010-07-21,116,206,1
2010-07-21,165,376,1
2010-07-22,1,1,2
2010-07-22,1,2,3
2010-07-22,1,12,2
2010-07-22,1,96,1
2010-07-22,1,600,1
2010-07-22,2,4,1
2010-07-22,2,40,1
2010-07-22,3,28,1
2010-07-22,3,132,1
2010-07-22,4,40,1
2010-07-22,4,80,1
2010-07-22,5,132,1
2010-07-22,5,144,1
2010-07-22,6,78,1
2010-07-22,7,196,1
2010-07-22,7,260,1
2010-07-22,8,43,1
2010-07-22,8,71,1
2010-07-22,9,72,1
2010-07-22,9,94,1
2010-07-22,9,126,1
2010-07-22,10,20,1
2010-07-22,10,67,1
2010-07-22,10,165,1
2010-07-22,11,64,1
2010-07-22,11,105,1
2010-07-22,12,87,1
2010-07-22,12,109,1
2010-07-22,12,285,1
2010-07-22,13,168,1
2010-07-22,15,26,1
2010-07-22,15,35,1
2010-07-22,15,86,1
2010-07-22,15,570,1
2010-07-22,17,200,1
2010-07-22,17,251,1
2010-07-22,19,214,1
2010-07-22,20,43,2
2010-07-22,21,125,1
2010-07-22,21,774,1
2010-07-22,22,26,1
2010-07-22,22,41,1
2010-07-22,22,474,1
2010-07-22,23,27,1
2010-07-22,23,34,1
2010-07-22,23,42,1
2010-07-22,23,78,1
2010-07-22,23,155,1
2010-07-22,24,43,1
2010-07-22,25,38,1
2010-07-22,25,43,1
2010-07-22,25,69,1
2010-07-22,25,178,1
2010-07-22,26,2823,1
2010-07-22,27,33,1
2010-07-22,27,39,1
2010-07-22,28,51,1
2010-07-22,28,214,1
2010-07-22,28,425,1
2010-07-22,29,40,1
2010-07-22,29,114,1
2010-07-22,30,171,1
2010-07-22,34,463,1
2010-07-22,35,89,1
2010-07-22,35,143,1
2010-07-22,37,292,1
2010-07-22,44,54,1
2010-07-22,45,180,1
2010-07-22,52,343,1
2010-07-22,61,296,1
2010-07-22,63,628,1
2010-07-22,90,336,1
2010-07-22,117,271,1
2010-07-23,1,1,1
2010-07-23,1,5,1
2010-07-23,1,8,1
2010-07-23,2,4,1
2010-07-23,2,576,1
2010-07-23,3,18,1
2010-07-23,3,30,1
2010-07-23,4,5,1
2010-07-23,4,700,1
2010-07-23,6,11,1
2010-07-23,7,16,1
2010-07-23,8,8,1
2010-07-23,9,77,1
2010-07-23,10,70,1
2010-07-23,10,86,1
2010-07-23,11,358,1
2010-07-23,12,142,1
2010-07-23,12,185,1
2010-07-23,12,206,1
2010-07-23,13,82,1
2010-07-23,13,158,1
2010-07-23,14,2916,1
2010-07-23,17,116,1
2010-07-23,17,235,1
2010-07-23,17,355,1
2010-07-23,18,270,1
2010-07-23,19,47,1
2010-07-23,19,172,1
2010-07-23,19,686,1
2010-07-23,20,224,1
2010-07-23,20,276,1
2010-07-23,21,26,1
2010-07-23,23,160,1
2010-07-23,25,108,1
2010-07-23,28,248,1
2010-07-23,31,77,1
2010-07-23,31,313,1
2010-07-23,34,104,1
2010-07-23,34,495,1
2010-07-23,36,304,1
2010-07-23,44,671,1
2010-07-23,45,701,1
2010-07-23,52,662,1
2010-07-23,55,643,1
2010-07-23,58,145,1
2010-07-23,66,216,1
2010-07-23,120,417,1
2010-07-25,1,2,1
2010-07-25,1,4,1
2010-07-25,1,24,1
2010-07-25,1,48,1
2010-07-25,1,516,1
2010-07-25,2,16,1
2010-07-25,2,84,1
2010-07-25,3,120,1
2010-07-25,3,668,1
2010-07-25,4,74,1
2010-07-25,7,47,1
2010-07-25,7,75,1
2010-07-25,7,128,1
2010-07-25,8,19,1
2010-07-25,8,57,1
2010-07-25,8,58,1
2010-07-25,9,164,1
2010-07-25,10,102,1
2010-07-25,11,138,1
2010-07-25,12,98,1
2010-07-25,12,230,1
2010-07-25,13,28,1
2010-07-25,13,77,1
2010-07-25,13,128,1
2010-07-25,14,94,1
2010-07-25,14,996,1
2010-07-25,15,106,1
2010-07-25,15,111,1
2010-07-25,16,123,1
2010-07-25,16,125,1
2010-07-25,16,390,1
2010-07-25,18,76,1
2010-07-25,18,173,1
2010-07-25,19,154,1
2010-07-25,19,159,1
2010-07-25,19,230,1
2010-07-25,19,596,1
2010-07-25,22,73,1
2010-07-25,22,304,1
2010-07-25,22,490,1
2010-07-25,23,240,1
2010-07-25,31,97,1
2010-07-25,34,269,1
2010-07-25,34,316,1
2010-07-25,37,234,1
2010-07-25,40,144,1
2010-07-25,43,375,1
2010-07-25,47,350,1
2010-07-25,50,134,1
2010-07-25,90,528,1
2010-07-25,103,474,1
2010-07-25,120,866,1
2010-07-25,166,505,1
2010-07-26,1,4,1
2010-07-26,1,12,1
2010-07-26,1,180,1
2010-07-26,2,2,1
2010-07-26,3,26,1
2010-07-26,3,132,1
2010-07-26,3,240,1
2010-07-26,3,282,1
2010-07-26,5,132,1
2010-07-26,5,186,1
2010-07-26,5,788,1
2010-07-26,6,60,1
2010-07-26,6,120,1
2010-07-26,7,24,1
2010-07-26,8,65,1
2010-07-26,8,90,1
2010-07-26,8,216,1
2010-07-26,9,62,1
2010-07-26,9,97,1
2010-07-26,9,292,1
2010-07-26,10,65,1
2010-07-26,10,152,1
2010-07-26,10,165,1
2010-07-26,11,13,1
2010-07-26,12,702,1
2010-07-26,14,150,1
2010-07-26,16,151,1
2010-07-26,16,169,1
2010-07-26,16,618,1
2010-07-26,18,27,1
2010-07-26,19,256,1
2010-07-26,20,66,1
2010-07-26,20,173,1
2010-07-26,20,180,1
2010-07-26,20,231,1
2010-07-26,20,457,1
2010-07-26,21,117,1
2010-07-26,21,774,1
2010-07-26,22,28,1
2010-07-26,23,35,1
2010-07-26,23,255,1
2010-07-26,23,410,1
2010-07-26,24,49,1
2010-07-26,25,246,1
2010-07-26,26,36,1
2010-07-26,26,128,1
2010-07-26,27,121,1
2010-07-26,28,332,1
2010-07-26,28,468,1
2010-07-26,29,336,1
2010-07-26,29,437,1
2010-07-26,30,60,1
2010-07-26,38,650,1
2010-07-26,39,520,1
2010-07-26,58,850,1
2010-07-26,67,621,1
2010-07-26,70,102,1
2010-07-26,81,685,1
2010-07-26,101,631,1
2010-07-26,114,251,1
2010-07-26,136,335,1
2010-07-27,1,1,2
2010-07-27,1,2,1
2010-07-27,1,5,1
2010-07-27,1,6,1
2010-07-27,1,48,1
2010-07-27,1,66,1
2010-07-27,1,72,1
2010-07-27,1,144,2
2010-07-27,2,2,1
2010-07-27,2,4,1
2010-07-27,2,6,1
2010-07-27,2,13,1
2010-07-27,2,16,1
2010-07-27,2,21,1
2010-07-27,2,25,1
2010-07-27,2,62,1
2010-07-27,2,72,1
2010-07-27,2,200,1
2010-07-27,2,288,1
2010-07-27,3,3,1
2010-07-27,3,30,1
2010-07-27,3,42,1
2010-07-27,3,60,1
2010-07-27,3,300,1
2010-07-27,4,60,1
2010-07-27,4,720,1
2010-07-27,5,30,1
2010-07-27,5,245,1
2010-07-27,5,2128,1
2010-07-27,6,116,1
2010-07-27,6,978,1
2010-07-27,7,14,1
2010-07-27,8,8,1
2010-07-27,9,65,1
2010-07-27,9,150,1
2010-07-27,11,116,1
2010-07-27,12,146,1
2010-07-27,12,148,1
2010-07-27,12,174,1
2010-07-27,13,97,1
2010-07-27,15,64,1
2010-07-27,15,245,1
2010-07-27,15,279,1
2010-07-27,15,366,1
2010-07-27,16,262,1
2010-07-27,17,271,1
2010-07-27,19,69,1
2010-07-27,20,181,1
2010-07-27,20,243,1
2010-07-27,21,319,1
2010-07-27,22,84,1
2010-07-27,22,456,1
2010-07-27,23,85,1
2010-07-27,23,276,1
2010-07-27,25,370,1
2010-07-27,26,77,1
2010-07-27,26,284,1
2010-07-27,27,293,1
2010-07-27,30,265,1
2010-07-27,33,258,1
2010-07-27,38,631,1
2010-07-27,40,304,1
2010-07-27,45,101,1
2010-07-27,48,154,1
2010-07-27,49,500,1
2010-07-27,51,749,1
2010-07-27,63,119,1
2010-07-27,87,187,1
2010-07-28,1,32,1
2010-07-28,1,72,1
2010-07-28,1,288,1
2010-07-28,2,2,1
2010-07-28,2,5,1
2010-07-28,2,12,1
2010-07-28,2,18,1
2010-07-28,2,31,1
2010-07-28,2,576,1
2010-07-28,3,20,1
2010-07-28,3,24,1
2010-07-28,4,17,1
2010-07-28,4,75,1
2010-07-28,4,128,1
2010-07-28,7,86,1
2010-07-28,7,113,1
2010-07-28,8,23,1
2010-07-28,8,41,1
2010-07-28,9,250,1
2010-07-28,9,646,1
2010-07-28,11,61,1
2010-07-28,12,234,1
2010-07-28,13,26,1
2010-07-28,13,99,1
2010-07-28,13,222,1
2010-07-28,14,132,1
2010-07-28,14,160,1
2010-07-28,15,99,1
2010-07-28,15,233,1
2010-07-28,15,504,1
2010-07-28,16,154,1
2010-07-28,17,145,1
2010-07-28,18,116,1
2010-07-28,18,200,1
2010-07-28,18,438,1
2010-07-28,19,211,1
2010-07-28,20,52,1
2010-07-28,21,108,1
2010-07-28,21,227,1
2010-07-28,21,228,1
2010-07-28,21,344,1
2010-07-28,22,185,1
2010-07-28,22,218,1
2010-07-28,23,317,1
2010-07-28,24,208,1
2010-07-28,24,425,1
2010-07-28,26,290,1
2010-07-28,26,346,1
2010-07-28,27,318,1
2010-07-28,28,130,1
2010-07-28,31,325,1
2010-07-28,32,80,1
2010-07-28,35,257,1
2010-07-28,35,272,1
2010-07-28,36,122,1
2010-07-28,43,177,1
2010-07-28,44,757,1
2010-07-28,47,491,1
2010-07-28,51,126,1
2010-07-28,53,602,1
2010-07-28,60,358,1
2010-07-28,61,237,1
2010-07-28,63,350,1
2010-07-28,71,344,1
2010-07-29,1,1,1
2010-07-29,1,2,1
2010-07-29,1,4,1
2010-07-29,1,5,1
2010-07-29,1,6,1
2010-07-29,1,8,1
2010-07-29,1,36,1
2010-07-29,1,228,1
2010-07-29,2,3,1
2010-07-29,2,24,1
2010-07-29,3,3,1
2010-07-29,4,56,1
2010-07-29,5,104,1
2010-07-29,5,172,1
2010-07-29,6,374,1
2010-07-29,7,58,1
2010-07-29,7,122,1
2010-07-29,9,56,1
2010-07-29,9,70,1
2010-07-29,9,99,1
2010-07-29,9,146,1
2010-07-29,10,1296,1
2010-07-29,11,160,1
2010-07-29,11,166,1
2010-07-29,11,352,1
2010-07-29,12,79,1
2010-07-29,13,377,1
2010-07-29,14,22,1
2010-07-29,14,137,1
2010-07-29,14,172,1
2010-07-29,16,151,1
2010-07-29,16,162,1
2010-07-29,17,132,1
2010-07-29,17,188,1
2010-07-29,18,455,1
2010-07-29,19,32,1
2010-07-29,19,178,1
2010-07-29,19,297,1
2010-07-29,20,98,1
2010-07-29,20,155,1
2010-07-29,20,187,1
2010-07-29,20,271,1
2010-07-29,21,220,1
2010-07-29,22,144,1
2010-07-29,22,202,1
2010-07-29,22,226,1
2010-07-29,23,319,1
2010-07-29,24,1012,1
2010-07-29,26,83,1
2010-07-29,26,113,1
2010-07-29,26,251,1
2010-07-29,26,392,1
2010-07-29,29,392,1
2010-07-29,30,99,1
2010-07-29,31,162,1
2010-07-29,36,241,1
2010-07-29,37,112,1
2010-07-29,41,63,1
2010-07-29,41,254,1
2010-07-29,45,678,1
2010-07-29,57,243,1
2010-07-29,58,324,1
2010-07-29,70,208,1
2010-07-29,72,183,1
2010-07-29,84,106,1
2010-07-29,98,214,1
2010-07-29,110,186,1
2010-07-29,159,375,1
2010-07-29,173,360,1
2010-07-30,1,3,2
2010-07-30,1,8,1
2010-07-30,1,20,1
2010-07-30,1,200,1
2010-07-30,2,2,1
2010-07-30,2,44,1
2010-07-30,2,130,1
2010-07-30,2,308,1
2010-07-30,2,522,1
2010-07-30,3,9,1
2010-07-30,3,112,1
2010-07-30,4,352,1
2010-07-30,5,6,1
2010-07-30,5,7,1
2010-07-30,5,31,1
2010-07-30,5,61,1
2010-07-30,6,70,1
2010-07-30,6,108,1
2010-07-30,7,14,1
2010-07-30,7,37,1
2010-07-30,7,160,1
2010-07-30,7,768,1
2010-07-30,9,150,1
2010-07-30,12,101,1
2010-07-30,14,126,1
2010-07-30,14,166,1
2010-07-30,15,230,1
2010-07-30,16,45,1
2010-07-30,16,171,1
2010-07-30,16,230,1
2010-07-30,17,20,1
2010-07-30,17,214,1
2010-07-30,17,334,1
2010-07-30,18,71,1
2010-07-30,19,27,1
2010-07-30,19,158,1
2010-07-30,20,27,1
2010-07-30,22,185,1
2010-07-30,22,209,1
2010-07-30,23,39,1
2010-07-30,24,133,1
2010-07-30,24,401,1
2010-07-30,34,113,1
2010-07-30,35,412,1
2010-07-30,37,63,1
2010-07-30,41,711,1
2010-07-30,47,89,1
2010-07-30,47,234,1
2010-07-30,48,807,1
2010-08-01,1,6,2
2010-08-01,1,18,1
2010-08-01,2,3,1
2010-08-01,4,14,1
2010-08-01,6,38,1
2010-08-01,10,30,1
2010-08-01,14,79,1
2010-08-01,16,143,1
2010-08-01,16,4800,1
2010-08-01,17,137,1
2010-08-01,18,49,1
2010-08-01,18,283,1
2010-08-01,19,95,1
2010-08-01,21,113,1
2010-08-01,21,165,1
2010-08-01,25,273,1
2010-08-01,27,248,1
2010-08-01,28,289,1
2010-08-01,29,592,1
2010-08-01,33,67,1
2010-08-01,37,316,1
2010-08-01,38,140,1
2010-08-01,41,111,1
2010-08-01,47,370,1
2010-08-01,51,59,1
2010-08-01,61,116,1
2010-08-01,62,173,1
2010-08-01,75,361,1
2010-08-01,131,618,1
2010-08-02,1,1,1
2010-08-02,1,2,1
2010-08-02,1,10,1
2010-08-02,1,64,1
2010-08-02,2,25,1
2010-08-02,2,52,1
2010-08-02,2,75,1
2010-08-02,2,500,1
2010-08-02,3,4,1
2010-08-02,3,15,1
2010-08-02,4,44,1
2010-08-02,4,48,1
2010-08-02,5,38,1
2010-08-02,5,62,1
2010-08-02,6,35,1
2010-08-02,6,42,1
2010-08-02,6,80,1
2010-08-02,6,288,1
2010-08-02,8,25,1
2010-08-02,9,46,1
2010-08-02,9,98,1
2010-08-02,9,244,1
2010-08-02,9,300,1
2010-08-02,10,48,1
2010-08-02,12,75,1
2010-08-02,12,121,1
2010-08-02,13,145,1
2010-08-02,13,266,1
2010-08-02,13,300,1
2010-08-02,14,125,1
2010-08-02,15,126,1
2010-08-02,15,228,1
2010-08-02,15,273,1
2010-08-02,17,72,1
2010-08-02,17,2076,1
2010-08-02,18,105,1
2010-08-02,18,220,1
2010-08-02,18,290,1
2010-08-02,19,24,1
2010-08-02,20,29,1
2010-08-02,20,220,1
2010-08-02,22,36,1
2010-08-02,24,243,1
2010-08-02,24,256,1
2010-08-02,25,362,1
2010-08-02,28,416,1
2010-08-02,29,34,1
2010-08-02,29,225,1
2010-08-02,30,195,1
2010-08-02,31,105,1
2010-08-02,31,172,1
2010-08-02,31,722,1
2010-08-02,32,40,1
2010-08-02,33,375,1
2010-08-02,35,460,1
2010-08-02,37,95,1
2010-08-02,41,123,1
2010-08-02,42,183,1
2010-08-02,43,214,1
2010-08-02,45,125,1
2010-08-02,46,253,1
2010-08-02,52,224,1
2010-08-02,89,535,1
2010-08-03,1,1,1
2010-08-03,1,2,2
2010-08-03,1,5,1
2010-08-03,1,12,1
2010-08-03,1,24,1
2010-08-03,1,600,1
2010-08-03,2,2,3
2010-08-03,3,36,1
2010-08-03,4,4544,1
2010-08-03,6,47,1
2010-08-03,6,70,1
2010-08-03,6,72,1
2010-08-03,6,150,1
2010-08-03,7,41,1
2010-08-03,8,84,1
2010-08-03,9,33,1
2010-08-03,9,77,1
2010-08-03,9,158,1
2010-08-03,10,58,1
2010-08-03,11,96,1
2010-08-03,12,124,1
2010-08-03,12,472,1
2010-08-03,12,884,1
2010-08-03,13,108,1
2010-08-03,13,301,1
2010-08-03,14,94,1
2010-08-03,15,42,1
2010-08-03,16,103,1
2010-08-03,17,105,1
2010-08-03,18,46,1
2010-08-03,19,690,1
2010-08-03,20,185,1
2010-08-03,21,375,1
2010-08-03,22,211,1
2010-08-03,22,1122,1
2010-08-03,23,250,1
2010-08-03,24,48,1
2010-08-03,25,90,1
2010-08-03,25,162,1
2010-08-03,25,238,1
2010-08-03,27,337,1
2010-08-03,30,90,1
2010-08-03,30,161,1
2010-08-03,41,154,1
2010-08-03,52,301,1
2010-08-03,54,131,1
2010-08-03,57,669,1
2010-08-03,64,389,1
2010-08-03,66,96,1
2010-08-03,73,837,1
2010-08-03,109,278,1
2010-08-03,124,231,1
2010-08-03,129,230,1
2010-08-03,154,655,1
2010-08-04,1,1,1
2010-08-04,1,6,1
2010-08-04,1,72,1
2010-08-04,3,32,1
2010-08-04,4,32,1
2010-08-04,4,40,1
2010-08-04,5,60,1
2010-08-04,7,155,1
2010-08-04,7,276,1
2010-08-04,8,141,1
2010-08-04,9,29,1
2010-08-04,9,62,1
2010-08-04,9,89,1
2010-08-04,9,97,1
2010-08-04,9,483,1
2010-08-04,10,36,1
2010-08-04,12,12,1
2010-08-04,13,207,1
2010-08-04,14,102,1
2010-08-04,15,95,1
2010-08-04,15,124,1
2010-08-04,15,171,1
2010-08-04,16,139,1
2010-08-04,17,183,1
2010-08-04,17,212,1
2010-08-04,17,234,1
2010-08-04,17,528,1
2010-08-04,18,178,1
2010-08-04,18,285,1
2010-08-04,18,398,1
2010-08-04,19,141,1
2010-08-04,19,202,1
2010-08-04,19,239,1
2010-08-04,19,264,1
2010-08-04,20,335,1
2010-08-04,21,406,1
2010-08-04,22,40,1
2010-08-04,22,285,1
2010-08-04,23,56,1
2010-08-04,25,258,1
2010-08-04,32,39,1
2010-08-04,36,379,1
2010-08-04,38,350,1
2010-08-04,41,351,1
2010-08-04,43,219,1
2010-08-04,43,1406,1
2010-08-04,58,211,1
2010-08-04,67,766,1
2010-08-04,69,281,1
2010-08-04,105,308,1
2010-08-04,157,275,1
2010-08-04,162,458,1
2010-08-05,1,6,1
2010-08-05,2,3,1
2010-08-05,2,24,1
2010-08-05,2,72,1
2010-08-05,2,144,1
2010-08-05,2,292,1
2010-08-05,3,35,1
2010-08-05,3,50,1
2010-08-05,3,168,1
2010-08-05,4,6,1
2010-08-05,4,10,1
2010-08-05,4,132,1
2010-08-05,4,800,1
2010-08-05,5,134,1
2010-08-05,5,214,1
2010-08-05,5,252,1
2010-08-05,5,940,1
2010-08-05,6,88,1
2010-08-05,8,72,1
2010-08-05,9,96,1
2010-08-05,10,174,1
2010-08-05,10,234,1
2010-08-05,10,828,1
2010-08-05,11,126,1
2010-08-05,11,282,1
2010-08-05,13,1383,1
2010-08-05,14,300,1
2010-08-05,15,132,1
2010-08-05,17,123,1
2010-08-05,17,190,1
2010-08-05,17,193,1
2010-08-05,17,211,1
2010-08-05,19,190,1
2010-08-05,22,69,1
2010-08-05,23,56,1
2010-08-05,25,46,1
2010-08-05,25,174,1
2010-08-05,25,275,1
2010-08-05,31,364,1
2010-08-05,31,666,1
2010-08-05,31,736,1
2010-08-05,31,1744,1
2010-08-05,35,134,1
2010-08-05,35,474,1
2010-08-05,39,391,1
2010-08-05,40,255,1
2010-08-05,41,390,1
2010-08-05,43,626,1
2010-08-05,59,471,1
2010-08-05,76,321,1
2010-08-05,83,506,1
2010-08-05,90,703,1
2010-08-05,97,221,1
2010-08-05,181,361,1
2010-08-06,1,1,3
2010-08-06,1,2,1
2010-08-06,1,6,1
2010-08-06,1,16,1
2010-08-06,1,24,1
2010-08-06,1,88,1
2010-08-06,1,400,1
2010-08-06,2,2,1
2010-08-06,2,11,1
2010-08-06,2,28,1
2010-08-06,3,3,1
2010-08-06,4,4,1
2010-08-06,5,73,1
2010-08-06,6,336,1
2010-08-06,7,25,1
2010-08-06,8,442,1
2010-08-06,10,132,1
2010-08-06,10,158,1
2010-08-06,10,190,1
2010-08-06,11,11,1
2010-08-06,11,124,1
2010-08-06,11,1044,1
2010-08-06,12,286,1
2010-08-06,13,199,1
2010-08-06,13,213,1
2010-08-06,14,689,1
2010-08-06,16,182,1
2010-08-06,16,211,1
2010-08-06,17,367,1
2010-08-06,17,1344,1
2010-08-06,18,19,1
2010-08-06,18,78,1
2010-08-06,18,264,1
2010-08-06,20,32,1
2010-08-06,23,141,1
2010-08-06,24,113,1
2010-08-06,25,393,1
2010-08-06,27,356,1
2010-08-06,28,64,1
2010-08-06,29,589,1
2010-08-06,30,281,1
2010-08-06,33,646,1
2010-08-06,35,333,1
2010-08-08,1,4,1
2010-08-08,1,18,1
2010-08-08,2,136,1
2010-08-08,2,180,1
2010-08-08,3,116,1
2010-08-08,4,15,1
2010-08-08,4,26,1
2010-08-08,4,32,1
2010-08-08,4,84,1
2010-08-08,4,444,1
2010-08-08,7,44,1
2010-08-08,9,48,1
2010-08-08,9,63,1
2010-08-08,9,81,1
2010-08-08,10,171,1
2010-08-08,11,48,1
2010-08-08,12,413,1
2010-08-08,12,625,1
2010-08-08,13,52,1
2010-08-08,15,33,1
2010-08-08,15,44,1
2010-08-08,15,156,1
2010-08-08,18,281,1
2010-08-08,18,635,1
2010-08-08,19,93,1
2010-08-08,21,65,1
2010-08-08,21,229,1
2010-08-08,21,492,1
2010-08-08,21,522,1
2010-08-08,22,160,1
2010-08-08,23,91,1
2010-08-08,23,198,1
2010-08-08,24,116,1
2010-08-08,25,258,1
2010-08-08,27,132,1
2010-08-08,27,153,1
2010-08-08,34,169,1
2010-08-08,45,167,1
2010-08-08,47,493,1
2010-08-08,49,127,1
2010-08-08,51,304,1
2010-08-08,54,91,1
2010-08-08,67,404,1
2010-08-08,74,176,1
2010-08-09,1,3,1
2010-08-09,1,10,1
2010-08-09,1,36,1
2010-08-09,1,108,1
2010-08-09,1,985,1
2010-08-09,2,31,1
2010-08-09,3,164,1
2010-08-09,3,203,1
2010-08-09,3,300,1
2010-08-09,4,144,1
2010-08-09,4,384,1
2010-08-09,4,400,1
2010-08-09,4,600,1
2010-08-09,5,139,1
2010-08-09,5,195,1
2010-08-09,5,736,1
2010-08-09,6,55,1
2010-08-09,7,8,1
2010-08-09,8,295,1
2010-08-09,9,10,1
2010-08-09,9,60,1
2010-08-09,9,72,1
2010-08-09,9,292,1
2010-08-09,10,60,1
2010-08-09,11,21,1
2010-08-09,11,132,1
2010-08-09,12,64,1
2010-08-09,13,24,1
2010-08-09,14,190,1
2010-08-09,14,600,1
2010-08-09,19,277,1
2010-08-09,19,283,1
2010-08-09,20,378,1
2010-08-09,21,127,1
2010-08-09,22,303,1
2010-08-09,22,983,1
2010-08-09,23,252,1
2010-08-09,23,422,1
2010-08-09,25,368,1
2010-08-09,26,476,1
2010-08-09,28,404,1
2010-08-09,29,108,1
2010-08-09,29,367,1
2010-08-09,32,148,1
2010-08-09,37,270,1
2010-08-09,37,713,1
2010-08-09,38,375,1
2010-08-09,43,178,1
2010-08-09,45,87167,1
2010-08-09,73,142,1
2010-08-09,76,164,1
2010-08-10,1,2,1
2010-08-10,1,12,1
2010-08-10,1,16,1
2010-08-10,1,48,1
2010-08-10,2,13,1
2010-08-10,2,150,1
2010-08-10,3,3,1
2010-08-10,3,25,1
2010-08-10,3,64,1
2010-08-10,3,400,1
2010-08-10,7,25,1
2010-08-10,8,90,1
2010-08-10,8,96,1
2010-08-10,10,361,1
2010-08-10,11,134,1
2010-08-10,12,199,1
2010-08-10,13,372,1
2010-08-10,15,25,1
2010-08-10,16,106,1
2010-08-10,18,167,1
2010-08-10,19,142,1
2010-08-10,19,194,1
2010-08-10,19,412,1
2010-08-10,20,45,1
2010-08-10,20,108,1
2010-08-10,20,192,1
2010-08-10,26,66,1
2010-08-10,26,263,1
2010-08-10,29,372,1
2010-08-10,32,378,1
2010-08-10,35,177,1
2010-08-10,40,484,1
2010-08-10,42,94,1
2010-08-10,44,63,1
2010-08-10,51,251,1
2010-08-10,80,422,1
2010-08-10,89,11904,1
2010-08-10,93,370,1
2010-08-10,103,231,1
2010-08-10,104,195,1
2010-08-10,132,303,1
2010-08-10,168,363,1
2010-08-10,178,317,1
2010-08-10,203,413,1
2010-08-11,1,1,2
2010-08-11,1,2,1
2010-08-11,2,3,1
2010-08-11,2,24,1
2010-08-11,2,556,1
2010-08-11,3,27,1
2010-08-11,3,540,1
2010-08-11,5,51,1
2010-08-11,6,54,1
2010-08-11,7,37,1
2010-08-11,7,40,1
2010-08-11,8,151,1
2010-08-11,8,392,1
2010-08-11,9,94,1
2010-08-11,10,49,1
2010-08-11,11,73,1
2010-08-11,12,83,1
2010-08-11,12,318,1
2010-08-11,14,80,1
2010-08-11,14,102,1
2010-08-11,14,128,1
2010-08-11,14,298,1
2010-08-11,14,299,1
2010-08-11,14,324,1
2010-08-11,16,159,1
2010-08-11,16,274,1
2010-08-11,19,32,1
2010-08-11,19,116,1
2010-08-11,20,22,1
2010-08-11,23,646,1
2010-08-11,27,411,1
2010-08-11,28,216,1
2010-08-11,29,60,1
2010-08-11,29,123,1
2010-08-11,33,378,1
2010-08-11,39,87,1
2010-08-11,44,199,1
2010-08-11,45,84,1
2010-08-11,48,704,1
2010-08-11,50,265,1
2010-08-11,55,80,1
2010-08-11,120,238,1
2010-08-11,160,395,1
2010-08-12,1,1,2
2010-08-12,1,2,2
2010-08-12,1,4,2
2010-08-12,1,12,2
2010-08-12,1,24,2
2010-08-12,1,48,1
2010-08-12,1,80,1
2010-08-12,1,128,1
2010-08-12,2,2,1
2010-08-12,2,6,1
2010-08-12,2,15,1
2010-08-12,3,3,1
2010-08-12,3,57,1
2010-08-12,3,216,1
2010-08-12,4,42,1
2010-08-12,4,52,1
2010-08-12,5,5,1
2010-08-12,5,42,1
2010-08-12,6,12,1
2010-08-12,7,76,1
2010-08-12,8,109,1
2010-08-12,11,320,1
2010-08-12,13,13,1
2010-08-12,13,36,1
2010-08-12,13,304,1
2010-08-12,13,321,1
2010-08-12,14,169,1
2010-08-12,15,58,1
2010-08-12,15,65,1
2010-08-12,15,109,1
2010-08-12,15,182,1
2010-08-12,15,334,1
2010-08-12,16,44,1
2010-08-12,17,215,1
2010-08-12,17,217,1
2010-08-12,17,464,1
2010-08-12,18,62,1
2010-08-12,18,185,1
2010-08-12,19,90,1
2010-08-12,19,102,1
2010-08-12,19,165,1
2010-08-12,20,29,1
2010-08-12,20,43,1
2010-08-12,20,178,1
2010-08-12,21,31,1
2010-08-12,21,95,1
2010-08-12,21,111,1
2010-08-12,21,408,1
2010-08-12,21,1906,1
2010-08-12,22,33,1
2010-08-12,22,181,1
2010-08-12,22,220,1
2010-08-12,22,224,1
2010-08-12,23,28,1
2010-08-12,23,83,1
2010-08-12,23,118,1
2010-08-12,23,199,1
2010-08-12,25,130,1
2010-08-12,28,57,1
2010-08-12,32,130,1
2010-08-12,34,39,1
2010-08-12,34,421,1
2010-08-12,38,3140,1
2010-08-12,41,556,1
2010-08-12,50,762,1
2010-08-12,51,261,1
2010-08-12,56,608,1
2010-08-12,56,809,1
2010-08-12,57,480,1
2010-08-12,63,386,1
2010-08-12,68,209,1
2010-08-12,75,228,1
2010-08-12,77,1126,1
2010-08-12,122,329,1
2010-08-12,126,284,1
2010-08-13,1,1,1
2010-08-13,1,8,1
2010-08-13,1,408,1
2010-08-13,2,2,2
2010-08-13,2,6,1
2010-08-13,2,624,1
2010-08-13,3,10,1
2010-08-13,4,48,1
2010-08-13,5,18,1
2010-08-13,5,71,1
2010-08-13,5,143,1
2010-08-13,6,9,1
2010-08-13,6,34,1
2010-08-13,6,73,1
2010-08-13,7,91,1
2010-08-13,8,64,1
2010-08-13,9,22,1
2010-08-13,11,22,1
2010-08-13,11,70,1
2010-08-13,12,85,1
2010-08-13,12,266,1
2010-08-13,12,280,1
2010-08-13,13,360,1
2010-08-13,14,117,1
2010-08-13,15,23,1
2010-08-13,16,183,1
2010-08-13,17,312,1
2010-08-13,17,348,1
2010-08-13,17,521,1
2010-08-13,17,3393,1
2010-08-13,20,24,1
2010-08-13,20,217,1
2010-08-13,20,270,1
2010-08-13,22,24,1
2010-08-13,22,106,1
2010-08-13,23,225,1
2010-08-13,23,284,1
2010-08-13,24,49,1
2010-08-13,27,217,1
2010-08-13,27,254,1
2010-08-13,28,396,1
2010-08-13,30,399,1
2010-08-13,35,411,1
2010-08-13,43,77,1
2010-08-13,44,781,1
2010-08-13,57,173,1
2010-08-13,73,331,1
2010-08-13,82,1664,1
2010-08-13,99,1255,1
2010-08-13,101,1548,1
2010-08-13,107,1360,1
2010-08-13,122,267,1
2010-08-13,147,275,1
2010-08-15,1,1,1
2010-08-15,1,3,1
2010-08-15,1,54,1
2010-08-15,1,288,1
2010-08-15,2,300,1
2010-08-15,2,336,1
2010-08-15,3,54,1
2010-08-15,4,17,1
2010-08-15,4,400,1
2010-08-15,4,1000,1
2010-08-15,5,35,1
2010-08-15,5,44,1
2010-08-15,5,146,1
2010-08-15,5,3840,1
2010-08-15,6,15,1
2010-08-15,6,25,1
2010-08-15,7,48,1
2010-08-15,7,63,1
2010-08-15,7,126,1
2010-08-15,8,45,1
2010-08-15,8,156,1
2010-08-15,8,1456,1
2010-08-15,9,280,1
2010-08-15,9,338,1
2010-08-15,10,136,1
2010-08-15,11,48,1
2010-08-15,11,179,1
2010-08-15,13,53,1
2010-08-15,14,145,1
2010-08-15,14,194,1
2010-08-15,15,26,1
2010-08-15,16,532,1
2010-08-15,17,174,1
2010-08-15,18,151,1
2010-08-15,18,208,1
2010-08-15,18,238,1
2010-08-15,19,203,1
2010-08-15,21,64,1
2010-08-15,24,212,1
2010-08-15,25,205,1
2010-08-15,27,178,1
2010-08-15,30,272,1
2010-08-15,31,474,1
2010-08-15,31,674,1
2010-08-15,32,155,1
2010-08-15,34,45,1
2010-08-15,36,903,1
2010-08-15,39,149,1
2010-08-15,40,72,1
2010-08-15,40,401,1
2010-08-15,42,486,1
2010-08-15,43,482,1
2010-08-15,46,115,1
2010-08-15,47,408,1
2010-08-15,48,79,1
2010-08-15,48,346,1
2010-08-15,70,328,1
2010-08-16,1,28,1
2010-08-16,1,73,1
2010-08-16,1,400,1
2010-08-16,1,1520,1
2010-08-16,3,210,1
2010-08-16,3,426,1
2010-08-16,4,19,1
2010-08-16,5,132,1
2010-08-16,6,1200,1
2010-08-16,7,78,1
2010-08-16,8,240,1
2010-08-16,10,96,1
2010-08-16,10,152,1
2010-08-16,10,188,1
2010-08-16,11,98,1
2010-08-16,12,116,1
2010-08-16,12,127,1
2010-08-16,13,134,1
2010-08-16,15,179,1
2010-08-16,15,237,1
2010-08-16,16,74,1
2010-08-16,16,284,1
2010-08-16,16,296,1
2010-08-16,18,117,1
2010-08-16,20,170,1
2010-08-16,20,223,1
2010-08-16,23,444,1
2010-08-16,24,293,1
2010-08-16,24,324,1
2010-08-16,27,124,1
2010-08-16,32,94,1
2010-08-16,32,686,1
2010-08-16,41,68,1
2010-08-16,45,288,1
2010-08-16,52,703,1
2010-08-16,66,889,1
2010-08-16,112,173,1
2010-08-16,125,1402,1
2010-08-16,149,302,1
2010-08-17,1,3,1
2010-08-17,1,600,1
2010-08-17,2,388,1
2010-08-17,3,26,1
2010-08-17,3,147,1
2010-08-17,4,16,1
2010-08-17,4,552,1
2010-08-17,5,84,1
2010-08-17,5,258,1
2010-08-17,6,101,1
2010-08-17,6,176,1
2010-08-17,6,288,1
2010-08-17,7,88,1
2010-08-17,7,102,1
2010-08-17,8,399,1
2010-08-17,8,640,1
2010-08-17,9,216,1
2010-08-17,10,214,1
2010-08-17,12,92,1
2010-08-17,12,119,1
2010-08-17,12,1184,1
2010-08-17,13,152,1
2010-08-17,13,164,1
2010-08-17,16,129,1
2010-08-17,17,270,1
2010-08-17,17,332,1
2010-08-17,18,59,1
2010-08-17,18,403,1
2010-08-17,19,229,1
2010-08-17,19,284,1
2010-08-17,20,212,1
2010-08-17,20,247,1
2010-08-17,20,481,1
2010-08-17,24,385,1
2010-08-17,26,471,1
2010-08-17,29,260,1
2010-08-17,31,386,1
2010-08-17,35,134,1
2010-08-17,35,484,1
2010-08-17,37,329,1
2010-08-17,49,662,1
2010-08-17,49,2075,1
2010-08-17,63,81,1
2010-08-17,68,4144,1
2010-08-17,140,339,1
2010-08-18,1,2,1
2010-08-18,1,10,1
2010-08-18,1,12,1
2010-08-18,1,106,1
2010-08-18,1,128,1
2010-08-18,1,144,1
2010-08-18,2,18,1
2010-08-18,2,24,1
2010-08-18,2,34,1
2010-08-18,2,90,1
2010-08-18,3,5,1
2010-08-18,3,6,1
2010-08-18,3,9,1
2010-08-18,3,11,1
2010-08-18,4,34,1
2010-08-18,7,943,1
2010-08-18,9,207,1
2010-08-18,9,300,1
2010-08-18,10,102,1
2010-08-18,10,676,1
2010-08-18,11,106,1
2010-08-18,12,220,1
2010-08-18,14,163,1
2010-08-18,14,342,1
2010-08-18,16,99,1
2010-08-18,16,132,1
2010-08-18,16,254,1
2010-08-18,16,260,1
2010-08-18,16,334,1
2010-08-18,19,138,1
2010-08-18,19,148,1
2010-08-18,19,180,1
2010-08-18,19,189,1
2010-08-18,19,237,1
2010-08-18,22,193,1
2010-08-18,23,28,1
2010-08-18,24,49,1
2010-08-18,24,108,1
2010-08-18,27,97,1
2010-08-18,28,43,1
2010-08-18,28,105,1
2010-08-18,32,182,1
2010-08-18,32,239,1
2010-08-18,32,792,1
2010-08-18,32,1090,1
2010-08-18,33,311,1
2010-08-18,33,764,1
2010-08-18,39,266,1
2010-08-18,41,133,1
2010-08-18,45,1476,1
2010-08-18,51,681,1
2010-08-18,52,8286,1
2010-08-18,62,112,1
2010-08-18,67,155,1
2010-08-18,73,289,1
2010-08-18,140,374,1
2010-08-18,145,1145,1
2010-08-18,230,413,1
2010-08-19,1,1,2
2010-08-19,1,4,1
2010-08-19,1,240,1
2010-08-19,1,288,1
2010-08-19,2,2,2
2010-08-19,2,24,1
2010-08-19,2,900,1
2010-08-19,3,8,1
2010-08-19,3,11,1
2010-08-19,3,48,1
2010-08-19,3,140,1
2010-08-19,3,216,1
2010-08-19,3,1204,1
2010-08-19,4,7,1
2010-08-19,4,20,1
2010-08-19,4,78,1
2010-08-19,4,120,1
2010-08-19,4,122,1
2010-08-19,6,49,1
2010-08-19,7,138,1
2010-08-19,7,312,1
2010-08-19,8,192,1
2010-08-19,9,114,1
2010-08-19,10,79,1
2010-08-19,10,90,1
2010-08-19,10,128,1
2010-08-19,10,138,1
2010-08-19,12,107,1
2010-08-19,13,20,1
2010-08-19,13,115,1
2010-08-19,13,144,1
2010-08-19,13,464,1
2010-08-19,14,174,1
2010-08-19,14,776,1
2010-08-19,16,172,1
2010-08-19,17,116,1
2010-08-19,17,160,1
2010-08-19,18,35,1
2010-08-19,18,159,1
2010-08-19,19,20,1
2010-08-19,19,56,1
2010-08-19,19,230,1
2010-08-19,19,274,1
2010-08-19,20,80,1
2010-08-19,20,249,1
2010-08-19,21,27,1
2010-08-19,21,33,1
2010-08-19,21,39,1
2010-08-19,21,235,1
2010-08-19,21,300,1
2010-08-19,21,348,1
2010-08-19,22,51,1
2010-08-19,22,220,1
2010-08-19,22,428,1
2010-08-19,23,165,1
2010-08-19,23,265,1
2010-08-19,24,42,1
2010-08-19,26,80,1
2010-08-19,28,38,1
2010-08-19,29,490,1
2010-08-19,30,51,1
2010-08-19,30,404,1
2010-08-19,31,71,1
2010-08-19,31,292,1
2010-08-19,31,6456,1
2010-08-19,32,1067,1
2010-08-19,37,440,1
2010-08-19,39,45,1
2010-08-19,43,131,1
2010-08-19,48,700,1
2010-08-19,50,235,1
2010-08-19,51,139,1
2010-08-19,75,1364,1
2010-08-19,93,183,1
2010-08-19,123,193,1
2010-08-20,1,1,1
2010-08-20,1,3,1
2010-08-20,1,48,2
2010-08-20,1,96,1
2010-08-20,1,100,1
2010-08-20,2,4,1
2010-08-20,2,300,1
2010-08-20,3,27,1
2010-08-20,3,31,1
2010-08-20,3,52,1
2010-08-20,4,108,1
2010-08-20,4,184,1
2010-08-20,4,236,1
2010-08-20,5,188,1
2010-08-20,6,40,1
2010-08-20,6,96,1
2010-08-20,7,14,1
2010-08-20,7,78,1
2010-08-20,8,54,1
2010-08-20,8,80,1
2010-08-20,8,508,1
2010-08-20,9,192,1
2010-08-20,10,122,1
2010-08-20,10,178,1
2010-08-20,11,104,1
2010-08-20,11,4262,1
2010-08-20,13,3115,1
2010-08-20,14,213,1
2010-08-20,15,99,1
2010-08-20,15,112,1
2010-08-20,15,242,1
2010-08-20,15,244,1
2010-08-20,17,156,1
2010-08-20,18,93,1
2010-08-20,18,122,1
2010-08-20,18,535,1
2010-08-20,19,114,1
2010-08-20,20,205,1
2010-08-20,21,80,1
2010-08-20,21,210,1
2010-08-20,23,328,1
2010-08-20,25,225,1
2010-08-20,27,397,1
2010-08-20,29,102,1
2010-08-20,31,231,1
2010-08-20,31,404,1
2010-08-20,34,121,1
2010-08-20,34,264,1
2010-08-20,38,84,1
2010-08-20,41,555,1
2010-08-20,44,99,1
2010-08-20,50,494,1
2010-08-20,54,260,1
2010-08-20,62,689,1
2010-08-20,109,308,1
2010-08-20,110,1375,1
2010-08-20,158,342,1
2010-08-22,1,2,1
2010-08-22,1,8,1
2010-08-22,1,10,1
2010-08-22,1,20,1
2010-08-22,1,48,1
2010-08-22,2,24,1
2010-08-22,3,52,1
2010-08-22,3,60,1
2010-08-22,4,22,1
2010-08-22,4,400,1
2010-08-22,5,25,1
2010-08-22,5,71,1
2010-08-22,7,1088,1
2010-08-22,8,44,1
2010-08-22,8,182,1
2010-08-22,9,120,1
2010-08-22,9,470,1
2010-08-22,10,98,1
2010-08-22,10,347,1
2010-08-22,11,110,1
2010-08-22,11,252,1
2010-08-22,12,320,1
2010-08-22,13,44,1
2010-08-22,13,53,1
2010-08-22,14,149,1
2010-08-22,15,40,1
2010-08-22,15,97,1
2010-08-22,16,153,1
2010-08-22,16,218,1
2010-08-22,16,242,1
2010-08-22,16,295,1
2010-08-22,17,193,1
2010-08-22,17,243,1
2010-08-22,18,117,1
2010-08-22,18,129,1
2010-08-22,18,256,1
2010-08-22,18,480,1
2010-08-22,19,74,1
2010-08-22,19,153,1
2010-08-22,19,212,1
2010-08-22,22,186,1
2010-08-22,25,333,1
2010-08-22,25,454,1
2010-08-22,32,149,1
2010-08-22,32,508,1
2010-08-22,37,176,1
2010-08-22,40,139,1
2010-08-22,45,112,1
2010-08-22,45,540,1
2010-08-22,50,340,1
2010-08-22,50,478,1
2010-08-22,52,225,1
2010-08-22,52,586,1
2010-08-22,56,920,1
2010-08-22,57,194,1
2010-08-22,63,94,1
2010-08-22,64,198,1
2010-08-22,64,295,1
2010-08-22,64,608,1
2010-08-22,65,455,1
2010-08-23,1,2,1
2010-08-23,1,36,1
2010-08-23,2,8,1
2010-08-23,2,36,1
2010-08-23,2,120,1
2010-08-23,4,15,1
2010-08-23,4,68,1
2010-08-23,4,230,1
2010-08-23,5,58,1
2010-08-23,5,96,1
2010-08-23,8,50,1
2010-08-23,9,186,1
2010-08-23,10,79,1
2010-08-23,11,112,1
2010-08-23,11,139,1
2010-08-23,12,204,1
2010-08-23,12,440,1
2010-08-23,13,200,1
2010-08-23,15,189,1
2010-08-23,16,50,1
2010-08-23,16,201,1
2010-08-23,18,180,1
2010-08-23,18,190,1
2010-08-23,18,323,1
2010-08-23,19,147,1
2010-08-23,19,195,1
2010-08-23,20,315,1
2010-08-23,22,192,1
2010-08-23,22,1162,1
2010-08-23,24,349,1
2010-08-23,29,1589,1
2010-08-23,32,264,1
2010-08-23,33,400,1
2010-08-23,33,561,1
2010-08-23,34,88,1
2010-08-23,34,118,1
2010-08-23,35,482,1
2010-08-23,35,668,1
2010-08-23,39,209,1
2010-08-23,47,210,1
2010-08-23,50,297,1
2010-08-23,54,395,1
2010-08-23,74,116,1
2010-08-23,134,1933,1
2010-08-23,149,354,1
2010-08-24,1,4,1
2010-08-24,1,12,1
2010-08-24,1,48,1
2010-08-24,1,60,1
2010-08-24,1,960,1
2010-08-24,1,1000,1
2010-08-24,2,65,1
2010-08-24,2,448,1
2010-08-24,3,3,2
2010-08-24,3,824,1
2010-08-24,4,198,1
2010-08-24,5,1020,1
2010-08-24,7,94,1
2010-08-24,7,504,1
2010-08-24,8,39,1
2010-08-24,8,90,1
2010-08-24,9,34,1
2010-08-24,9,140,1
2010-08-24,9,314,1
2010-08-24,10,79,1
2010-08-24,10,84,1
2010-08-24,10,128,1
2010-08-24,10,135,1
2010-08-24,10,164,1
2010-08-24,10,586,1
2010-08-24,11,170,1
2010-08-24,11,204,1
2010-08-24,12,153,1
2010-08-24,12,276,1
2010-08-24,12,1916,1
2010-08-24,13,145,1
2010-08-24,13,260,1
2010-08-24,13,314,1
2010-08-24,14,243,1
2010-08-24,16,241,1
2010-08-24,17,140,1
2010-08-24,17,179,1
2010-08-24,18,158,1
2010-08-24,18,1011,1
2010-08-24,19,279,1
2010-08-24,20,694,1
2010-08-24,23,34,1
2010-08-24,23,412,1
2010-08-24,24,51,1
2010-08-24,24,282,1
2010-08-24,24,454,1
2010-08-24,25,215,1
2010-08-24,26,108,1
2010-08-24,28,414,1
2010-08-24,28,470,1
2010-08-24,30,153,1
2010-08-24,36,554,1
2010-08-24,38,101,1
2010-08-24,45,321,1
2010-08-24,46,541,1
2010-08-24,57,107,1
2010-08-24,61,367,1
2010-08-24,61,415,1
2010-08-24,62,470,1
2010-08-24,89,208,1
2010-08-25,1,1,2
2010-08-25,1,4,3
2010-08-25,1,5,1
2010-08-25,1,6,2
2010-08-25,1,40,1
2010-08-25,1,48,1
2010-08-25,1,504,1
2010-08-25,2,2,1
2010-08-25,2,6,1
2010-08-25,2,10,1
2010-08-25,2,30,1
2010-08-25,2,1152,1
2010-08-25,3,38,1
2010-08-25,5,108,1
2010-08-25,5,240,1
2010-08-25,5,486,1
2010-08-25,6,48,1
2010-08-25,6,92,1
2010-08-25,6,122,1
2010-08-25,7,12,1
2010-08-25,7,38,1
2010-08-25,8,78,1
2010-08-25,8,204,1
2010-08-25,9,46,1
2010-08-25,9,106,1
2010-08-25,9,137,1
2010-08-25,9,149,1
2010-08-25,9,392,1
2010-08-25,11,110,1
2010-08-25,12,217,1
2010-08-25,13,482,1
2010-08-25,14,120,1
2010-08-25,14,182,1
2010-08-25,15,59,1
2010-08-25,15,163,1
2010-08-25,15,169,1
2010-08-25,15,170,1
2010-08-25,15,354,1
2010-08-25,16,183,1
2010-08-25,16,610,1
2010-08-25,17,234,1
2010-08-25,18,177,1
2010-08-25,18,462,1
2010-08-25,19,175,1
2010-08-25,19,389,1
2010-08-25,20,51,1
2010-08-25,20,191,1
2010-08-25,20,372,1
2010-08-25,21,177,1
2010-08-25,21,179,1
2010-08-25,21,342,1
2010-08-25,23,214,1
2010-08-25,23,290,1
2010-08-25,27,232,1
2010-08-25,28,125,1
2010-08-25,30,224,1
2010-08-25,32,101,1
2010-08-25,34,126,1
2010-08-25,34,144,1
2010-08-25,36,153,1
2010-08-25,36,551,1
2010-08-25,41,271,1
2010-08-25,43,302,1
2010-08-25,43,578,1
2010-08-25,57,596,1
2010-08-25,58,337,1
2010-08-25,63,124,1
2010-08-25,69,457,1
2010-08-25,80,377,1
2010-08-25,82,2068,1
2010-08-25,87,333,1
2010-08-25,161,306,1
2010-08-26,1,1,1
2010-08-26,1,2,1
2010-08-26,1,6,1
2010-08-26,1,12,3
2010-08-26,1,36,1
2010-08-26,1,128,1
2010-08-26,3,16,1
2010-08-26,3,162,1
2010-08-26,4,4,1
2010-08-26,4,684,1
2010-08-26,4,1600,1
2010-08-26,5,37,1
2010-08-26,5,116,1
2010-08-26,5,361,1
2010-08-26,6,58,1
2010-08-26,7,19,1
2010-08-26,8,37,1
2010-08-26,8,620,1
2010-08-26,9,84,1
2010-08-26,9,108,1
2010-08-26,10,74,1
2010-08-26,10,113,1
2010-08-26,11,168,1
2010-08-26,11,169,1
2010-08-26,11,1092,1
2010-08-26,12,75,1
2010-08-26,12,130,1
2010-08-26,12,208,1
2010-08-26,14,164,1
2010-08-26,14,165,1
2010-08-26,14,238,1
2010-08-26,15,44,1
2010-08-26,15,69,1
2010-08-26,15,119,1
2010-08-26,16,22,1
2010-08-26,16,102,1
2010-08-26,16,270,1
2010-08-26,17,27,1
2010-08-26,17,194,1
2010-08-26,17,276,1
2010-08-26,18,35,1
2010-08-26,18,65,1
2010-08-26,18,410,1
2010-08-26,19,147,1
2010-08-26,19,364,1
2010-08-26,20,51,1
2010-08-26,20,187,1
2010-08-26,21,26,1
2010-08-26,21,94,1
2010-08-26,21,182,1
2010-08-26,21,184,1
2010-08-26,21,214,1
2010-08-26,21,430,1
2010-08-26,22,320,1
2010-08-26,23,67,1
2010-08-26,24,100,1
2010-08-26,24,197,1
2010-08-26,26,44,1
2010-08-26,27,52,1
2010-08-26,27,637,1
2010-08-26,28,238,1
2010-08-26,29,39,1
2010-08-26,29,267,1
2010-08-26,32,92,1
2010-08-26,32,292,1
2010-08-26,33,256,1
2010-08-26,37,208,1
2010-08-26,43,260,1
2010-08-26,43,446,1
2010-08-26,44,1414,1
2010-08-26,48,362,1
2010-08-26,52,388,1
2010-08-26,62,222,1
2010-08-26,76,184,1
2010-08-26,78,895,1
2010-08-26,185,421,1
2010-08-27,1,2,1
2010-08-27,1,3,1
2010-08-27,2,10,1
2010-08-27,2,20,1
2010-08-27,4,60,1
2010-08-27,5,56,1
2010-08-27,6,38,1
2010-08-27,7,7,1
2010-08-27,7,177,1
2010-08-27,9,53,1
2010-08-27,9,91,1
2010-08-27,10,114,1
2010-08-27,12,122,1
2010-08-27,13,154,1
2010-08-27,14,1248,1
2010-08-27,15,130,1
2010-08-27,15,252,1
2010-08-27,17,127,1
2010-08-27,19,50,1
2010-08-27,20,37,1
2010-08-27,21,185,1
2010-08-27,21,200,1
2010-08-27,22,280,1
2010-08-27,27,337,1
2010-08-27,28,278,1
2010-08-27,31,56,1
2010-08-27,31,379,1
2010-08-27,34,59,1
2010-08-27,34,157,2
2010-08-27,37,355,1
2010-08-27,49,549,1
2010-08-27,123,942,1
2010-08-27,169,381,1
2010-08-27,176,313,1
2010-08-29,1,1,1
2010-08-29,1,100,1
2010-08-29,3,20,1
2010-08-29,4,7,1
2010-08-29,4,20,1
2010-08-29,5,33,1
2010-08-29,6,134,1
2010-08-29,9,90,1
2010-08-29,11,99,1
2010-08-29,11,396,1
2010-08-29,11,596,1
2010-08-29,12,52,1
2010-08-29,12,140,1
2010-08-29,12,186,1
2010-08-29,13,159,1
2010-08-29,13,166,1
2010-08-29,13,210,1
2010-08-29,13,235,1
2010-08-29,15,84,1
2010-08-29,15,146,1
2010-08-29,16,42,1
2010-08-29,17,708,1
2010-08-29,18,134,1
2010-08-29,20,177,1
2010-08-29,21,62,1
2010-08-29,22,364,1
2010-08-29,24,341,1
2010-08-29,27,156,1
2010-08-29,28,92,1
2010-08-29,29,43,1
2010-08-29,29,513,1
2010-08-29,32,201,1
2010-08-29,33,338,1
2010-08-29,38,175,1
2010-08-29,40,314,1
2010-08-29,41,1477,1
2010-08-29,55,87,1
2010-08-29,56,412,1
2010-08-29,79,276,1
2010-08-31,1,2,1
2010-08-31,1,12,1
2010-08-31,1,40,1
2010-08-31,1,48,1
2010-08-31,1,60,1
2010-08-31,2,2,3
2010-08-31,2,18,1
2010-08-31,2,48,1
2010-08-31,2,72,1
2010-08-31,2,292,1
2010-08-31,3,42,1
2010-08-31,3,120,1
2010-08-31,3,1068,1
2010-08-31,4,96,1
2010-08-31,6,6,1
2010-08-31,6,252,1
2010-08-31,8,78,1
2010-08-31,9,73,1
2010-08-31,10,185,1
2010-08-31,11,109,1
2010-08-31,11,173,1
2010-08-31,12,80,1
2010-08-31,13,145,1
2010-08-31,13,436,1
2010-08-31,14,164,1
2010-08-31,15,235,1
2010-08-31,16,176,1
2010-08-31,17,37,1
2010-08-31,18,105,1
2010-08-31,18,224,1
2010-08-31,20,156,1
2010-08-31,21,73,1
2010-08-31,21,102,1
2010-08-31,21,238,1
2010-08-31,22,170,1
2010-08-31,22,342,1
2010-08-31,22,410,1
2010-08-31,23,353,1
2010-08-31,24,183,1
2010-08-31,26,370,1
2010-08-31,27,405,1
2010-08-31,30,50,1
2010-08-31,30,295,1
2010-08-31,32,169,1
2010-08-31,33,124,1
2010-08-31,37,559,1
2010-08-31,41,181,1
2010-08-31,42,800,1
2010-08-31,44,82,1
2010-08-31,44,601,1
2010-08-31,49,121,1
2010-08-31,52,423,1
2010-08-31,63,104,1
2010-08-31,77,134,1
2010-08-31,84,206,1
2010-08-31,115,182,1
2010-08-31,119,1936,1
2010-08-31,166,591,1
2010-08-31,206,612,1
2010-09-01,1,2,1
2010-09-01,1,24,1
2010-09-01,2,24,1
2010-09-01,2,32,1
2010-09-01,2,65,1
2010-09-01,3,15,1
2010-09-01,3,16,1
2010-09-01,3,48,1
2010-09-01,3,108,1
2010-09-01,4,77,1
2010-09-01,5,24,1
2010-09-01,5,25,1
2010-09-01,5,50,1
2010-09-01,8,192,1
2010-09-01,9,73,1
2010-09-01,9,78,1
2010-09-01,9,222,1
2010-09-01,10,138,1
2010-09-01,11,44,1
2010-09-01,11,104,1
2010-09-01,13,84,1
2010-09-01,13,140,1
2010-09-01,13,278,1
2010-09-01,13,592,1
2010-09-01,16,210,1
2010-09-01,19,187,1
2010-09-01,19,264,1
2010-09-01,20,171,1
2010-09-01,25,277,1
2010-09-01,25,292,1
2010-09-01,26,49,1
2010-09-01,26,556,1
2010-09-01,29,294,1
2010-09-01,29,1662,1
2010-09-01,34,232,1
2010-09-01,38,103,1
2010-09-01,39,4812,1
2010-09-01,45,586,1
2010-09-01,74,130,1
2010-09-01,83,167,1
2010-09-01,107,164,1
2010-09-01,161,300,1
2010-09-02,1,1,1
2010-09-02,1,2,1
2010-09-02,1,6,1
2010-09-02,1,7,1
2010-09-02,1,12,1
2010-09-02,1,20,1
2010-09-02,1,60,1
2010-09-02,1,72,1
2010-09-02,1,100,1
2010-09-02,1,144,1
2010-09-02,1,160,1
2010-09-02,1,200,2
2010-09-02,1,400,1
2010-09-02,2,2,1
2010-09-02,2,12,3
2010-09-02,2,132,1
2010-09-02,2,146,1
2010-09-02,3,4,1
2010-09-02,3,7,1
2010-09-02,3,50,1
2010-09-02,3,336,1
2010-09-02,4,10,1
2010-09-02,4,79,1
2010-09-02,4,86,1
2010-09-02,4,92,1
2010-09-02,4,106,1
2010-09-02,5,50,1
2010-09-02,5,478,1
2010-09-02,6,32,1
2010-09-02,6,52,1
2010-09-02,6,62,1
2010-09-02,7,82,1
2010-09-02,7,112,1
2010-09-02,7,192,1
2010-09-02,8,85,1
2010-09-02,8,219,1
2010-09-02,9,82,1
2010-09-02,9,588,1
2010-09-02,10,167,1
2010-09-02,11,104,1
2010-09-02,12,232,1
2010-09-02,14,126,1
2010-09-02,14,174,1
2010-09-02,14,213,1
2010-09-02,14,304,1
2010-09-02,15,162,1
2010-09-02,15,173,1
2010-09-02,15,194,1
2010-09-02,15,404,1
2010-09-02,16,86,1
2010-09-02,16,319,1
2010-09-02,18,60,2
2010-09-02,18,194,1
2010-09-02,18,234,1
2010-09-02,18,3720,1
2010-09-02,20,103,1
2010-09-02,20,160,1
2010-09-02,20,201,1
2010-09-02,21,409,1
2010-09-02,23,243,1
2010-09-02,26,282,1
2010-09-02,27,334,1
2010-09-02,27,385,1
2010-09-02,28,130,1
2010-09-02,28,158,1
2010-09-02,28,279,1
2010-09-02,29,269,1
2010-09-02,30,342,1
2010-09-02,33,112,1
2010-09-02,33,199,1
2010-09-02,34,560,1
2010-09-02,35,92,1
2010-09-02,36,163,1
2010-09-02,36,262,1
2010-09-02,40,144,1
2010-09-02,42,363,1
2010-09-02,42,892,1
2010-09-02,48,296,1
2010-09-02,58,198,1
2010-09-02,71,3106,1
2010-09-02,94,278,1
2010-09-02,255,576,1
2010-09-03,1,1,1
2010-09-03,1,3,1
2010-09-03,1,12,1
2010-09-03,1,18,1
2010-09-03,1,36,1
2010-09-03,1,70,1
2010-09-03,1,72,1
2010-09-03,1,100,1
2010-09-03,1,240,1
2010-09-03,2,2,1
2010-09-03,2,13,1
2010-09-03,2,112,1
2010-09-03,3,3,1
2010-09-03,3,8,1
2010-09-03,3,56,1
2010-09-03,3,1200,1
2010-09-03,3,13008,1
2010-09-03,4,236,1
2010-09-03,4,2726,1
2010-09-03,5,6,1
2010-09-03,5,60,1
2010-09-03,5,84,1
2010-09-03,5,640,1
2010-09-03,6,57,1
2010-09-03,6,70,1
2010-09-03,7,59,1
2010-09-03,7,302,1
2010-09-03,7,420,1
2010-09-03,9,362,1
2010-09-03,9,373,1
2010-09-03,10,10,2
2010-09-03,10,75,1
2010-09-03,10,2248,1
2010-09-03,12,53,1
2010-09-03,12,95,1
2010-09-03,13,168,1
2010-09-03,13,768,1
2010-09-03,13,800,1
2010-09-03,15,243,1
2010-09-03,16,200,1
2010-09-03,17,150,1
2010-09-03,17,695,1
2010-09-03,18,364,1
2010-09-03,18,748,1
2010-09-03,19,46,1
2010-09-03,19,95,1
2010-09-03,19,135,1
2010-09-03,21,97,1
2010-09-03,25,292,1
2010-09-03,25,334,1
2010-09-03,26,360,1
2010-09-03,27,355,1
2010-09-03,28,169,1
2010-09-03,32,586,1
2010-09-03,37,438,1
2010-09-03,38,83,1
2010-09-03,41,79,1
2010-09-03,46,301,1
2010-09-03,80,358,1
2010-09-03,227,592,1
2010-09-05,1,130,1
2010-09-05,2,32,1
2010-09-05,3,78,1
2010-09-05,4,40,1
2010-09-05,5,37,1
2010-09-05,5,72,1
2010-09-05,5,100,1
2010-09-05,6,192,1
2010-09-05,6,308,1
2010-09-05,6,392,1
2010-09-05,7,154,1
2010-09-05,7,592,1
2010-09-05,9,44,1
2010-09-05,9,152,1
2010-09-05,13,41,1
2010-09-05,13,166,1
2010-09-05,18,201,1
2010-09-05,19,92,1
2010-09-05,20,192,1
2010-09-05,22,100,1
2010-09-05,23,548,1
2010-09-05,26,320,1
2010-09-05,26,350,1
2010-09-05,27,44,1
2010-09-05,29,93,1
2010-09-05,30,185,1
2010-09-05,33,359,1
2010-09-05,38,65,1
2010-09-05,44,247,1
2010-09-05,48,574,1
2010-09-05,50,533,1
2010-09-05,51,200,1
2010-09-05,58,370,1
2010-09-05,67,165,1
2010-09-05,80,101,1
2010-09-06,1,3,1
2010-09-06,1,4,2
2010-09-06,1,16,1
2010-09-06,1,1440,1
2010-09-06,2,6,1
2010-09-06,2,18,1
2010-09-06,3,240,1
2010-09-06,4,34,1
2010-09-06,4,108,1
2010-09-06,4,192,1
2010-09-06,5,23,1
2010-09-06,7,92,1
2010-09-06,8,83,1
2010-09-06,8,110,1
2010-09-06,9,44,1
2010-09-06,10,68,1
2010-09-06,10,3052,1
2010-09-06,11,45,1
2010-09-06,11,59,1
2010-09-06,12,28,1
2010-09-06,14,60,1
2010-09-06,15,320,1
2010-09-06,16,18,1
2010-09-06,16,87,1
2010-09-06,16,115,1
2010-09-06,16,118,1
2010-09-06,16,130,1
2010-09-06,18,172,1
2010-09-06,19,128,1
2010-09-06,19,282,1
2010-09-06,19,540,1
2010-09-06,20,197,1
2010-09-06,21,185,1
2010-09-06,21,324,1
2010-09-06,22,411,1
2010-09-06,23,284,1
2010-09-06,28,685,1
2010-09-06,30,83,1
2010-09-06,31,367,1
2010-09-06,31,801,1
2010-09-06,36,690,1
2010-09-06,37,178,1
2010-09-06,39,334,1
2010-09-06,40,506,1
2010-09-06,50,383,1
2010-09-06,58,1022,1
2010-09-06,65,265,1
2010-09-06,69,169,1
2010-09-06,77,224,1
2010-09-06,83,223,1
2010-09-06,147,249,1
2010-09-06,158,392,1
2010-09-06,174,607,1
2010-09-07,1,1,1
2010-09-07,1,100,1
2010-09-07,1,120,1
2010-09-07,1,200,1
2010-09-07,1,432,1
2010-09-07,3,112,1
2010-09-07,3,144,1
2010-09-07,3,162,1
2010-09-07,4,164,1
2010-09-07,6,19,1
2010-09-07,6,108,1
2010-09-07,6,168,1
2010-09-07,6,1160,1
2010-09-07,7,78,1
2010-09-07,7,129,1
2010-09-07,8,24,1
2010-09-07,8,30,1
2010-09-07,8,58,1
2010-09-07,9,34,1
2010-09-07,9,53,1
2010-09-07,11,277,1
2010-09-07,12,71,1
2010-09-07,12,380,1
2010-09-07,13,123,1
2010-09-07,13,148,1
2010-09-07,16,177,1
2010-09-07,18,228,1
2010-09-07,18,514,1
2010-09-07,19,344,1
2010-09-07,19,667,1
2010-09-07,19,2642,1
2010-09-07,20,67,1
2010-09-07,20,381,1
2010-09-07,21,163,1
2010-09-07,21,292,1
2010-09-07,22,269,1
2010-09-07,24,80,1
2010-09-07,24,109,1
2010-09-07,27,353,1
2010-09-07,28,390,1
2010-09-07,31,83,1
2010-09-07,31,1362,1
2010-09-07,33,206,1
2010-09-07,34,438,1
2010-09-07,36,173,1
2010-09-07,36,534,1
2010-09-07,39,395,1
2010-09-07,47,130,1
2010-09-07,52,641,1
2010-09-07,131,293,1
2010-09-07,190,515,1
2010-09-08,1,64,1
2010-09-08,1,72,1
2010-09-08,2,36,1
2010-09-08,3,244,1
2010-09-08,4,30,1
2010-09-08,8,33,1
2010-09-08,8,164,1
2010-09-08,8,537,1
2010-09-08,9,44,1
2010-09-08,9,76,1
2010-09-08,9,188,1
2010-09-08,9,386,1
2010-09-08,10,95,1
2010-09-08,10,102,1
2010-09-08,10,138,1
2010-09-08,10,180,1
2010-09-08,10,344,1
2010-09-08,11,118,1
2010-09-08,12,124,1
2010-09-08,12,188,1
2010-09-08,13,474,1
2010-09-08,14,101,1
2010-09-08,14,156,1
2010-09-08,15,200,1
2010-09-08,15,303,1
2010-09-08,16,235,1
2010-09-08,17,200,1
2010-09-08,17,219,1
2010-09-08,19,218,1
2010-09-08,21,193,1
2010-09-08,24,224,1
2010-09-08,24,317,1
2010-09-08,25,95,1
2010-09-08,26,458,1
2010-09-08,29,338,1
2010-09-08,34,166,1
2010-09-08,36,91,1
2010-09-08,37,83,1
2010-09-08,37,316,1
2010-09-08,39,634,1
2010-09-08,52,126,1
2010-09-08,62,602,1
2010-09-08,65,567,1
2010-09-08,66,154,1
2010-09-08,89,320,1
2010-09-08,116,283,1
2010-09-09,1,1,1
2010-09-09,1,6,1
2010-09-09,1,24,1
2010-09-09,1,25,1
2010-09-09,1,48,1
2010-09-09,2,3,1
2010-09-09,2,42,1
2010-09-09,2,56,1
2010-09-09,2,120,1
2010-09-09,3,3,1
2010-09-09,3,34,1
2010-09-09,5,104,1
2010-09-09,6,48,1
2010-09-09,6,77,1
2010-09-09,7,70,1
2010-09-09,8,48,1
2010-09-09,8,68,1
2010-09-09,9,80,1
2010-09-09,9,107,1
2010-09-09,9,110,1
2010-09-09,10,17,1
2010-09-09,11,116,1
2010-09-09,12,102,1
2010-09-09,12,236,1
2010-09-09,12,491,1
2010-09-09,13,48,1
2010-09-09,13,127,1
2010-09-09,13,180,1
2010-09-09,14,130,1
2010-09-09,14,317,1
2010-09-09,15,141,1
2010-09-09,16,116,1
2010-09-09,16,1100,1
2010-09-09,17,129,1
2010-09-09,17,149,1
2010-09-09,17,168,1
2010-09-09,18,56,1
2010-09-09,18,225,1
2010-09-09,19,134,1
2010-09-09,20,124,1
2010-09-09,20,354,1
2010-09-09,21,200,1
2010-09-09,21,241,1
2010-09-09,21,285,1
2010-09-09,22,141,1
2010-09-09,22,215,1
2010-09-09,23,279,1
2010-09-09,25,72,1
2010-09-09,25,91,1
2010-09-09,30,265,1
2010-09-09,33,353,1
2010-09-09,36,71,1
2010-09-09,38,390,1
2010-09-09,43,286,1
2010-09-09,44,317,1
2010-09-09,48,536,1
2010-09-09,49,219,1
2010-09-09,50,133,1
2010-09-09,54,214,1
2010-09-09,61,574,1
2010-09-09,69,309,1
2010-09-09,75,231,1
2010-09-09,76,281,1
2010-09-09,82,918,1
2010-09-09,95,787,1
2010-09-09,134,332,1
2010-09-10,1,1,1
2010-09-10,1,20,1
2010-09-10,1,24,1
2010-09-10,1,1152,1
2010-09-10,2,30,1
2010-09-10,5,36,1
2010-09-10,5,70,1
2010-09-10,5,398,1
2010-09-10,7,114,1
2010-09-10,9,154,1
2010-09-10,10,156,1
2010-09-10,11,219,1
2010-09-10,11,269,1
2010-09-10,11,774,1
2010-09-10,12,109,1
2010-09-10,14,81,1
2010-09-10,15,372,1
2010-09-10,18,195,1
2010-09-10,18,365,1
2010-09-10,19,152,1
2010-09-10,19,191,1
2010-09-10,19,210,1
2010-09-10,20,70,1
2010-09-10,20,186,1
2010-09-10,20,196,1
2010-09-10,20,408,1
2010-09-10,22,116,1
2010-09-10,22,234,1
2010-09-10,22,247,1
2010-09-10,22,499,1
2010-09-10,23,164,1
2010-09-10,24,41,1
2010-09-10,25,242,1
2010-09-10,26,46,1
2010-09-10,26,131,1
2010-09-10,26,198,1
2010-09-10,27,266,1
2010-09-10,28,701,1
2010-09-10,29,224,1
2010-09-10,32,83,1
2010-09-10,34,381,1
2010-09-10,48,56,1
2010-09-10,66,114,1
2010-09-10,80,304,1
2010-09-10,112,422,1
2010-09-12,1,1,1
2010-09-12,1,4,1
2010-09-12,2,12,1
2010-09-12,4,4,1
2010-09-12,5,111,1
2010-09-12,5,730,1
2010-09-12,8,129,1
2010-09-12,9,38,1
2010-09-12,10,67,1
2010-09-12,10,92,1
2010-09-12,12,61,1
2010-09-12,12,201,1
2010-09-12,14,136,1
2010-09-12,14,158,1
2010-09-12,14,179,1
2010-09-12,15,110,1
2010-09-12,15,118,1
2010-09-12,15,146,1
2010-09-12,16,65,1
2010-09-12,16,382,1
2010-09-12,19,72,1
2010-09-12,19,139,1
2010-09-12,20,166,1
2010-09-12,20,223,1
2010-09-12,21,414,1
2010-09-12,23,179,1
2010-09-12,24,84,1
2010-09-12,24,172,1
2010-09-12,26,140,1
2010-09-12,27,126,1
2010-09-12,27,486,1
2010-09-12,30,83,1
2010-09-12,33,85,1
2010-09-12,34,110,1
2010-09-12,34,144,1
2010-09-12,36,220,1
2010-09-12,37,169,1
2010-09-12,37,527,1
2010-09-12,56,107,1
2010-09-12,57,354,1
2010-09-12,58,544,1
2010-09-12,59,100,1
2010-09-12,61,253,1
2010-09-12,63,114,1
2010-09-12,64,135,1
2010-09-12,68,292,1
2010-09-12,73,198,1
2010-09-12,76,1024,1
2010-09-13,1,1,2
2010-09-13,1,2,1
2010-09-13,1,4,1
2010-09-13,1,40,1
2010-09-13,1,100,2
2010-09-13,1,288,1
2010-09-13,1,300,1
2010-09-13,1,360,1
2010-09-13,2,11,1
2010-09-13,2,20,1
2010-09-13,2,44,1
2010-09-13,2,108,1
2010-09-13,2,400,1
2010-09-13,3,14,1
2010-09-13,3,208,1
2010-09-13,3,240,1
2010-09-13,4,6,1
2010-09-13,4,550,1
2010-09-13,5,19,1
2010-09-13,5,50,1
2010-09-13,5,53,1
2010-09-13,5,4620,1
2010-09-13,6,6,2
2010-09-13,6,8,1
2010-09-13,6,18,1
2010-09-13,7,64,1
2010-09-13,7,77,1
2010-09-13,7,254,1
2010-09-13,9,20,1
2010-09-13,9,92,1
2010-09-13,10,104,1
2010-09-13,10,132,1
2010-09-13,10,198,1
2010-09-13,10,1920,1
2010-09-13,10,6080,1
2010-09-13,11,132,1
2010-09-13,12,72,1
2010-09-13,12,252,1
2010-09-13,13,102,1
2010-09-13,13,228,1
2010-09-13,14,61,1
2010-09-13,14,180,1
2010-09-13,14,452,1
2010-09-13,15,16,1
2010-09-13,15,72,1
2010-09-13,17,53,1
2010-09-13,17,185,1
2010-09-13,18,24,1
2010-09-13,19,21,1
2010-09-13,19,24,1
2010-09-13,20,32,1
2010-09-13,20,170,1
2010-09-13,20,639,1
2010-09-13,21,210,1
2010-09-13,22,193,1
2010-09-13,22,235,1
2010-09-13,22,242,1
2010-09-13,22,284,1
2010-09-13,22,420,1
2010-09-13,23,31,1
2010-09-13,23,108,1
2010-09-13,26,49,1
2010-09-13,27,49,1
2010-09-13,30,153,1
2010-09-13,31,39,1
2010-09-13,31,487,1
2010-09-13,33,55,1
2010-09-13,35,836,1
2010-09-13,36,385,1
2010-09-13,38,163,1
2010-09-13,38,527,1
2010-09-13,45,673,1
2010-09-13,47,467,1
2010-09-13,48,162,1
2010-09-13,52,962,1
2010-09-13,59,151,1
2010-09-13,61,913,1
2010-09-13,92,133,1
2010-09-13,108,208,1
2010-09-13,112,204,1
2010-09-13,113,170,1
2010-09-13,115,212,1
2010-09-13,144,503,1
2010-09-14,1,6,1
2010-09-14,1,12,1
2010-09-14,1,36,1
2010-09-14,1,64,1
2010-09-14,2,3,1
2010-09-14,2,20,1
2010-09-14,2,28,1
2010-09-14,3,37,1
2010-09-14,4,23,1
2010-09-14,5,41,1
2010-09-14,5,68,1
2010-09-14,5,178,1
2010-09-14,6,18,1
2010-09-14,6,121,1
2010-09-14,6,132,1
2010-09-14,6,152,1
2010-09-14,6,204,1
2010-09-14,7,144,1
2010-09-14,7,552,1
2010-09-14,9,24,1
2010-09-14,9,220,1
2010-09-14,11,61,1
2010-09-14,12,112,1
2010-09-14,12,155,1
2010-09-14,12,511,1
2010-09-14,13,16,1
2010-09-14,13,40,1
2010-09-14,13,110,1
2010-09-14,15,82,1
2010-09-14,15,139,1
2010-09-14,15,209,1
2010-09-14,15,389,1
2010-09-14,16,296,1
2010-09-14,17,162,1
2010-09-14,17,177,1
2010-09-14,17,295,1
2010-09-14,18,164,1
2010-09-14,18,168,1
2010-09-14,18,195,1
2010-09-14,18,198,1
2010-09-14,20,241,1
2010-09-14,21,185,1
2010-09-14,21,254,1
2010-09-14,24,60,1
2010-09-14,24,258,1
2010-09-14,25,327,1
2010-09-14,26,204,1
2010-09-14,28,231,1
2010-09-14,29,84,1
2010-09-14,30,771,1
2010-09-14,36,120,1
2010-09-14,37,514,1
2010-09-14,41,418,1
2010-09-14,42,334,1
2010-09-14,49,560,1
2010-09-14,52,153,1
2010-09-14,55,143,1
2010-09-14,58,307,1
2010-09-14,63,151,1
2010-09-14,67,207,1
2010-09-14,149,312,1
2010-09-15,1,1,1
2010-09-15,1,9,1
2010-09-15,1,12,1
2010-09-15,1,24,1
2010-09-15,1,48,2
2010-09-15,1,96,1
2010-09-15,1,288,1
2010-09-15,1,672,1
2010-09-15,2,60,1
2010-09-15,3,112,1
2010-09-15,4,101,1
2010-09-15,5,29,1
2010-09-15,6,110,1
2010-09-15,7,32,1
2010-09-15,7,84,1
2010-09-15,7,124,1
2010-09-15,7,300,1
2010-09-15,7,601,1
2010-09-15,8,79,1
2010-09-15,8,245,1
2010-09-15,8,317,1
2010-09-15,8,330,1
2010-09-15,10,64,1
2010-09-15,10,102,1
2010-09-15,10,118,1
2010-09-15,11,67,1
2010-09-15,11,112,1
2010-09-15,11,128,1
2010-09-15,11,168,1
2010-09-15,13,22,1
2010-09-15,13,77,1
2010-09-15,14,41,1
2010-09-15,14,173,1
2010-09-15,15,105,1
2010-09-15,15,129,1
2010-09-15,15,238,1
2010-09-15,15,601,1
2010-09-15,16,199,1
2010-09-15,17,36,1
2010-09-15,18,169,1
2010-09-15,18,223,1
2010-09-15,19,177,1
2010-09-15,19,179,1
2010-09-15,19,201,1
2010-09-15,20,396,1
2010-09-15,22,56,1
2010-09-15,23,339,1
2010-09-15,24,244,1
2010-09-15,25,754,1
2010-09-15,26,3968,1
2010-09-15,27,275,1
2010-09-15,27,770,1
2010-09-15,32,340,1
2010-09-15,32,350,1
2010-09-15,38,72,1
2010-09-15,39,252,1
2010-09-15,41,2917,1
2010-09-15,44,67,1
2010-09-15,45,364,1
2010-09-15,68,1088,1
2010-09-15,69,96,1
2010-09-15,75,293,1
2010-09-15,89,676,1
2010-09-15,99,176,1
2010-09-15,104,933,1
2010-09-16,1,4,2
2010-09-16,1,6,1
2010-09-16,1,24,1
2010-09-16,1,30,1
2010-09-16,1,48,1
2010-09-16,2,96,1
2010-09-16,3,28,1
2010-09-16,3,52,1
2010-09-16,4,60,1
2010-09-16,4,77,1
2010-09-16,4,360,1
2010-09-16,5,152,1
2010-09-16,6,7,1
2010-09-16,6,50,1
2010-09-16,6,60,1
2010-09-16,7,13,1
2010-09-16,7,29,1
2010-09-16,7,196,1
2010-09-16,7,324,1
2010-09-16,8,35,1
2010-09-16,8,80,1
2010-09-16,8,96,1
2010-09-16,9,198,1
2010-09-16,10,88,1
2010-09-16,11,54,1
2010-09-16,11,98,1
2010-09-16,11,106,1
2010-09-16,11,202,1
2010-09-16,11,258,1
2010-09-16,13,138,1
2010-09-16,13,364,1
2010-09-16,13,468,1
2010-09-16,15,233,1
2010-09-16,16,177,1
2010-09-16,16,382,1
2010-09-16,17,145,1
2010-09-16,18,119,1
2010-09-16,20,154,1
2010-09-16,20,247,1
2010-09-16,26,39,1
2010-09-16,26,201,1
2010-09-16,28,83,1
2010-09-16,28,498,1
2010-09-16,29,1072,1
2010-09-16,32,290,1
2010-09-16,34,41,1
2010-09-16,35,92,1
2010-09-16,35,333,1
2010-09-16,36,159,1
2010-09-16,36,182,1
2010-09-16,37,309,1
2010-09-16,40,529,1
2010-09-16,42,115,1
2010-09-16,45,218,1
2010-09-16,46,343,1
2010-09-16,47,341,1
2010-09-16,51,151,1
2010-09-16,53,619,1
2010-09-16,56,562,1
2010-09-16,58,170,1
2010-09-16,58,235,1
2010-09-16,74,941,1
2010-09-16,88,193,1
2010-09-16,109,311,1
2010-09-16,116,1153,1
2010-09-17,1,1,1
2010-09-17,1,12,1
2010-09-17,1,24,1
2010-09-17,1,48,1
2010-09-17,1,120,2
2010-09-17,1,720,1
2010-09-17,2,2,2
2010-09-17,2,5,1
2010-09-17,2,84,1
2010-09-17,2,504,1
2010-09-17,3,28,1
2010-09-17,3,96,1
2010-09-17,3,406,1
2010-09-17,5,102,1
2010-09-17,6,45,1
2010-09-17,6,111,1
2010-09-17,10,90,1
2010-09-17,11,108,1
2010-09-17,12,117,1
2010-09-17,13,60,1
2010-09-17,13,61,1
2010-09-17,13,157,1
2010-09-17,15,50,1
2010-09-17,17,223,1
2010-09-17,17,470,1
2010-09-17,18,184,1
2010-09-17,19,304,1
2010-09-17,20,107,1
2010-09-17,20,214,1
2010-09-17,20,322,1
2010-09-17,22,206,1
2010-09-17,24,400,1
2010-09-17,25,237,1
2010-09-17,26,53,1
2010-09-17,26,199,1
2010-09-17,26,740,1
2010-09-17,27,166,1
2010-09-17,31,306,1
2010-09-17,32,177,1
2010-09-17,33,64,1
2010-09-17,36,301,1
2010-09-17,36,1127,1
2010-09-17,42,683,1
2010-09-17,47,191,1
2010-09-17,52,262,1
2010-09-17,55,651,1
2010-09-17,61,61,1
2010-09-17,84,878,1
2010-09-17,155,254,1
2010-09-19,1,1,1
2010-09-19,1,48,1
2010-09-19,2,12,1
2010-09-19,3,230,1
2010-09-19,5,100,1
2010-09-19,5,328,1
2010-09-19,6,35,1
2010-09-19,6,246,1
2010-09-19,7,68,1
2010-09-19,9,80,1
2010-09-19,10,95,1
2010-09-19,10,96,1
2010-09-19,11,91,1
2010-09-19,11,168,1
2010-09-19,12,53,1
2010-09-19,12,68,1
2010-09-19,13,282,1
2010-09-19,15,216,1
2010-09-19,16,34,1
2010-09-19,16,134,1
2010-09-19,16,616,1
2010-09-19,17,56,1
2010-09-19,17,382,1
2010-09-19,20,270,1
2010-09-19,21,143,1
2010-09-19,21,178,1
2010-09-19,22,74,1
2010-09-19,22,1218,1
2010-09-19,24,44,1
2010-09-19,24,47,1
2010-09-19,24,217,1
2010-09-19,25,156,1
2010-09-19,25,285,1
2010-09-19,26,58,1
2010-09-19,33,392,1
2010-09-19,35,66,1
2010-09-19,36,63,1
2010-09-19,36,434,1
2010-09-19,38,145,1
2010-09-19,38,292,1
2010-09-19,40,116,1
2010-09-19,40,147,1
2010-09-19,41,101,1
2010-09-19,43,121,1
2010-09-19,43,208,1
2010-09-19,44,687,1
2010-09-19,47,179,1
2010-09-19,48,174,1
2010-09-19,61,315,1
2010-09-19,63,352,1
2010-09-19,65,292,1
2010-09-19,66,267,1
2010-09-19,68,250,1
2010-09-19,84,277,1
2010-09-19,90,175,1
2010-09-19,99,505,1
2010-09-19,99,691,1
2010-09-19,101,299,1
2010-09-19,145,1120,1
2010-09-20,1,1,1
2010-09-20,1,4,1
2010-09-20,1,8,1
2010-09-20,1,60,1
2010-09-20,1,80,1
2010-09-20,1,144,1
2010-09-20,1,2004,1
2010-09-20,2,2,1
2010-09-20,2,48,1
2010-09-20,2,200,1
2010-09-20,3,72,1
2010-09-20,3,90,1
2010-09-20,4,54,1
2010-09-20,4,76,1
2010-09-20,4,196,1
2010-09-20,4,300,1
2010-09-20,4,2232,1
2010-09-20,5,74,1
2010-09-20,5,132,1
2010-09-20,6,20,1
2010-09-20,6,51,1
2010-09-20,6,480,1
2010-09-20,7,90,1
2010-09-20,7,160,1
2010-09-20,7,208,1
2010-09-20,8,228,1
2010-09-20,10,97,1
2010-09-20,10,139,1
2010-09-20,10,148,1
2010-09-20,10,784,1
2010-09-20,11,206,1
2010-09-20,12,49,1
2010-09-20,12,125,1
2010-09-20,12,894,1
2010-09-20,14,70,1
2010-09-20,14,178,1
2010-09-20,14,536,1
2010-09-20,15,84,1
2010-09-20,15,210,1
2010-09-20,16,98,1
2010-09-20,16,225,1
2010-09-20,17,290,1
2010-09-20,18,136,1
2010-09-20,18,147,1
2010-09-20,18,448,1
2010-09-20,20,273,1
2010-09-20,20,381,1
2010-09-20,22,92,1
2010-09-20,24,393,1
2010-09-20,24,1976,1
2010-09-20,26,494,1
2010-09-20,27,285,1
2010-09-20,27,343,1
2010-09-20,28,102,1
2010-09-20,28,366,1
2010-09-20,29,2300,1
2010-09-20,30,87,1
2010-09-20,30,323,1
2010-09-20,31,78,1
2010-09-20,31,380,1
2010-09-20,33,382,1
2010-09-20,35,489,1
2010-09-20,38,195,1
2010-09-20,40,133,1
2010-09-20,41,338,1
2010-09-20,43,119,1
2010-09-20,44,446,1
2010-09-20,56,716,1
2010-09-20,60,196,1
2010-09-20,62,264,1
2010-09-20,77,1028,1
2010-09-20,88,236,1
2010-09-20,131,263,1
2010-09-20,144,285,1
2010-09-20,151,241,1
2010-09-21,1,10,2
2010-09-21,1,12,1
2010-09-21,1,96,1
2010-09-21,1,300,1
2010-09-21,1,608,1
2010-09-21,2,12,4
2010-09-21,2,24,1
2010-09-21,2,28,1
2010-09-21,2,33,1
2010-09-21,3,18,3
2010-09-21,3,36,1
2010-09-21,3,104,1
2010-09-21,3,210,1
2010-09-21,3,500,1
2010-09-21,3,644,1
2010-09-21,3,1512,1
2010-09-21,4,152,1
2010-09-21,4,192,1
2010-09-21,4,264,1
2010-09-21,5,8,1
2010-09-21,5,84,1
2010-09-21,5,120,1
2010-09-21,5,432,1
2010-09-21,6,50,1
2010-09-21,6,56,1
2010-09-21,6,116,1
2010-09-21,7,187,1
2010-09-21,7,538,1
2010-09-21,8,205,1
2010-09-21,8,290,1
2010-09-21,9,61,1
2010-09-21,9,1200,1
2010-09-21,10,56,1
2010-09-21,10,226,1
2010-09-21,11,423,1
2010-09-21,12,199,1
2010-09-21,12,720,1
2010-09-21,13,88,1
2010-09-21,13,149,1
2010-09-21,13,218,1
2010-09-21,13,246,1
2010-09-21,13,672,1
2010-09-21,14,186,1
2010-09-21,15,31,1
2010-09-21,15,103,1
2010-09-21,17,315,1
2010-09-21,17,322,1
2010-09-21,17,469,1
2010-09-21,19,126,1
2010-09-21,19,181,1
2010-09-21,19,234,1
2010-09-21,19,496,1
2010-09-21,21,240,1
2010-09-21,22,117,1
2010-09-21,22,152,1
2010-09-21,22,268,1
2010-09-21,23,195,1
2010-09-21,24,47,1
2010-09-21,24,212,1
2010-09-21,24,302,1
2010-09-21,24,1106,1
2010-09-21,25,205,1
2010-09-21,25,212,1
2010-09-21,25,238,1
2010-09-21,25,255,1
2010-09-21,25,438,1
2010-09-21,26,51,1
2010-09-21,26,90,1
2010-09-21,26,280,1
2010-09-21,26,286,2
2010-09-21,28,313,1
2010-09-21,28,338,1
2010-09-21,28,379,1
2010-09-21,33,271,1
2010-09-21,33,349,1
2010-09-21,33,364,1
2010-09-21,34,682,1
2010-09-21,35,276,1
2010-09-21,39,91,1
2010-09-21,40,768,1
2010-09-21,42,509,1
2010-09-21,42,1002,1
2010-09-21,43,96,1
2010-09-21,45,148,1
2010-09-21,48,720,1
2010-09-21,50,3281,1
2010-09-21,52,537,1
2010-09-21,56,166,1
2010-09-21,57,1077,1
2010-09-21,61,180,1
2010-09-21,62,189,1
2010-09-21,76,4324,1
2010-09-21,109,1312,1
2010-09-21,116,652,1
2010-09-21,140,333,1
2010-09-21,150,289,1
2010-09-22,1,1,1
2010-09-22,1,5,1
2010-09-22,1,6,1
2010-09-22,1,12,1
2010-09-22,1,30,2
2010-09-22,1,36,1
2010-09-22,1,48,1
2010-09-22,1,60,1
2010-09-22,1,72,1
2010-09-22,1,100,3
2010-09-22,1,144,1
2010-09-22,1,256,1
2010-09-22,1,1512,1
2010-09-22,2,12,1
2010-09-22,2,24,3
2010-09-22,2,36,1
2010-09-22,2,432,1
2010-09-22,3,24,1
2010-09-22,3,36,4
2010-09-22,3,60,1
2010-09-22,4,11,1
2010-09-22,4,29,1
2010-09-22,5,6,1
2010-09-22,7,10,1
2010-09-22,8,146,1
2010-09-22,8,198,1
2010-09-22,11,330,1
2010-09-22,13,86,1
2010-09-22,13,135,1
2010-09-22,15,183,1
2010-09-22,15,378,1
2010-09-22,16,17,1
2010-09-22,17,368,1
2010-09-22,18,225,1
2010-09-22,19,54,1
2010-09-22,19,291,1
2010-09-22,19,315,1
2010-09-22,20,30,1
2010-09-22,20,177,1
2010-09-22,20,284,1
2010-09-22,21,43,1
2010-09-22,21,184,1
2010-09-22,23,185,1
2010-09-22,23,200,1
2010-09-22,24,60,1
2010-09-22,24,206,1
2010-09-22,24,272,1
2010-09-22,25,212,1
2010-09-22,25,217,1
2010-09-22,25,238,1
2010-09-22,25,268,2
2010-09-22,25,446,1
2010-09-22,26,34,1
2010-09-22,26,38,1
2010-09-22,26,250,1
2010-09-22,26,280,1
2010-09-22,27,33,1
2010-09-22,27,50,1
2010-09-22,31,46,1
2010-09-22,31,157,1
2010-09-22,32,36,1
2010-09-22,35,338,1
2010-09-22,37,352,1
2010-09-22,38,236,1
2010-09-22,38,269,1
2010-09-22,38,684,1
2010-09-22,39,278,1
2010-09-22,42,540,1
2010-09-22,44,93,1
2010-09-22,44,832,1
2010-09-22,53,297,1
2010-09-22,55,138,1
2010-09-22,115,257,1
2010-09-23,1,1,3
2010-09-23,1,2,2
2010-09-23,1,6,1
2010-09-23,1,24,1
2010-09-23,1,192,1
2010-09-23,1,200,1
2010-09-23,2,2,1
2010-09-23,2,18,1
2010-09-23,2,57,1
2010-09-23,4,120,1
2010-09-23,5,12,1
2010-09-23,5,31,1
2010-09-23,5,32,1
2010-09-23,6,17,1
2010-09-23,7,12,1
2010-09-23,8,70,1
2010-09-23,9,129,1
2010-09-23,9,244,1
2010-09-23,10,66,1
2010-09-23,10,164,1
2010-09-23,10,360,1
2010-09-23,10,698,1
2010-09-23,11,61,1
2010-09-23,11,70,1
2010-09-23,11,98,1
2010-09-23,11,108,1
2010-09-23,11,110,1
2010-09-23,11,168,1
2010-09-23,11,185,1
2010-09-23,12,101,1
2010-09-23,12,172,1
2010-09-23,12,262,1
2010-09-23,12,292,1
2010-09-23,13,46,1
2010-09-23,13,108,1
2010-09-23,13,604,1
2010-09-23,14,44,1
2010-09-23,14,93,1
2010-09-23,14,153,1
2010-09-23,15,109,1
2010-09-23,16,52,1
2010-09-23,16,204,1
2010-09-23,17,64,1
2010-09-23,17,166,1
2010-09-23,17,174,1
2010-09-23,18,171,1
2010-09-23,18,230,1
2010-09-23,18,272,1
2010-09-23,21,84,1
2010-09-23,23,112,1
2010-09-23,24,107,1
2010-09-23,24,166,1
2010-09-23,24,477,1
2010-09-23,26,71,1
2010-09-23,26,309,1
2010-09-23,27,145,1
2010-09-23,28,291,1
2010-09-23,29,450,1
2010-09-23,30,61,1
2010-09-23,30,154,1
2010-09-23,32,438,1
2010-09-23,33,2276,1
2010-09-23,38,375,1
2010-09-23,39,66,1
2010-09-23,39,387,1
2010-09-23,40,304,1
2010-09-23,40,835,1
2010-09-23,42,133,1
2010-09-23,43,549,1
2010-09-23,46,124,1
2010-09-23,46,631,1
2010-09-23,46,1050,1
2010-09-23,47,666,1
2010-09-23,50,563,1
2010-09-23,52,786,1
2010-09-23,54,436,1
2010-09-23,59,230,1
2010-09-23,60,275,1
2010-09-23,60,730,1
2010-09-23,62,1034,1
2010-09-23,117,454,1
2010-09-23,153,257,1
2010-09-24,1,1,3
2010-09-24,1,8,1
2010-09-24,1,12,3
2010-09-24,1,672,1
2010-09-24,2,2,3
2010-09-24,2,72,1
2010-09-24,2,120,1
2010-09-24,3,37,1
2010-09-24,3,62,1
2010-09-24,3,102,1
2010-09-24,4,116,1
2010-09-24,6,13,1
2010-09-24,6,152,1
2010-09-24,7,13,1
2010-09-24,7,76,1
2010-09-24,7,156,1
2010-09-24,8,66,1
2010-09-24,8,78,1
2010-09-24,9,76,1
2010-09-24,12,20,1
2010-09-24,12,21,1
2010-09-24,12,208,1
2010-09-24,12,252,1
2010-09-24,14,64,1
2010-09-24,15,92,1
2010-09-24,16,29,1
2010-09-24,16,184,1
2010-09-24,17,127,1
2010-09-24,18,194,1
2010-09-24,21,480,1
2010-09-24,24,200,1
2010-09-24,25,523,1
2010-09-24,29,337,1
2010-09-24,29,377,1
2010-09-24,29,542,1
2010-09-24,30,571,1
2010-09-24,30,4590,1
2010-09-24,31,276,1
2010-09-24,31,314,1
2010-09-24,31,418,1
2010-09-24,34,101,1
2010-09-24,34,618,1
2010-09-24,35,224,1
2010-09-24,38,528,1
2010-09-24,42,217,1
2010-09-24,42,774,1
2010-09-24,46,1676,1
2010-09-24,47,73,1
2010-09-24,51,226,1
2010-09-24,56,604,1
2010-09-24,84,207,1
2010-09-24,85,9962,1
2010-09-24,90,372,1
2010-09-24,113,416,1
2010-09-24,194,366,1
2010-09-26,1,4,1
2010-09-26,1,6,1
2010-09-26,1,24,1
2010-09-26,1,36,1
2010-09-26,1,50,1
2010-09-26,2,4,1
2010-09-26,2,80,1
2010-09-26,2,372,1
2010-09-26,3,34,1
2010-09-26,3,79,1
2010-09-26,4,110,1
2010-09-26,4,126,1
2010-09-26,5,13,1
2010-09-26,5,36,1
2010-09-26,5,44,1
2010-09-26,5,162,1
2010-09-26,6,9,1
2010-09-26,6,65,1
2010-09-26,6,486,1
2010-09-26,6,948,1
2010-09-26,7,13,1
2010-09-26,7,284,1
2010-09-26,8,59,1
2010-09-26,9,77,1
2010-09-26,9,93,1
2010-09-26,9,224,1
2010-09-26,10,67,1
2010-09-26,11,171,1
2010-09-26,12,79,1
2010-09-26,13,49,1
2010-09-26,13,115,1
2010-09-26,14,200,1
2010-09-26,15,70,1
2010-09-26,15,301,1
2010-09-26,15,352,1
2010-09-26,16,123,1
2010-09-26,16,178,1
2010-09-26,16,203,1
2010-09-26,16,239,1
2010-09-26,18,37,1
2010-09-26,20,162,1
2010-09-26,20,225,1
2010-09-26,21,105,1
2010-09-26,21,438,1
2010-09-26,22,190,1
2010-09-26,22,201,1
2010-09-26,22,366,1
2010-09-26,23,245,1
2010-09-26,23,301,1
2010-09-26,24,107,1
2010-09-26,25,93,1
2010-09-26,26,92,1
2010-09-26,31,350,1
2010-09-26,31,731,1
2010-09-26,32,348,1
2010-09-26,39,137,1
2010-09-26,39,413,1
2010-09-26,47,177,1
2010-09-26,47,227,1
2010-09-26,61,286,1
2010-09-26,66,162,1
2010-09-26,97,249,1
2010-09-26,109,1378,1
2010-09-26,125,455,1
2010-09-26,139,438,1
2010-09-27,1,10,1
2010-09-27,1,48,2
2010-09-27,1,50,1
2010-09-27,1,96,1
2010-09-27,1,150,1
2010-09-27,1,672,1
2010-09-27,2,5,1
2010-09-27,2,14,1
2010-09-27,2,36,1
2010-09-27,3,3,1
2010-09-27,3,13,1
2010-09-27,3,24,1
2010-09-27,3,36,1
2010-09-27,3,78,1
2010-09-27,3,400,1
2010-09-27,4,104,1
2010-09-27,4,270,1
2010-09-27,4,400,1
2010-09-27,6,74,1
2010-09-27,6,1176,1
2010-09-27,6,1440,1
2010-09-27,8,306,1
2010-09-27,8,516,1
2010-09-27,9,102,1
2010-09-27,9,114,1
2010-09-27,9,724,1
2010-09-27,10,80,1
2010-09-27,11,128,1
2010-09-27,12,43,1
2010-09-27,12,125,1
2010-09-27,12,380,1
2010-09-27,13,137,1
2010-09-27,14,137,1
2010-09-27,14,8820,1
2010-09-27,15,162,1
2010-09-27,15,249,1
2010-09-27,16,174,1
2010-09-27,17,161,1
2010-09-27,17,167,1
2010-09-27,17,470,1
2010-09-27,17,696,1
2010-09-27,18,145,1
2010-09-27,18,176,1
2010-09-27,18,294,1
2010-09-27,18,557,1
2010-09-27,19,134,1
2010-09-27,19,182,1
2010-09-27,19,372,1
2010-09-27,19,417,1
2010-09-27,20,171,1
2010-09-27,20,179,1
2010-09-27,20,421,1
2010-09-27,21,216,1
2010-09-27,21,470,1
2010-09-27,22,2020,2
2010-09-27,23,254,1
2010-09-27,24,259,1
2010-09-27,25,276,1
2010-09-27,26,144,1
2010-09-27,26,629,1
2010-09-27,27,159,1
2010-09-27,28,122,1
2010-09-27,29,89,1
2010-09-27,29,539,1
2010-09-27,30,198,1
2010-09-27,37,46,1
2010-09-27,37,107,1
2010-09-27,39,787,1
2010-09-27,40,354,1
2010-09-27,41,374,1
2010-09-27,42,637,1
2010-09-27,44,464,1
2010-09-27,45,87167,1
2010-09-27,51,677,1
2010-09-27,60,122,1
2010-09-27,66,275,1
2010-09-27,69,232,1
2010-09-27,71,1270,1
2010-09-27,89,1148,1
2010-09-27,102,728,1
2010-09-27,110,1731,1
2010-09-27,208,335,1
2010-09-27,224,426,1
2010-09-28,1,1,3
2010-09-28,1,2,3
2010-09-28,1,6,2
2010-09-28,1,8,1
2010-09-28,1,9,1
2010-09-28,1,12,1
2010-09-28,1,16,1
2010-09-28,1,120,1
2010-09-28,2,4,1
2010-09-28,2,12,1
2010-09-28,2,18,1
2010-09-28,2,102,1
2010-09-28,2,143,1
2010-09-28,3,3,1
2010-09-28,3,6,1
2010-09-28,3,80,2
2010-09-28,3,186,1
2010-09-28,3,407,1
2010-09-28,4,4,1
2010-09-28,4,20,1
2010-09-28,4,23,1
2010-09-28,4,24,1
2010-09-28,4,36,1
2010-09-28,4,39,1
2010-09-28,4,60,1
2010-09-28,4,96,1
2010-09-28,5,5,2
2010-09-28,5,8,1
2010-09-28,5,33,1
2010-09-28,7,10,1
2010-09-28,7,57,1
2010-09-28,7,171,1
2010-09-28,8,13,1
2010-09-28,8,264,1
2010-09-28,9,21,1
2010-09-28,9,84,1
2010-09-28,9,101,1
2010-09-28,9,102,1
2010-09-28,10,50,1
2010-09-28,10,53,1
2010-09-28,10,54,1
2010-09-28,10,109,1
2010-09-28,10,139,1
2010-09-28,11,95,1
2010-09-28,11,203,1
2010-09-28,11,892,1
2010-09-28,12,72,1
2010-09-28,13,60,1
2010-09-28,13,85,1
2010-09-28,13,127,1
2010-09-28,14,49,1
2010-09-28,14,132,1
2010-09-28,14,136,1
2010-09-28,15,120,1
2010-09-28,15,160,1
2010-09-28,15,203,1
2010-09-28,15,249,2
2010-09-28,16,121,1
2010-09-28,16,136,1
2010-09-28,16,210,1
2010-09-28,16,220,1
2010-09-28,17,235,1
2010-09-28,18,190,1
2010-09-28,18,197,1
2010-09-28,18,255,1
2010-09-28,18,390,1
2010-09-28,19,19,1
2010-09-28,19,218,1
2010-09-28,19,278,1
2010-09-28,20,22,1
2010-09-28,20,135,1
2010-09-28,20,186,1
2010-09-28,20,249,1
2010-09-28,20,276,1
2010-09-28,21,227,1
2010-09-28,21,318,1
2010-09-28,21,362,1
2010-09-28,22,146,1
2010-09-28,22,192,1
2010-09-28,23,32,1
2010-09-28,23,231,1
2010-09-28,24,47,1
2010-09-28,25,187,1
2010-09-28,25,271,1
2010-09-28,25,480,1
2010-09-28,26,56,1
2010-09-28,26,140,1
2010-09-28,26,166,1
2010-09-28,27,37,1
2010-09-28,27,75,1
2010-09-28,27,100,1
2010-09-28,27,378,1
2010-09-28,28,44,1
2010-09-28,28,333,1
2010-09-28,28,359,1
2010-09-28,30,39,1
2010-09-28,33,74,1
2010-09-28,33,274,1
2010-09-28,35,293,1
2010-09-28,35,304,1
2010-09-28,35,641,1
2010-09-28,36,342,1
2010-09-28,40,138,1
2010-09-28,40,490,1
2010-09-28,43,211,1
2010-09-28,43,590,1
2010-09-28,46,484,1
2010-09-28,53,354,1
2010-09-28,53,579,1
2010-09-28,57,241,1
2010-09-28,60,186,1
2010-09-28,62,184,1
2010-09-28,68,306,1
2010-09-28,74,830,1
2010-09-28,77,678,1
2010-09-28,80,304,1
2010-09-28,95,2189,1
2010-09-28,159,430,1
2010-09-28,188,378,1
2010-09-29,1,6,2
2010-09-29,1,12,2
2010-09-29,1,16,2
2010-09-29,1,36,2
2010-09-29,1,48,1
2010-09-29,1,85,1
2010-09-29,1,100,2
2010-09-29,1,120,1
2010-09-29,1,372,1
2010-09-29,2,24,1
2010-09-29,4,19,1
2010-09-29,4,52,1
2010-09-29,4,162,1
2010-09-29,4,248,1
2010-09-29,5,28,1
2010-09-29,5,120,2
2010-09-29,6,78,1
2010-09-29,6,118,1
2010-09-29,6,180,1
2010-09-29,7,33,1
2010-09-29,7,40,1
2010-09-29,7,91,1
2010-09-29,8,48,1
2010-09-29,8,62,1
2010-09-29,8,178,1
2010-09-29,8,234,1
2010-09-29,9,52,1
2010-09-29,9,88,1
2010-09-29,9,106,1
2010-09-29,9,132,1
2010-09-29,10,19,1
2010-09-29,10,93,1
2010-09-29,10,143,1
2010-09-29,10,178,1
2010-09-29,11,61,1
2010-09-29,11,82,1
2010-09-29,11,216,1
2010-09-29,12,15,1
2010-09-29,12,73,1
2010-09-29,12,82,1
2010-09-29,12,135,1
2010-09-29,12,193,1
2010-09-29,12,299,1
2010-09-29,13,42,1
2010-09-29,13,101,1
2010-09-29,13,113,1
2010-09-29,13,168,1
2010-09-29,13,173,1
2010-09-29,14,152,1
2010-09-29,14,173,1
2010-09-29,15,34,1
2010-09-29,15,248,1
2010-09-29,15,622,1
2010-09-29,16,234,1
2010-09-29,17,155,1
2010-09-29,18,178,1
2010-09-29,18,189,1
2010-09-29,18,196,1
2010-09-29,18,210,1
2010-09-29,19,192,1
2010-09-29,19,197,1
2010-09-29,20,72,1
2010-09-29,20,149,1
2010-09-29,20,229,1
2010-09-29,21,180,1
2010-09-29,22,293,1
2010-09-29,22,400,1
2010-09-29,24,251,1
2010-09-29,24,474,1
2010-09-29,25,163,1
2010-09-29,25,232,1
2010-09-29,26,192,1
2010-09-29,27,233,1
2010-09-29,28,149,1
2010-09-29,28,293,1
2010-09-29,30,391,1
2010-09-29,31,212,1
2010-09-29,31,247,1
2010-09-29,31,311,1
2010-09-29,38,78,1
2010-09-29,39,518,1
2010-09-29,39,699,1
2010-09-29,40,189,1
2010-09-29,44,167,1
2010-09-29,44,539,1
2010-09-29,45,153,1
2010-09-29,51,441,1
2010-09-29,52,251,1
2010-09-29,53,3492,1
2010-09-29,59,583,1
2010-09-29,135,1147,1
2010-09-29,186,301,1
2010-09-30,1,1,1
2010-09-30,1,2,2
2010-09-30,1,8,1
2010-09-30,1,20,1
2010-09-30,1,24,1
2010-09-30,1,27,1
2010-09-30,1,36,1
2010-09-30,1,48,2
2010-09-30,1,120,1
2010-09-30,1,144,1
2010-09-30,1,480,1
2010-09-30,2,9,1
2010-09-30,3,40,1
2010-09-30,3,110,1
2010-09-30,4,4,1
2010-09-30,4,6,1
2010-09-30,4,30,1
2010-09-30,4,592,1
2010-09-30,5,14,1
2010-09-30,5,80,1
2010-09-30,6,19,1
2010-09-30,6,98,1
2010-09-30,6,185,1
2010-09-30,7,14,1
2010-09-30,7,39,1
2010-09-30,7,92,1
2010-09-30,8,45,1
2010-09-30,8,85,1
2010-09-30,8,96,1
2010-09-30,8,223,1
2010-09-30,8,450,1
2010-09-30,11,180,1
2010-09-30,12,73,1
2010-09-30,12,173,1
2010-09-30,12,175,1
2010-09-30,12,181,1
2010-09-30,13,125,1
2010-09-30,13,285,1
2010-09-30,14,129,1
2010-09-30,14,153,1
2010-09-30,14,172,1
2010-09-30,15,86,1
2010-09-30,15,105,1
2010-09-30,15,212,1
2010-09-30,16,50,1
2010-09-30,16,165,1
2010-09-30,16,820,1
2010-09-30,18,48,1
2010-09-30,19,170,1
2010-09-30,19,212,1
2010-09-30,19,267,1
2010-09-30,20,193,1
2010-09-30,20,223,1
2010-09-30,20,378,1
2010-09-30,21,248,1
2010-09-30,22,57,1
2010-09-30,22,223,1
2010-09-30,22,772,1
2010-09-30,23,51,1
2010-09-30,24,208,1
2010-09-30,25,252,1
2010-09-30,25,447,1
2010-09-30,33,165,1
2010-09-30,33,2460,1
2010-09-30,34,374,1
2010-09-30,34,397,1
2010-09-30,34,408,1
2010-09-30,35,175,1
2010-09-30,35,444,1
2010-09-30,36,690,1
2010-09-30,37,173,1
2010-09-30,39,358,1
2010-09-30,41,83,1
2010-09-30,42,116,1
2010-09-30,42,369,1
2010-09-30,45,117,1
2010-09-30,47,641,1
2010-09-30,47,645,1
2010-09-30,54,888,1
2010-09-30,57,599,1
2010-09-30,65,646,1
2010-09-30,65,654,1
2010-09-30,73,187,1
2010-09-30,74,561,1
2010-09-30,75,852,1
2010-09-30,88,1163,1
2010-09-30,120,1384,1
2010-09-30,148,387,1
2010-10-01,1,6,1
2010-10-01,1,20,2
2010-10-01,1,24,1
2010-10-01,1,100,1
2010-10-01,1,144,1
2010-10-01,1,400,1
2010-10-01,2,2,1
2010-10-01,2,13,1
2010-10-01,2,16,1
2010-10-01,2,28,1
2010-10-01,2,48,1
2010-10-01,2,192,1
2010-10-01,3,28,1
2010-10-01,3,31,1
2010-10-01,3,60,1
2010-10-01,4,23,1
2010-10-01,4,24,1
2010-10-01,4,96,1
2010-10-01,6,32,1
2010-10-01,7,96,1
2010-10-01,8,42,1
2010-10-01,8,59,1
2010-10-01,9,123,1
2010-10-01,10,104,1
2010-10-01,11,100,1
2010-10-01,11,166,1
2010-10-01,12,96,1
2010-10-01,12,149,1
2010-10-01,12,3804,1
2010-10-01,13,70,1
2010-10-01,13,84,1
2010-10-01,13,90,1
2010-10-01,14,138,1
2010-10-01,14,474,1
2010-10-01,15,146,1
2010-10-01,15,199,1
2010-10-01,16,114,1
2010-10-01,16,266,1
2010-10-01,17,163,1
2010-10-01,18,214,1
2010-10-01,18,3006,1
2010-10-01,19,226,1
2010-10-01,20,149,1
2010-10-01,20,288,1
2010-10-01,22,200,1
2010-10-01,22,230,1
2010-10-01,24,39,1
2010-10-01,26,225,1
2010-10-01,26,283,1
2010-10-01,27,51,1
2010-10-01,27,358,1
2010-10-01,29,1884,1
2010-10-01,32,45,1
2010-10-01,34,315,1
2010-10-01,34,528,1
2010-10-01,35,1815,1
2010-10-01,37,94,1
2010-10-01,40,790,1
2010-10-01,41,441,1
2010-10-01,45,62,1
2010-10-01,48,498,1
2010-10-01,56,447,1
2010-10-01,57,436,1
2010-10-01,58,148,1
2010-10-01,60,216,1
2010-10-01,68,856,1
2010-10-01,73,160,1
2010-10-01,111,223,1
2010-10-01,115,232,1
2010-10-01,192,466,1
2010-10-03,1,1,2
2010-10-03,1,2,1
2010-10-03,1,6,1
2010-10-03,2,90,1
2010-10-03,3,48,2
2010-10-03,3,76,1
2010-10-03,6,63,1
2010-10-03,6,84,1
2010-10-03,6,108,1
2010-10-03,7,27,1
2010-10-03,7,48,1
2010-10-03,7,134,1
2010-10-03,9,72,1
2010-10-03,10,53,1
2010-10-03,10,63,1
2010-10-03,11,126,1
2010-10-03,12,19,1
2010-10-03,12,67,1
2010-10-03,13,140,1
2010-10-03,14,92,1
2010-10-03,14,102,1
2010-10-03,14,114,1
2010-10-03,14,918,1
2010-10-03,15,192,1
2010-10-03,15,430,1
2010-10-03,15,521,1
2010-10-03,16,170,1
2010-10-03,16,201,1
2010-10-03,17,170,1
2010-10-03,18,51,1
2010-10-03,19,31,1
2010-10-03,19,64,1
2010-10-03,20,30,1
2010-10-03,22,174,1
2010-10-03,22,220,1
2010-10-03,22,230,1
2010-10-03,23,114,1
2010-10-03,23,263,1
2010-10-03,24,299,1
2010-10-03,25,56,1
2010-10-03,25,542,1
2010-10-03,26,64,1
2010-10-03,26,271,1
2010-10-03,26,278,1
2010-10-03,29,246,1
2010-10-03,29,328,1
2010-10-03,30,502,1
2010-10-03,31,122,1
2010-10-03,31,228,1
2010-10-03,32,71,1
2010-10-03,32,326,1
2010-10-03,33,40,1
2010-10-03,35,60,1
2010-10-03,42,269,1
2010-10-03,43,1674,1
2010-10-03,44,124,1
2010-10-03,46,389,1
2010-10-03,47,76,1
2010-10-03,48,234,1
2010-10-03,48,1191,1
2010-10-03,49,108,1
2010-10-03,50,218,1
2010-10-03,51,234,1
2010-10-03,51,356,1
2010-10-03,58,103,1
2010-10-03,58,920,1
2010-10-03,59,229,1
2010-10-03,59,366,1
2010-10-03,75,160,1
2010-10-03,81,816,1
2010-10-03,92,211,1
2010-10-03,112,2595,1
2010-10-03,115,1074,1
2010-10-03,132,302,1
2010-10-04,1,1,1
2010-10-04,1,5,1
2010-10-04,1,48,1
2010-10-04,1,100,1
2010-10-04,1,288,1
2010-10-04,1,432,1
2010-10-04,2,2,1
2010-10-04,2,22,1
2010-10-04,3,8,1
2010-10-04,3,19,1
2010-10-04,3,24,1
2010-10-04,4,124,1
2010-10-04,5,100,1
2010-10-04,5,334,1
2010-10-04,6,132,1
2010-10-04,6,159,1
2010-10-04,6,936,1
2010-10-04,7,10,1
2010-10-04,7,160,1
2010-10-04,9,148,1
2010-10-04,11,76,1
2010-10-04,12,212,1
2010-10-04,12,432,1
2010-10-04,13,71,1
2010-10-04,13,210,1
2010-10-04,14,169,1
2010-10-04,14,214,1
2010-10-04,15,82,1
2010-10-04,15,114,1
2010-10-04,15,260,1
2010-10-04,15,282,1
2010-10-04,15,336,1
2010-10-04,15,568,1
2010-10-04,16,136,1
2010-10-04,17,101,1
2010-10-04,17,113,1
2010-10-04,17,169,1
2010-10-04,17,232,1
2010-10-04,18,321,1
2010-10-04,18,391,1
2010-10-04,19,159,1
2010-10-04,19,252,1
2010-10-04,19,269,1
2010-10-04,20,195,1
2010-10-04,21,124,1
2010-10-04,21,201,1
2010-10-04,22,190,1
2010-10-04,22,331,1
2010-10-04,22,533,1
2010-10-04,23,194,1
2010-10-04,23,366,1
2010-10-04,24,187,1
2010-10-04,25,255,1
2010-10-04,25,316,1
2010-10-04,25,556,1
2010-10-04,25,560,1
2010-10-04,26,238,1
2010-10-04,26,299,1
2010-10-04,26,304,1
2010-10-04,26,1572,1
2010-10-04,27,493,1
2010-10-04,28,368,1
2010-10-04,28,444,1
2010-10-04,30,322,1
2010-10-04,30,354,1
2010-10-04,31,68,1
2010-10-04,31,518,1
2010-10-04,32,177,1
2010-10-04,33,48,1
2010-10-04,33,490,1
2010-10-04,34,46,1
2010-10-04,35,474,1
2010-10-04,35,479,1
2010-10-04,35,488,1
2010-10-04,36,390,1
2010-10-04,46,76,1
2010-10-04,46,304,1
2010-10-04,47,233,1
2010-10-04,48,520,1
2010-10-04,49,472,1
2010-10-04,49,628,1
2010-10-04,52,669,1
2010-10-04,185,291,1
2010-10-04,248,566,1
2010-10-05,1,2,1
2010-10-05,1,3,3
2010-10-05,1,10,1
2010-10-05,1,18,1
2010-10-05,1,25,1
2010-10-05,1,36,1
2010-10-05,1,500,1
2010-10-05,2,3,1
2010-10-05,2,36,1
2010-10-05,2,59,1
2010-10-05,3,3,1
2010-10-05,3,188,1
2010-10-05,4,74,1
2010-10-05,4,532,1
2010-10-05,5,17,1
2010-10-05,5,64,1
2010-10-05,5,112,1
2010-10-05,5,168,1
2010-10-05,6,312,1
2010-10-05,6,460,1
2010-10-05,7,26,1
2010-10-05,7,60,1
2010-10-05,7,123,1
2010-10-05,7,244,1
2010-10-05,7,416,1
2010-10-05,7,612,1
2010-10-05,8,110,1
2010-10-05,8,122,1
2010-10-05,8,123,1
2010-10-05,9,83,1
2010-10-05,10,38,1
2010-10-05,10,62,1
2010-10-05,10,84,1
2010-10-05,10,87,1
2010-10-05,10,114,1
2010-10-05,10,276,1
2010-10-05,10,353,1
2010-10-05,10,1792,1
2010-10-05,11,107,1
2010-10-05,11,196,1
2010-10-05,12,66,1
2010-10-05,12,154,1
2010-10-05,12,246,1
2010-10-05,12,295,1
2010-10-05,13,89,1
2010-10-05,13,264,1
2010-10-05,13,282,1
2010-10-05,14,59,1
2010-10-05,14,93,1
2010-10-05,14,190,1
2010-10-05,14,560,1
2010-10-05,15,98,1
2010-10-05,15,168,1
2010-10-05,16,80,1
2010-10-05,16,115,1
2010-10-05,16,151,1
2010-10-05,16,188,1
2010-10-05,16,328,1
2010-10-05,16,611,1
2010-10-05,16,1082,1
2010-10-05,17,89,1
2010-10-05,17,168,1
2010-10-05,17,241,1
2010-10-05,17,271,1
2010-10-05,18,60,1
2010-10-05,18,177,1
2010-10-05,18,270,1
2010-10-05,18,298,1
2010-10-05,18,346,1
2010-10-05,18,980,1
2010-10-05,19,211,1
2010-10-05,20,119,1
2010-10-05,20,208,1
2010-10-05,20,277,1
2010-10-05,20,295,1
2010-10-05,20,504,1
2010-10-05,21,191,1
2010-10-05,21,240,1
2010-10-05,21,318,1
2010-10-05,21,602,1
2010-10-05,22,90,1
2010-10-05,22,134,1
2010-10-05,22,562,1
2010-10-05,23,209,1
2010-10-05,23,231,1
2010-10-05,24,226,1
2010-10-05,25,208,1
2010-10-05,27,241,1
2010-10-05,27,242,1
2010-10-05,27,640,1
2010-10-05,28,85,1
2010-10-05,28,584,1
2010-10-05,29,334,1
2010-10-05,30,352,1
2010-10-05,31,359,1
2010-10-05,32,699,1
2010-10-05,33,339,1
2010-10-05,36,552,1
2010-10-05,38,245,1
2010-10-05,40,975,1
2010-10-05,41,561,1
2010-10-05,42,595,1
2010-10-05,43,189,1
2010-10-05,43,213,1
2010-10-05,47,288,1
2010-10-05,50,246,1
2010-10-05,52,172,1
2010-10-05,57,203,1
2010-10-05,59,134,1
2010-10-05,65,268,1
2010-10-05,69,822,1
2010-10-05,101,3450,1
2010-10-05,109,651,1
2010-10-05,173,716,1
2010-10-05,217,408,1
2010-10-06,1,1,1
2010-10-06,1,4,1
2010-10-06,1,16,1
2010-10-06,1,24,1
2010-10-06,1,96,1
2010-10-06,1,480,1
2010-10-06,2,2,1
2010-10-06,2,15,1
2010-10-06,2,128,1
2010-10-06,3,36,1
2010-10-06,3,74,1
2010-10-06,3,148,1
2010-10-06,3,216,1
2010-10-06,4,34,1
2010-10-06,4,96,1
2010-10-06,5,60,1
2010-10-06,6,498,1
2010-10-06,6,600,1
2010-10-06,6,4560,1
2010-10-06,7,38,1
2010-10-06,7,98,1
2010-10-06,9,244,1
2010-10-06,10,40,1
2010-10-06,10,79,1
2010-10-06,11,20,1
2010-10-06,11,101,1
2010-10-06,11,534,1
2010-10-06,12,290,1
2010-10-06,12,317,1
2010-10-06,13,123,1
2010-10-06,13,1492,1
2010-10-06,17,80,1
2010-10-06,17,200,1
2010-10-06,18,43,1
2010-10-06,19,148,1
2010-10-06,20,74,1
2010-10-06,20,260,1
2010-10-06,21,136,1
2010-10-06,22,151,1
2010-10-06,23,249,1
2010-10-06,24,72,1
2010-10-06,25,110,1
2010-10-06,27,382,1
2010-10-06,28,410,1
2010-10-06,28,462,1
2010-10-06,29,164,1
2010-10-06,30,301,1
2010-10-06,35,358,1
2010-10-06,36,375,1
2010-10-06,38,1124,1
2010-10-06,39,154,1
2010-10-06,39,522,1
2010-10-06,39,757,1
2010-10-06,40,656,1
2010-10-06,44,302,1
2010-10-06,61,109,1
2010-10-06,61,646,1
2010-10-06,64,486,1
2010-10-06,68,1007,1
2010-10-06,78,927,1
2010-10-06,91,810,1
2010-10-07,1,1,1
2010-10-07,1,2,2
2010-10-07,1,5,1
2010-10-07,1,6,1
2010-10-07,1,12,2
2010-10-07,1,24,1
2010-10-07,1,41,1
2010-10-07,1,64,1
2010-10-07,1,96,1
2010-10-07,2,2,1
2010-10-07,2,6,1
2010-10-07,2,14,1
2010-10-07,2,60,1
2010-10-07,3,38,1
2010-10-07,3,48,1
2010-10-07,4,74,1
2010-10-07,4,192,1
2010-10-07,4,600,1
2010-10-07,5,12,1
2010-10-07,5,90,1
2010-10-07,5,456,1
2010-10-07,6,62,1
2010-10-07,6,88,1
2010-10-07,6,129,1
2010-10-07,7,38,1
2010-10-07,7,76,1
2010-10-07,7,120,1
2010-10-07,9,139,1
2010-10-07,9,198,1
2010-10-07,9,288,1
2010-10-07,10,10,1
2010-10-07,10,42,1
2010-10-07,10,59,1
2010-10-07,10,67,1
2010-10-07,10,85,1
2010-10-07,11,41,1
2010-10-07,11,139,1
2010-10-07,11,161,1
2010-10-07,12,141,1
2010-10-07,12,150,1
2010-10-07,12,154,1
2010-10-07,12,164,1
2010-10-07,14,114,1
2010-10-07,14,118,1
2010-10-07,14,1077,1
2010-10-07,15,97,1
2010-10-07,15,107,1
2010-10-07,16,140,1
2010-10-07,16,144,1
2010-10-07,16,207,1
2010-10-07,16,350,1
2010-10-07,16,1414,1
2010-10-07,17,150,1
2010-10-07,17,198,1
2010-10-07,18,222,1
2010-10-07,18,226,1
2010-10-07,18,240,1
2010-10-07,18,268,1
2010-10-07,20,62,1
2010-10-07,21,48,1
2010-10-07,21,84,1
2010-10-07,21,114,1
2010-10-07,22,247,1
2010-10-07,22,274,1
2010-10-07,23,48,1
2010-10-07,23,105,1
2010-10-07,23,228,1
2010-10-07,23,308,1
2010-10-07,24,58,1
2010-10-07,24,79,1
2010-10-07,24,2354,1
2010-10-07,25,251,1
2010-10-07,25,425,1
2010-10-07,27,79,1
2010-10-07,27,192,1
2010-10-07,31,330,1
2010-10-07,31,1100,1
2010-10-07,32,97,1
2010-10-07,33,65,1
2010-10-07,33,444,1
2010-10-07,33,470,1
2010-10-07,35,161,1
2010-10-07,35,738,1
2010-10-07,36,76,1
2010-10-07,38,83,1
2010-10-07,40,456,1
2010-10-07,41,409,1
2010-10-07,41,493,1
2010-10-07,42,351,1
2010-10-07,42,584,1
2010-10-07,43,398,1
2010-10-07,45,284,1
2010-10-07,46,90,1
2010-10-07,47,167,1
2010-10-07,50,464,1
2010-10-07,50,531,1
2010-10-07,51,290,1
2010-10-07,51,602,1
2010-10-07,58,484,1
2010-10-07,62,629,1
2010-10-07,63,411,1
2010-10-07,64,127,1
2010-10-07,64,265,1
2010-10-07,70,214,1
2010-10-07,75,236,1
2010-10-07,96,565,1
2010-10-07,98,202,1
2010-10-07,190,458,1
2010-10-07,190,1753,1
2010-10-07,197,340,1
2010-10-07,232,701,1
2010-10-07,262,815,1
2010-10-08,1,1,2
2010-10-08,1,2,2
2010-10-08,1,32,1
2010-10-08,2,2,1
2010-10-08,2,4,1
2010-10-08,2,24,1
2010-10-08,2,289,1
2010-10-08,2,7872,1
2010-10-08,3,29,1
2010-10-08,3,300,1
2010-10-08,3,312,1
2010-10-08,3,600,1
2010-10-08,4,40,1
2010-10-08,4,236,1
2010-10-08,5,6390,1
2010-10-08,6,240,1
2010-10-08,6,332,1
2010-10-08,7,7,1
2010-10-08,7,196,1
2010-10-08,7,228,1
2010-10-08,7,240,1
2010-10-08,8,12,1
2010-10-08,8,45,1
2010-10-08,8,104,1
2010-10-08,8,188,1
2010-10-08,8,310,1
2010-10-08,9,53,1
2010-10-08,9,156,1
2010-10-08,10,54,1
2010-10-08,11,114,1
2010-10-08,11,824,1
2010-10-08,12,193,1
2010-10-08,13,96,1
2010-10-08,13,149,1
2010-10-08,13,464,1
2010-10-08,15,138,1
2010-10-08,15,190,1
2010-10-08,16,162,1
2010-10-08,17,176,1
2010-10-08,17,325,1
2010-10-08,20,191,1
2010-10-08,20,4347,1
2010-10-08,21,307,1
2010-10-08,22,244,1
2010-10-08,24,221,1
2010-10-08,24,590,1
2010-10-08,25,32,1
2010-10-08,25,65,1
2010-10-08,25,194,1
2010-10-08,25,466,1
2010-10-08,26,218,1
2010-10-08,26,810,1
2010-10-08,27,44,1
2010-10-08,27,83,1
2010-10-08,27,241,1
2010-10-08,27,268,1
2010-10-08,27,287,1
2010-10-08,28,3430,1
2010-10-08,30,301,1
2010-10-08,30,491,1
2010-10-08,32,39,1
2010-10-08,37,449,1
2010-10-08,42,52,1
2010-10-08,44,536,1
2010-10-08,45,508,1
2010-10-08,47,244,1
2010-10-08,52,555,1
2010-10-08,61,345,1
2010-10-08,104,168,1
2010-10-08,126,1141,1
2010-10-08,140,224,1
2010-10-08,193,471,1
2010-10-08,240,2758,1
2010-10-10,1,1,1
2010-10-10,1,2,1
2010-10-10,1,4,1
2010-10-10,1,6,1
2010-10-10,1,8,1
2010-10-10,2,2,1
2010-10-10,2,4,1
2010-10-10,2,60,1
2010-10-10,3,5,1
2010-10-10,3,20,1
2010-10-10,4,120,1
2010-10-10,5,34,1
2010-10-10,5,46,1
2010-10-10,6,160,1
2010-10-10,7,86,1
2010-10-10,8,60,1
2010-10-10,12,87,1
2010-10-10,13,74,1
2010-10-10,13,101,1
2010-10-10,14,119,1
2010-10-10,14,168,1
2010-10-10,14,328,1
2010-10-10,15,134,1
2010-10-10,15,168,1
2010-10-10,16,90,1
2010-10-10,16,133,1
2010-10-10,16,142,1
2010-10-10,17,28,1
2010-10-10,17,66,1
2010-10-10,17,82,1
2010-10-10,17,192,1
2010-10-10,17,344,1
2010-10-10,18,102,1
2010-10-10,19,299,1
2010-10-10,19,476,1
2010-10-10,20,62,1
2010-10-10,22,359,1
2010-10-10,22,396,1
2010-10-10,23,51,1
2010-10-10,24,77,1
2010-10-10,24,94,1
2010-10-10,25,641,1
2010-10-10,26,485,1
2010-10-10,27,97,1
2010-10-10,29,214,1
2010-10-10,29,290,1
2010-10-10,30,274,1
2010-10-10,31,57,1
2010-10-10,31,253,1
2010-10-10,32,50,1
2010-10-10,32,454,1
2010-10-10,33,420,1
2010-10-10,33,552,1
2010-10-10,38,113,1
2010-10-10,39,95,1
2010-10-10,41,61,1
2010-10-10,42,148,1
2010-10-10,46,548,1
2010-10-10,49,94,1
2010-10-10,49,152,1
2010-10-10,51,394,1
2010-10-10,58,160,1
2010-10-10,58,252,1
2010-10-10,60,408,1
2010-10-10,79,344,1
2010-10-10,80,306,1
2010-10-10,91,369,1
2010-10-10,91,408,1
2010-10-11,1,4,1
2010-10-11,1,12,2
2010-10-11,1,108,1
2010-10-11,1,600,1
2010-10-11,1,648,1
2010-10-11,2,3,1
2010-10-11,2,5,1
2010-10-11,2,34,1
2010-10-11,2,48,1
2010-10-11,3,12,1
2010-10-11,3,228,1
2010-10-11,4,7,1
2010-10-11,4,52,1
2010-10-11,4,58,1
2010-10-11,4,184,1
2010-10-11,5,28,1
2010-10-11,5,140,1
2010-10-11,6,61,1
2010-10-11,6,96,1
2010-10-11,7,63,1
2010-10-11,8,47,1
2010-10-11,8,148,1
2010-10-11,10,163,1
2010-10-11,10,248,1
2010-10-11,10,2172,1
2010-10-11,11,279,1
2010-10-11,11,284,1
2010-10-11,12,133,1
2010-10-11,12,194,1
2010-10-11,13,97,1
2010-10-11,13,268,1
2010-10-11,15,104,1
2010-10-11,15,256,1
2010-10-11,16,95,1
2010-10-11,16,121,1
2010-10-11,16,156,1
2010-10-11,16,162,1
2010-10-11,17,60,1
2010-10-11,17,189,1
2010-10-11,17,257,1
2010-10-11,18,182,1
2010-10-11,18,254,1
2010-10-11,18,294,1
2010-10-11,18,314,1
2010-10-11,19,36,1
2010-10-11,19,93,1
2010-10-11,19,175,1
2010-10-11,19,364,1
2010-10-11,20,73,1
2010-10-11,20,175,1
2010-10-11,20,248,1
2010-10-11,21,81,1
2010-10-11,23,35,1
2010-10-11,23,84,1
2010-10-11,23,241,1
2010-10-11,25,32,1
2010-10-11,25,201,1
2010-10-11,25,217,1
2010-10-11,26,266,1
2010-10-11,26,329,1
2010-10-11,27,70,1
2010-10-11,28,350,1
2010-10-11,29,344,1
2010-10-11,30,333,1
2010-10-11,32,92,1
2010-10-11,33,648,1
2010-10-11,34,99,1
2010-10-11,34,185,1
2010-10-11,35,285,1
2010-10-11,36,836,1
2010-10-11,39,168,1
2010-10-11,40,572,1
2010-10-11,41,642,1
2010-10-11,42,106,1
2010-10-11,46,229,1
2010-10-11,48,76,1
2010-10-11,48,308,1
2010-10-11,52,3040,1
2010-10-11,55,774,1
2010-10-11,57,437,1
2010-10-11,59,302,1
2010-10-11,60,794,1
2010-10-11,63,620,1
2010-10-11,75,650,1
2010-10-11,83,256,1
2010-10-11,84,227,1
2010-10-11,85,210,1
2010-10-11,182,371,1
2010-10-11,211,389,1
2010-10-12,1,1,8
2010-10-12,1,6,1
2010-10-12,1,8,1
2010-10-12,1,12,1
2010-10-12,1,24,1
2010-10-12,1,96,1
2010-10-12,1,300,1
2010-10-12,1,312,1
2010-10-12,1,800,1
2010-10-12,2,3,1
2010-10-12,2,40,1
2010-10-12,3,36,1
2010-10-12,3,62,1
2010-10-12,3,265,1
2010-10-12,4,6,1
2010-10-12,4,16,1
2010-10-12,4,60,1
2010-10-12,4,67,1
2010-10-12,4,78,1
2010-10-12,4,310,1
2010-10-12,4,384,1
2010-10-12,5,194,1
2010-10-12,5,306,1
2010-10-12,5,976,1
2010-10-12,6,9,1
2010-10-12,6,40,1
2010-10-12,6,96,1
2010-10-12,7,29,1
2010-10-12,7,78,1
2010-10-12,7,157,1
2010-10-12,7,289,1
2010-10-12,8,92,1
2010-10-12,8,106,1
2010-10-12,8,174,1
2010-10-12,9,93,1
2010-10-12,9,129,1
2010-10-12,10,108,1
2010-10-12,10,179,1
2010-10-12,10,532,1
2010-10-12,11,48,1
2010-10-12,11,500,1
2010-10-12,11,596,1
2010-10-12,12,128,1
2010-10-12,12,200,1
2010-10-12,12,310,1
2010-10-12,12,3800,1
2010-10-12,14,144,1
2010-10-12,14,260,1
2010-10-12,15,79,1
2010-10-12,15,244,1
2010-10-12,16,171,1
2010-10-12,16,175,1
2010-10-12,17,32,1
2010-10-12,17,151,1
2010-10-12,17,175,1
2010-10-12,17,177,1
2010-10-12,17,287,1
2010-10-12,18,141,1
2010-10-12,19,149,1
2010-10-12,19,237,1
2010-10-12,19,333,1
2010-10-12,19,346,1
2010-10-12,19,862,1
2010-10-12,20,158,1
2010-10-12,20,167,1
2010-10-12,20,282,1
2010-10-12,20,333,1
2010-10-12,21,51,1
2010-10-12,21,266,1
2010-10-12,21,296,1
2010-10-12,21,572,1
2010-10-12,22,108,1
2010-10-12,22,224,1
2010-10-12,22,240,1
2010-10-12,22,260,1
2010-10-12,23,313,1
2010-10-12,24,181,1
2010-10-12,24,200,1
2010-10-12,26,85,1
2010-10-12,26,298,1
2010-10-12,27,296,1
2010-10-12,28,166,1
2010-10-12,28,322,1
2010-10-12,29,288,1
2010-10-12,29,403,1
2010-10-12,33,423,1
2010-10-12,34,527,1
2010-10-12,36,280,1
2010-10-12,37,646,1
2010-10-12,42,70,1
2010-10-12,48,243,1
2010-10-12,48,463,1
2010-10-12,51,125,1
2010-10-12,53,150,1
2010-10-12,57,198,1
2010-10-12,65,338,1
2010-10-12,67,344,1
2010-10-12,71,579,1
2010-10-12,84,1148,1
2010-10-12,88,703,1
2010-10-12,89,949,1
2010-10-12,206,358,1
2010-10-12,232,459,1
2010-10-13,1,36,1
2010-10-13,1,48,1
2010-10-13,1,96,1
2010-10-13,1,100,1
2010-10-13,3,9,1
2010-10-13,3,226,1
2010-10-13,3,288,1
2010-10-13,4,24,1
2010-10-13,4,54,1
2010-10-13,4,72,1
2010-10-13,4,196,1
2010-10-13,5,1104,1
2010-10-13,6,64,1
2010-10-13,6,85,1
2010-10-13,7,38,1
2010-10-13,8,33,1
2010-10-13,8,49,1
2010-10-13,9,75,1
2010-10-13,9,466,1
2010-10-13,10,64,1
2010-10-13,12,80,1
2010-10-13,12,127,1
2010-10-13,13,13,1
2010-10-13,13,64,1
2010-10-13,13,95,1
2010-10-13,13,139,1
2010-10-13,13,672,1
2010-10-13,14,133,1
2010-10-13,15,73,1
2010-10-13,15,780,1
2010-10-13,16,200,1
2010-10-13,16,1868,1
2010-10-13,17,139,1
2010-10-13,18,322,1
2010-10-13,19,24,1
2010-10-13,19,152,1
2010-10-13,19,240,1
2010-10-13,20,826,1
2010-10-13,21,70,1
2010-10-13,21,192,1
2010-10-13,22,239,1
2010-10-13,22,243,1
2010-10-13,22,267,1
2010-10-13,23,143,1
2010-10-13,24,47,1
2010-10-13,24,96,1
2010-10-13,24,105,1
2010-10-13,25,60,1
2010-10-13,25,195,1
2010-10-13,25,238,1
2010-10-13,25,283,1
2010-10-13,25,339,1
2010-10-13,26,967,1
2010-10-13,26,1144,1
2010-10-13,27,59,1
2010-10-13,28,33,1
2010-10-13,28,284,1
2010-10-13,28,315,1
2010-10-13,29,382,1
2010-10-13,30,117,1
2010-10-13,30,135,1
2010-10-13,31,187,1
2010-10-13,32,387,1
2010-10-13,33,427,1
2010-10-13,35,65,1
2010-10-13,35,171,1
2010-10-13,37,470,1
2010-10-13,37,1294,1
2010-10-13,39,556,1
2010-10-13,42,330,1
2010-10-13,44,91,1
2010-10-13,47,78,1
2010-10-13,47,863,1
2010-10-13,50,302,1
2010-10-13,50,830,1
2010-10-13,54,394,1
2010-10-13,57,271,1
2010-10-13,58,3868,1
2010-10-13,62,86,1
2010-10-13,63,988,1
2010-10-13,78,12954,1
2010-10-13,84,359,1
2010-10-13,189,355,1
2010-10-14,1,1,1
2010-10-14,1,2,2
2010-10-14,1,5,1
2010-10-14,1,6,1
2010-10-14,1,8,1
2010-10-14,1,10,1
2010-10-14,1,12,3
2010-10-14,1,36,1
2010-10-14,1,60,1
2010-10-14,1,240,1
2010-10-14,3,4,1
2010-10-14,3,104,1
2010-10-14,3,112,1
2010-10-14,4,14,1
2010-10-14,4,55,1
2010-10-14,4,2500,1
2010-10-14,5,17,1
2010-10-14,5,234,1
2010-10-14,5,280,1
2010-10-14,5,364,1
2010-10-14,5,374,1
2010-10-14,6,60,1
2010-10-14,7,68,1
2010-10-14,7,126,1
2010-10-14,7,300,1
2010-10-14,8,62,1
2010-10-14,8,65,1
2010-10-14,8,2232,1
2010-10-14,10,124,1
2010-10-14,11,94,1
2010-10-14,11,368,1
2010-10-14,11,394,1
2010-10-14,12,89,1
2010-10-14,12,116,1
2010-10-14,12,494,1
2010-10-14,13,99,1
2010-10-14,13,217,1
2010-10-14,14,90,1
2010-10-14,14,200,1
2010-10-14,15,93,1
2010-10-14,15,127,1
2010-10-14,15,634,1
2010-10-14,15,5079,1
2010-10-14,16,113,1
2010-10-14,16,173,1
2010-10-14,16,194,1
2010-10-14,17,42,1
2010-10-14,17,216,1
2010-10-14,17,1008,1
2010-10-14,19,157,2
2010-10-14,19,166,1
2010-10-14,19,206,1
2010-10-14,20,85,1
2010-10-14,21,227,1
2010-10-14,21,240,1
2010-10-14,21,360,1
2010-10-14,22,192,1
2010-10-14,22,210,1
2010-10-14,23,235,1
2010-10-14,23,351,1
2010-10-14,24,191,1
2010-10-14,24,237,1
2010-10-14,24,429,1
2010-10-14,25,331,1
2010-10-14,25,3199,1
2010-10-14,26,344,1
2010-10-14,26,701,1
2010-10-14,27,68,1
2010-10-14,27,95,1
2010-10-14,28,326,1
2010-10-14,28,386,2
2010-10-14,29,759,1
2010-10-14,29,996,1
2010-10-14,31,91,1
2010-10-14,31,348,1
2010-10-14,31,372,1
2010-10-14,31,409,1
2010-10-14,32,147,1
2010-10-14,34,107,1
2010-10-14,35,53,1
2010-10-14,36,331,1
2010-10-14,39,57,1
2010-10-14,45,293,1
2010-10-14,45,842,1
2010-10-14,47,132,1
2010-10-14,48,580,1
2010-10-14,60,163,1
2010-10-14,60,321,1
2010-10-14,67,317,1
2010-10-14,71,858,1
2010-10-14,74,793,1
2010-10-14,76,155,1
2010-10-14,89,2496,1
2010-10-15,1,3,1
2010-10-15,1,4,1
2010-10-15,1,5,1
2010-10-15,1,8,1
2010-10-15,1,9,1
2010-10-15,1,10,1
2010-10-15,1,12,1
2010-10-15,1,50,1
2010-10-15,1,64,1
2010-10-15,1,72,2
2010-10-15,1,80,1
2010-10-15,2,66,1
2010-10-15,2,108,1
2010-10-15,3,3,1
2010-10-15,3,4,1
2010-10-15,3,29,1
2010-10-15,3,96,1
2010-10-15,4,4,1
2010-10-15,4,10,1
2010-10-15,4,12,1
2010-10-15,4,13,1
2010-10-15,4,50,1
2010-10-15,4,96,1
2010-10-15,4,120,1
2010-10-15,4,444,1
2010-10-15,5,16,1
2010-10-15,5,52,1
2010-10-15,6,47,1
2010-10-15,6,50,1
2010-10-15,6,60,1
2010-10-15,6,124,1
2010-10-15,6,264,1
2010-10-15,6,424,1
2010-10-15,7,7,1
2010-10-15,7,88,1
2010-10-15,7,138,1
2010-10-15,8,54,1
2010-10-15,8,55,1
2010-10-15,8,68,1
2010-10-15,9,147,1
2010-10-15,10,131,1
2010-10-15,10,177,1
2010-10-15,10,345,1
2010-10-15,11,134,1
2010-10-15,11,162,1
2010-10-15,12,49,1
2010-10-15,12,135,1
2010-10-15,12,142,1
2010-10-15,12,145,1
2010-10-15,12,172,1
2010-10-15,13,186,1
2010-10-15,14,80,1
2010-10-15,14,143,1
2010-10-15,15,155,1
2010-10-15,15,208,1
2010-10-15,16,35,1
2010-10-15,16,188,1
2010-10-15,16,229,1
2010-10-15,16,312,1
2010-10-15,16,364,1
2010-10-15,16,369,1
2010-10-15,17,129,1
2010-10-15,18,45,1
2010-10-15,18,48,1
2010-10-15,18,111,1
2010-10-15,19,183,1
2010-10-15,19,256,1
2010-10-15,19,258,1
2010-10-15,20,28,1
2010-10-15,20,144,1
2010-10-15,21,24,1
2010-10-15,21,212,1
2010-10-15,22,210,1
2010-10-15,22,244,1
2010-10-15,24,27,1
2010-10-15,25,43,1
2010-10-15,25,253,1
2010-10-15,25,698,1
2010-10-15,26,210,1
2010-10-15,27,580,1
2010-10-15,29,53,1
2010-10-15,30,443,1
2010-10-15,31,167,1
2010-10-15,34,39,1
2010-10-15,34,377,1
2010-10-15,35,44,1
2010-10-15,35,506,1
2010-10-15,36,435,1
2010-10-15,37,52,1
2010-10-15,37,292,1
2010-10-15,38,799,1
2010-10-15,40,346,1
2010-10-15,41,334,1
2010-10-15,44,465,1
2010-10-15,44,549,1
2010-10-15,44,556,1
2010-10-15,46,310,1
2010-10-15,46,321,1
2010-10-15,47,141,1
2010-10-15,48,141,1
2010-10-15,55,379,1
2010-10-15,62,106,1
2010-10-15,62,258,1
2010-10-15,65,3082,1
2010-10-15,78,160,1
2010-10-15,127,976,1
2010-10-15,194,443,1
2010-10-17,1,3,1
2010-10-17,1,4,2
2010-10-17,1,10,1
2010-10-17,1,36,1
2010-10-17,1,200,1
2010-10-17,6,6,1
2010-10-17,7,37,1
2010-10-17,7,84,1
2010-10-17,7,96,1
2010-10-17,8,171,1
2010-10-17,9,88,1
2010-10-17,10,76,1
2010-10-17,10,90,1
2010-10-17,10,132,1
2010-10-17,12,138,1
2010-10-17,13,41,1
2010-10-17,14,126,1
2010-10-17,16,110,1
2010-10-17,16,111,1
2010-10-17,16,972,1
2010-10-17,18,245,1
2010-10-17,20,53,1
2010-10-17,20,115,1
2010-10-17,20,150,1
2010-10-17,21,437,1
2010-10-17,22,122,1
2010-10-17,23,75,1
2010-10-17,23,307,1
2010-10-17,24,57,1
2010-10-17,24,126,1
2010-10-17,25,160,1
2010-10-17,26,132,1
2010-10-17,26,191,1
2010-10-17,26,363,1
2010-10-17,27,95,1
2010-10-17,27,310,1
2010-10-17,29,357,1
2010-10-17,32,78,1
2010-10-17,33,328,1
2010-10-17,33,334,1
2010-10-17,33,1696,1
2010-10-17,34,74,1
2010-10-17,39,386,1
2010-10-17,40,161,1
2010-10-17,41,159,1
2010-10-17,43,115,1
2010-10-17,44,488,1
2010-10-17,45,245,1
2010-10-17,46,415,1
2010-10-17,48,243,1
2010-10-17,49,155,1
2010-10-17,50,1202,1
2010-10-17,55,228,1
2010-10-17,55,409,1
2010-10-17,57,387,1
2010-10-17,58,266,1
2010-10-17,60,152,1
2010-10-17,62,70,1
2010-10-17,63,636,1
2010-10-17,66,679,1
2010-10-17,72,258,1
2010-10-17,75,386,1
2010-10-17,81,160,1
2010-10-17,87,551,1
2010-10-17,88,257,1
2010-10-17,91,272,1
2010-10-17,99,268,1
2010-10-17,135,914,1
2010-10-17,156,480,1
2010-10-17,177,815,1
2010-10-18,1,1,3
2010-10-18,1,8,1
2010-10-18,1,10,1
2010-10-18,1,30,1
2010-10-18,1,96,1
2010-10-18,1,192,1
2010-10-18,2,2,1
2010-10-18,2,24,1
2010-10-18,2,36,1
2010-10-18,2,50,1
2010-10-18,2,60,1
2010-10-18,3,14,1
2010-10-18,3,30,1
2010-10-18,3,32,1
2010-10-18,3,52,1
2010-10-18,3,68,1
2010-10-18,4,7,1
2010-10-18,4,246,1
2010-10-18,4,800,1
2010-10-18,5,27,1
2010-10-18,5,52,1
2010-10-18,5,64,1
2010-10-18,5,72,1
2010-10-18,5,88,1
2010-10-18,5,100,1
2010-10-18,5,252,1
2010-10-18,5,266,1
2010-10-18,5,480,1
2010-10-18,6,64,1
2010-10-18,7,58,1
2010-10-18,7,1524,1
2010-10-18,8,296,1
2010-10-18,9,19,1
2010-10-18,9,89,1
2010-10-18,9,135,1
2010-10-18,10,87,1
2010-10-18,10,201,1
2010-10-18,11,73,1
2010-10-18,11,96,1
2010-10-18,11,157,1
2010-10-18,12,40,1
2010-10-18,12,75,1
2010-10-18,12,107,1
2010-10-18,12,223,1
2010-10-18,13,27,1
2010-10-18,13,96,1
2010-10-18,13,135,1
2010-10-18,14,41,1
2010-10-18,14,106,1
2010-10-18,14,276,1
2010-10-18,15,96,1
2010-10-18,15,102,1
2010-10-18,16,75,1
2010-10-18,16,120,1
2010-10-18,16,153,1
2010-10-18,16,184,1
2010-10-18,16,674,1
2010-10-18,17,105,1
2010-10-18,17,129,1
2010-10-18,17,164,1
2010-10-18,17,165,1
2010-10-18,17,242,1
2010-10-18,18,134,1
2010-10-18,18,249,1
2010-10-18,19,171,1
2010-10-18,20,76,1
2010-10-18,20,172,1
2010-10-18,21,67,1
2010-10-18,21,138,1
2010-10-18,22,279,1
2010-10-18,23,43,1
2010-10-18,24,92,1
2010-10-18,25,138,1
2010-10-18,25,242,1
2010-10-18,27,160,1
2010-10-18,30,284,1
2010-10-18,31,154,1
2010-10-18,34,443,1
2010-10-18,35,179,1
2010-10-18,38,271,1
2010-10-18,40,217,1
2010-10-18,40,369,1
2010-10-18,41,99,1
2010-10-18,44,243,1
2010-10-18,45,104,1
2010-10-18,46,132,1
2010-10-18,48,181,1
2010-10-18,50,198,1
2010-10-18,50,210,1
2010-10-18,55,491,1
2010-10-18,66,538,1
2010-10-18,69,194,1
2010-10-18,72,119,1
2010-10-18,80,203,1
2010-10-18,84,262,1
2010-10-18,90,1015,1
2010-10-18,93,759,1
2010-10-18,110,641,1
2010-10-18,150,282,1
2010-10-18,184,340,1
2010-10-18,299,579,1
2010-10-19,1,6,1
2010-10-19,1,24,2
2010-10-19,2,4,1
2010-10-19,2,120,1
2010-10-19,3,41,1
2010-10-19,4,4,1
2010-10-19,4,10,1
2010-10-19,4,32,1
2010-10-19,4,112,1
2010-10-19,5,39,1
2010-10-19,6,8,1
2010-10-19,6,35,1
2010-10-19,7,45,1
2010-10-19,7,48,1
2010-10-19,7,200,1
2010-10-19,8,37,1
2010-10-19,8,115,1
2010-10-19,8,2232,1
2010-10-19,9,66,1
2010-10-19,9,80,1
2010-10-19,9,104,1
2010-10-19,9,280,1
2010-10-19,9,324,1
2010-10-19,10,160,1
2010-10-19,10,334,1
2010-10-19,10,776,1
2010-10-19,11,67,1
2010-10-19,12,80,1
2010-10-19,13,189,1
2010-10-19,13,203,1
2010-10-19,14,184,1
2010-10-19,15,94,1
2010-10-19,15,133,1
2010-10-19,17,204,1
2010-10-19,18,148,1
2010-10-19,18,201,1
2010-10-19,18,303,1
2010-10-19,19,38,1
2010-10-19,19,49,1
2010-10-19,19,100,1
2010-10-19,19,173,1
2010-10-19,19,193,1
2010-10-19,22,105,1
2010-10-19,22,449,1
2010-10-19,23,230,1
2010-10-19,24,214,1
2010-10-19,25,99,1
2010-10-19,25,104,1
2010-10-19,26,129,1
2010-10-19,26,269,1
2010-10-19,27,308,1
2010-10-19,28,63,1
2010-10-19,28,248,1
2010-10-19,31,218,1
2010-10-19,32,105,1
2010-10-19,35,403,1
2010-10-19,38,214,1
2010-10-19,38,263,1
2010-10-19,39,111,1
2010-10-19,39,8042,1
2010-10-19,40,358,1
2010-10-19,42,323,1
2010-10-19,42,1068,1
2010-10-19,46,443,1
2010-10-19,50,412,1
2010-10-19,51,807,1
2010-10-19,55,576,1
2010-10-19,63,293,1
2010-10-19,65,351,1
2010-10-19,99,554,1
2010-10-19,116,1326,1
2010-10-19,159,641,1
2010-10-19,227,436,1
2010-10-19,242,463,1
2010-10-20,1,1,5
2010-10-20,1,2,1
2010-10-20,1,8,1
2010-10-20,1,48,1
2010-10-20,1,60,1
2010-10-20,1,400,1
2010-10-20,1,500,1
2010-10-20,1,600,1
2010-10-20,2,20,1
2010-10-20,2,36,1
2010-10-20,2,125,1
2010-10-20,2,292,1
2010-10-20,3,22,1
2010-10-20,3,48,1
2010-10-20,3,110,1
2010-10-20,3,144,1
2010-10-20,4,84,1
2010-10-20,4,92,1
2010-10-20,4,264,1
2010-10-20,5,29,1
2010-10-20,5,78,1
2010-10-20,5,184,1
2010-10-20,5,216,1
2010-10-20,5,440,1
2010-10-20,6,40,1
2010-10-20,6,182,1
2010-10-20,6,410,1
2010-10-20,6,834,1
2010-10-20,7,96,1
2010-10-20,7,174,1
2010-10-20,8,82,1
2010-10-20,8,86,1
2010-10-20,8,190,1
2010-10-20,9,134,1
2010-10-20,9,162,1
2010-10-20,9,604,1
2010-10-20,11,60,1
2010-10-20,11,72,1
2010-10-20,11,124,1
2010-10-20,12,76,2
2010-10-20,12,103,1
2010-10-20,13,135,1
2010-10-20,13,138,1
2010-10-20,13,235,1
2010-10-20,13,249,1
2010-10-20,14,130,1
2010-10-20,14,134,1
2010-10-20,14,252,1
2010-10-20,15,138,1
2010-10-20,15,236,1
2010-10-20,15,936,1
2010-10-20,16,128,1
2010-10-20,16,217,1
2010-10-20,16,269,1
2010-10-20,16,276,1
2010-10-20,17,45,1
2010-10-20,17,233,1
2010-10-20,18,38,1
2010-10-20,18,172,1
2010-10-20,18,197,1
2010-10-20,19,112,1
2010-10-20,20,75,1
2010-10-20,20,225,1
2010-10-20,20,234,1
2010-10-20,20,296,1
2010-10-20,21,33,1
2010-10-20,22,234,1
2010-10-20,24,65,1
2010-10-20,24,399,1
2010-10-20,24,735,1
2010-10-20,25,1119,1
2010-10-20,26,169,1
2010-10-20,27,56,1
2010-10-20,27,140,1
2010-10-20,27,301,1
2010-10-20,27,601,1
2010-10-20,28,360,1
2010-10-20,29,66,1
2010-10-20,29,67,1
2010-10-20,31,188,1
2010-10-20,31,349,1
2010-10-20,33,313,1
2010-10-20,36,118,1
2010-10-20,38,116,1
2010-10-20,40,400,1
2010-10-20,41,507,1
2010-10-20,45,548,1
2010-10-20,47,87,1
2010-10-20,48,457,1
2010-10-20,49,66,1
2010-10-20,49,158,1
2010-10-20,61,188,1
2010-10-20,61,656,1
2010-10-20,65,122,1
2010-10-20,69,172,1
2010-10-20,70,179,1
2010-10-20,72,370,1
2010-10-20,74,145,1
2010-10-20,88,958,1
2010-10-20,100,565,1
2010-10-20,114,355,1
2010-10-20,221,447,1
2010-10-21,1,2,1
2010-10-21,1,3,1
2010-10-21,1,5,1
2010-10-21,1,6,2
2010-10-21,1,12,3
2010-10-21,1,96,1
2010-10-21,1,192,1
2010-10-21,2,2,1
2010-10-21,2,4,1
2010-10-21,2,6,1
2010-10-21,2,7,1
2010-10-21,2,48,1
2010-10-21,2,216,1
2010-10-21,3,24,1
2010-10-21,3,228,2
2010-10-21,4,4,1
2010-10-21,4,54,1
2010-10-21,5,23,1
2010-10-21,5,25,1
2010-10-21,5,36,1
2010-10-21,5,245,1
2010-10-21,6,21,1
2010-10-21,6,40,1
2010-10-21,6,54,1
2010-10-21,7,74,1
2010-10-21,8,290,1
2010-10-21,9,74,1
2010-10-21,9,121,1
2010-10-21,9,132,1
2010-10-21,10,20,1
2010-10-21,10,122,1
2010-10-21,11,91,1
2010-10-21,11,114,1
2010-10-21,11,125,1
2010-10-21,11,169,1
2010-10-21,11,189,1
2010-10-21,12,245,1
2010-10-21,12,432,1
2010-10-21,13,34,1
2010-10-21,13,102,1
2010-10-21,13,164,1
2010-10-21,13,324,1
2010-10-21,14,76,1
2010-10-21,14,207,1
2010-10-21,14,247,1
2010-10-21,15,143,1
2010-10-21,15,146,1
2010-10-21,16,71,1
2010-10-21,16,81,1
2010-10-21,16,173,1
2010-10-21,17,105,1
2010-10-21,17,173,1
2010-10-21,17,275,1
2010-10-21,18,118,1
2010-10-21,18,349,1
2010-10-21,19,173,1
2010-10-21,19,184,1
2010-10-21,19,208,1
2010-10-21,20,64,1
2010-10-21,23,89,1
2010-10-21,25,239,1
2010-10-21,25,241,1
2010-10-21,26,221,1
2010-10-21,28,66,1
2010-10-21,28,311,1
2010-10-21,29,312,1
2010-10-21,29,579,1
2010-10-21,30,212,1
2010-10-21,31,74,1
2010-10-21,31,246,1
2010-10-21,31,253,1
2010-10-21,32,241,1
2010-10-21,32,273,1
2010-10-21,33,269,1
2010-10-21,34,40,1
2010-10-21,35,114,1
2010-10-21,37,114,1
2010-10-21,39,966,1
2010-10-21,41,249,1
2010-10-21,41,260,1
2010-10-21,43,570,1
2010-10-21,45,88,1
2010-10-21,52,83,1
2010-10-21,59,386,1
2010-10-21,62,772,1
2010-10-21,71,150,1
2010-10-21,72,252,1
2010-10-21,97,1865,1
2010-10-21,111,353,1
2010-10-21,121,516,1
2010-10-21,182,321,1
2010-10-22,1,1,2
2010-10-22,1,3,1
2010-10-22,1,12,1
2010-10-22,1,30,1
2010-10-22,1,36,2
2010-10-22,2,5,1
2010-10-22,2,48,1
2010-10-22,3,28,1
2010-10-22,3,60,1
2010-10-22,3,1674,1
2010-10-22,4,58,1
2010-10-22,4,68,1
2010-10-22,4,384,1
2010-10-22,4,450,1
2010-10-22,5,12,1
2010-10-22,5,35,1
2010-10-22,5,76,1
2010-10-22,5,264,1
2010-10-22,6,31,1
2010-10-22,6,88,1
2010-10-22,7,59,1
2010-10-22,7,360,1
2010-10-22,7,5952,1
2010-10-22,8,75,1
2010-10-22,8,85,1
2010-10-22,8,102,1
2010-10-22,9,83,1
2010-10-22,9,264,1
2010-10-22,10,13,1
2010-10-22,10,52,1
2010-10-22,10,151,1
2010-10-22,11,50,1
2010-10-22,11,156,1
2010-10-22,12,112,1
2010-10-22,12,151,1
2010-10-22,12,199,1
2010-10-22,13,101,1
2010-10-22,13,155,1
2010-10-22,13,234,1
2010-10-22,14,68,1
2010-10-22,15,142,1
2010-10-22,15,213,1
2010-10-22,17,53,1
2010-10-22,17,97,1
2010-10-22,17,108,1
2010-10-22,17,124,1
2010-10-22,17,144,1
2010-10-22,17,336,1
2010-10-22,18,261,1
2010-10-22,19,205,1
2010-10-22,20,27,1
2010-10-22,20,104,1
2010-10-22,21,311,1
2010-10-22,22,47,1
2010-10-22,22,136,1
2010-10-22,22,280,1
2010-10-22,23,30,1
2010-10-22,23,248,1
2010-10-22,24,158,1
2010-10-22,25,284,1
2010-10-22,25,836,1
2010-10-22,26,199,1
2010-10-22,28,41,1
2010-10-22,28,104,1
2010-10-22,28,332,1
2010-10-22,29,263,1
2010-10-22,30,84,1
2010-10-22,30,409,1
2010-10-22,31,40,1
2010-10-22,31,162,1
2010-10-22,34,42,1
2010-10-22,40,501,1
2010-10-22,41,54,1
2010-10-22,48,582,1
2010-10-22,49,291,1
2010-10-22,55,207,1
2010-10-22,55,248,1
2010-10-22,58,693,1
2010-10-22,65,272,1
2010-10-22,71,274,1
2010-10-22,75,476,1
2010-10-22,99,258,1
2010-10-22,103,317,1
2010-10-22,142,1005,1
2010-10-22,219,333,1
2010-10-24,1,1,1
2010-10-24,1,40,1
2010-10-24,2,168,1
2010-10-24,3,3,1
2010-10-24,4,80,1
2010-10-24,4,92,1
2010-10-24,5,13,1
2010-10-24,6,23,1
2010-10-24,6,34,1
2010-10-24,6,108,1
2010-10-24,6,364,1
2010-10-24,7,53,1
2010-10-24,7,108,1
2010-10-24,8,67,1
2010-10-24,8,88,1
2010-10-24,9,49,1
2010-10-24,9,88,1
2010-10-24,9,196,1
2010-10-24,10,66,1
2010-10-24,10,99,1
2010-10-24,11,180,1
2010-10-24,11,222,1
2010-10-24,13,19,1
2010-10-24,13,173,1
2010-10-24,13,303,1
2010-10-24,14,282,1
2010-10-24,15,101,1
2010-10-24,15,195,1
2010-10-24,15,448,1
2010-10-24,16,80,1
2010-10-24,16,119,1
2010-10-24,17,122,1
2010-10-24,18,193,1
2010-10-24,18,204,1
2010-10-24,19,115,1
2010-10-24,20,35,1
2010-10-24,20,72,1
2010-10-24,20,158,1
2010-10-24,21,101,1
2010-10-24,21,200,1
2010-10-24,22,52,1
2010-10-24,22,88,1
2010-10-24,23,81,1
2010-10-24,23,426,1
2010-10-24,24,93,1
2010-10-24,24,179,1
2010-10-24,25,90,1
2010-10-24,27,125,1
2010-10-24,27,163,1
2010-10-24,27,175,1
2010-10-24,28,117,1
2010-10-24,28,307,1
2010-10-24,31,357,1
2010-10-24,32,432,1
2010-10-24,33,170,1
2010-10-24,34,58,1
2010-10-24,34,411,1
2010-10-24,36,259,1
2010-10-24,36,308,1
2010-10-24,37,169,1
2010-10-24,38,100,1
2010-10-24,39,186,1
2010-10-24,40,111,1
2010-10-24,41,485,1
2010-10-24,42,48,1
2010-10-24,42,326,1
2010-10-24,44,136,1
2010-10-24,44,166,1
2010-10-24,46,120,1
2010-10-24,46,888,1
2010-10-24,49,115,1
2010-10-24,53,117,1
2010-10-24,53,148,1
2010-10-24,57,264,1
2010-10-24,61,74,1
2010-10-24,64,92,1
2010-10-24,64,153,1
2010-10-24,66,85,1
2010-10-24,68,497,1
2010-10-24,84,1431,1
2010-10-24,103,316,1
2010-10-24,104,320,1
2010-10-24,113,287,1
2010-10-25,1,1,1
2010-10-25,1,12,1
2010-10-25,1,30,1
2010-10-25,1,36,1
2010-10-25,2,2,1
2010-10-25,3,3,1
2010-10-25,3,20,1
2010-10-25,3,242,1
2010-10-25,4,5,1
2010-10-25,4,8,1
2010-10-25,5,35,1
2010-10-25,5,66,1
2010-10-25,6,152,1
2010-10-25,8,123,1
2010-10-25,8,294,1
2010-10-25,10,69,1
2010-10-25,10,168,1
2010-10-25,11,63,1
2010-10-25,11,138,1
2010-10-25,11,202,1
2010-10-25,11,293,1
2010-10-25,13,79,1
2010-10-25,13,161,1
2010-10-25,14,71,1
2010-10-25,15,97,1
2010-10-25,15,139,1
2010-10-25,15,286,1
2010-10-25,16,72,1
2010-10-25,16,152,1
2010-10-25,16,203,1
2010-10-25,16,362,1
2010-10-25,17,163,1
2010-10-25,17,177,1
2010-10-25,17,260,1
2010-10-25,18,70,1
2010-10-25,18,146,1
2010-10-25,19,160,1
2010-10-25,19,273,1
2010-10-25,20,71,1
2010-10-25,20,143,1
2010-10-25,20,179,1
2010-10-25,20,192,1
2010-10-25,21,85,1
2010-10-25,21,112,1
2010-10-25,21,210,1
2010-10-25,23,237,1
2010-10-25,24,36,1
2010-10-25,24,65,1
2010-10-25,24,257,1
2010-10-25,25,160,1
2010-10-25,25,303,1
2010-10-25,25,439,1
2010-10-25,27,313,1
2010-10-25,28,94,1
2010-10-25,28,96,1
2010-10-25,28,301,1
2010-10-25,28,417,1
2010-10-25,30,1067,1
2010-10-25,37,375,1
2010-10-25,39,145,1
2010-10-25,41,101,1
2010-10-25,44,550,1
2010-10-25,47,257,1
2010-10-25,50,567,1
2010-10-25,54,1426,1
2010-10-25,55,99,1
2010-10-25,58,126,1
2010-10-25,66,73,1
2010-10-25,71,222,1
2010-10-25,112,224,1
2010-10-25,131,369,1
2010-10-25,200,365,1
2010-10-26,1,1,2
2010-10-26,1,2,1
2010-10-26,1,10,2
2010-10-26,1,12,1
2010-10-26,1,24,1
2010-10-26,1,60,1
2010-10-26,1,72,2
2010-10-26,1,100,1
2010-10-26,1,400,1
2010-10-26,2,2,2
2010-10-26,2,4,1
2010-10-26,2,11,1
2010-10-26,2,20,3
2010-10-26,2,60,1
2010-10-26,2,96,1
2010-10-26,3,3,1
2010-10-26,3,58,1
2010-10-26,3,156,1
2010-10-26,3,216,1
2010-10-26,4,108,1
2010-10-26,4,504,1
2010-10-26,4,1088,1
2010-10-26,4,1200,1
2010-10-26,5,31,1
2010-10-26,5,86,1
2010-10-26,5,263,1
2010-10-26,6,58,1
2010-10-26,6,92,1
2010-10-26,7,70,1
2010-10-26,7,458,1
2010-10-26,8,92,1
2010-10-26,8,99,1
2010-10-26,8,109,1
2010-10-26,9,56,1
2010-10-26,9,63,1
2010-10-26,9,127,1
2010-10-26,9,330,1
2010-10-26,9,382,1
2010-10-26,10,11,1
2010-10-26,10,101,1
2010-10-26,11,47,1
2010-10-26,11,152,1
2010-10-26,11,592,1
2010-10-26,13,121,1
2010-10-26,13,131,1
2010-10-26,13,242,1
2010-10-26,14,221,1
2010-10-26,14,276,1
2010-10-26,14,299,1
2010-10-26,14,646,1
2010-10-26,15,158,1
2010-10-26,15,344,1
2010-10-26,16,242,1
2010-10-26,16,270,1
2010-10-26,17,166,1
2010-10-26,17,286,1
2010-10-26,18,171,1
2010-10-26,18,175,1
2010-10-26,18,213,1
2010-10-26,19,70,1
2010-10-26,19,137,1
2010-10-26,19,142,1
2010-10-26,19,199,1
2010-10-26,19,296,1
2010-10-26,21,192,1
2010-10-26,21,231,1
2010-10-26,21,240,1
2010-10-26,22,138,1
2010-10-26,24,234,1
2010-10-26,27,193,1
2010-10-26,27,464,1
2010-10-26,29,61,1
2010-10-26,29,334,1
2010-10-26,30,142,1
2010-10-26,31,241,1
2010-10-26,32,115,1
2010-10-26,32,140,1
2010-10-26,33,739,1
2010-10-26,33,804,1
2010-10-26,34,350,1
2010-10-26,35,313,1
2010-10-26,35,847,1
2010-10-26,37,99,1
2010-10-26,37,1035,1
2010-10-26,39,810,1
2010-10-26,42,436,1
2010-10-26,45,509,1
2010-10-26,50,671,1
2010-10-26,58,330,1
2010-10-26,61,185,1
2010-10-26,69,587,1
2010-10-26,80,1077,1
2010-10-26,94,305,1
2010-10-26,145,354,1
2010-10-26,202,534,1
2010-10-26,220,561,1
2010-10-26,229,384,1
2010-10-27,1,16,1
2010-10-27,1,20,1
2010-10-27,1,54,1
2010-10-27,1,72,1
2010-10-27,1,1200,1
2010-10-27,2,8,1
2010-10-27,4,13,1
2010-10-27,5,50,1
2010-10-27,5,54,1
2010-10-27,5,76,1
2010-10-27,5,78,1
2010-10-27,5,84,1
2010-10-27,6,94,1
2010-10-27,6,102,1
2010-10-27,7,45,1
2010-10-27,7,56,1
2010-10-27,7,298,1
2010-10-27,8,48,1
2010-10-27,10,24,1
2010-10-27,10,128,1
2010-10-27,10,289,1
2010-10-27,11,158,1
2010-10-27,12,112,1
2010-10-27,12,122,1
2010-10-27,13,25,1
2010-10-27,13,47,1
2010-10-27,14,138,1
2010-10-27,14,174,1
2010-10-27,14,219,1
2010-10-27,14,280,1
2010-10-27,15,31,1
2010-10-27,15,81,1
2010-10-27,15,197,1
2010-10-27,16,408,1
2010-10-27,17,25,1
2010-10-27,17,108,1
2010-10-27,17,137,1
2010-10-27,17,178,1
2010-10-27,18,154,1
2010-10-27,20,46,1
2010-10-27,20,192,1
2010-10-27,21,135,1
2010-10-27,22,101,1
2010-10-27,22,129,1
2010-10-27,22,156,1
2010-10-27,22,583,1
2010-10-27,22,638,1
2010-10-27,23,368,1
2010-10-27,24,291,1
2010-10-27,28,640,1
2010-10-27,29,127,1
2010-10-27,29,175,1
2010-10-27,34,151,1
2010-10-27,35,332,1
2010-10-27,36,131,1
2010-10-27,37,407,1
2010-10-27,38,62,1
2010-10-27,41,318,1
2010-10-27,42,374,1
2010-10-27,42,446,1
2010-10-27,45,243,1
2010-10-27,46,81,1
2010-10-27,52,219,1
2010-10-27,53,269,1
2010-10-27,61,1567,1
2010-10-27,68,101,1
2010-10-27,80,400,1
2010-10-27,89,1138,1
2010-10-27,99,389,1
2010-10-27,245,608,1
2010-10-28,2,4,1
2010-10-28,2,20,1
2010-10-28,2,30,1
2010-10-28,4,8,1
2010-10-28,4,15,1
2010-10-28,4,72,1
2010-10-28,4,143,1
2010-10-28,5,156,1
2010-10-28,5,194,1
2010-10-28,6,120,1
2010-10-28,7,56,1
2010-10-28,7,402,1
2010-10-28,8,88,1
2010-10-28,8,181,1
2010-10-28,8,728,1
2010-10-28,9,354,1
2010-10-28,9,2760,1
2010-10-28,10,36,1
2010-10-28,11,85,1
2010-10-28,11,87,1
2010-10-28,11,118,1
2010-10-28,12,43,1
2010-10-28,13,55,1
2010-10-28,13,114,1
2010-10-28,14,60,1
2010-10-28,14,84,1
2010-10-28,16,145,1
2010-10-28,17,162,1
2010-10-28,17,163,1
2010-10-28,17,230,1
2010-10-28,18,124,1
2010-10-28,18,176,1
2010-10-28,19,177,1
2010-10-28,20,138,1
2010-10-28,20,161,1
2010-10-28,21,155,1
2010-10-28,21,260,1
2010-10-28,22,29,1
2010-10-28,22,124,1
2010-10-28,23,149,1
2010-10-28,23,190,1
2010-10-28,23,208,1
2010-10-28,27,33,1
2010-10-28,29,50,1
2010-10-28,29,121,1
2010-10-28,31,413,1
2010-10-28,35,50,1
2010-10-28,36,257,1
2010-10-28,39,84,1
2010-10-28,39,227,1
2010-10-28,41,299,1
2010-10-28,43,163,1
2010-10-28,43,218,1
2010-10-28,45,80,1
2010-10-28,46,444,1
2010-10-28,47,496,1
2010-10-28,54,518,1
2010-10-28,61,87,1
2010-10-28,65,965,1
2010-10-28,97,763,1
2010-10-28,238,486,1
2010-10-29,1,1,1
2010-10-29,1,2,2
2010-10-29,1,12,1
2010-10-29,1,23,1
2010-10-29,1,60,2
2010-10-29,1,120,1
2010-10-29,1,360,1
2010-10-29,1,888,1
2010-10-29,1,1000,1
2010-10-29,1,1512,1
2010-10-29,1,3000,1
2010-10-29,2,2,1
2010-10-29,2,18,1
2010-10-29,2,22,1
2010-10-29,2,42,1
2010-10-29,2,78,1
2010-10-29,2,156,1
2010-10-29,3,40,1
2010-10-29,3,92,1
2010-10-29,3,120,1
2010-10-29,4,11,1
2010-10-29,4,33,1
2010-10-29,4,54,1
2010-10-29,5,8,1
2010-10-29,5,31,1
2010-10-29,5,45,1
2010-10-29,5,200,1
2010-10-29,6,13,1
2010-10-29,6,80,1
2010-10-29,6,162,1
2010-10-29,8,64,1
2010-10-29,9,232,1
2010-10-29,10,89,1
2010-10-29,10,94,1
2010-10-29,10,268,1
2010-10-29,11,88,1
2010-10-29,11,96,1
2010-10-29,11,99,1
2010-10-29,11,154,1
2010-10-29,12,431,1
2010-10-29,13,57,1
2010-10-29,13,118,1
2010-10-29,13,126,1
2010-10-29,14,103,1
2010-10-29,14,110,1
2010-10-29,15,176,1
2010-10-29,16,85,1
2010-10-29,16,149,1
2010-10-29,16,346,1
2010-10-29,17,55,1
2010-10-29,17,84,1
2010-10-29,17,224,1
2010-10-29,18,237,1
2010-10-29,18,293,1
2010-10-29,20,150,1
2010-10-29,20,251,1
2010-10-29,22,203,1
2010-10-29,22,246,1
2010-10-29,22,780,1
2010-10-29,25,277,1
2010-10-29,25,306,1
2010-10-29,29,236,1
2010-10-29,30,489,1
2010-10-29,31,44,1
2010-10-29,32,364,1
2010-10-29,34,440,1
2010-10-29,34,464,1
2010-10-29,34,473,1
2010-10-29,35,386,1
2010-10-29,36,652,1
2010-10-29,42,509,1
2010-10-29,44,1027,1
2010-10-29,47,489,1
2010-10-29,50,109,1
2010-10-29,56,380,1
2010-10-29,62,1346,1
2010-10-29,72,210,1
2010-10-29,76,944,1
2010-10-29,132,1250,1
2010-10-29,142,899,1
2010-10-29,347,648,1
2010-10-31,1,3,1
2010-10-31,1,10,1
2010-10-31,1,70,1
2010-10-31,2,20,2
2010-10-31,4,256,1
2010-10-31,5,5,1
2010-10-31,5,9,1
2010-10-31,5,44,1
2010-10-31,5,59,1
2010-10-31,5,244,1
2010-10-31,6,34,1
2010-10-31,7,64,1
2010-10-31,8,54,1
2010-10-31,8,78,1
2010-10-31,8,164,1
2010-10-31,8,444,1
2010-10-31,9,35,1
2010-10-31,9,57,1
2010-10-31,9,160,1
2010-10-31,10,103,1
2010-10-31,10,190,1
2010-10-31,11,172,1
2010-10-31,11,260,1
2010-10-31,12,176,1
2010-10-31,14,97,1
2010-10-31,14,124,1
2010-10-31,14,151,1
2010-10-31,14,203,1
2010-10-31,15,74,1
2010-10-31,16,126,1
2010-10-31,16,323,1
2010-10-31,16,402,1
2010-10-31,17,61,1
2010-10-31,17,69,1
2010-10-31,17,93,1
2010-10-31,18,159,1
2010-10-31,19,137,1
2010-10-31,19,141,1
2010-10-31,20,25,1
2010-10-31,21,42,1
2010-10-31,21,48,1
2010-10-31,21,108,1
2010-10-31,21,133,1
2010-10-31,22,169,1
2010-10-31,23,105,1
2010-10-31,23,308,1
2010-10-31,25,88,1
2010-10-31,25,447,1
2010-10-31,26,83,1
2010-10-31,27,105,1
2010-10-31,28,81,1
2010-10-31,28,387,1
2010-10-31,29,145,1
2010-10-31,30,170,1
2010-10-31,31,97,1
2010-10-31,31,153,1
2010-10-31,32,430,1
2010-10-31,34,144,1
2010-10-31,36,313,1
2010-10-31,40,509,1
2010-10-31,41,120,1
2010-10-31,41,472,1
2010-10-31,43,158,1
2010-10-31,46,67,1
2010-10-31,46,161,1
2010-10-31,53,322,1
2010-10-31,57,162,1
2010-10-31,59,226,1
2010-10-31,63,314,1
2010-10-31,65,201,1
2010-10-31,70,199,1
2010-10-31,75,368,1
2010-10-31,82,328,1
2010-10-31,85,1472,1
2010-10-31,86,269,1
2010-10-31,87,105,1
2010-10-31,87,275,1
2010-10-31,109,270,1
2010-10-31,110,248,1
2010-10-31,119,515,1
2010-10-31,124,649,1
2010-10-31,150,679,1
2010-11-01,1,1,2
2010-11-01,1,3,1
2010-11-01,1,6,1
2010-11-01,1,576,1
2010-11-01,3,192,1
2010-11-01,4,13,1
2010-11-01,4,38,1
2010-11-01,5,71,1
2010-11-01,5,816,1
2010-11-01,7,38,1
2010-11-01,7,104,1
2010-11-01,7,121,1
2010-11-01,7,332,1
2010-11-01,8,42,1
2010-11-01,8,74,1
2010-11-01,8,124,1
2010-11-01,10,58,1
2010-11-01,11,115,1
2010-11-01,12,115,1
2010-11-01,14,60,1
2010-11-01,14,163,1
2010-11-01,14,211,1
2010-11-01,16,178,1
2010-11-01,16,212,1
2010-11-01,18,210,1
2010-11-01,18,375,1
2010-11-01,19,116,1
2010-11-01,19,234,1
2010-11-01,20,56,1
2010-11-01,21,41,1
2010-11-01,21,248,1
2010-11-01,21,424,1
2010-11-01,22,63,1
2010-11-01,22,64,1
2010-11-01,22,83,1
2010-11-01,22,286,1
2010-11-01,27,78,1
2010-11-01,28,432,1
2010-11-01,32,41,1
2010-11-01,32,181,1
2010-11-01,32,219,1
2010-11-01,32,418,1
2010-11-01,36,45,1
2010-11-01,36,64,1
2010-11-01,40,63,1
2010-11-01,43,163,1
2010-11-01,43,335,1
2010-11-01,48,564,1
2010-11-01,51,98,1
2010-11-01,60,668,1
2010-11-01,63,211,1
2010-11-01,65,239,1
2010-11-01,84,1245,1
2010-11-01,88,263,1
2010-11-01,106,140,1
2010-11-01,111,1220,1
2010-11-01,323,888,1
2010-11-01,334,711,1
2010-11-02,1,1,1
2010-11-02,1,4,1
2010-11-02,1,10,2
2010-11-02,1,48,1
2010-11-02,1,96,1
2010-11-02,1,396,1
2010-11-02,2,4,1
2010-11-02,2,12,1
2010-11-02,2,304,1
2010-11-02,3,96,1
2010-11-02,3,182,1
2010-11-02,4,4,1
2010-11-02,4,36,1
2010-11-02,4,52,1
2010-11-02,5,68,1
2010-11-02,5,114,1
2010-11-02,6,62,1
2010-11-02,6,63,1
2010-11-02,6,72,1
2010-11-02,6,144,1
2010-11-02,7,128,1
2010-11-02,7,172,1
2010-11-02,8,48,1
2010-11-02,8,154,1
2010-11-02,8,159,1
2010-11-02,9,30,1
2010-11-02,9,85,1
2010-11-02,9,146,1
2010-11-02,9,282,1
2010-11-02,10,47,1
2010-11-02,10,68,1
2010-11-02,10,92,1
2010-11-02,11,45,1
2010-11-02,11,196,1
2010-11-02,12,31,1
2010-11-02,12,60,1
2010-11-02,12,63,1
2010-11-02,12,106,1
2010-11-02,12,144,1
2010-11-02,13,16,1
2010-11-02,13,79,1
2010-11-02,14,117,1
2010-11-02,14,126,1
2010-11-02,15,3540,1
2010-11-02,16,85,1
2010-11-02,16,95,1
2010-11-02,16,158,1
2010-11-02,16,221,1
2010-11-02,16,260,1
2010-11-02,17,236,1
2010-11-02,17,248,1
2010-11-02,19,99,1
2010-11-02,19,130,1
2010-11-02,20,79,1
2010-11-02,20,164,1
2010-11-02,22,169,1
2010-11-02,23,207,1
2010-11-02,23,362,1
2010-11-02,24,176,1
2010-11-02,24,178,1
2010-11-02,24,195,1
2010-11-02,25,215,1
2010-11-02,27,233,1
2010-11-02,28,465,1
2010-11-02,29,237,1
2010-11-02,29,287,1
2010-11-02,29,494,1
2010-11-02,31,182,1
2010-11-02,32,100,1
2010-11-02,33,97,1
2010-11-02,34,526,1
2010-11-02,36,122,1
2010-11-02,39,447,1
2010-11-02,40,197,1
2010-11-02,44,161,1
2010-11-02,44,536,1
2010-11-02,45,464,1
2010-11-02,53,188,1
2010-11-02,54,4236,1
2010-11-02,56,445,1
2010-11-02,56,645,1
2010-11-02,69,181,1
2010-11-02,71,218,1
2010-11-02,78,1110,1
2010-11-02,94,184,1
2010-11-02,103,500,1
2010-11-02,111,458,1
2010-11-02,273,529,1
2010-11-03,1,2,1
2010-11-03,1,12,1
2010-11-03,1,15,1
2010-11-03,1,24,1
2010-11-03,1,72,1
2010-11-03,1,144,1
2010-11-03,1,360,1
2010-11-03,2,132,1
2010-11-03,2,204,1
2010-11-03,3,24,1
2010-11-03,4,20,1
2010-11-03,4,21,1
2010-11-03,4,40,1
2010-11-03,4,216,1
2010-11-03,4,420,1
2010-11-03,5,23,1
2010-11-03,5,28,1
2010-11-03,6,31,1
2010-11-03,6,53,1
2010-11-03,6,60,1
2010-11-03,6,150,1
2010-11-03,6,222,1
2010-11-03,6,590,1
2010-11-03,7,37,1
2010-11-03,7,70,1
2010-11-03,7,176,1
2010-11-03,7,192,1
2010-11-03,8,116,1
2010-11-03,8,160,1
2010-11-03,9,34,1
2010-11-03,9,38,1
2010-11-03,9,88,1
2010-11-03,9,96,1
2010-11-03,11,49,1
2010-11-03,11,78,1
2010-11-03,12,54,1
2010-11-03,12,69,1
2010-11-03,12,95,1
2010-11-03,12,114,1
2010-11-03,12,115,1
2010-11-03,12,432,1
2010-11-03,13,72,1
2010-11-03,13,214,1
2010-11-03,14,115,1
2010-11-03,14,144,1
2010-11-03,14,250,1
2010-11-03,14,636,1
2010-11-03,15,84,1
2010-11-03,16,157,1
2010-11-03,16,159,1
2010-11-03,16,202,1
2010-11-03,17,210,1
2010-11-03,17,246,1
2010-11-03,19,164,1
2010-11-03,20,196,1
2010-11-03,20,229,1
2010-11-03,21,67,1
2010-11-03,21,451,1
2010-11-03,22,72,1
2010-11-03,22,772,1
2010-11-03,24,145,1
2010-11-03,25,62,1
2010-11-03,25,316,1
2010-11-03,27,144,1
2010-11-03,29,109,1
2010-11-03,29,213,1
2010-11-03,30,94,1
2010-11-03,31,346,1
2010-11-03,32,106,1
2010-11-03,33,203,1
2010-11-03,33,367,1
2010-11-03,33,1816,1
2010-11-03,36,146,1
2010-11-03,37,4712,1
2010-11-03,38,424,1
2010-11-03,38,1450,1
2010-11-03,39,63,1
2010-11-03,39,151,1
2010-11-03,44,103,1
2010-11-03,44,193,1
2010-11-03,48,513,1
2010-11-03,52,131,1
2010-11-03,56,613,1
2010-11-03,88,350,1
2010-11-03,96,516,1
2010-11-03,145,450,1
2010-11-03,294,611,1
2010-11-04,1,3,1
2010-11-04,1,6,2
2010-11-04,1,10,1
2010-11-04,1,12,1
2010-11-04,1,48,1
2010-11-04,1,80,1
2010-11-04,1,104,1
2010-11-04,1,240,1
2010-11-04,1,400,1
2010-11-04,2,6,1
2010-11-04,2,16,1
2010-11-04,2,48,1
2010-11-04,2,60,1
2010-11-04,2,120,1
2010-11-04,2,124,1
2010-11-04,2,288,1
2010-11-04,2,600,1
2010-11-04,2,15696,1
2010-11-04,3,14,1
2010-11-04,3,42,1
2010-11-04,4,20,1
2010-11-04,4,26,1
2010-11-04,4,60,1
2010-11-04,4,160,1
2010-11-04,5,10,1
2010-11-04,5,20,1
2010-11-04,5,50,2
2010-11-04,5,72,1
2010-11-04,5,94,1
2010-11-04,5,216,1
2010-11-04,5,336,1
2010-11-04,5,9640,1
2010-11-04,6,9,1
2010-11-04,6,23,1
2010-11-04,6,44,1
2010-11-04,6,159,1
2010-11-04,6,494,1
2010-11-04,7,51,1
2010-11-04,8,27,1
2010-11-04,8,44,1
2010-11-04,8,54,1
2010-11-04,8,193,1
2010-11-04,9,336,1
2010-11-04,9,1022,1
2010-11-04,9,1179,1
2010-11-04,10,67,1
2010-11-04,10,85,1
2010-11-04,10,103,1
2010-11-04,10,198,1
2010-11-04,11,160,2
2010-11-04,12,15,1
2010-11-04,12,196,1
2010-11-04,13,108,1
2010-11-04,13,141,1
2010-11-04,13,182,1
2010-11-04,13,406,1
2010-11-04,15,63,1
2010-11-04,15,98,1
2010-11-04,15,129,1
2010-11-04,15,242,1
2010-11-04,16,124,1
2010-11-04,16,160,1
2010-11-04,16,170,1
2010-11-04,17,124,1
2010-11-04,17,169,1
2010-11-04,17,196,1
2010-11-04,18,42,1
2010-11-04,18,141,1
2010-11-04,18,156,1
2010-11-04,18,162,1
2010-11-04,21,87,1
2010-11-04,21,170,1
2010-11-04,21,175,1
2010-11-04,21,262,1
2010-11-04,23,46,1
2010-11-04,23,134,1
2010-11-04,23,148,1
2010-11-04,23,203,1
2010-11-04,24,324,1
2010-11-04,25,196,1
2010-11-04,25,285,1
2010-11-04,26,66,1
2010-11-04,26,330,1
2010-11-04,26,3556,1
2010-11-04,27,336,1
2010-11-04,28,94,1
2010-11-04,28,726,1
2010-11-04,28,1338,1
2010-11-04,29,83,1
2010-11-04,29,122,1
2010-11-04,30,119,1
2010-11-04,31,90,1
2010-11-04,31,328,1
2010-11-04,32,380,1
2010-11-04,32,1044,1
2010-11-04,35,313,1
2010-11-04,36,342,1
2010-11-04,38,78,1
2010-11-04,38,170,1
2010-11-04,39,1430,1
2010-11-04,41,137,1
2010-11-04,41,683,1
2010-11-04,42,94,1
2010-11-04,42,736,1
2010-11-04,43,168,1
2010-11-04,43,231,1
2010-11-04,45,92,1
2010-11-04,45,254,1
2010-11-04,45,448,1
2010-11-04,46,85,1
2010-11-04,46,576,1
2010-11-04,49,80,1
2010-11-04,52,133,1
2010-11-04,55,178,1
2010-11-04,57,499,1
2010-11-04,63,453,1
2010-11-04,69,695,1
2010-11-04,72,181,1
2010-11-04,75,397,1
2010-11-04,82,155,1
2010-11-04,82,221,1
2010-11-04,87,1720,1
2010-11-04,88,356,1
2010-11-04,100,967,1
2010-11-04,102,249,1
2010-11-04,115,209,1
2010-11-04,145,378,1
2010-11-04,446,1095,1
2010-11-05,1,1,1
2010-11-05,1,2,2
2010-11-05,1,6,1
2010-11-05,1,8,1
2010-11-05,2,3,1
2010-11-05,2,16,1
2010-11-05,2,18,1
2010-11-05,2,162,1
2010-11-05,2,1000,1
2010-11-05,2,2160,1
2010-11-05,4,5,1
2010-11-05,4,57,1
2010-11-05,4,350,1
2010-11-05,6,89,1
2010-11-05,7,61,1
2010-11-05,8,58,1
2010-11-05,8,74,1
2010-11-05,8,132,1
2010-11-05,8,208,1
2010-11-05,10,15,1
2010-11-05,11,11,1
2010-11-05,11,56,1
2010-11-05,11,122,1
2010-11-05,11,124,1
2010-11-05,12,144,1
2010-11-05,13,15,1
2010-11-05,13,80,1
2010-11-05,13,136,1
2010-11-05,13,162,1
2010-11-05,13,232,1
2010-11-05,14,100,1
2010-11-05,14,234,1
2010-11-05,15,37,1
2010-11-05,15,101,1
2010-11-05,17,109,1
2010-11-05,17,149,1
2010-11-05,17,210,1
2010-11-05,17,270,1
2010-11-05,17,291,1
2010-11-05,18,30,1
2010-11-05,18,47,1
2010-11-05,19,225,1
2010-11-05,20,416,1
2010-11-05,22,94,1
2010-11-05,22,515,1
2010-11-05,24,70,1
2010-11-05,24,165,1
2010-11-05,24,378,1
2010-11-05,24,504,1
2010-11-05,25,360,1
2010-11-05,26,317,1
2010-11-05,26,570,1
2010-11-05,27,102,1
2010-11-05,28,2224,1
2010-11-05,29,262,1
2010-11-05,30,360,1
2010-11-05,31,1106,1
2010-11-05,32,374,1
2010-11-05,33,235,1
2010-11-05,35,1176,1
2010-11-05,37,239,1
2010-11-05,38,802,1
2010-11-05,39,424,1
2010-11-05,40,68,1
2010-11-05,54,74,1
2010-11-05,63,100,1
2010-11-05,71,811,1
2010-11-05,73,125,1
2010-11-05,73,321,1
2010-11-05,78,1336,1
2010-11-05,79,679,1
2010-11-05,378,934,1
2010-11-07,1,1,1
2010-11-07,1,70,1
2010-11-07,3,28,1
2010-11-07,3,125,1
2010-11-07,4,9,1
2010-11-07,5,23,1
2010-11-07,6,23,1
2010-11-07,6,97,1
2010-11-07,7,44,1
2010-11-07,7,45,1
2010-11-07,8,58,1
2010-11-07,8,256,1
2010-11-07,9,15,1
2010-11-07,9,84,1
2010-11-07,10,58,1
2010-11-07,10,129,1
2010-11-07,11,47,1
2010-11-07,12,91,1
2010-11-07,12,99,1
2010-11-07,12,121,1
2010-11-07,12,200,1
2010-11-07,13,84,1
2010-11-07,13,146,1
2010-11-07,14,41,1
2010-11-07,14,788,1
2010-11-07,15,496,1
2010-11-07,16,21,1
2010-11-07,16,80,1
2010-11-07,16,237,1
2010-11-07,17,175,1
2010-11-07,17,366,1
2010-11-07,17,410,1
2010-11-07,18,73,1
2010-11-07,18,185,1
2010-11-07,19,171,1
2010-11-07,20,117,1
2010-11-07,22,52,1
2010-11-07,22,242,1
2010-11-07,24,137,1
2010-11-07,24,210,1
2010-11-07,25,87,1
2010-11-07,25,178,1
2010-11-07,27,241,1
2010-11-07,28,106,1
2010-11-07,28,224,1
2010-11-07,30,288,1
2010-11-07,31,290,1
2010-11-07,32,108,1
2010-11-07,33,105,1
2010-11-07,33,479,1
2010-11-07,34,129,1
2010-11-07,34,154,1
2010-11-07,35,118,1
2010-11-07,35,583,1
2010-11-07,36,150,1
2010-11-07,37,310,1
2010-11-07,37,592,1
2010-11-07,39,213,1
2010-11-07,40,367,1
2010-11-07,41,55,1
2010-11-07,41,163,1
2010-11-07,42,270,1
2010-11-07,44,273,1
2010-11-07,48,102,1
2010-11-07,48,407,1
2010-11-07,49,263,1
2010-11-07,50,268,1
2010-11-07,50,477,1
2010-11-07,52,197,1
2010-11-07,53,123,1
2010-11-07,54,293,1
2010-11-07,55,103,1
2010-11-07,58,377,1
2010-11-07,59,204,1
2010-11-07,62,742,1
2010-11-07,63,191,1
2010-11-07,95,272,1
2010-11-07,99,848,1
2010-11-07,102,432,1
2010-11-07,118,307,1
2010-11-07,161,1240,1
2010-11-07,251,698,1
2010-11-08,1,1,2
2010-11-08,1,12,2
2010-11-08,1,40,1
2010-11-08,1,56,1
2010-11-08,2,12,1
2010-11-08,2,68,1
2010-11-08,2,120,1
2010-11-08,3,30,1
2010-11-08,4,24,1
2010-11-08,6,110,1
2010-11-08,6,528,1
2010-11-08,7,332,1
2010-11-08,7,424,1
2010-11-08,7,936,1
2010-11-08,8,84,1
2010-11-08,8,110,1
2010-11-08,8,186,1
2010-11-08,8,204,1
2010-11-08,8,268,1
2010-11-08,8,676,1
2010-11-08,9,17,1
2010-11-08,9,112,1
2010-11-08,9,150,1
2010-11-08,9,708,1
2010-11-08,10,14,1
2010-11-08,10,97,1
2010-11-08,10,98,1
2010-11-08,10,126,1
2010-11-08,12,193,1
2010-11-08,12,204,1
2010-11-08,13,36,1
2010-11-08,13,170,1
2010-11-08,14,56,1
2010-11-08,14,114,1
2010-11-08,14,142,1
2010-11-08,14,164,1
2010-11-08,15,100,1
2010-11-08,15,104,1
2010-11-08,15,125,1
2010-11-08,17,140,1
2010-11-08,18,140,1
2010-11-08,18,165,1
2010-11-08,18,226,1
2010-11-08,19,88,1
2010-11-08,20,53,1
2010-11-08,20,59,1
2010-11-08,20,87,1
2010-11-08,20,196,1
2010-11-08,20,202,1
2010-11-08,21,492,1
2010-11-08,22,120,1
2010-11-08,22,208,1
2010-11-08,23,341,1
2010-11-08,23,384,1
2010-11-08,27,223,1
2010-11-08,28,162,1
2010-11-08,28,1028,1
2010-11-08,31,422,1
2010-11-08,32,358,1
2010-11-08,38,299,1
2010-11-08,39,280,1
2010-11-08,39,398,1
2010-11-08,41,462,1
2010-11-08,44,276,1
2010-11-08,46,128,1
2010-11-08,49,203,1
2010-11-08,53,144,1
2010-11-08,54,205,1
2010-11-08,58,406,1
2010-11-08,59,832,1
2010-11-08,62,194,1
2010-11-08,71,415,1
2010-11-08,88,217,1
2010-11-08,92,240,1
2010-11-08,115,12410,1
2010-11-08,132,1476,1
2010-11-08,354,814,1
2010-11-08,367,961,1
2010-11-09,1,1,2
2010-11-09,1,6,1
2010-11-09,1,8,1
2010-11-09,1,12,1
2010-11-09,1,24,1
2010-11-09,1,32,1
2010-11-09,1,60,1
2010-11-09,1,72,1
2010-11-09,1,75,1
2010-11-09,1,80,1
2010-11-09,1,90,1
2010-11-09,1,200,1
2010-11-09,1,672,1
2010-11-09,2,2,1
2010-11-09,2,3,1
2010-11-09,2,5,1
2010-11-09,2,24,1
2010-11-09,2,52,1
2010-11-09,2,120,2
2010-11-09,3,42,1
2010-11-09,3,84,1
2010-11-09,3,456,1
2010-11-09,3,800,1
2010-11-09,4,4,1
2010-11-09,4,20,1
2010-11-09,4,40,1
2010-11-09,4,96,1
2010-11-09,4,272,1
2010-11-09,5,27,1
2010-11-09,6,25,1
2010-11-09,6,196,1
2010-11-09,7,48,1
2010-11-09,7,63,1
2010-11-09,7,72,1
2010-11-09,7,100,1
2010-11-09,8,55,1
2010-11-09,8,288,1
2010-11-09,8,2232,1
2010-11-09,9,28,1
2010-11-09,9,79,1
2010-11-09,9,94,1
2010-11-09,9,309,1
2010-11-09,10,55,1
2010-11-09,10,754,1
2010-11-09,11,101,1
2010-11-09,11,544,1
2010-11-09,12,149,1
2010-11-09,12,180,1
2010-11-09,12,208,1
2010-11-09,12,230,1
2010-11-09,14,70,1
2010-11-09,14,108,1
2010-11-09,14,138,1
2010-11-09,14,196,1
2010-11-09,14,708,1
2010-11-09,14,4020,1
2010-11-09,15,38,1
2010-11-09,15,100,1
2010-11-09,15,252,1
2010-11-09,15,258,1
2010-11-09,16,138,1
2010-11-09,16,154,1
2010-11-09,16,230,1
2010-11-09,16,244,1
2010-11-09,18,102,1
2010-11-09,18,169,1
2010-11-09,18,265,1
2010-11-09,18,326,1
2010-11-09,19,310,1
2010-11-09,19,441,1
2010-11-09,20,46,1
2010-11-09,22,73,1
2010-11-09,22,117,1
2010-11-09,22,164,1
2010-11-09,24,103,1
2010-11-09,24,108,1
2010-11-09,24,297,1
2010-11-09,24,330,1
2010-11-09,26,325,1
2010-11-09,26,684,1
2010-11-09,27,96,1
2010-11-09,27,1376,1
2010-11-09,29,1500,1
2010-11-09,30,235,1
2010-11-09,31,186,1
2010-11-09,33,116,1
2010-11-09,35,122,1
2010-11-09,35,355,1
2010-11-09,35,405,1
2010-11-09,36,122,1
2010-11-09,38,48,1
2010-11-09,39,51,1
2010-11-09,40,70,1
2010-11-09,40,104,1
2010-11-09,40,147,1
2010-11-09,40,344,1
2010-11-09,41,149,1
2010-11-09,41,464,1
2010-11-09,43,204,1
2010-11-09,44,329,1
2010-11-09,46,537,1
2010-11-09,46,623,1
2010-11-09,49,648,1
2010-11-09,50,84,1
2010-11-09,51,143,1
2010-11-09,52,97,1
2010-11-09,52,194,1
2010-11-09,52,229,1
2010-11-09,52,237,1
2010-11-09,52,966,1
2010-11-09,58,613,1
2010-11-09,72,447,1
2010-11-09,78,970,1
2010-11-09,79,256,1
2010-11-09,82,128,1
2010-11-09,111,244,1
2010-11-09,137,586,1
2010-11-09,166,2239,1
2010-11-10,1,1,7
2010-11-10,1,2,1
2010-11-10,1,4,1
2010-11-10,1,6,1
2010-11-10,1,50,1
2010-11-10,1,72,1
2010-11-10,1,100,2
2010-11-10,1,192,1
2010-11-10,1,288,1
2010-11-10,1,400,1
2010-11-10,1,500,1
2010-11-10,2,4,1
2010-11-10,2,8,2
2010-11-10,2,24,1
2010-11-10,2,28,1
2010-11-10,2,40,1
2010-11-10,2,600,1
2010-11-10,3,3,1
2010-11-10,3,4,1
2010-11-10,3,192,1
2010-11-10,3,204,1
2010-11-10,3,240,1
2010-11-10,3,246,1
2010-11-10,3,352,1
2010-11-10,3,1624,1
2010-11-10,4,20,1
2010-11-10,4,56,1
2010-11-10,4,108,1
2010-11-10,4,112,1
2010-11-10,4,176,1
2010-11-10,4,208,1
2010-11-10,4,388,1
2010-11-10,4,410,1
2010-11-10,5,9,1
2010-11-10,5,43,1
2010-11-10,5,60,1
2010-11-10,6,52,1
2010-11-10,6,132,1
2010-11-10,6,288,1
2010-11-10,7,88,1
2010-11-10,8,47,1
2010-11-10,8,524,1
2010-11-10,9,87,1
2010-11-10,9,94,1
2010-11-10,9,100,1
2010-11-10,9,178,1
2010-11-10,9,187,1
2010-11-10,9,825,1
2010-11-10,10,43,1
2010-11-10,10,89,1
2010-11-10,11,38,1
2010-11-10,11,145,1
2010-11-10,12,114,1
2010-11-10,13,80,1
2010-11-10,13,100,1
2010-11-10,13,103,1
2010-11-10,13,143,1
2010-11-10,13,299,1
2010-11-10,13,3976,1
2010-11-10,14,84,1
2010-11-10,14,117,1
2010-11-10,15,194,1
2010-11-10,15,490,1
2010-11-10,16,204,1
2010-11-10,16,1520,1
2010-11-10,17,35,1
2010-11-10,17,209,1
2010-11-10,18,141,2
2010-11-10,20,135,1
2010-11-10,20,149,1
2010-11-10,20,156,1
2010-11-10,21,184,1
2010-11-10,22,87,1
2010-11-10,22,227,1
2010-11-10,23,252,1
2010-11-10,24,76,1
2010-11-10,25,304,1
2010-11-10,26,43,1
2010-11-10,26,121,1
2010-11-10,26,509,1
2010-11-10,27,373,1
2010-11-10,27,512,1
2010-11-10,28,96,1
2010-11-10,28,148,1
2010-11-10,28,1285,1
2010-11-10,29,36,1
2010-11-10,29,187,1
2010-11-10,29,223,1
2010-11-10,29,252,1
2010-11-10,29,291,1
2010-11-10,30,484,1
2010-11-10,31,313,1
2010-11-10,31,370,1
2010-11-10,32,515,1
2010-11-10,34,137,1
2010-11-10,34,184,1
2010-11-10,35,186,1
2010-11-10,35,372,1
2010-11-10,41,106,1
2010-11-10,43,132,1
2010-11-10,44,135,1
2010-11-10,45,142,1
2010-11-10,45,763,1
2010-11-10,47,114,1
2010-11-10,47,428,1
2010-11-10,49,463,1
2010-11-10,50,77,1
2010-11-10,50,434,1
2010-11-10,52,452,1
2010-11-10,52,689,1
2010-11-10,54,188,1
2010-11-10,59,128,1
2010-11-10,74,347,1
2010-11-10,76,107,1
2010-11-10,77,597,1
2010-11-10,101,736,1
2010-11-10,123,816,1
2010-11-10,129,254,1
2010-11-10,178,470,1
2010-11-10,404,707,1
2010-11-10,441,1047,1
2010-11-11,1,1,5
2010-11-11,1,2,2
2010-11-11,1,4,1
2010-11-11,1,6,2
2010-11-11,1,25,1
2010-11-11,1,32,1
2010-11-11,1,36,1
2010-11-11,1,72,1
2010-11-11,1,486,1
2010-11-11,1,1440,1
2010-11-11,1,2880,1
2010-11-11,2,4,1
2010-11-11,2,6,1
2010-11-11,2,17,1
2010-11-11,2,22,1
2010-11-11,2,84,1
2010-11-11,2,528,1
2010-11-11,3,4,1
2010-11-11,3,72,1
2010-11-11,3,108,1
2010-11-11,3,288,1
2010-11-11,3,312,1
2010-11-11,4,15,1
2010-11-11,4,20,1
2010-11-11,4,48,1
2010-11-11,4,456,1
2010-11-11,4,700,1
2010-11-11,5,8,1
2010-11-11,5,12,1
2010-11-11,5,28,1
2010-11-11,5,43,1
2010-11-11,5,78,1
2010-11-11,5,172,1
2010-11-11,5,2350,1
2010-11-11,6,16,1
2010-11-11,6,69,1
2010-11-11,7,112,1
2010-11-11,8,36,1
2010-11-11,8,456,1
2010-11-11,8,2100,1
2010-11-11,9,16,1
2010-11-11,9,23,1
2010-11-11,9,93,1
2010-11-11,9,168,1
2010-11-11,10,15,1
2010-11-11,10,178,1
2010-11-11,10,190,1
2010-11-11,10,544,1
2010-11-11,11,107,1
2010-11-11,11,222,1
2010-11-11,12,99,1
2010-11-11,12,150,1
2010-11-11,12,243,1
2010-11-11,13,65,1
2010-11-11,13,154,1
2010-11-11,13,612,1
2010-11-11,14,40,1
2010-11-11,14,93,1
2010-11-11,14,248,1
2010-11-11,14,286,1
2010-11-11,15,81,1
2010-11-11,15,112,1
2010-11-11,15,116,1
2010-11-11,15,169,1
2010-11-11,16,160,1
2010-11-11,16,161,1
2010-11-11,16,218,1
2010-11-11,16,225,1
2010-11-11,17,111,1
2010-11-11,17,131,1
2010-11-11,17,168,1
2010-11-11,17,285,1
2010-11-11,17,331,1
2010-11-11,18,167,1
2010-11-11,18,210,1
2010-11-11,19,44,1
2010-11-11,19,114,1
2010-11-11,19,456,1
2010-11-11,19,712,1
2010-11-11,20,35,1
2010-11-11,20,123,1
2010-11-11,20,218,1
2010-11-11,22,352,1
2010-11-11,23,43,1
2010-11-11,23,221,1
2010-11-11,25,885,1
2010-11-11,26,170,1
2010-11-11,26,247,1
2010-11-11,26,282,1
2010-11-11,28,54,1
2010-11-11,28,164,1
2010-11-11,29,362,1
2010-11-11,30,139,1
2010-11-11,30,233,1
2010-11-11,31,300,1
2010-11-11,31,629,1
2010-11-11,34,162,1
2010-11-11,36,100,1
2010-11-11,36,580,1
2010-11-11,37,219,1
2010-11-11,38,133,1
2010-11-11,38,579,1
2010-11-11,40,219,1
2010-11-11,40,266,1
2010-11-11,41,126,1
2010-11-11,41,312,1
2010-11-11,51,142,1
2010-11-11,54,387,1
2010-11-11,54,867,1
2010-11-11,55,104,1
2010-11-11,57,125,1
2010-11-11,57,374,1
2010-11-11,64,264,1
2010-11-11,68,209,1
2010-11-11,69,105,1
2010-11-11,79,365,1
2010-11-11,90,172,1
2010-11-11,90,991,1
2010-11-11,91,589,1
2010-11-11,99,310,1
2010-11-11,112,234,1
2010-11-11,161,768,1
2010-11-11,441,1081,1
2010-11-12,1,1,1
2010-11-12,1,3,1
2010-11-12,1,6,3
2010-11-12,1,8,2
2010-11-12,1,20,1
2010-11-12,1,30,1
2010-11-12,1,48,2
2010-11-12,1,50,1
2010-11-12,1,72,3
2010-11-12,2,8,1
2010-11-12,2,21,1
2010-11-12,2,48,1
2010-11-12,2,70,1
2010-11-12,2,162,1
2010-11-12,2,168,1
2010-11-12,3,78,1
2010-11-12,3,224,1
2010-11-12,4,116,1
2010-11-12,4,650,1
2010-11-12,5,44,1
2010-11-12,5,84,1
2010-11-12,5,87,1
2010-11-12,5,232,1
2010-11-12,6,51,1
2010-11-12,6,68,1
2010-11-12,6,76,1
2010-11-12,6,77,1
2010-11-12,6,102,1
2010-11-12,6,2152,1
2010-11-12,7,43,1
2010-11-12,7,62,1
2010-11-12,7,291,1
2010-11-12,8,34,1
2010-11-12,9,138,1
2010-11-12,9,139,1
2010-11-12,9,166,1
2010-11-12,9,205,1
2010-11-12,9,1034,1
2010-11-12,10,62,1
2010-11-12,10,136,1
2010-11-12,10,176,1
2010-11-12,11,96,1
2010-11-12,11,216,1
2010-11-12,13,75,1
2010-11-12,13,99,1
2010-11-12,13,104,1
2010-11-12,13,112,1
2010-11-12,13,208,1
2010-11-12,14,190,1
2010-11-12,14,258,1
2010-11-12,16,58,1
2010-11-12,16,154,1
2010-11-12,17,55,1
2010-11-12,17,159,1
2010-11-12,17,161,1
2010-11-12,17,589,1
2010-11-12,18,167,1
2010-11-12,19,138,1
2010-11-12,19,166,1
2010-11-12,19,226,1
2010-11-12,20,131,1
2010-11-12,20,261,1
2010-11-12,23,111,1
2010-11-12,23,370,1
2010-11-12,24,350,1
2010-11-12,25,286,1
2010-11-12,25,302,1
2010-11-12,25,539,1
2010-11-12,26,205,1
2010-11-12,27,41,1
2010-11-12,27,80,1
2010-11-12,27,98,1
2010-11-12,28,234,1
2010-11-12,29,71,1
2010-11-12,30,150,1
2010-11-12,31,34,1
2010-11-12,32,307,1
2010-11-12,34,128,1
2010-11-12,34,302,1
2010-11-12,34,368,1
2010-11-12,34,611,1
2010-11-12,36,48,1
2010-11-12,36,136,1
2010-11-12,38,61,1
2010-11-12,40,55,1
2010-11-12,42,535,1
2010-11-12,42,770,1
2010-11-12,44,110,1
2010-11-12,44,209,1
2010-11-12,48,65,1
2010-11-12,51,252,1
2010-11-12,52,64,1
2010-11-12,53,79,1
2010-11-12,53,280,1
2010-11-12,54,243,1
2010-11-12,55,322,1
2010-11-12,56,1245,1
2010-11-12,60,122,1
2010-11-12,61,100,1
2010-11-12,79,223,1
2010-11-12,132,732,1
2010-11-12,404,885,1
2010-11-12,486,1024,1
2010-11-14,1,2,2
2010-11-14,1,64,1
2010-11-14,1,2400,1
2010-11-14,2,10,1
2010-11-14,2,24,2
2010-11-14,2,72,1
2010-11-14,4,15,1
2010-11-14,4,37,1
2010-11-14,4,44,1
2010-11-14,4,45,1
2010-11-14,5,164,1
2010-11-14,7,35,1
2010-11-14,7,58,1
2010-11-14,7,80,1
2010-11-14,7,88,1
2010-11-14,8,20,1
2010-11-14,8,119,1
2010-11-14,8,141,1
2010-11-14,9,62,1
2010-11-14,10,24,1
2010-11-14,10,92,1
2010-11-14,11,159,1
2010-11-14,13,107,1
2010-11-14,14,504,1
2010-11-14,15,124,1
2010-11-14,15,228,1
2010-11-14,15,371,1
2010-11-14,16,16,1
2010-11-14,16,56,1
2010-11-14,16,71,1
2010-11-14,16,222,1
2010-11-14,18,31,1
2010-11-14,18,88,1
2010-11-14,18,190,1
2010-11-14,18,194,1
2010-11-14,18,996,1
2010-11-14,19,131,1
2010-11-14,19,155,1
2010-11-14,20,122,1
2010-11-14,20,209,1
2010-11-14,21,138,1
2010-11-14,21,228,1
2010-11-14,21,325,1
2010-11-14,23,123,1
2010-11-14,24,107,1
2010-11-14,24,158,1
2010-11-14,25,264,1
2010-11-14,25,441,1
2010-11-14,26,39,1
2010-11-14,26,69,1
2010-11-14,26,89,1
2010-11-14,26,120,1
2010-11-14,26,155,1
2010-11-14,28,85,1
2010-11-14,29,83,1
2010-11-14,29,184,1
2010-11-14,30,38,1
2010-11-14,31,67,1
2010-11-14,32,135,1
2010-11-14,39,112,1
2010-11-14,39,216,1
2010-11-14,42,446,1
2010-11-14,45,98,1
2010-11-14,45,528,1
2010-11-14,49,97,1
2010-11-14,49,114,1
2010-11-14,50,408,1
2010-11-14,51,59,1
2010-11-14,55,80,1
2010-11-14,55,90,1
2010-11-14,55,154,1
2010-11-14,58,177,1
2010-11-14,58,184,1
2010-11-14,62,105,1
2010-11-14,62,583,1
2010-11-14,66,140,1
2010-11-14,67,209,1
2010-11-14,69,98,1
2010-11-14,70,223,1
2010-11-14,72,307,1
2010-11-14,76,479,1
2010-11-14,78,371,1
2010-11-14,81,222,1
2010-11-14,85,473,1
2010-11-14,98,186,1
2010-11-14,114,263,1
2010-11-14,124,270,1
2010-11-14,171,464,1
2010-11-15,1,1,1
2010-11-15,1,4,1
2010-11-15,1,8,1
2010-11-15,1,24,1
2010-11-15,1,36,2
2010-11-15,1,72,1
2010-11-15,1,82,1
2010-11-15,1,96,1
2010-11-15,2,2,1
2010-11-15,2,4,1
2010-11-15,2,20,1
2010-11-15,2,36,1
2010-11-15,3,18,1
2010-11-15,4,96,1
2010-11-15,4,192,1
2010-11-15,4,504,1
2010-11-15,4,630,1
2010-11-15,5,5,1
2010-11-15,5,45,1
2010-11-15,5,66,1
2010-11-15,5,180,1
2010-11-15,5,696,1
2010-11-15,6,23,1
2010-11-15,6,41,1
2010-11-15,7,80,1
2010-11-15,7,116,1
2010-11-15,8,72,1
2010-11-15,8,888,1
2010-11-15,9,22,1
2010-11-15,9,24,1
2010-11-15,9,28,1
2010-11-15,9,67,1
2010-11-15,9,94,1
2010-11-15,9,612,1
2010-11-15,10,1848,1
2010-11-15,11,153,1
2010-11-15,12,18,1
2010-11-15,12,126,1
2010-11-15,13,29,1
2010-11-15,13,117,1
2010-11-15,13,162,1
2010-11-15,14,78,1
2010-11-15,15,120,1
2010-11-15,15,140,1
2010-11-15,15,164,1
2010-11-15,16,88,1
2010-11-15,16,90,1
2010-11-15,16,140,1
2010-11-15,16,213,1
2010-11-15,17,80,1
2010-11-15,17,251,1
2010-11-15,17,265,1
2010-11-15,18,40,1
2010-11-15,18,64,1
2010-11-15,18,191,1
2010-11-15,21,138,1
2010-11-15,21,195,1
2010-11-15,21,239,1
2010-11-15,21,336,1
2010-11-15,22,72,1
2010-11-15,22,110,1
2010-11-15,23,106,1
2010-11-15,23,227,1
2010-11-15,24,31,1
2010-11-15,24,196,1
2010-11-15,25,109,1
2010-11-15,28,141,1
2010-11-15,28,425,1
2010-11-15,29,146,1
2010-11-15,33,54,1
2010-11-15,33,141,1
2010-11-15,34,154,1
2010-11-15,34,415,1
2010-11-15,35,352,1
2010-11-15,38,696,1
2010-11-15,38,1608,1
2010-11-15,39,234,1
2010-11-15,40,97,1
2010-11-15,40,192,1
2010-11-15,42,179,1
2010-11-15,44,140,1
2010-11-15,50,263,1
2010-11-15,50,397,1
2010-11-15,53,103,1
2010-11-15,53,131,1
2010-11-15,53,156,1
2010-11-15,53,261,1
2010-11-15,56,135,1
2010-11-15,56,280,1
2010-11-15,57,149,1
2010-11-15,64,171,1
2010-11-15,70,147,1
2010-11-15,71,216,1
2010-11-15,81,706,1
2010-11-15,97,287,1
2010-11-15,111,13387,1
2010-11-15,141,354,1
2010-11-15,200,2135,1
2010-11-15,371,835,1
2010-11-15,375,940,1
2010-11-15,406,982,1
2010-11-16,1,6,1
2010-11-16,1,16,1
2010-11-16,1,72,1
2010-11-16,1,144,1
2010-11-16,2,2,1
2010-11-16,2,5,1
2010-11-16,2,144,1
2010-11-16,2,200,1
2010-11-16,2,425,1
2010-11-16,3,5,1
2010-11-16,3,28,1
2010-11-16,3,40,1
2010-11-16,3,64,1
2010-11-16,3,70,1
2010-11-16,3,481,1
2010-11-16,3,536,1
2010-11-16,4,22,1
2010-11-16,4,24,1
2010-11-16,4,30,1
2010-11-16,4,80,1
2010-11-16,5,50,1
2010-11-16,5,104,1
2010-11-16,5,112,1
2010-11-16,5,130,1
2010-11-16,5,168,1
2010-11-16,5,312,1
2010-11-16,5,318,1
2010-11-16,6,112,1
2010-11-16,6,286,1
2010-11-16,6,922,1
2010-11-16,7,109,1
2010-11-16,8,66,1
2010-11-16,9,35,1
2010-11-16,9,628,1
2010-11-16,10,36,1
2010-11-16,10,82,1
2010-11-16,10,106,1
2010-11-16,10,250,1
2010-11-16,10,274,1
2010-11-16,10,433,1
2010-11-16,11,93,1
2010-11-16,12,75,1
2010-11-16,13,166,1
2010-11-16,13,180,1
2010-11-16,14,117,1
2010-11-16,14,218,1
2010-11-16,14,245,1
2010-11-16,15,63,1
2010-11-16,15,160,1
2010-11-16,16,105,1
2010-11-16,16,116,1
2010-11-16,16,170,1
2010-11-16,16,188,1
2010-11-16,16,3570,1
2010-11-16,17,120,1
2010-11-16,17,128,1
2010-11-16,18,42,1
2010-11-16,18,137,1
2010-11-16,18,258,1
2010-11-16,19,41,1
2010-11-16,19,171,1
2010-11-16,19,262,1
2010-11-16,19,394,1
2010-11-16,20,175,1
2010-11-16,20,402,1
2010-11-16,21,29,1
2010-11-16,21,208,1
2010-11-16,21,212,1
2010-11-16,21,249,1
2010-11-16,22,107,1
2010-11-16,22,195,1
2010-11-16,22,820,1
2010-11-16,23,128,1
2010-11-16,23,438,1
2010-11-16,24,2350,1
2010-11-16,25,402,1
2010-11-16,27,40,1
2010-11-16,28,246,1
2010-11-16,29,268,1
2010-11-16,29,372,1
2010-11-16,32,105,1
2010-11-16,33,144,1
2010-11-16,33,371,1
2010-11-16,34,227,1
2010-11-16,36,403,1
2010-11-16,37,480,1
2010-11-16,39,112,1
2010-11-16,42,455,1
2010-11-16,45,245,1
2010-11-16,45,324,1
2010-11-16,46,122,1
2010-11-16,48,165,1
2010-11-16,51,1646,1
2010-11-16,60,123,1
2010-11-16,62,490,1
2010-11-16,64,695,1
2010-11-16,69,1072,1
2010-11-16,70,170,1
2010-11-16,76,1053,1
2010-11-16,84,248,1
2010-11-16,96,2392,1
2010-11-16,133,942,1
2010-11-16,134,845,1
2010-11-16,138,385,1
2010-11-16,160,708,1
2010-11-16,164,3878,1
2010-11-16,479,986,1
2010-11-17,1,1,1
2010-11-17,1,2,1
2010-11-17,1,4,2
2010-11-17,1,12,1
2010-11-17,1,32,1
2010-11-17,1,102,1
2010-11-17,1,250,1
2010-11-17,2,3,1
2010-11-17,2,12,1
2010-11-17,2,24,1
2010-11-17,2,280,1
2010-11-17,3,3,1
2010-11-17,3,16,2
2010-11-17,3,20,1
2010-11-17,3,26,1
2010-11-17,3,60,1
2010-11-17,3,72,1
2010-11-17,4,62,1
2010-11-17,5,5,1
2010-11-17,5,60,1
2010-11-17,5,1092,1
2010-11-17,6,20,1
2010-11-17,6,51,1
2010-11-17,6,60,1
2010-11-17,6,74,1
2010-11-17,6,94,1
2010-11-17,6,114,1
2010-11-17,6,160,1
2010-11-17,6,199,1
2010-11-17,7,33,1
2010-11-17,7,131,1
2010-11-17,7,132,1
2010-11-17,8,78,1
2010-11-17,8,96,1
2010-11-17,8,101,1
2010-11-17,8,137,1
2010-11-17,9,15,1
2010-11-17,9,55,1
2010-11-17,9,63,1
2010-11-17,9,168,1
2010-11-17,10,29,1
2010-11-17,10,180,1
2010-11-17,11,102,1
2010-11-17,11,166,1
2010-11-17,11,248,1
2010-11-17,11,330,1
2010-11-17,11,336,1
2010-11-17,11,520,1
2010-11-17,12,48,1
2010-11-17,12,90,1
2010-11-17,12,129,1
2010-11-17,12,232,1
2010-11-17,13,19,1
2010-11-17,13,120,1
2010-11-17,13,122,1
2010-11-17,14,107,1
2010-11-17,14,240,1
2010-11-17,15,155,1
2010-11-17,15,205,1
2010-11-17,15,448,1
2010-11-17,16,212,1
2010-11-17,17,17,1
2010-11-17,17,115,1
2010-11-17,17,244,1
2010-11-17,17,274,1
2010-11-17,17,438,1
2010-11-17,18,97,1
2010-11-17,18,132,1
2010-11-17,19,208,1
2010-11-17,19,338,1
2010-11-17,19,781,1
2010-11-17,20,101,1
2010-11-17,20,121,1
2010-11-17,20,439,1
2010-11-17,22,200,1
2010-11-17,22,246,1
2010-11-17,23,54,1
2010-11-17,24,128,1
2010-11-17,24,276,1
2010-11-17,24,466,1
2010-11-17,25,99,1
2010-11-17,25,115,1
2010-11-17,25,194,1
2010-11-17,25,238,1
2010-11-17,25,343,1
2010-11-17,26,75,1
2010-11-17,26,244,1
2010-11-17,26,368,1
2010-11-17,28,74,1
2010-11-17,28,149,1
2010-11-17,30,284,1
2010-11-17,32,109,1
2010-11-17,33,124,1
2010-11-17,35,105,1
2010-11-17,35,624,1
2010-11-17,35,1441,1
2010-11-17,36,295,1
2010-11-17,36,4978,1
2010-11-17,39,73,1
2010-11-17,40,74,1
2010-11-17,40,303,1
2010-11-17,40,553,1
2010-11-17,42,302,1
2010-11-17,47,106,1
2010-11-17,50,315,1
2010-11-17,51,133,1
2010-11-17,53,241,1
2010-11-17,54,77,1
2010-11-17,56,487,1
2010-11-17,57,207,1
2010-11-17,59,499,1
2010-11-17,61,334,1
2010-11-17,74,127,1
2010-11-17,105,780,1
2010-11-17,137,567,1
2010-11-17,464,988,1
2010-11-18,1,1,1
2010-11-18,1,2,2
2010-11-18,1,3,1
2010-11-18,1,32,1
2010-11-18,1,192,1
2010-11-18,1,200,1
2010-11-18,1,600,1
2010-11-18,2,4,1
2010-11-18,2,100,1
2010-11-18,2,240,1
2010-11-18,3,4,1
2010-11-18,3,10,1
2010-11-18,3,120,1
2010-11-18,3,360,1
2010-11-18,4,35,1
2010-11-18,4,72,1
2010-11-18,4,204,1
2010-11-18,4,208,1
2010-11-18,5,21,1
2010-11-18,5,84,1
2010-11-18,5,90,1
2010-11-18,6,59,1
2010-11-18,6,60,1
2010-11-18,6,86,1
2010-11-18,6,98,1
2010-11-18,6,112,1
2010-11-18,6,189,1
2010-11-18,7,34,1
2010-11-18,7,44,1
2010-11-18,7,68,1
2010-11-18,7,100,1
2010-11-18,7,104,1
2010-11-18,8,50,1
2010-11-18,8,65,1
2010-11-18,8,132,1
2010-11-18,8,218,1
2010-11-18,9,72,1
2010-11-18,9,83,1
2010-11-18,9,121,1
2010-11-18,9,192,1
2010-11-18,10,113,1
2010-11-18,10,114,1
2010-11-18,10,298,1
2010-11-18,11,60,1
2010-11-18,11,378,1
2010-11-18,12,36,1
2010-11-18,12,285,1
2010-11-18,12,291,1
2010-11-18,13,261,1
2010-11-18,14,54,1
2010-11-18,15,152,1
2010-11-18,15,342,1
2010-11-18,16,47,1
2010-11-18,16,167,1
2010-11-18,17,70,1
2010-11-18,17,85,1
2010-11-18,17,98,1
2010-11-18,17,256,1
2010-11-18,19,75,1
2010-11-18,19,91,1
2010-11-18,19,113,1
2010-11-18,19,189,1
2010-11-18,19,209,1
2010-11-18,20,174,1
2010-11-18,20,313,1
2010-11-18,22,40,1
2010-11-18,23,42,1
2010-11-18,23,69,1
2010-11-18,23,216,1
2010-11-18,24,187,1
2010-11-18,24,282,1
2010-11-18,25,51,1
2010-11-18,25,244,1
2010-11-18,25,511,1
2010-11-18,26,225,1
2010-11-18,27,329,1
2010-11-18,27,660,1
2010-11-18,28,274,1
2010-11-18,29,290,1
2010-11-18,31,71,1
2010-11-18,31,80,1
2010-11-18,31,333,1
2010-11-18,32,149,1
2010-11-18,33,221,1
2010-11-18,33,848,1
2010-11-18,35,434,1
2010-11-18,37,257,1
2010-11-18,37,575,1
2010-11-18,39,469,1
2010-11-18,41,158,1
2010-11-18,43,190,1
2010-11-18,46,183,1
2010-11-18,48,287,1
2010-11-18,54,163,1
2010-11-18,56,486,1
2010-11-18,64,94,1
2010-11-18,65,669,1
2010-11-18,67,136,1
2010-11-18,76,222,1
2010-11-18,107,388,1
2010-11-18,136,915,1
2010-11-18,370,885,1
2010-11-18,429,1047,1
2010-11-19,1,1,1
2010-11-19,1,4,1
2010-11-19,1,5,1
2010-11-19,1,6,2
2010-11-19,1,16,1
2010-11-19,1,24,1
2010-11-19,1,30,2
2010-11-19,1,1680,1
2010-11-19,2,2,1
2010-11-19,2,192,1
2010-11-19,2,1632,1
2010-11-19,3,5,1
2010-11-19,3,9,1
2010-11-19,3,120,1
2010-11-19,3,138,1
2010-11-19,4,22,1
2010-11-19,4,30,1
2010-11-19,5,33,1
2010-11-19,5,41,1
2010-11-19,6,6,1
2010-11-19,6,10,2
2010-11-19,6,52,1
2010-11-19,6,216,1
2010-11-19,7,24,1
2010-11-19,7,132,1
2010-11-19,7,224,1
2010-11-19,7,520,1
2010-11-19,7,1144,1
2010-11-19,8,62,1
2010-11-19,9,52,1
2010-11-19,9,86,1
2010-11-19,9,116,1
2010-11-19,9,120,1
2010-11-19,9,126,1
2010-11-19,9,366,1
2010-11-19,9,814,1
2010-11-19,10,39,1
2010-11-19,10,53,1
2010-11-19,11,149,1
2010-11-19,12,53,1
2010-11-19,12,87,1
2010-11-19,12,159,1
2010-11-19,12,558,1
2010-11-19,13,299,1
2010-11-19,14,176,1
2010-11-19,14,178,1
2010-11-19,14,270,1
2010-11-19,15,102,1
2010-11-19,15,289,1
2010-11-19,16,70,1
2010-11-19,16,348,1
2010-11-19,17,246,1
2010-11-19,18,69,1
2010-11-19,18,167,1
2010-11-19,18,328,1
2010-11-19,18,492,1
2010-11-19,18,560,1
2010-11-19,19,42,1
2010-11-19,19,65,1
2010-11-19,19,158,1
2010-11-19,19,162,1
2010-11-19,20,67,1
2010-11-19,21,101,1
2010-11-19,21,174,1
2010-11-19,21,181,1
2010-11-19,21,248,1
2010-11-19,22,272,1
2010-11-19,24,207,1
2010-11-19,24,367,1
2010-11-19,26,374,1
2010-11-19,27,61,1
2010-11-19,27,472,1
2010-11-19,28,112,1
2010-11-19,28,143,1
2010-11-19,28,186,1
2010-11-19,29,79,1
2010-11-19,29,274,1
2010-11-19,31,111,1
2010-11-19,33,161,1
2010-11-19,34,467,1
2010-11-19,35,419,1
2010-11-19,36,1191,1
2010-11-19,39,120,1
2010-11-19,40,74,1
2010-11-19,40,191,1
2010-11-19,40,508,1
2010-11-19,44,149,1
2010-11-19,44,328,1
2010-11-19,46,354,1
2010-11-19,48,118,1
2010-11-19,53,208,1
2010-11-19,54,495,1
2010-11-19,57,86,1
2010-11-19,61,693,1
2010-11-19,63,86,1
2010-11-19,63,110,1
2010-11-19,63,636,1
2010-11-19,69,133,1
2010-11-19,84,169,1
2010-11-19,85,375,1
2010-11-19,90,407,1
2010-11-19,135,915,1
2010-11-19,146,336,1
2010-11-21,1,1,1
2010-11-21,1,3,1
2010-11-21,1,10,1
2010-11-21,2,13,1
2010-11-21,3,74,1
2010-11-21,4,10,1
2010-11-21,4,36,1
2010-11-21,5,24,2
2010-11-21,5,50,1
2010-11-21,5,68,1
2010-11-21,5,180,1
2010-11-21,7,20,1
2010-11-21,7,46,1
2010-11-21,9,63,1
2010-11-21,9,87,1
2010-11-21,10,14,1
2010-11-21,10,105,1
2010-11-21,10,185,1
2010-11-21,11,93,1
2010-11-21,12,63,1
2010-11-21,12,76,1
2010-11-21,12,98,1
2010-11-21,12,107,1
2010-11-21,12,171,1
2010-11-21,12,206,1
2010-11-21,12,368,1
2010-11-21,13,100,1
2010-11-21,13,196,1
2010-11-21,14,72,1
2010-11-21,14,122,1
2010-11-21,14,234,1
2010-11-21,14,264,1
2010-11-21,15,105,1
2010-11-21,15,143,1
2010-11-21,16,119,1
2010-11-21,17,137,1
2010-11-21,17,312,1
2010-11-21,18,135,2
2010-11-21,18,171,1
2010-11-21,18,232,1
2010-11-21,19,58,1
2010-11-21,19,118,1
2010-11-21,19,128,1
2010-11-21,19,164,1
2010-11-21,20,68,1
2010-11-21,20,279,1
2010-11-21,21,83,1
2010-11-21,21,88,1
2010-11-21,21,93,1
2010-11-21,21,161,1
2010-11-21,22,301,1
2010-11-21,22,381,1
2010-11-21,23,106,1
2010-11-21,24,72,1
2010-11-21,24,192,1
2010-11-21,25,63,1
2010-11-21,25,221,1
2010-11-21,25,329,1
2010-11-21,31,214,1
2010-11-21,32,90,1
2010-11-21,34,154,1
2010-11-21,36,99,1
2010-11-21,38,80,1
2010-11-21,38,125,1
2010-11-21,43,139,1
2010-11-21,43,173,1
2010-11-21,43,358,1
2010-11-21,44,74,1
2010-11-21,44,143,1
2010-11-21,44,454,1
2010-11-21,45,107,1
2010-11-21,46,193,1
2010-11-21,46,474,1
2010-11-21,49,63,1
2010-11-21,49,231,1
2010-11-21,50,70,1
2010-11-21,52,91,1
2010-11-21,53,267,1
2010-11-21,53,372,1
2010-11-21,60,230,1
2010-11-21,73,238,1
2010-11-21,74,1185,1
2010-11-21,76,289,1
2010-11-21,79,1393,1
2010-11-21,83,177,1
2010-11-21,88,174,1
2010-11-21,90,252,1
2010-11-21,94,220,1
2010-11-21,97,258,1
2010-11-21,99,470,1
2010-11-21,104,385,1
2010-11-21,110,304,1
2010-11-21,168,395,1
2010-11-21,207,642,1
2010-11-22,1,1,1
2010-11-22,1,12,1
2010-11-22,1,40,1
2010-11-22,1,100,1
2010-11-22,1,960,1
2010-11-22,2,4,1
2010-11-22,2,15,1
2010-11-22,2,18,1
2010-11-22,2,192,1
2010-11-22,3,25,1
2010-11-22,3,51,1
2010-11-22,3,60,1
2010-11-22,3,126,1
2010-11-22,4,16,1
2010-11-22,4,29,1
2010-11-22,4,55,1
2010-11-22,4,57,1
2010-11-22,4,100,1
2010-11-22,4,120,1
2010-11-22,5,5,1
2010-11-22,5,48,1
2010-11-22,5,110,1
2010-11-22,6,60,1
2010-11-22,6,78,1
2010-11-22,7,80,1
2010-11-22,7,140,1
2010-11-22,7,244,1
2010-11-22,7,324,1
2010-11-22,8,58,1
2010-11-22,8,90,1
2010-11-22,8,124,1
2010-11-22,8,178,1
2010-11-22,8,328,1
2010-11-22,9,82,1
2010-11-22,9,134,1
2010-11-22,9,186,1
2010-11-22,10,44,1
2010-11-22,10,101,1
2010-11-22,10,131,1
2010-11-22,10,195,1
2010-11-22,12,74,1
2010-11-22,12,131,1
2010-11-22,13,80,1
2010-11-22,14,159,1
2010-11-22,14,419,1
2010-11-22,15,78,1
2010-11-22,15,177,1
2010-11-22,17,116,1
2010-11-22,17,175,1
2010-11-22,17,320,1
2010-11-22,20,212,1
2010-11-22,20,236,1
2010-11-22,21,91,1
2010-11-22,21,111,1
2010-11-22,21,158,1
2010-11-22,22,26,1
2010-11-22,22,416,1
2010-11-22,23,69,1
2010-11-22,23,300,1
2010-11-22,24,140,1
2010-11-22,25,115,1
2010-11-22,25,361,1
2010-11-22,27,299,1
2010-11-22,27,351,1
2010-11-22,27,520,1
2010-11-22,30,116,1
2010-11-22,30,212,1
2010-11-22,31,90,1
2010-11-22,31,716,1
2010-11-22,32,179,1
2010-11-22,33,135,1
2010-11-22,33,267,1
2010-11-22,33,581,1
2010-11-22,34,97,1
2010-11-22,34,149,1
2010-11-22,47,155,1
2010-11-22,51,307,1
2010-11-22,52,119,1
2010-11-22,52,691,1
2010-11-22,55,102,1
2010-11-22,55,178,1
2010-11-22,56,100,1
2010-11-22,57,298,1
2010-11-22,61,369,1
2010-11-22,74,121,1
2010-11-22,75,310,1
2010-11-22,77,1097,1
2010-11-22,93,235,1
2010-11-22,124,435,1
2010-11-22,421,963,1
2010-11-22,428,932,1
2010-11-22,439,974,1
2010-11-23,1,1,1
2010-11-23,1,2,2
2010-11-23,1,4,1
2010-11-23,1,12,2
2010-11-23,1,16,1
2010-11-23,1,24,1
2010-11-23,1,48,1
2010-11-23,1,96,1
2010-11-23,1,120,1
2010-11-23,2,8,1
2010-11-23,2,12,1
2010-11-23,2,18,1
2010-11-23,2,24,1
2010-11-23,2,48,1
2010-11-23,2,88,1
2010-11-23,2,120,1
2010-11-23,2,348,1
2010-11-23,3,7,1
2010-11-23,3,11,1
2010-11-23,3,18,1
2010-11-23,3,43,1
2010-11-23,3,48,1
2010-11-23,3,60,1
2010-11-23,3,197,1
2010-11-23,3,294,1
2010-11-23,4,48,1
2010-11-23,4,112,1
2010-11-23,4,152,1
2010-11-23,4,240,1
2010-11-23,5,87,1
2010-11-23,6,42,1
2010-11-23,6,56,1
2010-11-23,7,13,1
2010-11-23,7,132,1
2010-11-23,7,140,1
2010-11-23,7,153,1
2010-11-23,8,29,1
2010-11-23,8,48,1
2010-11-23,8,85,1
2010-11-23,8,116,1
2010-11-23,8,142,1
2010-11-23,8,144,1
2010-11-23,9,78,1
2010-11-23,9,83,1
2010-11-23,9,93,1
2010-11-23,9,276,1
2010-11-23,10,65,1
2010-11-23,10,111,1
2010-11-23,10,126,2
2010-11-23,10,297,1
2010-11-23,11,72,1
2010-11-23,11,100,1
2010-11-23,11,118,1
2010-11-23,12,113,1
2010-11-23,13,143,1
2010-11-23,13,1812,1
2010-11-23,14,21,1
2010-11-23,15,137,1
2010-11-23,15,176,2
2010-11-23,16,67,1
2010-11-23,16,187,1
2010-11-23,17,155,1
2010-11-23,17,160,1
2010-11-23,17,848,1
2010-11-23,18,107,1
2010-11-23,18,145,1
2010-11-23,18,229,1
2010-11-23,18,276,1
2010-11-23,18,286,1
2010-11-23,19,108,1
2010-11-23,19,171,1
2010-11-23,19,199,1
2010-11-23,20,137,1
2010-11-23,20,138,1
2010-11-23,20,208,1
2010-11-23,21,29,1
2010-11-23,21,93,1
2010-11-23,21,177,1
2010-11-23,21,252,1
2010-11-23,22,82,1
2010-11-23,22,100,1
2010-11-23,22,124,1
2010-11-23,22,386,1
2010-11-23,22,550,1
2010-11-23,23,168,1
2010-11-23,24,278,1
2010-11-23,25,86,1
2010-11-23,25,99,1
2010-11-23,25,132,1
2010-11-23,25,147,1
2010-11-23,25,255,1
2010-11-23,26,301,1
2010-11-23,27,324,1
2010-11-23,28,198,1
2010-11-23,28,389,1
2010-11-23,29,147,1
2010-11-23,29,337,1
2010-11-23,31,40,1
2010-11-23,32,112,1
2010-11-23,33,574,1
2010-11-23,36,250,1
2010-11-23,37,73,1
2010-11-23,37,140,1
2010-11-23,38,414,1
2010-11-23,39,310,1
2010-11-23,41,67,1
2010-11-23,42,146,1
2010-11-23,43,265,1
2010-11-23,43,292,1
2010-11-23,45,240,1
2010-11-23,45,260,1
2010-11-23,48,1306,1
2010-11-23,50,278,1
2010-11-23,55,73,1
2010-11-23,55,274,1
2010-11-23,56,840,1
2010-11-23,58,259,1
2010-11-23,59,265,1
2010-11-23,60,673,1
2010-11-23,62,333,1
2010-11-23,71,394,1
2010-11-23,74,145,1
2010-11-23,87,134,1
2010-11-23,93,562,1
2010-11-23,114,588,1
2010-11-23,429,938,1
2010-11-23,459,1075,1
2010-11-24,1,1,3
2010-11-24,1,2,4
2010-11-24,1,6,1
2010-11-24,1,12,1
2010-11-24,1,16,1
2010-11-24,1,32,1
2010-11-24,1,40,1
2010-11-24,1,64,1
2010-11-24,1,96,2
2010-11-24,1,288,1
2010-11-24,1,600,1
2010-11-24,1,1000,1
2010-11-24,1,1584,1
2010-11-24,2,2,1
2010-11-24,2,3,1
2010-11-24,2,10,1
2010-11-24,2,19,1
2010-11-24,2,54,1
2010-11-24,2,208,1
2010-11-24,3,5,1
2010-11-24,3,19,1
2010-11-24,3,31,1
2010-11-24,3,40,1
2010-11-24,3,76,1
2010-11-24,4,5,1
2010-11-24,4,84,1
2010-11-24,4,90,1
2010-11-24,4,95,1
2010-11-24,4,252,1
2010-11-24,4,434,1
2010-11-24,5,40,1
2010-11-24,5,43,1
2010-11-24,5,120,1
2010-11-24,6,30,1
2010-11-24,6,40,1
2010-11-24,6,139,1
2010-11-24,6,188,1
2010-11-24,6,506,1
2010-11-24,7,64,1
2010-11-24,7,110,1
2010-11-24,7,136,1
2010-11-24,8,96,1
2010-11-24,8,114,1
2010-11-24,8,162,1
2010-11-24,8,164,1
2010-11-24,8,271,1
2010-11-24,8,946,1
2010-11-24,9,55,1
2010-11-24,9,62,1
2010-11-24,9,68,1
2010-11-24,9,75,1
2010-11-24,9,107,1
2010-11-24,9,152,1
2010-11-24,11,38,1
2010-11-24,11,92,1
2010-11-24,11,166,1
2010-11-24,11,180,1
2010-11-24,11,193,1
2010-11-24,11,202,1
2010-11-24,11,234,1
2010-11-24,12,23,1
2010-11-24,12,143,1
2010-11-24,12,322,1
2010-11-24,14,118,1
2010-11-24,14,121,1
2010-11-24,14,389,1
2010-11-24,15,156,1
2010-11-24,15,414,1
2010-11-24,15,1328,1
2010-11-24,16,20,1
2010-11-24,16,50,1
2010-11-24,16,147,1
2010-11-24,16,187,1
2010-11-24,16,307,1
2010-11-24,18,83,1
2010-11-24,18,124,1
2010-11-24,18,151,1
2010-11-24,18,167,1
2010-11-24,19,60,1
2010-11-24,20,156,1
2010-11-24,20,200,1
2010-11-24,21,239,1
2010-11-24,22,198,1
2010-11-24,22,213,1
2010-11-24,23,141,1
2010-11-24,23,172,1
2010-11-24,23,292,1
2010-11-24,24,229,1
2010-11-24,25,238,1
2010-11-24,25,605,1
2010-11-24,26,52,1
2010-11-24,26,72,1
2010-11-24,26,298,1
2010-11-24,27,256,1
2010-11-24,28,74,1
2010-11-24,29,68,1
2010-11-24,29,72,1
2010-11-24,29,1667,1
2010-11-24,32,466,1
2010-11-24,35,105,1
2010-11-24,37,56,1
2010-11-24,37,93,1
2010-11-24,39,62,1
2010-11-24,40,229,1
2010-11-24,40,468,1
2010-11-24,42,77,1
2010-11-24,42,223,1
2010-11-24,43,206,1
2010-11-24,45,159,1
2010-11-24,46,107,1
2010-11-24,46,430,1
2010-11-24,47,320,1
2010-11-24,51,62,1
2010-11-24,51,210,1
2010-11-24,58,99,1
2010-11-24,58,115,1
2010-11-24,61,179,1
2010-11-24,65,300,1
2010-11-24,66,96,1
2010-11-24,66,133,1
2010-11-24,66,195,1
2010-11-24,68,114,1
2010-11-24,75,146,1
2010-11-24,77,162,1
2010-11-24,82,150,1
2010-11-24,88,432,1
2010-11-24,130,395,1
2010-11-24,156,1744,1
2010-11-24,471,1742,1
2010-11-25,1,1,1
2010-11-25,1,2,1
2010-11-25,1,8,1
2010-11-25,1,10,1
2010-11-25,1,12,3
2010-11-25,1,48,1
2010-11-25,1,80,1
2010-11-25,1,100,1
2010-11-25,1,500,1
2010-11-25,2,8,1
2010-11-25,2,34,1
2010-11-25,2,36,1
2010-11-25,2,49,1
2010-11-25,2,192,1
2010-11-25,2,243,1
2010-11-25,3,26,1
2010-11-25,3,40,1
2010-11-25,3,48,1
2010-11-25,3,76,2
2010-11-25,3,228,1
2010-11-25,4,6,1
2010-11-25,4,10,1
2010-11-25,4,76,1
2010-11-25,4,88,1
2010-11-25,4,104,1
2010-11-25,4,325,1
2010-11-25,5,36,1
2010-11-25,5,82,1
2010-11-25,5,111,1
2010-11-25,5,220,1
2010-11-25,5,312,1
2010-11-25,5,384,1
2010-11-25,5,430,1
2010-11-25,5,502,1
2010-11-25,6,6,1
2010-11-25,6,37,1
2010-11-25,6,62,1
2010-11-25,6,63,1
2010-11-25,6,76,1
2010-11-25,6,136,1
2010-11-25,7,46,1
2010-11-25,7,190,1
2010-11-25,8,50,1
2010-11-25,8,78,1
2010-11-25,8,83,1
2010-11-25,8,93,1
2010-11-25,8,97,1
2010-11-25,8,112,1
2010-11-25,9,76,1
2010-11-25,9,100,2
2010-11-25,10,108,1
2010-11-25,11,98,1
2010-11-25,11,99,1
2010-11-25,11,298,1
2010-11-25,12,53,1
2010-11-25,12,68,1
2010-11-25,12,94,1
2010-11-25,12,288,1
2010-11-25,13,63,1
2010-11-25,13,100,1
2010-11-25,13,115,1
2010-11-25,13,153,1
2010-11-25,13,157,1
2010-11-25,13,203,1
2010-11-25,13,332,1
2010-11-25,13,400,1
2010-11-25,14,132,1
2010-11-25,14,198,1
2010-11-25,14,463,1
2010-11-25,15,105,1
2010-11-25,15,134,1
2010-11-25,15,185,1
2010-11-25,15,207,1
2010-11-25,15,359,1
2010-11-25,15,440,1
2010-11-25,16,122,1
2010-11-25,17,53,1
2010-11-25,17,83,1
2010-11-25,17,124,1
2010-11-25,17,139,1
2010-11-25,18,144,1
2010-11-25,18,218,1
2010-11-25,19,123,1
2010-11-25,19,516,1
2010-11-25,20,162,1
2010-11-25,20,194,1
2010-11-25,20,216,1
2010-11-25,21,149,1
2010-11-25,21,196,1
2010-11-25,21,247,1
2010-11-25,21,352,1
2010-11-25,22,146,1
2010-11-25,23,68,1
2010-11-25,24,152,1
2010-11-25,24,571,1
2010-11-25,25,189,1
2010-11-25,25,222,1
2010-11-25,25,284,1
2010-11-25,26,57,1
2010-11-25,26,274,1
2010-11-25,27,59,1
2010-11-25,27,243,1
2010-11-25,27,399,1
2010-11-25,28,112,1
2010-11-25,28,225,1
2010-11-25,28,357,1
2010-11-25,28,373,1
2010-11-25,29,149,1
2010-11-25,29,284,1
2010-11-25,29,394,1
2010-11-25,30,214,1
2010-11-25,31,324,1
2010-11-25,32,274,1
2010-11-25,32,337,1
2010-11-25,32,389,1
2010-11-25,33,65,1
2010-11-25,33,66,1
2010-11-25,33,79,1
2010-11-25,34,81,1
2010-11-25,34,329,1
2010-11-25,35,641,1
2010-11-25,36,184,1
2010-11-25,37,67,1
2010-11-25,37,75,1
2010-11-25,38,83,1
2010-11-25,38,474,1
2010-11-25,39,557,1
2010-11-25,40,180,1
2010-11-25,40,419,1
2010-11-25,42,92,1
2010-11-25,42,94,1
2010-11-25,42,154,1
2010-11-25,42,392,1
2010-11-25,43,132,1
2010-11-25,43,10014,1
2010-11-25,47,73,1
2010-11-25,48,145,1
2010-11-25,50,210,1
2010-11-25,51,174,1
2010-11-25,53,206,1
2010-11-25,57,373,1
2010-11-25,60,192,1
2010-11-25,64,594,1
2010-11-25,69,115,1
2010-11-25,95,603,1
2010-11-25,129,247,1
2010-11-25,471,1093,1
2010-11-26,1,1,1
2010-11-26,1,5,1
2010-11-26,1,6,1
2010-11-26,1,20,1
2010-11-26,1,100,4
2010-11-26,1,144,1
2010-11-26,2,2,1
2010-11-26,2,168,1
2010-11-26,3,130,1
2010-11-26,4,28,1
2010-11-26,4,29,1
2010-11-26,4,31,1
2010-11-26,4,164,1
2010-11-26,4,240,1
2010-11-26,4,306,1
2010-11-26,5,60,1
2010-11-26,5,68,1
2010-11-26,6,39,1
2010-11-26,7,100,1
2010-11-26,7,132,1
2010-11-26,8,52,1
2010-11-26,8,63,1
2010-11-26,8,78,1
2010-11-26,9,192,1
2010-11-26,10,13,1
2010-11-26,10,106,1
2010-11-26,10,336,1
2010-11-26,11,97,1
2010-11-26,11,147,1
2010-11-26,11,259,1
2010-11-26,12,212,1
2010-11-26,13,13,1
2010-11-26,13,94,1
2010-11-26,13,133,1
2010-11-26,13,145,1
2010-11-26,14,42,1
2010-11-26,15,179,1
2010-11-26,17,53,1
2010-11-26,17,101,1
2010-11-26,17,125,1
2010-11-26,17,309,1
2010-11-26,19,168,1
2010-11-26,19,326,1
2010-11-26,19,354,1
2010-11-26,21,149,1
2010-11-26,22,177,1
2010-11-26,22,189,1
2010-11-26,23,49,1
2010-11-26,23,81,1
2010-11-26,23,322,1
2010-11-26,24,257,1
2010-11-26,25,117,1
2010-11-26,25,251,1
2010-11-26,26,129,1
2010-11-26,27,261,1
2010-11-26,29,287,1
2010-11-26,29,335,1
2010-11-26,30,361,1
2010-11-26,31,152,1
2010-11-26,31,283,1
2010-11-26,34,466,1
2010-11-26,35,46,1
2010-11-26,35,261,1
2010-11-26,35,281,1
2010-11-26,36,405,1
2010-11-26,38,68,1
2010-11-26,38,359,1
2010-11-26,39,478,1
2010-11-26,41,361,1
2010-11-26,45,80,1
2010-11-26,45,206,1
2010-11-26,46,433,1
2010-11-26,46,446,1
2010-11-26,48,446,1
2010-11-26,58,172,1
2010-11-26,59,111,1
2010-11-26,64,135,1
2010-11-26,65,300,1
2010-11-26,70,421,1
2010-11-26,72,132,1
2010-11-26,74,220,1
2010-11-26,75,194,1
2010-11-26,118,922,1
2010-11-26,129,482,1
2010-11-26,441,1390,1
2010-11-28,1,5,1
2010-11-28,1,8,1
2010-11-28,2,24,1
2010-11-28,2,75,1
2010-11-28,3,7,1
2010-11-28,4,43,1
2010-11-28,4,155,1
2010-11-28,5,32,1
2010-11-28,5,48,1
2010-11-28,5,108,1
2010-11-28,5,143,1
2010-11-28,5,144,1
2010-11-28,6,17,1
2010-11-28,6,32,1
2010-11-28,7,75,1
2010-11-28,7,106,1
2010-11-28,7,147,1
2010-11-28,7,552,1
2010-11-28,8,175,1
2010-11-28,8,240,1
2010-11-28,9,37,1
2010-11-28,10,11,1
2010-11-28,10,155,1
2010-11-28,12,47,1
2010-11-28,12,75,1
2010-11-28,13,64,1
2010-11-28,13,95,2
2010-11-28,13,228,1
2010-11-28,14,1149,1
2010-11-28,15,26,1
2010-11-28,15,36,1
2010-11-28,15,256,1
2010-11-28,19,139,1
2010-11-28,19,184,1
2010-11-28,20,77,1
2010-11-28,20,177,1
2010-11-28,22,100,1
2010-11-28,22,269,1
2010-11-28,24,77,1
2010-11-28,24,679,1
2010-11-28,25,203,1
2010-11-28,25,299,1
2010-11-28,25,540,1
2010-11-28,26,154,1
2010-11-28,26,290,1
2010-11-28,27,103,1
2010-11-28,27,158,1
2010-11-28,27,197,1
2010-11-28,28,50,1
2010-11-28,28,60,1
2010-11-28,28,77,1
2010-11-28,28,264,1
2010-11-28,29,66,1
2010-11-28,29,152,1
2010-11-28,30,53,1
2010-11-28,30,327,1
2010-11-28,30,370,1
2010-11-28,32,113,1
2010-11-28,33,146,1
2010-11-28,33,166,1
2010-11-28,35,246,1
2010-11-28,36,383,1
2010-11-28,38,187,1
2010-11-28,39,55,1
2010-11-28,40,87,1
2010-11-28,40,208,1
2010-11-28,41,73,1
2010-11-28,41,226,1
2010-11-28,42,68,1
2010-11-28,43,84,1
2010-11-28,43,116,1
2010-11-28,44,57,1
2010-11-28,44,214,1
2010-11-28,45,148,1
2010-11-28,46,63,1
2010-11-28,48,86,1
2010-11-28,49,172,1
2010-11-28,50,157,1
2010-11-28,55,95,1
2010-11-28,57,80,1
2010-11-28,60,192,1
2010-11-28,61,243,1
2010-11-28,61,1626,1
2010-11-28,63,206,1
2010-11-28,70,169,1
2010-11-28,79,203,1
2010-11-28,88,328,1
2010-11-28,90,368,1
2010-11-28,132,500,1
2010-11-29,1,12,3
2010-11-29,1,24,1
2010-11-29,1,72,2
2010-11-29,2,24,1
2010-11-29,2,120,2
2010-11-29,2,336,1
2010-11-29,3,26,1
2010-11-29,3,68,1
2010-11-29,3,102,1
2010-11-29,5,6,1
2010-11-29,5,39,1
2010-11-29,5,244,1
2010-11-29,5,296,1
2010-11-29,5,752,1
2010-11-29,6,57,1
2010-11-29,6,105,1
2010-11-29,6,212,1
2010-11-29,6,420,1
2010-11-29,7,468,1
2010-11-29,7,518,1
2010-11-29,8,56,2
2010-11-29,8,57,1
2010-11-29,8,78,1
2010-11-29,8,140,1
2010-11-29,8,744,1
2010-11-29,9,17,1
2010-11-29,9,62,1
2010-11-29,10,507,1
2010-11-29,11,16,1
2010-11-29,12,26,1
2010-11-29,12,111,1
2010-11-29,12,388,1
2010-11-29,13,23,1
2010-11-29,13,94,1
2010-11-29,13,252,1
2010-11-29,14,112,1
2010-11-29,15,130,1
2010-11-29,16,42,1
2010-11-29,16,50,1
2010-11-29,16,116,1
2010-11-29,16,244,1
2010-11-29,16,334,1
2010-11-29,17,175,1
2010-11-29,17,230,1
2010-11-29,17,244,1
2010-11-29,17,590,1
2010-11-29,19,126,1
2010-11-29,19,207,1
2010-11-29,20,174,1
2010-11-29,20,2126,1
2010-11-29,21,221,1
2010-11-29,21,261,1
2010-11-29,22,46,1
2010-11-29,22,122,1
2010-11-29,22,215,1
2010-11-29,22,228,1
2010-11-29,22,236,1
2010-11-29,23,39,1
2010-11-29,24,266,1
2010-11-29,25,1036,1
2010-11-29,27,126,1
2010-11-29,27,154,1
2010-11-29,27,213,1
2010-11-29,29,71,1
2010-11-29,29,287,1
2010-11-29,29,374,1
2010-11-29,31,136,1
2010-11-29,31,179,1
2010-11-29,34,371,1
2010-11-29,36,330,1
2010-11-29,37,101,1
2010-11-29,38,136,1
2010-11-29,38,297,1
2010-11-29,43,73,1
2010-11-29,43,598,1
2010-11-29,44,112,1
2010-11-29,46,275,1
2010-11-29,47,193,1
2010-11-29,47,470,1
2010-11-29,48,179,1
2010-11-29,49,185,1
2010-11-29,50,115,1
2010-11-29,54,120,1
2010-11-29,54,361,1
2010-11-29,58,522,1
2010-11-29,59,817,1
2010-11-29,60,487,1
2010-11-29,60,569,1
2010-11-29,65,142,1
2010-11-29,71,366,1
2010-11-29,72,335,1
2010-11-29,74,143,1
2010-11-29,74,367,1
2010-11-29,82,299,1
2010-11-29,83,452,1
2010-11-29,93,142,1
2010-11-29,97,541,1
2010-11-29,99,12048,1
2010-11-29,112,430,1
2010-11-29,500,1225,1
2010-11-29,581,1426,1
2010-11-30,1,1,3
2010-11-30,1,2,1
2010-11-30,1,4,1
2010-11-30,1,12,3
2010-11-30,1,16,1
2010-11-30,1,24,1
2010-11-30,1,48,2
2010-11-30,1,96,1
2010-11-30,2,2,3
2010-11-30,2,16,1
2010-11-30,2,72,1
2010-11-30,3,3,1
2010-11-30,3,22,1
2010-11-30,3,36,2
2010-11-30,3,68,1
2010-11-30,3,70,1
2010-11-30,4,66,1
2010-11-30,4,94,1
2010-11-30,4,172,1
2010-11-30,5,12,1
2010-11-30,5,52,1
2010-11-30,5,79,1
2010-11-30,5,86,1
2010-11-30,5,120,1
2010-11-30,6,23,1
2010-11-30,6,114,1
2010-11-30,6,148,1
2010-11-30,6,196,1
2010-11-30,6,480,1
2010-11-30,7,14,1
2010-11-30,7,74,1
2010-11-30,7,99,1
2010-11-30,7,118,1
2010-11-30,8,37,1
2010-11-30,8,51,1
2010-11-30,8,92,1
2010-11-30,9,88,1
2010-11-30,9,158,1
2010-11-30,9,162,1
2010-11-30,9,235,1
2010-11-30,9,344,1
2010-11-30,9,532,1
2010-11-30,10,96,1
2010-11-30,10,100,1
2010-11-30,10,137,1
2010-11-30,10,290,1
2010-11-30,12,24,1
2010-11-30,12,76,1
2010-11-30,12,92,1
2010-11-30,12,106,1
2010-11-30,12,146,1
2010-11-30,12,271,1
2010-11-30,12,282,1
2010-11-30,13,69,1
2010-11-30,13,70,1
2010-11-30,13,133,1
2010-11-30,13,144,1
2010-11-30,13,190,1
2010-11-30,13,772,1
2010-11-30,14,134,1
2010-11-30,14,156,1
2010-11-30,15,51,1
2010-11-30,15,125,1
2010-11-30,16,143,1
2010-11-30,16,145,1
2010-11-30,17,132,1
2010-11-30,17,173,1
2010-11-30,18,132,1
2010-11-30,18,149,1
2010-11-30,19,144,1
2010-11-30,19,186,1
2010-11-30,19,221,1
2010-11-30,20,216,1
2010-11-30,21,176,1
2010-11-30,21,243,1
2010-11-30,21,280,1
2010-11-30,21,365,1
2010-11-30,22,1148,1
2010-11-30,23,46,1
2010-11-30,23,171,1
2010-11-30,23,199,1
2010-11-30,24,171,1
2010-11-30,24,269,1
2010-11-30,24,335,1
2010-11-30,24,571,1
2010-11-30,25,71,1
2010-11-30,26,103,1
2010-11-30,27,128,1
2010-11-30,27,274,1
2010-11-30,29,518,1
2010-11-30,31,102,1
2010-11-30,33,123,1
2010-11-30,33,165,1
2010-11-30,33,198,1
2010-11-30,33,474,1
2010-11-30,34,85,1
2010-11-30,34,569,1
2010-11-30,35,163,1
2010-11-30,35,3351,1
2010-11-30,36,106,1
2010-11-30,42,112,1
2010-11-30,45,232,1
2010-11-30,49,67,1
2010-11-30,49,182,1
2010-11-30,52,159,1
2010-11-30,52,790,1
2010-11-30,54,204,1
2010-11-30,56,338,1
2010-11-30,59,166,1
2010-11-30,59,735,1
2010-11-30,64,221,1
2010-11-30,76,182,1
2010-11-30,78,1500,1
2010-11-30,148,1858,1
2010-12-01,1,1,1
2010-12-01,1,2,1
2010-12-01,1,3,2
2010-12-01,1,5,1
2010-12-01,1,8,1
2010-12-01,1,12,4
2010-12-01,1,24,1
2010-12-01,1,32,1
2010-12-01,1,80,1
2010-12-01,1,96,1
2010-12-01,1,120,1
2010-12-01,1,128,1
2010-12-01,1,200,1
2010-12-01,1,384,1
2010-12-01,2,2,2
2010-12-01,2,12,6
2010-12-01,2,18,1
2010-12-01,2,60,1
2010-12-01,2,112,1
2010-12-01,2,216,1
2010-12-01,2,276,1
2010-12-01,3,95,1
2010-12-01,3,116,1
2010-12-01,3,236,1
2010-12-01,4,15,1
2010-12-01,4,24,1
2010-12-01,4,136,1
2010-12-01,4,388,1
2010-12-01,5,19,1
2010-12-01,5,34,1
2010-12-01,5,39,1
2010-12-01,5,51,1
2010-12-01,5,86,1
2010-12-01,5,118,1
2010-12-01,5,1440,1
2010-12-01,6,9,1
2010-12-01,6,66,1
2010-12-01,6,80,1
2010-12-01,6,93,1
2010-12-01,6,110,1
2010-12-01,6,1004,1
2010-12-01,7,40,1
2010-12-01,7,44,1
2010-12-01,7,53,1
2010-12-01,7,132,1
2010-12-01,8,71,1
2010-12-01,8,104,1
2010-12-01,8,858,1
2010-12-01,9,38,1
2010-12-01,9,78,1
2010-12-01,9,94,1
2010-12-01,9,129,1
2010-12-01,9,165,1
2010-12-01,10,103,1
2010-12-01,11,103,1
2010-12-01,11,108,1
2010-12-01,11,138,1
2010-12-01,11,544,1
2010-12-01,12,71,1
2010-12-01,12,83,1
2010-12-01,12,112,1
2010-12-01,12,134,1
2010-12-01,13,29,1
2010-12-01,13,190,1
2010-12-01,13,256,1
2010-12-01,14,74,1
2010-12-01,14,107,1
2010-12-01,14,108,1
2010-12-01,14,111,1
2010-12-01,14,156,1
2010-12-01,14,158,1
2010-12-01,14,260,1
2010-12-01,14,1070,1
2010-12-01,15,102,1
2010-12-01,15,140,1
2010-12-01,16,88,2
2010-12-01,16,392,1
2010-12-01,16,1122,1
2010-12-01,17,96,1
2010-12-01,17,137,1
2010-12-01,17,150,1
2010-12-01,17,184,1
2010-12-01,18,99,1
2010-12-01,18,102,1
2010-12-01,18,284,1
2010-12-01,19,230,1
2010-12-01,19,446,1
2010-12-01,19,454,1
2010-12-01,21,301,1
2010-12-01,22,313,1
2010-12-01,23,72,1
2010-12-01,23,416,1
2010-12-01,24,1568,1
2010-12-01,27,160,1
2010-12-01,28,71,1
2010-12-01,28,438,1
2010-12-01,31,146,1
2010-12-01,32,329,1
2010-12-01,35,72,1
2010-12-01,35,88,1
2010-12-01,35,198,1
2010-12-01,40,93,1
2010-12-01,48,558,1
2010-12-01,54,86,1
2010-12-01,57,124,1
2010-12-01,58,173,1
2010-12-01,59,228,1
2010-12-01,64,124,1
2010-12-01,65,153,1
2010-12-01,65,199,1
2010-12-01,71,197,1
2010-12-01,73,1852,1
2010-12-01,81,220,1
2010-12-01,85,160,1
2010-12-01,526,1207,1
2010-12-01,591,1477,1
2010-12-02,1,1,2
2010-12-02,1,6,2
2010-12-02,1,12,1
2010-12-02,1,24,2
2010-12-02,1,36,1
2010-12-02,1,40,1
2010-12-02,1,60,1
2010-12-02,1,69,1
2010-12-02,1,72,1
2010-12-02,1,128,1
2010-12-02,1,160,1
2010-12-02,1,204,1
2010-12-02,1,1824,1
2010-12-02,2,12,11
2010-12-02,2,14,1
2010-12-02,2,24,1
2010-12-02,2,48,1
2010-12-02,2,144,1
2010-12-02,2,4280,1
2010-12-02,3,13,1
2010-12-02,3,30,1
2010-12-02,3,38,1
2010-12-02,3,96,1
2010-12-02,4,4,1
2010-12-02,4,40,1
2010-12-02,4,76,1
2010-12-02,4,96,1
2010-12-02,4,260,1
2010-12-02,5,26,1
2010-12-02,5,84,1
2010-12-02,5,97,1
2010-12-02,5,132,1
2010-12-02,5,1296,1
2010-12-02,6,56,1
2010-12-02,6,80,1
2010-12-02,6,156,1
2010-12-02,6,1008,1
2010-12-02,7,36,1
2010-12-02,7,42,1
2010-12-02,7,66,1
2010-12-02,7,67,1
2010-12-02,7,180,1
2010-12-02,8,50,1
2010-12-02,8,64,1
2010-12-02,8,504,1
2010-12-02,9,54,1
2010-12-02,9,114,1
2010-12-02,10,126,1
2010-12-02,10,137,1
2010-12-02,10,147,1
2010-12-02,10,298,1
2010-12-02,11,11,1
2010-12-02,11,70,1
2010-12-02,11,130,1
2010-12-02,11,644,1
2010-12-02,12,31,1
2010-12-02,12,56,1
2010-12-02,12,64,2
2010-12-02,12,75,1
2010-12-02,12,108,1
2010-12-02,12,331,1
2010-12-02,13,41,1
2010-12-02,13,46,1
2010-12-02,13,76,1
2010-12-02,13,92,1
2010-12-02,14,64,1
2010-12-02,14,125,1
2010-12-02,14,134,1
2010-12-02,14,153,1
2010-12-02,14,159,1
2010-12-02,14,255,1
2010-12-02,15,15,1
2010-12-02,15,82,1
2010-12-02,15,107,1
2010-12-02,15,130,1
2010-12-02,16,86,1
2010-12-02,16,88,2
2010-12-02,16,106,1
2010-12-02,16,144,1
2010-12-02,16,214,1
2010-12-02,16,879,1
2010-12-02,17,92,1
2010-12-02,17,108,1
2010-12-02,17,113,1
2010-12-02,17,141,1
2010-12-02,17,190,1
2010-12-02,17,197,1
2010-12-02,17,230,1
2010-12-02,18,93,1
2010-12-02,18,105,1
2010-12-02,18,122,1
2010-12-02,19,23,1
2010-12-02,19,104,1
2010-12-02,19,118,1
2010-12-02,19,190,1
2010-12-02,20,231,1
2010-12-02,20,246,1
2010-12-02,20,384,1
2010-12-02,21,122,1
2010-12-02,21,170,1
2010-12-02,21,600,1
2010-12-02,22,174,1
2010-12-02,22,228,1
2010-12-02,23,80,1
2010-12-02,23,741,1
2010-12-02,25,531,1
2010-12-02,25,1330,1
2010-12-02,26,274,1
2010-12-02,27,74,1
2010-12-02,27,133,1
2010-12-02,27,174,1
2010-12-02,27,244,1
2010-12-02,29,45,1
2010-12-02,29,208,1
2010-12-02,31,375,1
2010-12-02,31,472,1
2010-12-02,35,195,1
2010-12-02,38,2909,1
2010-12-02,48,666,1
2010-12-02,50,103,1
2010-12-02,50,142,1
2010-12-02,63,619,1
2010-12-02,65,106,1
2010-12-02,67,165,1
2010-12-02,76,134,1
2010-12-02,121,176,1
2010-12-03,1,1,1
2010-12-03,1,8,1
2010-12-03,1,13,1
2010-12-03,1,15,1
2010-12-03,1,20,1
2010-12-03,1,30,1
2010-12-03,1,36,1
2010-12-03,1,100,1
2010-12-03,1,120,1
2010-12-03,1,192,1
2010-12-03,2,168,1
2010-12-03,3,5,1
2010-12-03,3,18,1
2010-12-03,3,106,1
2010-12-03,3,280,1
2010-12-03,3,1548,1
2010-12-03,5,108,1
2010-12-03,5,400,1
2010-12-03,6,64,1
2010-12-03,6,106,1
2010-12-03,6,108,1
2010-12-03,7,104,1
2010-12-03,8,32,1
2010-12-03,8,59,1
2010-12-03,8,140,1
2010-12-03,9,76,1
2010-12-03,9,222,1
2010-12-03,10,58,1
2010-12-03,10,108,1
2010-12-03,11,42,1
2010-12-03,11,200,1
2010-12-03,11,526,1
2010-12-03,12,239,1
2010-12-03,13,142,1
2010-12-03,13,234,1
2010-12-03,14,35,1
2010-12-03,14,60,1
2010-12-03,14,125,1
2010-12-03,14,464,1
2010-12-03,15,48,1
2010-12-03,15,93,1
2010-12-03,15,130,1
2010-12-03,15,360,1
2010-12-03,17,54,1
2010-12-03,19,76,1
2010-12-03,22,26,1
2010-12-03,23,37,1
2010-12-03,23,162,1
2010-12-03,24,186,1
2010-12-03,25,64,1
2010-12-03,28,170,1
2010-12-03,29,136,1
2010-12-03,29,363,1
2010-12-03,31,75,1
2010-12-03,31,356,1
2010-12-03,34,39,1
2010-12-03,38,100,1
2010-12-03,38,439,1
2010-12-03,39,343,1
2010-12-03,46,65,1
2010-12-03,48,80,1
2010-12-03,53,124,1
2010-12-03,66,179,1
2010-12-03,69,92,1
2010-12-03,71,827,1
2010-12-03,73,1338,1
2010-12-03,80,149,1
2010-12-03,138,315,1
2010-12-03,145,1834,1
2010-12-03,592,1640,1
2010-12-05,1,1,1
2010-12-05,1,10,1
2010-12-05,1,12,1
2010-12-05,1,48,1
2010-12-05,1,80,1
2010-12-05,2,2,1
2010-12-05,2,160,1
2010-12-05,2,192,1
2010-12-05,3,25,1
2010-12-05,3,124,1
2010-12-05,4,16,1
2010-12-05,4,25,1
2010-12-05,5,232,1
2010-12-05,6,7,1
2010-12-05,6,8,1
2010-12-05,7,14,1
2010-12-05,7,108,1
2010-12-05,7,125,1
2010-12-05,8,168,1
2010-12-05,9,46,1
2010-12-05,9,107,1
2010-12-05,10,86,1
2010-12-05,11,92,1
2010-12-05,11,116,1
2010-12-05,12,197,1
2010-12-05,13,284,1
2010-12-05,13,2048,1
2010-12-05,14,55,1
2010-12-05,14,97,1
2010-12-05,15,16,1
2010-12-05,15,107,1
2010-12-05,16,77,1
2010-12-05,16,101,1
2010-12-05,16,145,1
2010-12-05,16,196,1
2010-12-05,17,232,1
2010-12-05,18,240,1
2010-12-05,19,28,1
2010-12-05,19,87,1
2010-12-05,19,93,1
2010-12-05,21,70,1
2010-12-05,21,276,1
2010-12-05,23,40,1
2010-12-05,23,84,1
2010-12-05,23,135,1
2010-12-05,24,59,1
2010-12-05,25,151,1
2010-12-05,25,442,1
2010-12-05,26,52,1
2010-12-05,26,57,1
2010-12-05,26,128,1
2010-12-05,28,60,1
2010-12-05,29,47,1
2010-12-05,29,295,1
2010-12-05,32,293,1
2010-12-05,33,66,1
2010-12-05,33,204,1
2010-12-05,33,310,1
2010-12-05,35,46,1
2010-12-05,37,52,1
2010-12-05,37,114,1
2010-12-05,37,152,1
2010-12-05,37,232,1
2010-12-05,38,435,1
2010-12-05,41,82,1
2010-12-05,41,181,1
2010-12-05,42,83,1
2010-12-05,42,158,1
2010-12-05,44,165,1
2010-12-05,45,413,1
2010-12-05,50,112,1
2010-12-05,51,129,1
2010-12-05,51,437,1
2010-12-05,52,83,1
2010-12-05,55,73,1
2010-12-05,57,105,1
2010-12-05,62,602,1
2010-12-05,63,315,1
2010-12-05,64,355,1
2010-12-05,65,145,1
2010-12-05,65,356,1
2010-12-05,69,252,1
2010-12-05,69,966,1
2010-12-05,86,159,1
2010-12-05,105,211,1
2010-12-05,117,471,1
2010-12-05,118,212,1
2010-12-05,169,700,1
2010-12-06,1,1,1
2010-12-06,1,3,1
2010-12-06,1,12,3
2010-12-06,1,20,1
2010-12-06,1,31,1
2010-12-06,1,72,2
2010-12-06,1,96,1
2010-12-06,2,2,1
2010-12-06,2,24,1
2010-12-06,2,48,1
2010-12-06,3,4,1
2010-12-06,3,48,1
2010-12-06,3,57,1
2010-12-06,3,192,1
2010-12-06,4,39,1
2010-12-06,4,146,1
2010-12-06,5,21,1
2010-12-06,5,54,1
2010-12-06,5,56,1
2010-12-06,5,1464,1
2010-12-06,6,34,1
2010-12-06,6,52,1
2010-12-06,6,104,1
2010-12-06,8,40,1
2010-12-06,9,54,1
2010-12-06,9,58,1
2010-12-06,9,63,1
2010-12-06,9,86,1
2010-12-06,9,148,1
2010-12-06,9,254,1
2010-12-06,10,72,1
2010-12-06,10,91,1
2010-12-06,10,92,1
2010-12-06,10,164,1
2010-12-06,11,21,1
2010-12-06,11,38,1
2010-12-06,11,349,1
2010-12-06,11,796,1
2010-12-06,12,106,1
2010-12-06,12,120,1
2010-12-06,12,350,1
2010-12-06,13,37,1
2010-12-06,13,67,1
2010-12-06,13,80,1
2010-12-06,13,88,1
2010-12-06,13,104,1
2010-12-06,14,84,1
2010-12-06,14,119,1
2010-12-06,14,134,1
2010-12-06,14,209,1
2010-12-06,15,72,1
2010-12-06,15,88,1
2010-12-06,15,172,1
2010-12-06,16,67,1
2010-12-06,16,247,1
2010-12-06,16,278,1
2010-12-06,18,112,1
2010-12-06,18,184,1
2010-12-06,18,210,1
2010-12-06,19,60,1
2010-12-06,19,475,1
2010-12-06,20,163,1
2010-12-06,20,700,1
2010-12-06,21,119,1
2010-12-06,21,201,1
2010-12-06,22,73,1
2010-12-06,22,210,1
2010-12-06,23,32,1
2010-12-06,23,75,1
2010-12-06,24,178,1
2010-12-06,24,372,1
2010-12-06,29,63,1
2010-12-06,29,282,1
2010-12-06,32,98,1
2010-12-06,33,144,1
2010-12-06,34,503,1
2010-12-06,34,972,1
2010-12-06,36,66,1
2010-12-06,38,85,1
2010-12-06,41,256,1
2010-12-06,44,146,1
2010-12-06,46,132,1
2010-12-06,48,257,1
2010-12-06,49,223,1
2010-12-06,49,242,1
2010-12-06,50,261,1
2010-12-06,51,131,1
2010-12-06,52,168,1
2010-12-06,53,80,1
2010-12-06,56,266,1
2010-12-06,58,104,1
2010-12-06,58,197,1
2010-12-06,59,210,1
2010-12-06,60,204,1
2010-12-06,60,530,1
2010-12-06,87,275,1
2010-12-06,567,1810,1
2010-12-06,596,1607,1
2010-12-06,674,1868,1
2010-12-07,1,2,2
2010-12-07,1,3,1
2010-12-07,1,6,1
2010-12-07,1,12,1
2010-12-07,1,24,2
2010-12-07,1,30,1
2010-12-07,1,120,1
2010-12-07,1,128,1
2010-12-07,2,30,1
2010-12-07,2,288,1
2010-12-07,2,780,1
2010-12-07,3,32,1
2010-12-07,3,120,1
2010-12-07,3,550,1
2010-12-07,4,4,1
2010-12-07,4,10,1
2010-12-07,5,5,1
2010-12-07,5,20,1
2010-12-07,5,21,1
2010-12-07,5,268,1
2010-12-07,5,2790,1
2010-12-07,6,36,1
2010-12-07,6,54,1
2010-12-07,6,101,1
2010-12-07,6,126,1
2010-12-07,7,36,1
2010-12-07,7,54,1
2010-12-07,7,136,1
2010-12-07,8,57,1
2010-12-07,8,76,1
2010-12-07,9,61,1
2010-12-07,9,62,1
2010-12-07,9,3689,1
2010-12-07,10,122,1
2010-12-07,11,112,1
2010-12-07,12,52,1
2010-12-07,12,89,1
2010-12-07,12,131,1
2010-12-07,12,236,1
2010-12-07,12,476,1
2010-12-07,13,101,1
2010-12-07,13,124,1
2010-12-07,13,300,1
2010-12-07,14,80,1
2010-12-07,15,213,1
2010-12-07,16,74,1
2010-12-07,16,150,1
2010-12-07,16,189,1
2010-12-07,16,956,1
2010-12-07,18,51,1
2010-12-07,18,62,1
2010-12-07,18,191,1
2010-12-07,19,164,1
2010-12-07,19,914,1
2010-12-07,21,46,1
2010-12-07,21,396,1
2010-12-07,22,218,1
2010-12-07,22,271,1
2010-12-07,23,114,1
2010-12-07,24,44,1
2010-12-07,28,201,1
2010-12-07,28,234,1
2010-12-07,28,680,1
2010-12-07,30,125,1
2010-12-07,30,137,1
2010-12-07,31,279,1
2010-12-07,31,319,1
2010-12-07,37,84,1
2010-12-07,40,581,1
2010-12-07,44,199,1
2010-12-07,45,516,1
2010-12-07,47,235,1
2010-12-07,57,114,1
2010-12-07,59,171,1
2010-12-07,78,137,1
2010-12-07,80,133,1
2010-12-07,106,253,1
2010-12-07,121,255,1
2010-12-07,122,268,1
2010-12-07,149,2201,1
2010-12-07,535,1143,1
2010-12-07,600,1447,1
2010-12-08,1,1,1
2010-12-08,1,3,1
2010-12-08,1,12,2
2010-12-08,1,30,1
2010-12-08,1,32,1
2010-12-08,1,60,1
2010-12-08,1,128,1
2010-12-08,1,144,2
2010-12-08,1,200,1
2010-12-08,1,1000,1
2010-12-08,2,10,1
2010-12-08,2,12,1
2010-12-08,2,16,1
2010-12-08,2,20,2
2010-12-08,2,74,1
2010-12-08,3,29,1
2010-12-08,3,68,1
2010-12-08,3,148,1
2010-12-08,4,12,1
2010-12-08,4,72,1
2010-12-08,4,106,1
2010-12-08,4,196,1
2010-12-08,4,288,1
2010-12-08,4,452,1
2010-12-08,5,24,1
2010-12-08,5,43,1
2010-12-08,5,120,1
2010-12-08,5,130,1
2010-12-08,6,47,1
2010-12-08,6,51,1
2010-12-08,6,64,1
2010-12-08,6,132,1
2010-12-08,6,248,1
2010-12-08,7,26,1
2010-12-08,7,71,1
2010-12-08,7,76,1
2010-12-08,7,116,1
2010-12-08,7,175,1
2010-12-08,7,264,1
2010-12-08,8,86,1
2010-12-08,8,214,1
2010-12-08,9,9,1
2010-12-08,9,59,1
2010-12-08,9,63,1
2010-12-08,9,65,1
2010-12-08,9,105,1
2010-12-08,9,133,1
2010-12-08,9,198,1
2010-12-08,9,204,1
2010-12-08,9,274,1
2010-12-08,10,105,1
2010-12-08,10,118,1
2010-12-08,10,120,1
2010-12-08,10,151,1
2010-12-08,11,15,1
2010-12-08,11,39,1
2010-12-08,11,55,1
2010-12-08,11,92,1
2010-12-08,12,108,1
2010-12-08,13,173,1
2010-12-08,14,63,1
2010-12-08,14,176,1
2010-12-08,14,214,1
2010-12-08,14,238,1
2010-12-08,14,303,1
2010-12-08,15,67,1
2010-12-08,15,75,1
2010-12-08,15,92,1
2010-12-08,15,103,1
2010-12-08,15,145,1
2010-12-08,15,158,1
2010-12-08,15,176,1
2010-12-08,15,220,1
2010-12-08,16,75,1
2010-12-08,17,144,1
2010-12-08,17,145,1
2010-12-08,17,286,1
2010-12-08,17,288,1
2010-12-08,18,182,1
2010-12-08,19,171,1
2010-12-08,19,250,1
2010-12-08,19,260,1
2010-12-08,19,270,1
2010-12-08,20,163,1
2010-12-08,20,240,1
2010-12-08,21,70,1
2010-12-08,21,104,1
2010-12-08,22,53,1
2010-12-08,22,125,1
2010-12-08,25,123,1
2010-12-08,25,316,1
2010-12-08,26,96,1
2010-12-08,27,275,1
2010-12-08,28,118,1
2010-12-08,29,1655,1
2010-12-08,30,190,1
2010-12-08,30,331,1
2010-12-08,30,365,1
2010-12-08,32,95,1
2010-12-08,38,81,1
2010-12-08,38,94,1
2010-12-08,45,62,1
2010-12-08,45,525,1
2010-12-08,50,434,1
2010-12-08,52,418,1
2010-12-08,53,94,1
2010-12-08,60,189,1
2010-12-08,66,172,1
2010-12-08,69,146,1
2010-12-08,74,1730,1
2010-12-08,86,1665,1
2010-12-08,161,291,1
2010-12-08,590,1483,1
2010-12-09,1,2,1
2010-12-09,1,3,1
2010-12-09,1,78,1
2010-12-09,1,96,1
2010-12-09,1,1488,1
2010-12-09,2,2,1
2010-12-09,2,8,1
2010-12-09,2,16,1
2010-12-09,2,17,1
2010-12-09,2,52,1
2010-12-09,2,64,1
2010-12-09,2,150,1
2010-12-09,3,3,1
2010-12-09,3,16,1
2010-12-09,3,36,1
2010-12-09,3,68,1
2010-12-09,3,120,1
2010-12-09,3,154,1
2010-12-09,4,16,1
2010-12-09,4,45,1
2010-12-09,4,2154,1
2010-12-09,5,8,1
2010-12-09,5,24,1
2010-12-09,5,36,1
2010-12-09,5,40,1
2010-12-09,5,60,2
2010-12-09,5,92,2
2010-12-09,6,36,1
2010-12-09,6,111,1
2010-12-09,8,56,1
2010-12-09,9,80,1
2010-12-09,9,84,1
2010-12-09,9,110,1
2010-12-09,10,16,1
2010-12-09,10,58,1
2010-12-09,10,82,1
2010-12-09,10,110,1
2010-12-09,10,532,1
2010-12-09,11,85,1
2010-12-09,11,92,1
2010-12-09,11,210,1
2010-12-09,12,57,1
2010-12-09,12,78,1
2010-12-09,12,106,1
2010-12-09,12,117,1
2010-12-09,12,238,1
2010-12-09,12,499,1
2010-12-09,13,33,1
2010-12-09,13,57,1
2010-12-09,13,95,1
2010-12-09,13,148,1
2010-12-09,13,150,1
2010-12-09,13,225,1
2010-12-09,14,141,1
2010-12-09,14,157,1
2010-12-09,15,196,1
2010-12-09,16,69,1
2010-12-09,16,79,1
2010-12-09,16,95,1
2010-12-09,16,172,1
2010-12-09,17,48,1
2010-12-09,17,190,1
2010-12-09,17,222,1
2010-12-09,18,240,1
2010-12-09,19,446,1
2010-12-09,20,31,1
2010-12-09,20,87,1
2010-12-09,21,131,1
2010-12-09,21,168,1
2010-12-09,23,117,1
2010-12-09,23,208,1
2010-12-09,24,78,1
2010-12-09,24,118,1
2010-12-09,24,231,1
2010-12-09,25,125,1
2010-12-09,25,133,1
2010-12-09,26,66,1
2010-12-09,26,129,1
2010-12-09,26,173,1
2010-12-09,27,260,1
2010-12-09,29,48,1
2010-12-09,29,154,1
2010-12-09,30,167,1
2010-12-09,30,675,1
2010-12-09,32,184,1
2010-12-09,32,287,1
2010-12-09,32,339,1
2010-12-09,34,68,1
2010-12-09,35,440,1
2010-12-09,37,202,1
2010-12-09,38,203,1
2010-12-09,40,67,1
2010-12-09,40,552,1
2010-12-09,46,116,1
2010-12-09,48,394,1
2010-12-09,50,89,1
2010-12-09,60,217,1
2010-12-09,65,194,1
2010-12-09,66,239,1
2010-12-09,74,231,1
2010-12-09,110,224,1
2010-12-09,112,238,1
2010-12-09,120,352,1
2010-12-09,651,1642,1
2010-12-10,1,1,2
2010-12-10,1,2,2
2010-12-10,1,6,1
2010-12-10,1,10,1
2010-12-10,1,20,1
2010-12-10,1,30,2
2010-12-10,1,47,1
2010-12-10,2,20,1
2010-12-10,2,50,1
2010-12-10,3,46,1
2010-12-10,3,55,1
2010-12-10,4,7,1
2010-12-10,4,152,1
2010-12-10,4,396,1
2010-12-10,5,40,1
2010-12-10,6,6,1
2010-12-10,6,82,1
2010-12-10,6,90,1
2010-12-10,7,52,1
2010-12-10,7,56,1
2010-12-10,7,58,1
2010-12-10,7,124,1
2010-12-10,7,472,1
2010-12-10,8,60,2
2010-12-10,8,116,1
2010-12-10,10,40,1
2010-12-10,10,56,1
2010-12-10,10,68,1
2010-12-10,10,178,1
2010-12-10,11,77,1
2010-12-10,11,212,1
2010-12-10,11,418,1
2010-12-10,13,129,1
2010-12-10,14,132,1
2010-12-10,15,44,1
2010-12-10,15,57,1
2010-12-10,15,410,1
2010-12-10,16,105,1
2010-12-10,16,170,1
2010-12-10,16,268,1
2010-12-10,16,1559,1
2010-12-10,18,44,1
2010-12-10,18,178,1
2010-12-10,19,65,1
2010-12-10,19,187,1
2010-12-10,21,55,1
2010-12-10,21,712,1
2010-12-10,22,226,1
2010-12-10,26,34,1
2010-12-10,26,59,1
2010-12-10,26,314,1
2010-12-10,29,110,1
2010-12-10,32,83,1
2010-12-10,32,279,1
2010-12-10,32,302,1
2010-12-10,33,59,1
2010-12-10,36,387,1
2010-12-10,38,73,1
2010-12-10,38,2420,1
2010-12-10,39,81,1
2010-12-10,39,322,1
2010-12-10,41,87,1
2010-12-10,41,104,1
2010-12-10,46,177,1
2010-12-10,47,1075,1
2010-12-10,51,379,1
2010-12-10,55,260,1
2010-12-10,62,272,1
2010-12-10,68,1040,1
2010-12-10,87,659,1
2010-12-10,140,2229,1
2010-12-10,533,1305,1
2010-12-10,619,1503,1
2010-12-12,1,2,1
2010-12-12,1,48,1
2010-12-12,1,1728,1
2010-12-12,2,2,1
2010-12-12,2,35,1
2010-12-12,3,4,1
2010-12-12,6,6,1
2010-12-12,6,174,1
2010-12-12,7,44,1
2010-12-12,9,59,1
2010-12-12,9,67,1
2010-12-12,10,51,1
2010-12-12,13,564,1
2010-12-12,14,66,1
2010-12-12,16,118,1
2010-12-12,18,103,1
2010-12-12,20,102,1
2010-12-12,22,196,1
2010-12-12,23,68,1
2010-12-12,24,46,1
2010-12-12,25,86,1
2010-12-12,27,195,1
2010-12-12,29,56,1
2010-12-12,29,120,1
2010-12-12,37,84,1
2010-12-12,37,91,1
2010-12-12,38,131,1
2010-12-12,39,110,1
2010-12-12,40,78,1
2010-12-12,41,197,1
2010-12-12,43,635,1
2010-12-12,44,70,1
2010-12-12,46,128,1
2010-12-12,48,2409,1
2010-12-12,50,218,1
2010-12-12,51,114,1
2010-12-12,53,161,1
2010-12-12,54,228,1
2010-12-12,56,559,1
2010-12-12,58,311,1
2010-12-12,62,88,1
2010-12-12,70,74,1
2010-12-12,118,466,1
2010-12-12,137,511,1
2010-12-13,1,1,1
2010-12-13,1,2,2
2010-12-13,1,48,1
2010-12-13,2,2,1
2010-12-13,2,3,1
2010-12-13,2,4,1
2010-12-13,2,8,1
2010-12-13,2,46,1
2010-12-13,2,490,1
2010-12-13,4,864,1
2010-12-13,5,26,1
2010-12-13,5,113,1
2010-12-13,5,240,1
2010-12-13,6,7,1
2010-12-13,6,56,1
2010-12-13,6,90,1
2010-12-13,6,552,1
2010-12-13,7,12,1
2010-12-13,7,61,1
2010-12-13,7,72,1
2010-12-13,7,131,1
2010-12-13,7,336,1
2010-12-13,8,40,1
2010-12-13,8,105,1
2010-12-13,9,440,1
2010-12-13,10,73,1
2010-12-13,10,296,1
2010-12-13,11,52,1
2010-12-13,11,119,1
2010-12-13,11,366,1
2010-12-13,13,117,1
2010-12-13,14,70,1
2010-12-13,14,208,1
2010-12-13,15,92,1
2010-12-13,15,227,1
2010-12-13,16,63,1
2010-12-13,16,230,1
2010-12-13,17,33,1
2010-12-13,17,56,1
2010-12-13,17,265,1
2010-12-13,18,504,1
2010-12-13,19,295,1
2010-12-13,20,57,1
2010-12-13,20,98,1
2010-12-13,20,312,1
2010-12-13,21,69,1
2010-12-13,23,78,1
2010-12-13,23,220,1
2010-12-13,24,270,1
2010-12-13,25,195,1
2010-12-13,33,133,1
2010-12-13,33,844,1
2010-12-13,34,255,1
2010-12-13,34,562,1
2010-12-13,37,238,1
2010-12-13,37,772,1
2010-12-13,41,242,1
2010-12-13,41,272,1
2010-12-13,42,419,1
2010-12-13,44,129,1
2010-12-13,46,980,1
2010-12-13,52,116,1
2010-12-13,53,144,1
2010-12-13,54,640,1
2010-12-13,56,336,1
2010-12-13,57,843,1
2010-12-13,64,343,1
2010-12-13,473,1033,1
2010-12-13,489,1302,1
2010-12-14,1,1,2
2010-12-14,1,3,1
2010-12-14,1,4,1
2010-12-14,1,12,2
2010-12-14,1,20,1
2010-12-14,1,25,1
2010-12-14,1,48,1
2010-12-14,1,240,1
2010-12-14,1,384,1
2010-12-14,2,4,1
2010-12-14,3,40,1
2010-12-14,3,43,1
2010-12-14,4,224,1
2010-12-14,4,300,1
2010-12-14,4,360,1
2010-12-14,5,33,1
2010-12-14,5,78,1
2010-12-14,5,90,1
2010-12-14,5,125,1
2010-12-14,5,210,1
2010-12-14,5,220,1
2010-12-14,6,38,1
2010-12-14,6,53,1
2010-12-14,6,74,1
2010-12-14,6,186,1
2010-12-14,6,428,1
2010-12-14,7,100,1
2010-12-14,8,76,1
2010-12-14,8,104,1
2010-12-14,9,13,1
2010-12-14,9,59,1
2010-12-14,9,106,1
2010-12-14,10,86,1
2010-12-14,10,109,1
2010-12-14,11,63,1
2010-12-14,11,75,1
2010-12-14,11,90,1
2010-12-14,11,208,1
2010-12-14,11,640,1
2010-12-14,12,52,1
2010-12-14,12,117,1
2010-12-14,12,152,1
2010-12-14,13,392,1
2010-12-14,14,114,1
2010-12-14,15,81,1
2010-12-14,16,75,1
2010-12-14,16,146,1
2010-12-14,16,187,1
2010-12-14,17,52,1
2010-12-14,17,190,1
2010-12-14,17,384,1
2010-12-14,17,470,1
2010-12-14,18,118,1
2010-12-14,18,191,1
2010-12-14,19,46,1
2010-12-14,19,402,1
2010-12-14,20,104,1
2010-12-14,22,111,1
2010-12-14,25,38,1
2010-12-14,25,87,1
2010-12-14,25,112,1
2010-12-14,25,140,1
2010-12-14,25,251,1
2010-12-14,26,137,1
2010-12-14,27,814,1
2010-12-14,28,234,1
2010-12-14,29,107,1
2010-12-14,30,219,1
2010-12-14,30,490,1
2010-12-14,32,388,1
2010-12-14,40,61,1
2010-12-14,42,75,1
2010-12-14,43,138,1
2010-12-14,43,751,1
2010-12-14,45,109,1
2010-12-14,46,63,1
2010-12-14,47,79,1
2010-12-14,54,377,1
2010-12-14,55,270,1
2010-12-14,56,88,1
2010-12-14,59,225,1
2010-12-14,62,121,1
2010-12-14,67,318,1
2010-12-14,77,148,1
2010-12-14,83,917,1
2010-12-14,88,463,1
2010-12-14,89,2552,1
2010-12-14,151,2153,1
2010-12-15,1,3,2
2010-12-15,1,4,1
2010-12-15,1,6,1
2010-12-15,1,24,2
2010-12-15,1,36,1
2010-12-15,1,192,1
2010-12-15,3,25,1
2010-12-15,4,26,1
2010-12-15,4,34,1
2010-12-15,4,132,1
2010-12-15,4,168,1
2010-12-15,5,18,1
2010-12-15,5,24,1
2010-12-15,5,38,1
2010-12-15,5,40,1
2010-12-15,5,58,1
2010-12-15,6,8,1
2010-12-15,6,56,1
2010-12-15,7,31,1
2010-12-15,8,124,1
2010-12-15,8,168,2
2010-12-15,8,1536,1
2010-12-15,9,59,1
2010-12-15,9,82,1
2010-12-15,9,142,1
2010-12-15,10,11,1
2010-12-15,10,82,1
2010-12-15,11,115,1
2010-12-15,11,164,1
2010-12-15,12,49,1
2010-12-15,12,71,1
2010-12-15,12,194,1
2010-12-15,12,262,1
2010-12-15,14,43,1
2010-12-15,15,183,1
2010-12-15,15,198,1
2010-12-15,15,235,1
2010-12-15,15,370,1
2010-12-15,15,1101,1
2010-12-15,16,158,1
2010-12-15,16,160,1
2010-12-15,17,34,1
2010-12-15,17,250,1
2010-12-15,17,270,1
2010-12-15,17,423,1
2010-12-15,18,390,1
2010-12-15,19,135,1
2010-12-15,20,184,1
2010-12-15,20,248,1
2010-12-15,20,357,1
2010-12-15,22,83,1
2010-12-15,22,894,1
2010-12-15,23,364,1
2010-12-15,24,336,1
2010-12-15,26,229,1
2010-12-15,26,434,1
2010-12-15,29,51,1
2010-12-15,29,135,1
2010-12-15,30,506,1
2010-12-15,35,153,1
2010-12-15,38,103,1
2010-12-15,43,150,1
2010-12-15,45,63,1
2010-12-15,45,148,1
2010-12-15,45,3944,1
2010-12-15,49,70,1
2010-12-15,61,930,1
2010-12-15,67,134,1
2010-12-15,67,537,1
2010-12-15,73,264,1
2010-12-16,1,1,3
2010-12-16,1,3,1
2010-12-16,1,4,1
2010-12-16,1,10,1
2010-12-16,1,48,1
2010-12-16,1,144,1
2010-12-16,1,216,1
2010-12-16,2,2,1
2010-12-16,2,3,1
2010-12-16,2,6,1
2010-12-16,2,15,1
2010-12-16,2,68,1
2010-12-16,2,800,1
2010-12-16,3,6,1
2010-12-16,3,11,2
2010-12-16,3,78,1
2010-12-16,3,96,1
2010-12-16,3,100,1
2010-12-16,3,120,1
2010-12-16,3,177,1
2010-12-16,4,17,1
2010-12-16,4,32,1
2010-12-16,4,78,1
2010-12-16,4,102,1
2010-12-16,5,21,1
2010-12-16,5,22,1
2010-12-16,5,48,1
2010-12-16,5,50,1
2010-12-16,5,68,1
2010-12-16,5,96,1
2010-12-16,5,984,1
2010-12-16,6,64,1
2010-12-16,6,103,1
2010-12-16,6,156,1
2010-12-16,6,188,1
2010-12-16,6,532,1
2010-12-16,7,38,1
2010-12-16,7,57,1
2010-12-16,7,113,1
2010-12-16,7,156,1
2010-12-16,7,216,1
2010-12-16,8,61,1
2010-12-16,8,69,1
2010-12-16,8,107,1
2010-12-16,8,146,1
2010-12-16,8,202,1
2010-12-16,9,29,1
2010-12-16,9,44,1
2010-12-16,9,54,1
2010-12-16,9,130,1
2010-12-16,9,330,1
2010-12-16,10,76,1
2010-12-16,10,79,1
2010-12-16,10,168,1
2010-12-16,11,31,1
2010-12-16,11,58,1
2010-12-16,11,93,1
2010-12-16,11,134,1
2010-12-16,11,236,1
2010-12-16,11,4800,1
2010-12-16,12,78,1
2010-12-16,12,86,1
2010-12-16,12,150,1
2010-12-16,12,260,1
2010-12-16,12,566,1
2010-12-16,12,632,1
2010-12-16,13,78,1
2010-12-16,13,95,1
2010-12-16,13,135,1
2010-12-16,13,160,1
2010-12-16,14,170,1
2010-12-16,15,108,1
2010-12-16,15,160,1
2010-12-16,15,386,1
2010-12-16,16,38,1
2010-12-16,16,91,1
2010-12-16,16,126,1
2010-12-16,16,128,1
2010-12-16,16,130,1
2010-12-16,16,1248,1
2010-12-16,18,180,1
2010-12-16,18,358,1
2010-12-16,18,367,1
2010-12-16,19,37,1
2010-12-16,19,77,1
2010-12-16,19,119,1
2010-12-16,19,157,1
2010-12-16,19,236,1
2010-12-16,19,274,1
2010-12-16,19,544,1
2010-12-16,20,225,1
2010-12-16,20,230,1
2010-12-16,21,173,1
2010-12-16,21,195,1
2010-12-16,22,25,1
2010-12-16,22,315,1
2010-12-16,24,242,1
2010-12-16,24,737,1
2010-12-16,25,438,1
2010-12-16,28,46,1
2010-12-16,28,269,1
2010-12-16,29,256,1
2010-12-16,30,33,1
2010-12-16,30,283,1
2010-12-16,30,338,1
2010-12-16,31,84,1
2010-12-16,31,395,1
2010-12-16,35,252,1
2010-12-16,37,126,1
2010-12-16,39,99,1
2010-12-16,40,2856,1
2010-12-16,44,902,1
2010-12-16,47,91,1
2010-12-16,48,219,1
2010-12-16,50,89,1
2010-12-16,50,92,1
2010-12-16,54,1078,1
2010-12-16,61,768,1
2010-12-17,1,1,1
2010-12-17,1,2,1
2010-12-17,1,6,1
2010-12-17,1,20,1
2010-12-17,1,24,1
2010-12-17,1,36,1
2010-12-17,1,200,1
2010-12-17,1,300,1
2010-12-17,3,3,1
2010-12-17,3,24,1
2010-12-17,3,52,1
2010-12-17,4,12,1
2010-12-17,4,32,1
2010-12-17,4,42,1
2010-12-17,4,46,1
2010-12-17,4,58,1
2010-12-17,4,64,1
2010-12-17,4,84,1
2010-12-17,5,332,1
2010-12-17,6,54,1
2010-12-17,6,304,1
2010-12-17,7,8,1
2010-12-17,7,33,1
2010-12-17,7,48,1
2010-12-17,7,133,1
2010-12-17,8,72,1
2010-12-17,8,212,1
2010-12-17,9,66,1
2010-12-17,9,258,1
2010-12-17,9,266,1
2010-12-17,10,10,1
2010-12-17,10,58,1
2010-12-17,10,81,1
2010-12-17,10,100,1
2010-12-17,10,146,1
2010-12-17,11,83,1
2010-12-17,11,114,1
2010-12-17,12,65,1
2010-12-17,14,69,1
2010-12-17,14,221,1
2010-12-17,15,127,1
2010-12-17,15,167,1
2010-12-17,17,322,1
2010-12-17,18,222,1
2010-12-17,20,197,1
2010-12-17,21,156,1
2010-12-17,21,190,1
2010-12-17,22,46,1
2010-12-17,22,189,1
2010-12-17,23,255,1
2010-12-17,25,3714,1
2010-12-17,26,433,1
2010-12-17,27,60,1
2010-12-17,28,87,1
2010-12-17,28,326,1
2010-12-17,29,78,1
2010-12-17,29,388,1
2010-12-17,30,37,1
2010-12-17,35,551,1
2010-12-17,38,373,1
2010-12-17,40,100,1
2010-12-17,435,832,1
2010-12-17,441,833,1
2010-12-17,457,1120,1
2010-12-17,461,1042,1
2010-12-17,517,1309,1
2010-12-19,1,1,1
2010-12-19,2,10,1
2010-12-19,4,4,1
2010-12-19,6,6,1
2010-12-19,7,8,1
2010-12-19,9,24,1
2010-12-19,11,39,1
2010-12-19,12,876,1
2010-12-19,14,101,1
2010-12-19,15,213,1
2010-12-19,17,20,1
2010-12-19,17,56,1
2010-12-19,17,135,1
2010-12-19,17,154,1
2010-12-19,23,333,1
2010-12-19,26,176,1
2010-12-19,27,297,1
2010-12-19,31,100,1
2010-12-19,34,152,1
2010-12-19,36,102,1
2010-12-19,42,157,1
2010-12-19,62,511,1
2010-12-19,86,319,1
2010-12-20,1,1,2
2010-12-20,1,2,1
2010-12-20,1,3,2
2010-12-20,1,24,1
2010-12-20,1,25,1
2010-12-20,1,30,1
2010-12-20,1,48,1
2010-12-20,1,54,1
2010-12-20,1,96,1
2010-12-20,1,752,1
2010-12-20,2,24,1
2010-12-20,2,102,1
2010-12-20,2,126,1
2010-12-20,2,150,1
2010-12-20,3,36,1
2010-12-20,4,4,1
2010-12-20,4,92,1
2010-12-20,6,82,1
2010-12-20,6,196,1
2010-12-20,6,3600,1
2010-12-20,7,10,1
2010-12-20,7,256,1
2010-12-20,8,45,1
2010-12-20,8,336,1
2010-12-20,10,13,1
2010-12-20,10,15,1
2010-12-20,10,75,1
2010-12-20,11,82,1
2010-12-20,11,228,1
2010-12-20,12,244,1
2010-12-20,13,192,1
2010-12-20,14,128,1
2010-12-20,14,144,1
2010-12-20,14,145,1
2010-12-20,15,45,1
2010-12-20,15,129,1
2010-12-20,16,177,1
2010-12-20,16,185,1
2010-12-20,17,360,1
2010-12-20,18,62,1
2010-12-20,19,24,1
2010-12-20,19,50,1
2010-12-20,19,189,1
2010-12-20,20,684,1
2010-12-20,21,82,1
2010-12-20,26,33,1
2010-12-20,27,1362,1
2010-12-20,30,136,1
2010-12-20,32,325,1
2010-12-20,40,411,1
2010-12-20,41,404,1
2010-12-20,43,111,1
2010-12-20,43,142,1
2010-12-20,43,604,1
2010-12-20,46,599,1
2010-12-20,50,789,1
2010-12-20,58,109,1
2010-12-20,244,415,1
2010-12-20,266,417,1
2010-12-20,281,466,1
2010-12-21,1,1,5
2010-12-21,1,2,1
2010-12-21,1,3,1
2010-12-21,1,5,1
2010-12-21,1,6,1
2010-12-21,1,12,1
2010-12-21,1,25,1
2010-12-21,1,30,1
2010-12-21,1,1296,1
2010-12-21,2,28,1
2010-12-21,3,20,1
2010-12-21,3,24,1
2010-12-21,3,40,1
2010-12-21,4,8,1
2010-12-21,4,24,1
2010-12-21,4,236,1
2010-12-21,5,52,1
2010-12-21,6,6,1
2010-12-21,6,7,1
2010-12-21,8,150,1
2010-12-21,10,11,1
2010-12-21,11,15,1
2010-12-21,11,85,1
2010-12-21,13,35,1
2010-12-21,15,128,1
2010-12-21,15,185,1
2010-12-21,16,20,1
2010-12-21,16,125,1
2010-12-21,19,29,1
2010-12-21,20,101,1
2010-12-21,27,35,1
2010-12-21,29,354,1
2010-12-21,31,40,1
2010-12-21,35,42,1
2010-12-21,37,250,1
2010-12-21,39,44,1
2010-12-21,39,454,1
2010-12-21,42,79,1
2010-12-21,43,61,1
2010-12-21,47,63,1
2010-12-21,54,688,1
2010-12-21,54,6668,1
2010-12-21,65,135,1
2010-12-21,73,124,1
2010-12-21,76,141,1
2010-12-21,92,221,1
2010-12-21,109,219,1
2010-12-21,118,167,1
2010-12-21,136,247,1
2010-12-21,190,2858,1
2010-12-22,1,4,1
2010-12-22,1,400,1
2010-12-22,2,2,1
2010-12-22,3,3,1
2010-12-22,3,168,1
2010-12-22,4,88,1
2010-12-22,5,100,1
2010-12-22,10,540,1
2010-12-22,14,28,1
2010-12-22,16,36,1
2010-12-22,19,193,1
2010-12-22,21,72,1
2010-12-22,26,374,1
2010-12-22,28,150,1
2010-12-22,31,167,1
2010-12-22,36,751,1
2010-12-22,64,133,1
2010-12-23,1,1,2
2010-12-23,1,39,1
2010-12-23,2,7,2
2010-12-23,3,3,1
2010-12-23,3,66,1
2010-12-23,3,120,1
2010-12-23,4,5,1
2010-12-23,4,11,1
2010-12-23,5,5,1
2010-12-23,7,7,1
2010-12-23,7,93,1
2010-12-23,8,62,1
2010-12-23,11,17,1
2010-12-23,13,18,1
2010-12-23,13,496,1
2010-12-23,14,107,1
2010-12-23,14,387,1
2010-12-23,20,65,1
2010-12-23,21,238,1
2010-12-23,32,153,1
2010-12-23,34,333,1
2010-12-23,53,141,1
2010-12-23,64,866,1
2010-12-23,88,160,1
2010-12-23,510,2318,1
2011-01-04,1,4,1
2011-01-04,1,24,1
2011-01-04,1,72,1
2011-01-04,3,34,1
2011-01-04,4,188,1
2011-01-04,4,264,1
2011-01-04,8,88,1
2011-01-04,9,270,1
2011-01-04,10,58,1
2011-01-04,10,270,1
2011-01-04,11,114,1
2011-01-04,11,504,1
2011-01-04,12,288,1
2011-01-04,13,36,1
2011-01-04,13,265,1
2011-01-04,16,49,1
2011-01-04,16,138,1
2011-01-04,16,624,1
2011-01-04,17,26,1
2011-01-04,17,171,1
2011-01-04,18,169,1
2011-01-04,21,193,1
2011-01-04,22,140,1
2011-01-04,22,238,1
2011-01-04,23,131,1
2011-01-04,28,286,1
2011-01-04,29,352,1
2011-01-04,30,135,1
2011-01-04,34,183,1
2011-01-04,41,322,1
2011-01-04,48,330,1
2011-01-04,49,526,1
2011-01-04,57,71,1
2011-01-04,58,155,1
2011-01-04,70,229,1
2011-01-04,409,1679,1
2011-01-05,1,1,3
2011-01-05,1,3,1
2011-01-05,1,24,1
2011-01-05,1,80,1
2011-01-05,1,480,1
2011-01-05,2,5,1
2011-01-05,2,138,1
2011-01-05,2,192,1
2011-01-05,2,216,1
2011-01-05,3,400,1
2011-01-05,3,1032,1
2011-01-05,5,56,1
2011-01-05,6,18,1
2011-01-05,6,33,1
2011-01-05,6,224,1
2011-01-05,7,132,1
2011-01-05,7,1032,1
2011-01-05,8,75,1
2011-01-05,8,444,1
2011-01-05,9,182,1
2011-01-05,9,320,1
2011-01-05,10,886,1
2011-01-05,12,56,1
2011-01-05,13,75,1
2011-01-05,15,400,1
2011-01-05,16,148,1
2011-01-05,17,238,1
2011-01-05,18,54,1
2011-01-05,18,265,1
2011-01-05,21,628,1
2011-01-05,22,408,1
2011-01-05,22,510,1
2011-01-05,23,1720,1
2011-01-05,24,33,1
2011-01-05,24,344,1
2011-01-05,25,138,1
2011-01-05,28,274,1
2011-01-05,28,571,1
2011-01-05,29,305,1
2011-01-05,33,359,1
2011-01-05,34,303,1
2011-01-05,34,1914,1
2011-01-05,39,369,1
2011-01-05,41,717,1
2011-01-05,43,184,1
2011-01-05,51,591,1
2011-01-05,52,239,1
2011-01-05,54,137,1
2011-01-05,54,1068,1
2011-01-05,88,168,1
2011-01-05,157,350,1
2011-01-05,234,484,1
2011-01-05,286,732,1
2011-01-06,1,1,1
2011-01-06,1,12,1
2011-01-06,1,72,1
2011-01-06,1,147,1
2011-01-06,1,600,1
2011-01-06,2,140,1
2011-01-06,3,212,1
2011-01-06,3,618,1
2011-01-06,5,92,1
2011-01-06,5,184,1
2011-01-06,6,203,1
2011-01-06,6,274,1
2011-01-06,8,40,1
2011-01-06,9,130,1
2011-01-06,9,262,1
2011-01-06,10,404,1
2011-01-06,13,149,1
2011-01-06,13,208,1
2011-01-06,13,536,1
2011-01-06,15,71,1
2011-01-06,16,86,1
2011-01-06,16,288,1
2011-01-06,17,711,1
2011-01-06,20,55,1
2011-01-06,21,261,1
2011-01-06,21,366,1
2011-01-06,21,669,2
2011-01-06,23,177,1
2011-01-06,27,366,1
2011-01-06,28,93,1
2011-01-06,29,204,1
2011-01-06,31,113,1
2011-01-06,31,1798,1
2011-01-06,37,95,1
2011-01-06,37,109,1
2011-01-06,41,344,1
2011-01-06,42,569,1
2011-01-06,42,1171,1
2011-01-06,45,95,1
2011-01-06,46,4662,1
2011-01-06,53,117,1
2011-01-06,53,944,1
2011-01-06,57,61,1
2011-01-06,69,282,1
2011-01-06,74,165,1
2011-01-06,103,223,1
2011-01-06,114,691,1
2011-01-06,171,2650,1
2011-01-06,334,782,1
2011-01-07,1,1,1
2011-01-07,1,2,2
2011-01-07,1,72,1
2011-01-07,1,96,1
2011-01-07,1,250,1
2011-01-07,2,8,1
2011-01-07,2,112,1
2011-01-07,3,4,1
2011-01-07,3,78,1
2011-01-07,3,300,1
2011-01-07,4,22,1
2011-01-07,5,968,1
2011-01-07,6,251,1
2011-01-07,8,79,1
2011-01-07,8,94,1
2011-01-07,8,102,1
2011-01-07,8,168,1
2011-01-07,8,1800,1
2011-01-07,9,70,1
2011-01-07,10,90,1
2011-01-07,10,186,1
2011-01-07,11,80,1
2011-01-07,11,281,1
2011-01-07,11,329,1
2011-01-07,12,92,1
2011-01-07,13,202,1
2011-01-07,14,103,1
2011-01-07,15,118,1
2011-01-07,16,195,1
2011-01-07,16,235,1
2011-01-07,17,190,1
2011-01-07,17,404,1
2011-01-07,18,88,1
2011-01-07,18,223,1
2011-01-07,19,222,1
2011-01-07,20,187,1
2011-01-07,20,208,1
2011-01-07,21,488,1
2011-01-07,23,341,1
2011-01-07,23,410,1
2011-01-07,26,476,1
2011-01-07,34,147,1
2011-01-07,39,199,1
2011-01-07,39,367,1
2011-01-07,41,363,1
2011-01-07,48,365,1
2011-01-07,52,1070,1
2011-01-07,97,626,1
2011-01-07,131,571,1
2011-01-07,148,1775,1
2011-01-07,333,947,1
2011-01-07,351,1074,1
2011-01-09,2,24,1
2011-01-09,3,15,1
2011-01-09,5,42,1
2011-01-09,5,50,1
2011-01-09,5,72,1
2011-01-09,6,552,1
2011-01-09,7,58,1
2011-01-09,9,34,1
2011-01-09,9,78,1
2011-01-09,9,152,1
2011-01-09,10,68,1
2011-01-09,12,84,1
2011-01-09,12,98,1
2011-01-09,13,78,1
2011-01-09,14,76,1
2011-01-09,15,260,1
2011-01-09,16,64,1
2011-01-09,16,143,1
2011-01-09,16,228,1
2011-01-09,16,258,1
2011-01-09,18,160,1
2011-01-09,20,37,1
2011-01-09,20,400,1
2011-01-09,22,47,1
2011-01-09,22,181,1
2011-01-09,24,67,1
2011-01-09,24,90,1
2011-01-09,25,67,1
2011-01-09,25,93,1
2011-01-09,26,429,1
2011-01-09,27,238,1
2011-01-09,29,72,1
2011-01-09,29,82,1
2011-01-09,30,66,1
2011-01-09,31,99,1
2011-01-09,33,56,1
2011-01-09,34,187,1
2011-01-09,34,408,1
2011-01-09,35,73,1
2011-01-09,36,171,1
2011-01-09,36,250,1
2011-01-09,37,942,1
2011-01-09,38,154,1
2011-01-09,44,180,1
2011-01-09,47,385,1
2011-01-09,48,260,1
2011-01-09,49,156,1
2011-01-09,52,412,1
2011-01-10,1,2,1
2011-01-10,1,16,1
2011-01-10,1,40,1
2011-01-10,1,96,1
2011-01-10,1,200,1
2011-01-10,4,5,1
2011-01-10,4,242,1
2011-01-10,7,163,1
2011-01-10,8,19,1
2011-01-10,8,150,1
2011-01-10,8,317,1
2011-01-10,10,136,1
2011-01-10,13,522,1
2011-01-10,14,87,1
2011-01-10,14,100,1
2011-01-10,15,81,1
2011-01-10,15,94,1
2011-01-10,15,389,1
2011-01-10,15,793,1
2011-01-10,19,249,1
2011-01-10,20,195,1
2011-01-10,21,37,1
2011-01-10,21,468,1
2011-01-10,22,196,1
2011-01-10,23,260,1
2011-01-10,27,177,1
2011-01-10,29,386,1
2011-01-10,29,645,1
2011-01-10,33,365,1
2011-01-10,35,418,1
2011-01-10,42,246,1
2011-01-10,45,82,1
2011-01-10,49,628,1
2011-01-10,50,518,1
2011-01-10,93,515,1
2011-01-10,93,643,1
2011-01-10,288,592,1
2011-01-10,349,985,1
2011-01-10,501,1796,1
2011-01-11,1,1,2
2011-01-11,1,3,1
2011-01-11,1,15,1
2011-01-11,1,48,1
2011-01-11,1,576,1
2011-01-11,2,5,1
2011-01-11,2,6,1
2011-01-11,2,1970,1
2011-01-11,3,19,1
2011-01-11,3,21,1
2011-01-11,3,168,1
2011-01-11,3,7044,1
2011-01-11,4,12,1
2011-01-11,4,38,1
2011-01-11,4,156,1
2011-01-11,4,1008,1
2011-01-11,4,4510,1
2011-01-11,5,208,1
2011-01-11,6,364,1
2011-01-11,7,45,1
2011-01-11,7,49,1
2011-01-11,7,182,1
2011-01-11,8,80,1
2011-01-11,8,86,1
2011-01-11,8,90,1
2011-01-11,9,128,1
2011-01-11,9,328,1
2011-01-11,9,348,1
2011-01-11,10,81,1
2011-01-11,10,114,1
2011-01-11,10,624,1
2011-01-11,12,120,1
2011-01-11,12,198,1
2011-01-11,13,71,1
2011-01-11,13,92,1
2011-01-11,15,1098,1
2011-01-11,16,97,1
2011-01-11,16,225,1
2011-01-11,17,144,1
2011-01-11,19,238,1
2011-01-11,20,24,1
2011-01-11,21,188,1
2011-01-11,23,235,1
2011-01-11,23,858,1
2011-01-11,27,308,1
2011-01-11,29,159,1
2011-01-11,30,469,1
2011-01-11,31,362,1
2011-01-11,36,624,1
2011-01-11,43,258,1
2011-01-11,44,686,1
2011-01-11,52,129,1
2011-01-11,54,200,1
2011-01-11,56,288,1
2011-01-11,77,706,1
2011-01-11,131,1264,1
2011-01-11,405,1066,1
2011-01-12,1,1,1
2011-01-12,2,2,2
2011-01-12,2,64,2
2011-01-12,3,6,1
2011-01-12,3,24,1
2011-01-12,4,44,1
2011-01-12,5,290,1
2011-01-12,6,73,1
2011-01-12,6,131,1
2011-01-12,7,43,1
2011-01-12,7,140,1
2011-01-12,7,194,1
2011-01-12,9,143,1
2011-01-12,9,332,1
2011-01-12,10,95,1
2011-01-12,11,132,1
2011-01-12,11,490,1
2011-01-12,11,555,1
2011-01-12,13,33,1
2011-01-12,13,82,1
2011-01-12,15,143,1
2011-01-12,16,131,1
2011-01-12,16,144,1
2011-01-12,18,39,1
2011-01-12,22,113,1
2011-01-12,22,168,1
2011-01-12,24,91,1
2011-01-12,26,47,1
2011-01-12,26,121,1
2011-01-12,29,197,1
2011-01-12,30,586,1
2011-01-12,32,273,1
2011-01-12,34,107,1
2011-01-12,35,193,1
2011-01-12,39,373,1
2011-01-12,47,498,1
2011-01-12,49,303,1
2011-01-12,52,181,1
2011-01-12,66,316,1
2011-01-12,71,766,1
2011-01-12,88,155,1
2011-01-12,417,1390,1
2011-01-12,459,1329,1
2011-01-13,1,1,2
2011-01-13,1,2,1
2011-01-13,1,16,1
2011-01-13,1,72,1
2011-01-13,2,2,1
2011-01-13,2,384,1
2011-01-13,2,400,1
2011-01-13,5,68,1
2011-01-13,6,34,1
2011-01-13,6,95,1
2011-01-13,8,155,1
2011-01-13,9,25,1
2011-01-13,9,85,1
2011-01-13,9,102,1
2011-01-13,9,194,1
2011-01-13,10,109,1
2011-01-13,11,89,1
2011-01-13,12,27,1
2011-01-13,13,91,1
2011-01-13,14,75,1
2011-01-13,14,135,1
2011-01-13,15,155,1
2011-01-13,15,159,1
2011-01-13,15,294,1
2011-01-13,18,120,1
2011-01-13,18,1128,1
2011-01-13,19,429,1
2011-01-13,19,505,1
2011-01-13,20,187,1
2011-01-13,21,118,1
2011-01-13,22,176,1
2011-01-13,27,104,1
2011-01-13,29,94,1
2011-01-13,33,201,1
2011-01-13,36,294,1
2011-01-13,37,286,1
2011-01-13,38,99,1
2011-01-13,41,244,1
2011-01-13,41,246,1
2011-01-13,47,560,1
2011-01-13,69,741,1
2011-01-13,344,912,1
2011-01-13,359,946,1
2011-01-14,1,1,1
2011-01-14,1,10,1
2011-01-14,1,12,1
2011-01-14,2,36,1
2011-01-14,3,24,1
2011-01-14,3,36,1
2011-01-14,3,44,1
2011-01-14,3,60,1
2011-01-14,4,156,1
2011-01-14,5,36,1
2011-01-14,6,76,1
2011-01-14,6,80,1
2011-01-14,7,78,1
2011-01-14,7,98,1
2011-01-14,8,103,1
2011-01-14,9,178,1
2011-01-14,10,70,1
2011-01-14,10,78,1
2011-01-14,11,296,1
2011-01-14,16,18,1
2011-01-14,16,146,1
2011-01-14,16,210,1
2011-01-14,18,164,1
2011-01-14,19,30,1
2011-01-14,19,146,1
2011-01-14,20,312,1
2011-01-14,22,37,1
2011-01-14,22,230,1
2011-01-14,22,262,1
2011-01-14,25,368,1
2011-01-14,27,507,1
2011-01-14,30,198,1
2011-01-14,34,65,1
2011-01-14,35,281,1
2011-01-14,37,54,1
2011-01-14,37,440,1
2011-01-14,39,128,1
2011-01-14,41,6198,1
2011-01-14,42,543,1
2011-01-14,43,68,1
2011-01-14,45,113,1
2011-01-14,64,361,1
2011-01-14,67,177,1
2011-01-14,76,740,1
2011-01-14,79,8210,1
2011-01-14,85,483,1
2011-01-14,383,1164,1
2011-01-16,1,1,1
2011-01-16,1,12,1
2011-01-16,1,48,1
2011-01-16,1,648,1
2011-01-16,2,17,1
2011-01-16,7,7,1
2011-01-16,7,84,1
2011-01-16,9,60,1
2011-01-16,11,107,1
2011-01-16,14,492,1
2011-01-16,19,102,1
2011-01-16,19,190,1
2011-01-16,19,534,1
2011-01-16,23,74,1
2011-01-16,25,83,1
2011-01-16,31,74,1
2011-01-16,36,108,2
2011-01-16,36,118,1
2011-01-16,37,78,1
2011-01-16,38,127,1
2011-01-16,40,347,1
2011-01-16,53,398,1
2011-01-16,76,162,1
2011-01-16,99,223,1
2011-01-17,1,1,1
2011-01-17,1,2,1
2011-01-17,1,5,1
2011-01-17,1,12,1
2011-01-17,1,100,1
2011-01-17,1,144,1
2011-01-17,2,43,1
2011-01-17,3,664,1
2011-01-17,4,48,1
2011-01-17,4,340,1
2011-01-17,5,31,1
2011-01-17,5,52,1
2011-01-17,5,132,1
2011-01-17,6,43,1
2011-01-17,6,96,1
2011-01-17,7,135,1
2011-01-17,8,111,1
2011-01-17,11,94,1
2011-01-17,11,146,1
2011-01-17,12,186,1
2011-01-17,13,14,1
2011-01-17,16,27,1
2011-01-17,17,156,1
2011-01-17,17,262,1
2011-01-17,19,166,1
2011-01-17,19,204,1
2011-01-17,20,263,1
2011-01-17,21,133,1
2011-01-17,23,171,1
2011-01-17,25,217,1
2011-01-17,25,288,1
2011-01-17,28,116,1
2011-01-17,28,129,1
2011-01-17,29,304,1
2011-01-17,31,249,1
2011-01-17,31,447,1
2011-01-17,32,356,1
2011-01-17,34,177,1
2011-01-17,35,145,1
2011-01-17,40,76,1
2011-01-17,42,102,1
2011-01-17,43,101,1
2011-01-17,50,305,1
2011-01-17,51,617,1
2011-01-17,52,404,1
2011-01-17,61,679,1
2011-01-17,62,209,1
2011-01-17,354,947,1
2011-01-17,377,893,1
2011-01-17,401,1229,1
2011-01-17,454,1609,1
2011-01-18,1,4,1
2011-01-18,1,12,1
2011-01-18,1,144,1
2011-01-18,1,74215,1
2011-01-18,4,49,1
2011-01-18,4,61,1
2011-01-18,4,200,1
2011-01-18,5,76,1
2011-01-18,5,96,1
2011-01-18,6,60,1
2011-01-18,7,17,1
2011-01-18,7,1108,1
2011-01-18,8,8,1
2011-01-18,8,53,1
2011-01-18,8,240,1
2011-01-18,9,112,1
2011-01-18,9,286,1
2011-01-18,12,117,1
2011-01-18,12,133,1
2011-01-18,13,518,1
2011-01-18,14,191,1
2011-01-18,16,147,1
2011-01-18,17,99,1
2011-01-18,19,278,1
2011-01-18,20,54,1
2011-01-18,24,56,1
2011-01-18,25,27,1
2011-01-18,27,74,1
2011-01-18,28,291,1
2011-01-18,35,50,1
2011-01-18,35,1198,1
2011-01-18,37,53,1
2011-01-18,38,62,1
2011-01-18,39,106,1
2011-01-18,53,69,1
2011-01-18,68,357,1
2011-01-18,77,459,1
2011-01-18,98,230,1
2011-01-18,281,609,1
2011-01-18,339,1016,1
2011-01-19,1,72,1
2011-01-19,2,36,1
2011-01-19,6,323,1
2011-01-19,7,117,1
2011-01-19,10,66,1
2011-01-19,13,113,1
2011-01-19,14,38,1
2011-01-19,14,54,1
2011-01-19,15,243,1
2011-01-19,16,266,1
2011-01-19,17,308,1
2011-01-19,18,102,1
2011-01-19,19,45,1
2011-01-19,20,62,1
2011-01-19,23,48,1
2011-01-19,24,133,1
2011-01-19,24,316,1
2011-01-19,26,33,1
2011-01-19,27,234,1
2011-01-19,30,383,1
2011-01-19,30,808,1
2011-01-19,31,88,1
2011-01-19,31,310,1
2011-01-19,33,541,1
2011-01-19,33,6072,1
2011-01-19,35,403,1
2011-01-19,37,240,1
2011-01-19,39,53,1
2011-01-19,41,758,1
2011-01-19,44,123,1
2011-01-19,46,235,1
2011-01-19,57,182,1
2011-01-19,101,2334,1
2011-01-19,103,799,1
2011-01-19,414,1430,1
2011-01-20,2,2,1
2011-01-20,2,144,1
2011-01-20,2,288,1
2011-01-20,3,18,1
2011-01-20,3,20,1
2011-01-20,3,60,1
2011-01-20,3,165,1
2011-01-20,4,21,1
2011-01-20,4,56,1
2011-01-20,4,60,1
2011-01-20,5,32,1
2011-01-20,5,36,1
2011-01-20,5,88,1
2011-01-20,9,10,1
2011-01-20,10,73,1
2011-01-20,10,92,1
2011-01-20,11,100,1
2011-01-20,12,139,1
2011-01-20,13,117,1
2011-01-20,14,175,1
2011-01-20,15,112,1
2011-01-20,16,1059,1
2011-01-20,17,180,1
2011-01-20,19,132,1
2011-01-20,19,172,1
2011-01-20,21,1332,1
2011-01-20,22,110,1
2011-01-20,31,56,1
2011-01-20,31,376,1
2011-01-20,32,166,1
2011-01-20,33,351,1
2011-01-20,36,146,1
2011-01-20,48,263,1
2011-01-20,58,209,1
2011-01-20,71,702,1
2011-01-20,106,1126,1
2011-01-20,370,1037,1
2011-01-20,402,1252,1
2011-01-21,1,10,2
2011-01-21,2,2,1
2011-01-21,2,3,1
2011-01-21,3,152,1
2011-01-21,4,14,1
2011-01-21,4,44,1
2011-01-21,4,162,1
2011-01-21,5,81,1
2011-01-21,5,334,1
2011-01-21,6,6,1
2011-01-21,6,430,1
2011-01-21,9,150,1
2011-01-21,10,53,1
2011-01-21,11,143,1
2011-01-21,11,145,1
2011-01-21,12,44,1
2011-01-21,14,152,1
2011-01-21,15,160,1
2011-01-21,16,197,1
2011-01-21,16,484,1
2011-01-21,19,205,1
2011-01-21,19,212,1
2011-01-21,21,226,1
2011-01-21,26,56,1
2011-01-21,27,131,1
2011-01-21,27,233,1
2011-01-21,30,73,1
2011-01-21,35,396,1
2011-01-21,47,77,1
2011-01-21,52,362,1
2011-01-21,57,105,1
2011-01-21,73,365,1
2011-01-21,91,463,1
2011-01-21,93,1927,1
2011-01-21,106,5730,1
2011-01-21,217,478,1
2011-01-21,428,1481,1
2011-01-23,1,1,1
2011-01-23,4,45,1
2011-01-23,6,54,1
2011-01-23,8,53,1
2011-01-23,9,56,1
2011-01-23,10,92,1
2011-01-23,11,81,1
2011-01-23,11,120,1
2011-01-23,14,154,1
2011-01-23,17,52,1
2011-01-23,17,191,1
2011-01-23,19,1174,1
2011-01-23,24,73,1
2011-01-23,28,95,1
2011-01-23,28,177,1
2011-01-23,34,200,1
2011-01-23,40,99,1
2011-01-23,40,325,1
2011-01-23,41,67,1
2011-01-23,44,453,1
2011-01-23,45,67,1
2011-01-23,48,128,1
2011-01-23,49,79,1
2011-01-23,51,182,1
2011-01-23,62,572,1
2011-01-23,95,278,1
2011-01-23,103,367,1
2011-01-24,1,12,1
2011-01-24,1,100,1
2011-01-24,3,4,1
2011-01-24,4,12,1
2011-01-24,4,45,1
2011-01-24,4,132,1
2011-01-24,5,38,1
2011-01-24,5,109,1
2011-01-24,6,38,1
2011-01-24,6,114,1
2011-01-24,8,36,1
2011-01-24,8,45,1
2011-01-24,8,102,2
2011-01-24,8,142,1
2011-01-24,9,84,1
2011-01-24,10,103,1
2011-01-24,10,528,1
2011-01-24,11,33,1
2011-01-24,13,546,1
2011-01-24,14,46,1
2011-01-24,14,445,1
2011-01-24,15,139,1
2011-01-24,15,208,1
2011-01-24,17,128,1
2011-01-24,18,151,1
2011-01-24,18,170,1
2011-01-24,18,177,1
2011-01-24,19,182,1
2011-01-24,19,245,1
2011-01-24,19,272,1
2011-01-24,20,189,1
2011-01-24,20,558,1
2011-01-24,22,318,1
2011-01-24,25,78,1
2011-01-24,26,223,1
2011-01-24,27,181,1
2011-01-24,27,325,1
2011-01-24,30,82,1
2011-01-24,31,42,1
2011-01-24,32,526,1
2011-01-24,44,1244,1
2011-01-24,46,86,1
2011-01-24,49,219,1
2011-01-24,52,902,1
2011-01-24,57,1121,1
2011-01-24,67,258,1
2011-01-24,83,128,1
2011-01-24,95,286,1
2011-01-24,108,226,1
2011-01-24,126,199,1
2011-01-24,154,329,1
2011-01-25,1,1,1
2011-01-25,1,2,1
2011-01-25,1,10,1
2011-01-25,2,10,1
2011-01-25,3,14,1
2011-01-25,3,40,1
2011-01-25,3,52,1
2011-01-25,3,296,1
2011-01-25,4,72,1
2011-01-25,5,440,1
2011-01-25,5,461,1
2011-01-25,5,600,1
2011-01-25,6,7,1
2011-01-25,6,42,1
2011-01-25,6,76,1
2011-01-25,7,33,1
2011-01-25,7,73,1
2011-01-25,7,78,1
2011-01-25,7,81,1
2011-01-25,8,86,1
2011-01-25,8,102,1
2011-01-25,9,69,1
2011-01-25,9,104,1
2011-01-25,10,66,1
2011-01-25,11,14,1
2011-01-25,11,64,1
2011-01-25,11,253,1
2011-01-25,11,314,1
2011-01-25,11,327,1
2011-01-25,12,110,1
2011-01-25,12,355,1
2011-01-25,15,106,1
2011-01-25,15,221,1
2011-01-25,16,136,1
2011-01-25,16,170,1
2011-01-25,16,196,1
2011-01-25,17,188,1
2011-01-25,18,450,1
2011-01-25,19,135,1
2011-01-25,21,97,1
2011-01-25,21,159,1
2011-01-25,21,470,1
2011-01-25,23,189,1
2011-01-25,23,316,1
2011-01-25,23,740,1
2011-01-25,24,141,1
2011-01-25,24,316,1
2011-01-25,25,602,1
2011-01-25,25,1056,1
2011-01-25,27,243,1
2011-01-25,28,153,1
2011-01-25,28,296,1
2011-01-25,31,93,1
2011-01-25,34,162,1
2011-01-25,35,62,1
2011-01-25,39,424,1
2011-01-25,41,159,1
2011-01-25,52,575,1
2011-01-25,52,603,1
2011-01-25,56,1091,1
2011-01-25,57,92,1
2011-01-25,69,112,1
2011-01-25,76,365,1
2011-01-25,89,461,1
2011-01-25,137,365,1
2011-01-25,174,403,1
2011-01-26,1,1,1
2011-01-26,1,2,1
2011-01-26,1,3,1
2011-01-26,1,12,1
2011-01-26,1,24,1
2011-01-26,1,48,1
2011-01-26,1,112,1
2011-01-26,2,64,1
2011-01-26,2,128,1
2011-01-26,3,33,1
2011-01-26,3,1248,1
2011-01-26,4,60,1
2011-01-26,4,156,1
2011-01-26,6,37,1
2011-01-26,6,47,1
2011-01-26,6,158,1
2011-01-26,7,54,1
2011-01-26,8,66,1
2011-01-26,8,82,1
2011-01-26,9,62,1
2011-01-26,10,120,1
2011-01-26,10,133,1
2011-01-26,10,154,1
2011-01-26,10,1326,1
2011-01-26,11,48,1
2011-01-26,11,121,1
2011-01-26,11,225,1
2011-01-26,12,71,1
2011-01-26,12,211,1
2011-01-26,15,112,1
2011-01-26,15,115,1
2011-01-26,16,173,1
2011-01-26,17,72,1
2011-01-26,17,155,1
2011-01-26,18,76,1
2011-01-26,18,120,1
2011-01-26,19,163,1
2011-01-26,20,58,1
2011-01-26,21,150,1
2011-01-26,21,206,1
2011-01-26,23,53,1
2011-01-26,25,225,1
2011-01-26,28,56,1
2011-01-26,29,233,1
2011-01-26,29,315,1
2011-01-26,31,173,1
2011-01-26,35,314,1
2011-01-26,36,90,1
2011-01-26,41,482,1
2011-01-26,43,100,1
2011-01-26,48,135,1
2011-01-26,52,690,1
2011-01-26,63,101,1
2011-01-26,91,608,1
2011-01-26,110,767,1
2011-01-26,197,407,1
2011-01-27,2,4,1
2011-01-27,4,5,1
2011-01-27,4,39,1
2011-01-27,5,46,2
2011-01-27,5,50,1
2011-01-27,5,71,1
2011-01-27,6,110,1
2011-01-27,8,64,1
2011-01-27,9,48,1
2011-01-27,9,92,1
2011-01-27,9,94,1
2011-01-27,11,83,1
2011-01-27,11,109,1
2011-01-27,11,125,1
2011-01-27,12,95,1
2011-01-27,12,119,1
2011-01-27,15,234,1
2011-01-27,16,126,1
2011-01-27,16,127,1
2011-01-27,17,26,1
2011-01-27,17,116,1
2011-01-27,17,680,1
2011-01-27,18,51,1
2011-01-27,18,106,1
2011-01-27,18,191,1
2011-01-27,19,210,1
2011-01-27,20,154,1
2011-01-27,21,59,1
2011-01-27,21,129,1
2011-01-27,21,135,1
2011-01-27,24,67,1
2011-01-27,24,267,1
2011-01-27,24,410,1
2011-01-27,26,296,1
2011-01-27,30,259,1
2011-01-27,34,480,1
2011-01-27,36,420,1
2011-01-27,38,463,1
2011-01-27,41,343,1
2011-01-27,41,450,1
2011-01-27,42,93,1
2011-01-27,45,386,1
2011-01-27,50,231,1
2011-01-27,50,1223,1
2011-01-27,54,171,1
2011-01-27,57,143,1
2011-01-27,61,398,1
2011-01-27,72,269,1
2011-01-27,83,392,1
2011-01-27,93,643,1
2011-01-27,180,358,1
2011-01-28,1,1,1
2011-01-28,1,3,1
2011-01-28,1,4,1
2011-01-28,2,16,1
2011-01-28,3,24,1
2011-01-28,5,98,1
2011-01-28,8,67,1
2011-01-28,8,74,1
2011-01-28,8,154,1
2011-01-28,8,462,1
2011-01-28,9,117,1
2011-01-28,10,59,1
2011-01-28,10,83,1
2011-01-28,12,85,1
2011-01-28,13,198,1
2011-01-28,15,178,1
2011-01-28,16,63,1
2011-01-28,16,67,1
2011-01-28,16,123,1
2011-01-28,16,152,1
2011-01-28,16,193,1
2011-01-28,18,406,1
2011-01-28,20,102,1
2011-01-28,20,110,1
2011-01-28,20,138,1
2011-01-28,20,266,1
2011-01-28,21,55,1
2011-01-28,21,224,1
2011-01-28,21,2804,1
2011-01-28,22,614,1
2011-01-28,23,235,1
2011-01-28,26,164,1
2011-01-28,31,303,1
2011-01-28,32,231,1
2011-01-28,33,338,1
2011-01-28,34,167,1
2011-01-28,35,465,1
2011-01-28,50,323,1
2011-01-28,72,332,1
2011-01-28,177,344,1
2011-01-30,1,1,1
2011-01-30,5,76,1
2011-01-30,7,63,1
2011-01-30,8,29,1
2011-01-30,9,24,1
2011-01-30,13,21,1
2011-01-30,14,202,1
2011-01-30,15,143,1
2011-01-30,18,94,1
2011-01-30,19,29,1
2011-01-30,24,59,1
2011-01-30,25,82,1
2011-01-30,26,56,1
2011-01-30,30,58,1
2011-01-30,32,240,1
2011-01-30,33,139,1
2011-01-30,38,174,1
2011-01-30,43,66,1
2011-01-30,43,292,1
2011-01-30,48,575,1
2011-01-30,50,261,1
2011-01-30,54,185,1
2011-01-30,65,145,1
2011-01-30,94,417,1
2011-01-31,1,1,2
2011-01-31,1,2,1
2011-01-31,1,144,1
2011-01-31,1,600,1
2011-01-31,1,900,1
2011-01-31,2,5,2
2011-01-31,2,42,1
2011-01-31,3,9,1
2011-01-31,3,30,1
2011-01-31,3,144,1
2011-01-31,5,36,1
2011-01-31,5,194,1
2011-01-31,5,230,1
2011-01-31,5,390,1
2011-01-31,7,108,1
2011-01-31,7,236,1
2011-01-31,8,116,1
2011-01-31,10,114,1
2011-01-31,10,215,1
2011-01-31,10,472,1
2011-01-31,11,50,1
2011-01-31,11,218,1
2011-01-31,12,68,1
2011-01-31,13,151,1
2011-01-31,14,22,1
2011-01-31,15,37,1
2011-01-31,15,150,1
2011-01-31,16,260,1
2011-01-31,17,89,1
2011-01-31,17,122,1
2011-01-31,17,202,1
2011-01-31,18,180,1
2011-01-31,19,204,1
2011-01-31,19,264,1
2011-01-31,19,324,1
2011-01-31,20,108,1
2011-01-31,20,126,1
2011-01-31,22,250,1
2011-01-31,22,684,1
2011-01-31,23,35,1
2011-01-31,23,154,1
2011-01-31,26,28,1
2011-01-31,27,54,1
2011-01-31,28,232,1
2011-01-31,28,320,1
2011-01-31,30,278,1
2011-01-31,32,252,1
2011-01-31,35,103,1
2011-01-31,37,142,1
2011-01-31,40,70,1
2011-01-31,40,454,1
2011-01-31,42,567,1
2011-01-31,46,1617,1
2011-01-31,49,468,1
2011-01-31,53,164,1
2011-01-31,64,101,1
2011-01-31,70,105,1
2011-01-31,77,127,1
2011-01-31,134,301,1
2011-01-31,148,314,1
2011-02-01,1,4,1
2011-02-01,1,48,1
2011-02-01,1,96,1
2011-02-01,1,432,1
2011-02-01,2,2,1
2011-02-01,2,50,1
2011-02-01,2,136,1
2011-02-01,3,114,1
2011-02-01,4,40,1
2011-02-01,4,75,1
2011-02-01,4,370,1
2011-02-01,5,20,1
2011-02-01,5,60,1
2011-02-01,5,240,1
2011-02-01,6,12,1
2011-02-01,8,16,1
2011-02-01,8,37,1
2011-02-01,10,59,1
2011-02-01,10,180,1
2011-02-01,11,111,1
2011-02-01,11,192,1
2011-02-01,11,249,1
2011-02-01,12,202,1
2011-02-01,13,35,1
2011-02-01,13,196,1
2011-02-01,13,706,1
2011-02-01,14,73,1
2011-02-01,14,105,1
2011-02-01,14,306,1
2011-02-01,15,342,1
2011-02-01,17,98,1
2011-02-01,18,135,1
2011-02-01,18,143,1
2011-02-01,18,162,1
2011-02-01,18,175,1
2011-02-01,18,197,1
2011-02-01,18,250,1
2011-02-01,19,166,1
2011-02-01,20,70,1
2011-02-01,20,224,1
2011-02-01,20,690,1
2011-02-01,21,256,1
2011-02-01,21,293,1
2011-02-01,22,270,1
2011-02-01,23,132,1
2011-02-01,23,197,1
2011-02-01,28,78,1
2011-02-01,29,142,1
2011-02-01,29,319,1
2011-02-01,30,58,1
2011-02-01,31,199,1
2011-02-01,39,164,1
2011-02-01,39,260,1
2011-02-01,43,1184,1
2011-02-01,45,463,1
2011-02-01,47,172,1
2011-02-01,49,77,1
2011-02-01,56,136,1
2011-02-01,58,2945,1
2011-02-01,79,778,1
2011-02-01,87,140,1
2011-02-01,115,210,1
2011-02-01,178,531,1
2011-02-02,1,4,1
2011-02-02,1,24,1
2011-02-02,1,36,1
2011-02-02,1,100,1
2011-02-02,2,2,1
2011-02-02,2,4,1
2011-02-02,2,150,1
2011-02-02,3,3,1
2011-02-02,3,13,1
2011-02-02,3,50,1
2011-02-02,4,88,1
2011-02-02,4,111,1
2011-02-02,4,142,1
2011-02-02,5,43,1
2011-02-02,5,102,1
2011-02-02,5,450,1
2011-02-02,6,76,1
2011-02-02,6,144,1
2011-02-02,8,71,1
2011-02-02,8,78,1
2011-02-02,8,97,1
2011-02-02,8,180,1
2011-02-02,9,38,1
2011-02-02,9,44,1
2011-02-02,9,95,1
2011-02-02,9,174,1
2011-02-02,9,188,1
2011-02-02,9,206,1
2011-02-02,9,266,1
2011-02-02,10,105,1
2011-02-02,10,116,1
2011-02-02,10,122,1
2011-02-02,11,292,1
2011-02-02,12,125,1
2011-02-02,12,188,1
2011-02-02,12,223,1
2011-02-02,14,196,1
2011-02-02,16,174,1
2011-02-02,16,196,1
2011-02-02,16,198,1
2011-02-02,18,136,1
2011-02-02,18,144,1
2011-02-02,18,159,1
2011-02-02,19,48,1
2011-02-02,19,184,1
2011-02-02,20,161,1
2011-02-02,21,199,1
2011-02-02,26,150,1
2011-02-02,27,395,1
2011-02-02,27,426,1
2011-02-02,31,69,1
2011-02-02,31,87,1
2011-02-02,33,105,1
2011-02-02,34,85,1
2011-02-02,35,43,1
2011-02-02,39,59,1
2011-02-02,46,712,1
2011-02-02,60,92,1
2011-02-02,71,396,1
2011-02-02,75,142,1
2011-02-02,168,309,1
2011-02-02,259,703,1
2011-02-03,1,24,1
2011-02-03,2,3012,1
2011-02-03,3,28,1
2011-02-03,4,18,1
2011-02-03,4,40,1
2011-02-03,4,72,1
2011-02-03,4,586,1
2011-02-03,5,18,1
2011-02-03,7,29,1
2011-02-03,7,102,1
2011-02-03,10,30,1
2011-02-03,10,59,1
2011-02-03,10,86,1
2011-02-03,10,152,1
2011-02-03,11,59,1
2011-02-03,11,122,1
2011-02-03,11,134,1
2011-02-03,11,224,1
2011-02-03,12,76,1
2011-02-03,13,22,1
2011-02-03,14,122,1
2011-02-03,15,174,1
2011-02-03,16,212,1
2011-02-03,17,122,1
2011-02-03,17,150,1
2011-02-03,18,182,1
2011-02-03,19,72,1
2011-02-03,19,182,1
2011-02-03,20,90,1
2011-02-03,23,47,1
2011-02-03,26,157,1
2011-02-03,26,211,1
2011-02-03,27,124,1
2011-02-03,29,235,1
2011-02-03,29,283,1
2011-02-03,29,369,1
2011-02-03,30,167,1
2011-02-03,33,331,1
2011-02-03,34,5880,1
2011-02-03,40,270,1
2011-02-03,41,643,1
2011-02-03,45,222,1
2011-02-03,55,75,1
2011-02-03,71,202,1
2011-02-03,128,284,1
2011-02-04,1,72,1
2011-02-04,2,4,1
2011-02-04,2,5,1
2011-02-04,2,36,1
2011-02-04,3,3,1
2011-02-04,3,8,1
2011-02-04,3,84,1
2011-02-04,3,118,1
2011-02-04,3,224,1
2011-02-04,4,8,1
2011-02-04,4,150,1
2011-02-04,4,324,1
2011-02-04,4,432,1
2011-02-04,5,1306,1
2011-02-04,7,70,1
2011-02-04,7,134,1
2011-02-04,7,2910,1
2011-02-04,9,87,1
2011-02-04,9,98,1
2011-02-04,9,118,1
2011-02-04,10,290,1
2011-02-04,11,95,1
2011-02-04,11,102,1
2011-02-04,12,74,1
2011-02-04,12,126,1
2011-02-04,13,115,1
2011-02-04,14,120,1
2011-02-04,14,157,1
2011-02-04,14,185,1
2011-02-04,16,80,1
2011-02-04,18,141,1
2011-02-04,21,199,1
2011-02-04,21,406,1
2011-02-04,23,47,1
2011-02-04,23,208,1
2011-02-04,23,217,1
2011-02-04,24,186,1
2011-02-04,25,283,1
2011-02-04,30,217,1
2011-02-04,32,229,1
2011-02-04,34,467,1
2011-02-04,37,37,1
2011-02-04,41,110,1
2011-02-04,41,177,1
2011-02-04,48,141,1
2011-02-04,51,155,1
2011-02-04,54,97,1
2011-02-04,58,91,1
2011-02-04,60,137,1
2011-02-04,62,611,1
2011-02-04,107,565,1
2011-02-04,143,433,1
2011-02-06,9,82,1
2011-02-06,11,406,1
2011-02-06,12,430,1
2011-02-06,13,99,1
2011-02-06,16,61,1
2011-02-06,19,34,1
2011-02-06,24,37,1
2011-02-06,30,46,1
2011-02-06,38,359,1
2011-02-06,46,247,1
2011-02-06,61,247,1
2011-02-07,1,1,2
2011-02-07,1,2,1
2011-02-07,2,21,2
2011-02-07,2,1008,1
2011-02-07,4,7,1
2011-02-07,4,1420,1
2011-02-07,5,29,1
2011-02-07,6,37,1
2011-02-07,6,319,1
2011-02-07,7,15,1
2011-02-07,7,16,1
2011-02-07,7,66,1
2011-02-07,7,90,1
2011-02-07,8,71,1
2011-02-07,10,104,1
2011-02-07,11,40,1
2011-02-07,11,99,1
2011-02-07,11,110,1
2011-02-07,11,132,1
2011-02-07,12,29,1
2011-02-07,15,192,1
2011-02-07,17,163,1
2011-02-07,18,444,1
2011-02-07,22,269,1
2011-02-07,25,125,1
2011-02-07,26,89,1
2011-02-07,26,166,1
2011-02-07,29,92,1
2011-02-07,29,294,1
2011-02-07,38,115,1
2011-02-07,39,225,1
2011-02-07,39,522,1
2011-02-07,41,332,1
2011-02-07,57,105,1
2011-02-07,80,465,1
2011-02-07,85,288,1
2011-02-07,103,224,1
2011-02-07,129,266,1
2011-02-07,131,836,1
2011-02-07,142,291,1
2011-02-08,1,2,1
2011-02-08,1,12,2
2011-02-08,1,24,1
2011-02-08,1,144,1
2011-02-08,2,384,1
2011-02-08,3,11,1
2011-02-08,3,96,1
2011-02-08,3,242,1
2011-02-08,5,528,1
2011-02-08,7,160,1
2011-02-08,7,392,1
2011-02-08,8,32,1
2011-02-08,8,40,1
2011-02-08,9,80,1
2011-02-08,9,340,1
2011-02-08,9,416,1
2011-02-08,10,86,1
2011-02-08,10,128,1
2011-02-08,10,308,1
2011-02-08,13,130,1
2011-02-08,13,214,1
2011-02-08,13,1116,1
2011-02-08,15,24,1
2011-02-08,15,148,1
2011-02-08,16,131,1
2011-02-08,17,205,1
2011-02-08,19,57,1
2011-02-08,19,68,1
2011-02-08,19,199,1
2011-02-08,20,228,1
2011-02-08,25,127,1
2011-02-08,28,87,1
2011-02-08,33,79,1
2011-02-08,33,518,1
2011-02-08,38,93,1
2011-02-08,40,224,1
2011-02-08,44,67,1
2011-02-08,48,86,1
2011-02-08,48,440,1
2011-02-08,52,195,1
2011-02-08,70,1066,1
2011-02-08,104,551,1
2011-02-08,143,260,1
2011-02-08,198,362,1
2011-02-09,1,6,1
2011-02-09,3,30,1
2011-02-09,4,10,1
2011-02-09,5,36,1
2011-02-09,8,27,1
2011-02-09,8,92,1
2011-02-09,9,35,1
2011-02-09,11,31,1
2011-02-09,11,61,1
2011-02-09,11,84,1
2011-02-09,11,116,1
2011-02-09,12,159,1
2011-02-09,13,41,1
2011-02-09,13,266,1
2011-02-09,14,256,1
2011-02-09,17,45,1
2011-02-09,20,372,1
2011-02-09,25,158,1
2011-02-09,25,172,1
2011-02-09,26,298,1
2011-02-09,27,185,1
2011-02-09,35,88,1
2011-02-09,39,281,1
2011-02-09,48,2962,1
2011-02-09,61,370,1
2011-02-09,65,154,1
2011-02-09,68,125,1
2011-02-09,137,265,1
2011-02-09,140,400,1
2011-02-10,1,16,1
2011-02-10,1,25,1
2011-02-10,2,68,1
2011-02-10,2,184,1
2011-02-10,2,200,1
2011-02-10,3,217,1
2011-02-10,4,14,1
2011-02-10,5,50,1
2011-02-10,5,64,1
2011-02-10,5,780,1
2011-02-10,5,4752,1
2011-02-10,7,186,1
2011-02-10,8,53,1
2011-02-10,9,59,1
2011-02-10,11,54,1
2011-02-10,11,71,1
2011-02-10,12,168,1
2011-02-10,12,452,1
2011-02-10,13,112,1
2011-02-10,14,34,1
2011-02-10,14,106,1
2011-02-10,14,295,1
2011-02-10,16,98,1
2011-02-10,16,177,1
2011-02-10,17,66,1
2011-02-10,17,130,1
2011-02-10,18,147,1
2011-02-10,18,212,1
2011-02-10,19,46,1
2011-02-10,19,50,1
2011-02-10,19,60,1
2011-02-10,19,124,1
2011-02-10,19,144,1
2011-02-10,19,496,1
2011-02-10,20,189,1
2011-02-10,21,199,1
2011-02-10,27,95,1
2011-02-10,30,370,1
2011-02-10,34,274,1
2011-02-10,59,108,1
2011-02-10,68,616,1
2011-02-10,84,344,1
2011-02-11,1,1,1
2011-02-11,1,6,1
2011-02-11,1,48,1
2011-02-11,1,72,2
2011-02-11,1,150,1
2011-02-11,1,2400,1
2011-02-11,2,2,2
2011-02-11,2,50,1
2011-02-11,2,56,1
2011-02-11,2,64,1
2011-02-11,2,80,1
2011-02-11,2,84,1
2011-02-11,2,144,1
2011-02-11,3,3,1
2011-02-11,3,38,1
2011-02-11,3,316,1
2011-02-11,4,90,1
2011-02-11,7,112,1
2011-02-11,10,88,1
2011-02-11,10,106,1
2011-02-11,10,228,1
2011-02-11,11,85,1
2011-02-11,12,96,1
2011-02-11,12,252,1
2011-02-11,12,339,1
2011-02-11,13,261,1
2011-02-11,15,422,1
2011-02-11,16,24,1
2011-02-11,17,179,1
2011-02-11,19,272,1
2011-02-11,20,730,1
2011-02-11,23,139,1
2011-02-11,23,278,1
2011-02-11,23,373,1
2011-02-11,24,302,1
2011-02-11,30,264,1
2011-02-11,34,405,1
2011-02-11,43,130,1
2011-02-11,52,639,1
2011-02-11,58,135,1
2011-02-11,64,188,1
2011-02-11,105,490,1
2011-02-11,165,306,1
2011-02-13,5,40,1
2011-02-13,7,15,1
2011-02-13,9,52,1
2011-02-13,9,56,1
2011-02-13,12,61,1
2011-02-13,16,86,1
2011-02-13,18,91,1
2011-02-13,19,69,1
2011-02-13,22,55,1
2011-02-13,23,53,1
2011-02-13,25,382,1
2011-02-13,26,211,1
2011-02-13,29,77,1
2011-02-13,31,114,1
2011-02-13,38,75,1
2011-02-13,38,216,1
2011-02-13,62,184,1
2011-02-13,65,147,1
2011-02-13,71,155,1
2011-02-13,84,617,1
2011-02-14,1,1,2
2011-02-14,1,1056,1
2011-02-14,3,30,1
2011-02-14,3,114,1
2011-02-14,4,192,1
2011-02-14,4,664,1
2011-02-14,5,178,1
2011-02-14,6,28,1
2011-02-14,7,25,1
2011-02-14,7,46,1
2011-02-14,7,68,1
2011-02-14,7,136,1
2011-02-14,8,64,1
2011-02-14,8,66,1
2011-02-14,9,46,1
2011-02-14,9,724,1
2011-02-14,10,1948,1
2011-02-14,11,190,1
2011-02-14,12,160,1
2011-02-14,12,216,1
2011-02-14,15,122,1
2011-02-14,15,269,1
2011-02-14,15,1536,1
2011-02-14,20,61,1
2011-02-14,20,62,1
2011-02-14,21,27,1
2011-02-14,21,375,1
2011-02-14,23,222,1
2011-02-14,24,267,1
2011-02-14,25,305,1
2011-02-14,29,409,1
2011-02-14,30,496,1
2011-02-14,37,562,1
2011-02-14,39,57,1
2011-02-14,42,127,1
2011-02-14,44,178,1
2011-02-14,53,483,1
2011-02-14,61,475,1
2011-02-14,76,939,1
2011-02-14,155,336,1
2011-02-14,181,324,1
2011-02-15,1,1,2
2011-02-15,1,3,1
2011-02-15,1,6,1
2011-02-15,1,48,1
2011-02-15,1,100,1
2011-02-15,2,2,1
2011-02-15,2,3,1
2011-02-15,2,18,1
2011-02-15,2,24,1
2011-02-15,2,60,1
2011-02-15,3,31,1
2011-02-15,3,1700,1
2011-02-15,4,228,1
2011-02-15,4,1280,1
2011-02-15,5,40,1
2011-02-15,5,90,1
2011-02-15,8,336,1
2011-02-15,9,147,1
2011-02-15,10,96,1
2011-02-15,10,125,1
2011-02-15,10,935,1
2011-02-15,11,93,1
2011-02-15,11,168,1
2011-02-15,12,111,1
2011-02-15,12,442,1
2011-02-15,13,264,1
2011-02-15,14,44,1
2011-02-15,15,29,1
2011-02-15,15,61,1
2011-02-15,16,76,1
2011-02-15,17,104,1
2011-02-15,17,180,1
2011-02-15,18,52,1
2011-02-15,18,178,1
2011-02-15,19,22,1
2011-02-15,19,202,1
2011-02-15,20,143,1
2011-02-15,21,190,1
2011-02-15,23,1932,1
2011-02-15,24,236,1
2011-02-15,26,181,1
2011-02-15,26,263,1
2011-02-15,27,266,1
2011-02-15,27,430,1
2011-02-15,28,242,1
2011-02-15,29,432,1
2011-02-15,30,61,1
2011-02-15,30,382,1
2011-02-15,34,175,1
2011-02-15,36,199,1
2011-02-15,51,94,1
2011-02-15,51,531,1
2011-02-15,68,197,1
2011-02-15,69,8384,1
2011-02-15,110,470,1
2011-02-15,121,212,1
2011-02-15,143,366,1
2011-02-16,1,6,1
2011-02-16,1,32,1
2011-02-16,1,40,1
2011-02-16,1,72,1
2011-02-16,1,141,1
2011-02-16,1,600,1
2011-02-16,1,2400,1
2011-02-16,2,18,1
2011-02-16,2,20,1
2011-02-16,2,144,1
2011-02-16,3,12,1
2011-02-16,3,268,1
2011-02-16,3,524,1
2011-02-16,4,50,1
2011-02-16,6,45,1
2011-02-16,6,62,1
2011-02-16,6,64,1
2011-02-16,6,105,1
2011-02-16,6,135,1
2011-02-16,6,762,1
2011-02-16,7,15,1
2011-02-16,7,54,1
2011-02-16,7,144,1
2011-02-16,8,36,1
2011-02-16,8,280,1
2011-02-16,10,90,1
2011-02-16,10,109,1
2011-02-16,10,122,1
2011-02-16,11,15,1
2011-02-16,11,112,1
2011-02-16,12,91,1
2011-02-16,13,64,1
2011-02-16,13,129,1
2011-02-16,14,80,1
2011-02-16,14,86,1
2011-02-16,15,98,1
2011-02-16,15,112,1
2011-02-16,15,211,1
2011-02-16,15,239,1
2011-02-16,16,102,1
2011-02-16,16,286,1
2011-02-16,17,219,1
2011-02-16,19,108,1
2011-02-16,19,222,1
2011-02-16,22,138,1
2011-02-16,22,233,1
2011-02-16,22,275,1
2011-02-16,22,284,1
2011-02-16,24,210,1
2011-02-16,26,250,1
2011-02-16,27,134,1
2011-02-16,27,332,1
2011-02-16,29,57,1
2011-02-16,30,160,1
2011-02-16,30,367,1
2011-02-16,32,396,1
2011-02-16,41,1522,1
2011-02-16,42,116,1
2011-02-16,45,371,1
2011-02-16,47,772,1
2011-02-16,50,675,1
2011-02-16,96,945,1
2011-02-16,183,387,1
2011-02-17,1,1,1
2011-02-17,1,4,1
2011-02-17,1,24,1
2011-02-17,1,480,1
2011-02-17,2,3,1
2011-02-17,2,20,1
2011-02-17,2,196,1
2011-02-17,3,3,1
2011-02-17,3,26,1
2011-02-17,3,36,1
2011-02-17,3,60,1
2011-02-17,4,4,1
2011-02-17,4,34,1
2011-02-17,4,130,1
2011-02-17,4,302,1
2011-02-17,5,102,1
2011-02-17,5,156,1
2011-02-17,6,144,1
2011-02-17,6,146,1
2011-02-17,7,135,1
2011-02-17,8,38,1
2011-02-17,10,76,1
2011-02-17,12,61,1
2011-02-17,12,346,1
2011-02-17,13,31,1
2011-02-17,13,48,1
2011-02-17,13,86,1
2011-02-17,13,172,1
2011-02-17,14,19,1
2011-02-17,14,175,1
2011-02-17,14,190,1
2011-02-17,14,238,1
2011-02-17,15,114,1
2011-02-17,15,173,1
2011-02-17,16,384,1
2011-02-17,17,128,1
2011-02-17,17,212,1
2011-02-17,17,887,1
2011-02-17,18,166,1
2011-02-17,19,318,1
2011-02-17,21,646,1
2011-02-17,22,122,1
2011-02-17,24,76,1
2011-02-17,25,326,1
2011-02-17,26,226,1
2011-02-17,28,326,1
2011-02-17,29,557,1
2011-02-17,31,110,1
2011-02-17,35,63,1
2011-02-17,36,274,1
2011-02-17,36,368,1
2011-02-17,40,59,1
2011-02-17,41,57,1
2011-02-17,42,113,1
2011-02-17,43,362,1
2011-02-17,48,79,1
2011-02-17,48,97,1
2011-02-17,49,91,1
2011-02-17,52,104,1
2011-02-17,58,1206,1
2011-02-17,61,759,1
2011-02-17,64,101,1
2011-02-17,65,910,1
2011-02-17,68,94,1
2011-02-17,74,363,1
2011-02-17,112,718,1
2011-02-17,169,330,1
2011-02-18,1,1,1
2011-02-18,1,2,1
2011-02-18,1,4,1
2011-02-18,1,15,1
2011-02-18,2,2,1
2011-02-18,2,12,1
2011-02-18,3,6,1
2011-02-18,4,500,1
2011-02-18,5,60,1
2011-02-18,5,108,1
2011-02-18,5,122,1
2011-02-18,6,64,1
2011-02-18,7,103,1
2011-02-18,9,60,1
2011-02-18,9,106,1
2011-02-18,11,50,1
2011-02-18,12,110,1
2011-02-18,12,140,1
2011-02-18,12,1090,1
2011-02-18,14,146,1
2011-02-18,15,149,1
2011-02-18,16,72,1
2011-02-18,16,186,1
2011-02-18,17,149,1
2011-02-18,17,193,1
2011-02-18,17,223,1
2011-02-18,19,165,1
2011-02-18,19,198,1
2011-02-18,22,1223,1
2011-02-18,24,321,1
2011-02-18,27,282,1
2011-02-18,32,151,1
2011-02-18,32,751,1
2011-02-18,35,328,1
2011-02-18,52,748,1
2011-02-18,58,493,1
2011-02-18,63,310,1
2011-02-18,209,528,1
2011-02-20,1,16,1
2011-02-20,1,100,1
2011-02-20,2,14,1
2011-02-20,3,398,1
2011-02-20,4,80,1
2011-02-20,12,160,1
2011-02-20,13,110,1
2011-02-20,14,216,1
2011-02-20,17,65,1
2011-02-20,18,58,1
2011-02-20,19,51,1
2011-02-20,20,95,1
2011-02-20,24,77,1
2011-02-20,24,97,1
2011-02-20,24,361,1
2011-02-20,25,146,1
2011-02-20,31,115,1
2011-02-20,34,490,1
2011-02-20,51,288,1
2011-02-20,53,995,1
2011-02-20,59,200,1
2011-02-20,67,218,1
2011-02-20,68,259,1
2011-02-20,73,107,1
2011-02-20,92,136,1
2011-02-20,109,497,1
2011-02-21,1,12,1
2011-02-21,1,216,1
2011-02-21,3,3,1
2011-02-21,4,50,1
2011-02-21,5,336,1
2011-02-21,6,108,1
2011-02-21,7,77,1
2011-02-21,7,616,1
2011-02-21,8,91,1
2011-02-21,8,140,1
2011-02-21,10,26,1
2011-02-21,11,266,1
2011-02-21,12,120,1
2011-02-21,13,110,1
2011-02-21,14,117,1
2011-02-21,14,193,1
2011-02-21,16,264,1
2011-02-21,17,126,1
2011-02-21,20,76,1
2011-02-21,21,173,1
2011-02-21,21,515,1
2011-02-21,29,239,1
2011-02-21,33,256,1
2011-02-21,33,429,1
2011-02-21,38,545,1
2011-02-21,42,448,1
2011-02-21,43,422,1
2011-02-21,43,4034,1
2011-02-21,48,548,1
2011-02-21,62,106,1
2011-02-21,63,914,1
2011-02-21,69,240,1
2011-02-21,76,8174,1
2011-02-21,78,418,1
2011-02-21,120,480,1
2011-02-21,140,263,1
2011-02-21,232,417,1
2011-02-22,1,12,1
2011-02-22,1,100,1
2011-02-22,1,144,1
2011-02-22,1,3906,1
2011-02-22,2,17,1
2011-02-22,2,144,1
2011-02-22,3,72,1
2011-02-22,4,4,1
2011-02-22,4,8,1
2011-02-22,4,96,1
2011-02-22,5,116,1
2011-02-22,5,360,1
2011-02-22,8,82,1
2011-02-22,9,9,1
2011-02-22,11,97,1
2011-02-22,11,112,1
2011-02-22,11,128,1
2011-02-22,11,198,1
2011-02-22,12,252,1
2011-02-22,13,50,1
2011-02-22,15,169,1
2011-02-22,15,186,1
2011-02-22,16,111,1
2011-02-22,16,140,1
2011-02-22,16,164,1
2011-02-22,16,474,1
2011-02-22,17,266,1
2011-02-22,19,393,1
2011-02-22,20,134,1
2011-02-22,21,21,1
2011-02-22,23,1740,1
2011-02-22,27,64,1
2011-02-22,28,55,1
2011-02-22,28,105,1
2011-02-22,28,302,1
2011-02-22,28,560,1
2011-02-22,31,69,1
2011-02-22,31,248,1
2011-02-22,32,376,1
2011-02-22,34,2874,1
2011-02-22,36,299,1
2011-02-22,41,116,1
2011-02-22,43,438,1
2011-02-22,44,189,1
2011-02-22,44,2940,1
2011-02-22,45,296,1
2011-02-22,52,594,1
2011-02-22,63,470,1
2011-02-22,78,241,1
2011-02-22,118,964,1
2011-02-22,210,401,1
2011-02-22,211,569,1
2011-02-23,1,1,3
2011-02-23,1,6,1
2011-02-23,1,30,1
2011-02-23,1,240,1
2011-02-23,1,288,1
2011-02-23,1,360,1
2011-02-23,1,1152,1
2011-02-23,2,54,1
2011-02-23,4,84,1
2011-02-23,4,96,1
2011-02-23,5,252,1
2011-02-23,6,20,1
2011-02-23,6,192,1
2011-02-23,7,42,1
2011-02-23,7,65,1
2011-02-23,8,76,1
2011-02-23,9,112,1
2011-02-23,9,176,1
2011-02-23,11,28,1
2011-02-23,11,73,1
2011-02-23,12,198,1
2011-02-23,13,43,1
2011-02-23,13,107,1
2011-02-23,13,198,1
2011-02-23,15,668,1
2011-02-23,16,37,1
2011-02-23,16,169,1
2011-02-23,16,185,1
2011-02-23,16,264,1
2011-02-23,17,97,1
2011-02-23,17,111,1
2011-02-23,18,193,1
2011-02-23,18,203,1
2011-02-23,18,211,1
2011-02-23,18,276,1
2011-02-23,19,148,1
2011-02-23,19,216,1
2011-02-23,19,262,1
2011-02-23,20,98,1
2011-02-23,23,60,1
2011-02-23,24,202,1
2011-02-23,24,553,1
2011-02-23,26,365,1
2011-02-23,28,346,1
2011-02-23,31,59,1
2011-02-23,31,394,1
2011-02-23,34,57,1
2011-02-23,36,553,1
2011-02-23,38,65,1
2011-02-23,40,243,1
2011-02-23,40,711,1
2011-02-23,41,417,1
2011-02-23,46,58,1
2011-02-23,46,72,1
2011-02-23,48,91,1
2011-02-23,52,80,1
2011-02-23,58,526,1
2011-02-23,68,144,1
2011-02-23,83,549,1
2011-02-23,117,628,1
2011-02-23,216,543,1
2011-02-24,1,1,1
2011-02-24,1,2,1
2011-02-24,1,16,1
2011-02-24,2,64,1
2011-02-24,3,100,1
2011-02-24,4,120,1
2011-02-24,5,33,1
2011-02-24,5,90,1
2011-02-24,6,32,1
2011-02-24,7,7,1
2011-02-24,8,66,1
2011-02-24,9,16,1
2011-02-24,9,68,1
2011-02-24,9,78,1
2011-02-24,9,80,1
2011-02-24,9,152,1
2011-02-24,9,302,1
2011-02-24,9,348,1
2011-02-24,10,98,1
2011-02-24,10,180,1
2011-02-24,11,48,1
2011-02-24,11,140,1
2011-02-24,11,208,1
2011-02-24,14,93,1
2011-02-24,14,97,1
2011-02-24,14,121,1
2011-02-24,15,175,1
2011-02-24,15,229,1
2011-02-24,15,308,1
2011-02-24,17,150,1
2011-02-24,18,125,1
2011-02-24,19,89,1
2011-02-24,19,107,1
2011-02-24,19,117,1
2011-02-24,19,133,1
2011-02-24,19,211,1
2011-02-24,20,100,1
2011-02-24,23,139,1
2011-02-24,23,140,1
2011-02-24,23,165,1
2011-02-24,24,221,1
2011-02-24,28,86,1
2011-02-24,29,382,1
2011-02-24,32,355,1
2011-02-24,32,388,1
2011-02-24,34,566,1
2011-02-24,36,141,1
2011-02-24,36,362,1
2011-02-24,38,1814,1
2011-02-24,49,561,1
2011-02-24,52,560,1
2011-02-24,56,146,1
2011-02-24,67,339,1
2011-02-24,131,894,1
2011-02-24,159,331,1
2011-02-25,1,24,1
2011-02-25,1,204,1
2011-02-25,1,360,1
2011-02-25,2,20,1
2011-02-25,3,65,1
2011-02-25,4,28,1
2011-02-25,4,204,1
2011-02-25,5,67,1
2011-02-25,5,118,1
2011-02-25,5,220,1
2011-02-25,5,396,1
2011-02-25,6,98,1
2011-02-25,7,13,1
2011-02-25,7,100,1
2011-02-25,9,90,1
2011-02-25,10,51,1
2011-02-25,11,109,1
2011-02-25,11,120,1
2011-02-25,11,144,1
2011-02-25,12,85,1
2011-02-25,12,122,1
2011-02-25,12,234,1
2011-02-25,17,96,1
2011-02-25,17,283,1
2011-02-25,18,109,1
2011-02-25,18,202,1
2011-02-25,19,140,1
2011-02-25,19,179,1
2011-02-25,20,212,1
2011-02-25,21,350,1
2011-02-25,22,230,1
2011-02-25,23,171,1
2011-02-25,24,304,1
2011-02-25,27,211,1
2011-02-25,27,358,1
2011-02-25,29,40,1
2011-02-25,29,334,1
2011-02-25,29,813,1
2011-02-25,30,229,1
2011-02-25,32,41,1
2011-02-25,33,583,1
2011-02-25,34,384,1
2011-02-25,35,138,1
2011-02-25,35,512,1
2011-02-25,41,552,1
2011-02-25,47,79,1
2011-02-25,48,508,1
2011-02-25,52,336,1
2011-02-25,73,294,1
2011-02-27,1,1,1
2011-02-27,1,4,1
2011-02-27,2,40,1
2011-02-27,4,70,1
2011-02-27,6,101,1
2011-02-27,7,188,1
2011-02-27,8,168,1
2011-02-27,8,190,1
2011-02-27,10,73,1
2011-02-27,10,217,1
2011-02-27,11,65,1
2011-02-27,12,169,1
2011-02-27,13,140,1
2011-02-27,14,204,1
2011-02-27,16,209,1
2011-02-27,16,260,1
2011-02-27,21,66,1
2011-02-27,21,79,1
2011-02-27,22,153,1
2011-02-27,22,174,1
2011-02-27,22,505,1
2011-02-27,24,87,1
2011-02-27,29,64,1
2011-02-27,30,39,1
2011-02-27,33,120,1
2011-02-27,36,47,1
2011-02-27,39,199,1
2011-02-27,43,107,1
2011-02-27,63,270,1
2011-02-27,64,211,1
2011-02-27,66,291,1
2011-02-27,67,102,1
2011-02-27,68,256,1
2011-02-28,1,2,1
2011-02-28,1,24,1
2011-02-28,1,144,1
2011-02-28,2,13,1
2011-02-28,3,84,1
2011-02-28,4,4,1
2011-02-28,4,17,1
2011-02-28,4,84,1
2011-02-28,5,31,1
2011-02-28,5,52,1
2011-02-28,6,54,1
2011-02-28,7,34,1
2011-02-28,8,467,1
2011-02-28,9,124,1
2011-02-28,9,147,1
2011-02-28,10,100,1
2011-02-28,11,20,1
2011-02-28,11,72,1
2011-02-28,11,98,1
2011-02-28,11,124,1
2011-02-28,12,150,1
2011-02-28,12,213,1
2011-02-28,12,260,1
2011-02-28,12,278,1
2011-02-28,13,101,1
2011-02-28,13,103,1
2011-02-28,13,139,1
2011-02-28,13,443,1
2011-02-28,14,133,1
2011-02-28,14,155,1
2011-02-28,14,208,1
2011-02-28,15,89,1
2011-02-28,15,204,1
2011-02-28,15,346,1
2011-02-28,18,100,1
2011-02-28,18,268,1
2011-02-28,20,23,1
2011-02-28,20,168,1
2011-02-28,21,78,1
2011-02-28,22,247,1
2011-02-28,24,301,1
2011-02-28,25,310,1
2011-02-28,26,228,1
2011-02-28,27,206,1
2011-02-28,30,59,1
2011-02-28,38,268,1
2011-02-28,40,217,1
2011-02-28,42,88,1
2011-02-28,46,385,1
2011-02-28,47,114,1
2011-02-28,49,87,1
2011-02-28,72,444,1
2011-02-28,125,185,1
2011-02-28,131,372,1
2011-02-28,166,355,1
2011-02-28,178,368,1
2011-02-28,224,572,1
2011-03-01,1,1,1
2011-03-01,1,2,1
2011-03-01,1,4,1
2011-03-01,1,16,1
2011-03-01,1,60,1
2011-03-01,2,5,1
2011-03-01,2,6,1
2011-03-01,3,18,1
2011-03-01,3,136,1
2011-03-01,4,25,1
2011-03-01,4,152,1
2011-03-01,4,322,1
2011-03-01,5,21,1
2011-03-01,6,12,1
2011-03-01,6,59,1
2011-03-01,6,121,1
2011-03-01,6,669,1
2011-03-01,7,46,1
2011-03-01,7,49,1
2011-03-01,7,53,1
2011-03-01,8,65,1
2011-03-01,9,94,1
2011-03-01,9,108,1
2011-03-01,10,100,1
2011-03-01,10,135,1
2011-03-01,11,86,1
2011-03-01,11,504,1
2011-03-01,12,109,1
2011-03-01,12,146,1
2011-03-01,12,255,1
2011-03-01,14,384,1
2011-03-01,15,73,1
2011-03-01,15,349,1
2011-03-01,16,17,1
2011-03-01,16,175,1
2011-03-01,16,245,1
2011-03-01,18,114,1
2011-03-01,19,116,1
2011-03-01,23,33,1
2011-03-01,25,167,1
2011-03-01,27,68,1
2011-03-01,28,434,1
2011-03-01,29,40,1
2011-03-01,29,205,1
2011-03-01,30,151,1
2011-03-01,30,242,1
2011-03-01,30,260,1
2011-03-01,33,298,1
2011-03-01,33,1003,1
2011-03-01,35,123,1
2011-03-01,38,107,1
2011-03-01,41,216,1
2011-03-01,41,329,1
2011-03-01,48,76,1
2011-03-01,48,257,1
2011-03-01,51,156,1
2011-03-01,61,555,1
2011-03-01,95,852,1
2011-03-01,98,1273,1
2011-03-01,159,428,1
2011-03-02,1,1,1
2011-03-02,1,4,1
2011-03-02,1,6,1
2011-03-02,1,10,1
2011-03-02,1,24,1
2011-03-02,1,50,1
2011-03-02,1,72,1
2011-03-02,1,150,1
2011-03-02,3,750,1
2011-03-02,4,87,1
2011-03-02,4,128,1
2011-03-02,6,82,1
2011-03-02,7,203,1
2011-03-02,8,82,1
2011-03-02,10,62,1
2011-03-02,10,109,1
2011-03-02,11,43,1
2011-03-02,11,60,1
2011-03-02,14,62,1
2011-03-02,16,41,1
2011-03-02,16,151,1
2011-03-02,18,110,1
2011-03-02,18,182,1
2011-03-02,19,228,1
2011-03-02,20,174,1
2011-03-02,21,231,1
2011-03-02,22,148,1
2011-03-02,23,176,1
2011-03-02,23,281,1
2011-03-02,24,67,1
2011-03-02,28,220,1
2011-03-02,29,222,1
2011-03-02,31,309,1
2011-03-02,34,146,1
2011-03-02,35,335,1
2011-03-02,37,62,1
2011-03-02,39,459,1
2011-03-02,40,371,1
2011-03-02,41,292,1
2011-03-02,46,958,1
2011-03-02,66,546,1
2011-03-02,69,786,1
2011-03-02,80,137,1
2011-03-03,1,24,1
2011-03-03,1,200,1
2011-03-03,2,96,1
2011-03-03,2,133,1
2011-03-03,3,13,1
2011-03-03,3,52,1
2011-03-03,3,57,1
2011-03-03,4,15,1
2011-03-03,4,64,1
2011-03-03,4,192,1
2011-03-03,5,42,1
2011-03-03,5,347,1
2011-03-03,7,203,1
2011-03-03,8,94,1
2011-03-03,8,95,1
2011-03-03,9,97,1
2011-03-03,11,146,1
2011-03-03,11,302,1
2011-03-03,12,29,1
2011-03-03,13,98,1
2011-03-03,14,47,1
2011-03-03,14,74,1
2011-03-03,14,236,1
2011-03-03,15,470,1
2011-03-03,16,28,1
2011-03-03,16,358,1
2011-03-03,17,149,1
2011-03-03,18,80,1
2011-03-03,18,85,1
2011-03-03,18,123,1
2011-03-03,20,57,1
2011-03-03,20,257,1
2011-03-03,20,459,1
2011-03-03,22,219,1
2011-03-03,22,341,1
2011-03-03,27,314,1
2011-03-03,29,78,1
2011-03-03,29,164,1
2011-03-03,29,348,1
2011-03-03,29,378,1
2011-03-03,31,363,1
2011-03-03,36,319,1
2011-03-03,42,72,1
2011-03-03,49,87,1
2011-03-03,52,138,1
2011-03-03,82,10272,1
2011-03-03,98,1345,1
2011-03-03,192,433,1
2011-03-03,224,521,1
2011-03-04,1,1,1
2011-03-04,2,14,1
2011-03-04,3,3,1
2011-03-04,3,16,2
2011-03-04,3,36,1
2011-03-04,5,108,1
2011-03-04,5,3528,1
2011-03-04,6,12,1
2011-03-04,6,14,1
2011-03-04,6,60,1
2011-03-04,8,108,1
2011-03-04,9,10,1
2011-03-04,9,52,1
2011-03-04,9,85,1
2011-03-04,10,301,1
2011-03-04,11,43,1
2011-03-04,11,92,1
2011-03-04,13,87,1
2011-03-04,13,136,1
2011-03-04,13,203,1
2011-03-04,14,232,1
2011-03-04,15,123,1
2011-03-04,15,131,1
2011-03-04,15,136,1
2011-03-04,15,178,1
2011-03-04,16,224,1
2011-03-04,16,287,1
2011-03-04,17,81,1
2011-03-04,17,256,1
2011-03-04,18,125,1
2011-03-04,18,263,1
2011-03-04,19,84,1
2011-03-04,20,211,1
2011-03-04,20,261,1
2011-03-04,22,235,1
2011-03-04,22,289,1
2011-03-04,23,237,1
2011-03-04,23,275,1
2011-03-04,23,1976,1
2011-03-04,35,579,1
2011-03-04,37,51,1
2011-03-04,37,159,1
2011-03-04,46,69,1
2011-03-04,52,739,1
2011-03-04,56,593,1
2011-03-04,60,222,1
2011-03-04,86,268,1
2011-03-04,186,353,1
2011-03-06,1,1,1
2011-03-06,1,12,1
2011-03-06,1,96,1
2011-03-06,5,65,1
2011-03-06,5,190,1
2011-03-06,6,152,1
2011-03-06,7,76,1
2011-03-06,8,56,1
2011-03-06,10,66,1
2011-03-06,12,746,1
2011-03-06,15,19,1
2011-03-06,15,188,1
2011-03-06,16,150,1
2011-03-06,20,47,1
2011-03-06,21,112,1
2011-03-06,25,140,1
2011-03-06,25,196,1
2011-03-06,32,110,1
2011-03-06,40,111,1
2011-03-06,44,73,1
2011-03-06,58,289,1
2011-03-06,59,234,1
2011-03-06,61,212,1
2011-03-06,65,826,1
2011-03-06,73,345,1
2011-03-06,87,352,1
2011-03-06,110,185,1
2011-03-07,1,1,1
2011-03-07,1,2,2
2011-03-07,1,6,2
2011-03-07,1,96,1
2011-03-07,2,2,2
2011-03-07,2,14,1
2011-03-07,2,72,1
2011-03-07,3,888,1
2011-03-07,4,24,1
2011-03-07,4,506,1
2011-03-07,5,24,1
2011-03-07,5,47,1
2011-03-07,5,118,1
2011-03-07,5,322,1
2011-03-07,6,22,1
2011-03-07,6,23,1
2011-03-07,7,72,1
2011-03-07,8,66,1
2011-03-07,8,70,1
2011-03-07,8,76,1
2011-03-07,8,90,1
2011-03-07,8,1548,1
2011-03-07,9,9,1
2011-03-07,9,45,1
2011-03-07,10,45,1
2011-03-07,10,57,1
2011-03-07,10,109,1
2011-03-07,11,138,1
2011-03-07,11,160,1
2011-03-07,12,12,1
2011-03-07,12,25,1
2011-03-07,13,143,1
2011-03-07,14,74,1
2011-03-07,14,1476,1
2011-03-07,15,44,1
2011-03-07,15,130,1
2011-03-07,16,276,1
2011-03-07,16,301,1
2011-03-07,17,96,1
2011-03-07,17,190,1
2011-03-07,20,58,1
2011-03-07,20,76,1
2011-03-07,22,41,1
2011-03-07,23,95,1
2011-03-07,23,204,1
2011-03-07,25,52,1
2011-03-07,27,338,1
2011-03-07,30,238,1
2011-03-07,33,373,1
2011-03-07,37,313,1
2011-03-07,40,52,1
2011-03-07,43,75,1
2011-03-07,43,264,1
2011-03-07,45,78,1
2011-03-07,49,117,1
2011-03-07,51,125,1
2011-03-07,54,131,1
2011-03-07,59,176,1
2011-03-07,68,599,1
2011-03-07,90,284,1
2011-03-07,120,1365,1
2011-03-07,163,406,1
2011-03-07,221,552,1
2011-03-07,254,576,1
2011-03-08,1,1,3
2011-03-08,2,864,1
2011-03-08,2,936,1
2011-03-08,3,18,1
2011-03-08,3,23,1
2011-03-08,3,32,1
2011-03-08,4,32,1
2011-03-08,4,52,1
2011-03-08,6,50,1
2011-03-08,6,199,1
2011-03-08,7,43,1
2011-03-08,7,49,1
2011-03-08,9,232,1
2011-03-08,11,50,1
2011-03-08,11,157,1
2011-03-08,12,75,1
2011-03-08,14,196,1
2011-03-08,14,220,1
2011-03-08,16,168,1
2011-03-08,16,274,1
2011-03-08,17,189,1
2011-03-08,18,168,1
2011-03-08,19,134,1
2011-03-08,19,444,1
2011-03-08,20,251,1
2011-03-08,24,72,1
2011-03-08,26,116,1
2011-03-08,27,348,1
2011-03-08,28,222,1
2011-03-08,29,434,1
2011-03-08,29,565,1
2011-03-08,32,165,1
2011-03-08,41,522,1
2011-03-08,50,458,1
2011-03-08,51,1605,1
2011-03-08,53,379,1
2011-03-08,54,154,1
2011-03-08,54,155,1
2011-03-08,56,1109,1
2011-03-08,58,699,1
2011-03-08,59,623,1
2011-03-08,69,412,1
2011-03-08,82,480,1
2011-03-08,117,454,1
2011-03-08,188,301,1
2011-03-08,203,421,1
2011-03-09,1,2,1
2011-03-09,1,6,2
2011-03-09,1,200,1
2011-03-09,1,3000,1
2011-03-09,2,2,1
2011-03-09,2,612,1
2011-03-09,3,50,1
2011-03-09,3,54,1
2011-03-09,3,312,1
2011-03-09,4,780,1
2011-03-09,5,48,1
2011-03-09,5,124,1
2011-03-09,5,156,1
2011-03-09,6,45,1
2011-03-09,6,75,1
2011-03-09,6,104,1
2011-03-09,7,21,1
2011-03-09,7,32,1
2011-03-09,7,107,1
2011-03-09,7,306,1
2011-03-09,8,90,1
2011-03-09,9,52,1
2011-03-09,9,78,1
2011-03-09,9,90,1
2011-03-09,10,90,1
2011-03-09,10,158,1
2011-03-09,11,15,1
2011-03-09,12,165,1
2011-03-09,15,35,1
2011-03-09,19,201,1
2011-03-09,20,215,1
2011-03-09,20,291,1
2011-03-09,21,188,1
2011-03-09,21,202,1
2011-03-09,23,157,1
2011-03-09,24,126,1
2011-03-09,25,54,1
2011-03-09,25,107,1
2011-03-09,26,212,1
2011-03-09,26,275,1
2011-03-09,27,87,1
2011-03-09,32,383,1
2011-03-09,36,412,1
2011-03-09,40,314,1
2011-03-09,40,384,1
2011-03-09,47,238,1
2011-03-09,51,136,1
2011-03-09,52,516,1
2011-03-09,55,1566,1
2011-03-09,60,335,1
2011-03-09,70,341,1
2011-03-09,81,944,1
2011-03-09,221,401,1
2011-03-10,1,1,2
2011-03-10,1,144,1
2011-03-10,1,400,1
2011-03-10,2,2,1
2011-03-10,2,400,1
2011-03-10,3,108,1
2011-03-10,3,208,1
2011-03-10,3,218,1
2011-03-10,5,50,2
2011-03-10,5,52,1
2011-03-10,5,66,2
2011-03-10,5,90,1
2011-03-10,7,106,1
2011-03-10,7,165,1
2011-03-10,9,12,1
2011-03-10,9,80,1
2011-03-10,10,62,1
2011-03-10,11,78,1
2011-03-10,12,57,1
2011-03-10,13,112,1
2011-03-10,13,141,1
2011-03-10,14,58,1
2011-03-10,14,664,1
2011-03-10,15,122,1
2011-03-10,16,167,1
2011-03-10,16,180,1
2011-03-10,16,191,1
2011-03-10,16,246,1
2011-03-10,17,872,1
2011-03-10,18,183,1
2011-03-10,19,116,1
2011-03-10,19,120,1
2011-03-10,19,175,1
2011-03-10,20,46,1
2011-03-10,20,63,1
2011-03-10,21,288,1
2011-03-10,22,145,1
2011-03-10,23,164,1
2011-03-10,24,47,1
2011-03-10,25,249,1
2011-03-10,26,307,1
2011-03-10,27,306,1
2011-03-10,27,2826,1
2011-03-10,28,584,1
2011-03-10,29,87,1
2011-03-10,29,263,1
2011-03-10,30,322,1
2011-03-10,32,1844,1
2011-03-10,34,156,1
2011-03-10,48,71,1
2011-03-10,48,1005,1
2011-03-10,62,701,1
2011-03-10,165,344,1
2011-03-11,1,1,1
2011-03-11,1,10,1
2011-03-11,1,100,1
2011-03-11,1,120,2
2011-03-11,1,170,1
2011-03-11,1,480,1
2011-03-11,2,2,1
2011-03-11,3,12,1
2011-03-11,3,28,1
2011-03-11,3,63,1
2011-03-11,4,6,1
2011-03-11,4,12,1
2011-03-11,4,21,1
2011-03-11,5,13,1
2011-03-11,5,84,1
2011-03-11,5,508,1
2011-03-11,5,736,1
2011-03-11,6,51,1
2011-03-11,7,54,1
2011-03-11,7,69,1
2011-03-11,7,88,1
2011-03-11,9,9,1
2011-03-11,9,79,1
2011-03-11,9,94,1
2011-03-11,9,102,1
2011-03-11,10,91,1
2011-03-11,13,162,1
2011-03-11,13,254,1
2011-03-11,16,80,1
2011-03-11,16,144,1
2011-03-11,17,268,2
2011-03-11,19,75,1
2011-03-11,19,115,1
2011-03-11,19,323,1
2011-03-11,20,192,1
2011-03-11,22,160,1
2011-03-11,22,627,1
2011-03-11,22,744,1
2011-03-11,24,332,1
2011-03-11,25,484,1
2011-03-11,28,126,1
2011-03-11,30,504,1
2011-03-11,38,380,1
2011-03-11,39,427,1
2011-03-11,44,94,1
2011-03-11,45,186,1
2011-03-11,59,613,1
2011-03-11,90,623,1
2011-03-11,157,507,1
2011-03-13,16,34,1
2011-03-13,17,183,1
2011-03-13,18,186,1
2011-03-13,18,187,1
2011-03-13,21,62,1
2011-03-13,22,51,1
2011-03-13,22,66,1
2011-03-13,23,47,1
2011-03-13,23,58,1
2011-03-13,29,54,1
2011-03-13,34,123,1
2011-03-13,37,333,1
2011-03-13,42,536,1
2011-03-13,50,305,1
2011-03-13,63,124,1
2011-03-13,96,373,1
2011-03-14,1,1,3
2011-03-14,1,144,1
2011-03-14,2,7,1
2011-03-14,2,40,1
2011-03-14,2,80,1
2011-03-14,3,36,1
2011-03-14,3,130,1
2011-03-14,4,90,1
2011-03-14,4,260,1
2011-03-14,5,44,1
2011-03-14,5,54,1
2011-03-14,5,120,1
2011-03-14,7,80,1
2011-03-14,7,151,1
2011-03-14,7,480,1
2011-03-14,8,404,1
2011-03-14,9,96,1
2011-03-14,10,88,1
2011-03-14,11,36,1
2011-03-14,11,45,1
2011-03-14,13,208,1
2011-03-14,14,87,1
2011-03-14,16,232,1
2011-03-14,16,312,1
2011-03-14,17,338,1
2011-03-14,19,34,1
2011-03-14,19,175,1
2011-03-14,20,184,1
2011-03-14,21,213,1
2011-03-14,22,311,1
2011-03-14,27,5156,1
2011-03-14,28,172,1
2011-03-14,29,230,1
2011-03-14,30,206,1
2011-03-14,32,256,1
2011-03-14,33,180,1
2011-03-14,33,326,1
2011-03-14,34,86,1
2011-03-14,34,359,1
2011-03-14,38,2224,1
2011-03-14,40,1717,1
2011-03-14,41,498,1
2011-03-14,43,132,1
2011-03-14,49,109,1
2011-03-14,67,82,1
2011-03-14,74,151,1
2011-03-14,82,233,1
2011-03-14,85,155,1
2011-03-15,1,6,1
2011-03-15,1,50,1
2011-03-15,1,72,1
2011-03-15,2,48,1
2011-03-15,2,128,1
2011-03-15,3,3,1
2011-03-15,3,34,1
2011-03-15,3,180,1
2011-03-15,6,32,1
2011-03-15,9,86,1
2011-03-15,9,108,1
2011-03-15,9,121,1
2011-03-15,9,162,1
2011-03-15,11,122,1
2011-03-15,12,23,1
2011-03-15,13,100,1
2011-03-15,14,77,1
2011-03-15,14,90,1
2011-03-15,15,188,1
2011-03-15,15,268,1
2011-03-15,17,192,1
2011-03-15,19,133,1
2011-03-15,19,238,1
2011-03-15,21,138,1
2011-03-15,22,222,1
2011-03-15,22,271,1
2011-03-15,23,250,1
2011-03-15,24,328,1
2011-03-15,24,710,1
2011-03-15,25,134,1
2011-03-15,26,56,1
2011-03-15,26,92,1
2011-03-15,26,258,1
2011-03-15,27,335,1
2011-03-15,28,314,1
2011-03-15,30,286,1
2011-03-15,33,69,1
2011-03-15,33,331,1
2011-03-15,35,52,1
2011-03-15,35,356,1
2011-03-15,36,64,1
2011-03-15,40,57,1
2011-03-15,45,76,1
2011-03-15,45,203,1
2011-03-15,45,511,1
2011-03-15,48,76,1
2011-03-15,50,252,1
2011-03-15,52,118,1
2011-03-15,53,94,1
2011-03-15,78,405,1
2011-03-15,108,429,1
2011-03-16,1,2,1
2011-03-16,1,12,1
2011-03-16,1,20,1
2011-03-16,1,144,1
2011-03-16,1,576,1
2011-03-16,2,3,1
2011-03-16,3,18,1
2011-03-16,3,24,1
2011-03-16,3,44,1
2011-03-16,3,156,1
2011-03-16,3,192,1
2011-03-16,3,336,2
2011-03-16,3,960,1
2011-03-16,4,4,1
2011-03-16,5,30,1
2011-03-16,5,84,1
2011-03-16,6,100,1
2011-03-16,7,46,1
2011-03-16,7,84,1
2011-03-16,7,97,1
2011-03-16,7,162,1
2011-03-16,8,56,1
2011-03-16,8,62,1
2011-03-16,9,22,1
2011-03-16,10,48,1
2011-03-16,11,1208,1
2011-03-16,12,99,1
2011-03-16,13,230,1
2011-03-16,16,37,1
2011-03-16,16,117,1
2011-03-16,16,144,1
2011-03-16,17,164,1
2011-03-16,18,147,1
2011-03-16,19,104,1
2011-03-16,20,206,1
2011-03-16,21,124,1
2011-03-16,22,166,1
2011-03-16,22,285,1
2011-03-16,26,59,1
2011-03-16,26,167,1
2011-03-16,28,284,1
2011-03-16,29,227,1
2011-03-16,29,642,1
2011-03-16,30,170,1
2011-03-16,31,468,1
2011-03-16,34,496,1
2011-03-16,42,2374,1
2011-03-16,44,523,1
2011-03-16,45,251,1
2011-03-16,53,298,1
2011-03-16,102,309,1
2011-03-17,1,8,1
2011-03-17,1,12,2
2011-03-17,1,20,1
2011-03-17,1,35,1
2011-03-17,1,150,1
2011-03-17,2,2,1
2011-03-17,2,4,1
2011-03-17,2,36,1
2011-03-17,2,88,1
2011-03-17,2,164,1
2011-03-17,3,11,1
2011-03-17,4,4,1
2011-03-17,4,31,1
2011-03-17,4,95,1
2011-03-17,5,62,1
2011-03-17,5,100,1
2011-03-17,5,297,1
2011-03-17,5,1500,1
2011-03-17,6,286,1
2011-03-17,7,63,1
2011-03-17,8,388,1
2011-03-17,9,6100,1
2011-03-17,11,252,1
2011-03-17,12,72,1
2011-03-17,12,91,1
2011-03-17,12,160,1
2011-03-17,12,206,1
2011-03-17,14,90,1
2011-03-17,14,345,1
2011-03-17,16,120,1
2011-03-17,16,192,1
2011-03-17,18,173,1
2011-03-17,19,134,1
2011-03-17,19,879,1
2011-03-17,21,175,1
2011-03-17,21,207,1
2011-03-17,21,214,1
2011-03-17,21,720,1
2011-03-17,22,150,1
2011-03-17,23,404,1
2011-03-17,24,34,1
2011-03-17,24,416,1
2011-03-17,25,366,1
2011-03-17,28,69,1
2011-03-17,30,127,1
2011-03-17,30,416,1
2011-03-17,34,388,1
2011-03-17,36,113,1
2011-03-17,37,254,1
2011-03-17,40,96,1
2011-03-17,40,352,1
2011-03-17,42,435,1
2011-03-17,49,240,1
2011-03-17,51,440,1
2011-03-17,66,321,1
2011-03-17,96,923,1
2011-03-17,152,273,1
2011-03-17,167,289,1
2011-03-17,176,384,1
2011-03-17,179,371,1
2011-03-17,297,626,1
2011-03-18,1,1,3
2011-03-18,1,24,1
2011-03-18,1,144,1
2011-03-18,2,12,1
2011-03-18,2,150,1
2011-03-18,2,168,1
2011-03-18,3,3,1
2011-03-18,3,15,1
2011-03-18,3,312,1
2011-03-18,4,52,1
2011-03-18,4,222,1
2011-03-18,5,16,1
2011-03-18,5,41,1
2011-03-18,5,216,1
2011-03-18,6,25,1
2011-03-18,6,126,1
2011-03-18,6,266,1
2011-03-18,7,24,1
2011-03-18,7,45,1
2011-03-18,7,69,1
2011-03-18,8,128,1
2011-03-18,8,1014,1
2011-03-18,9,10,1
2011-03-18,12,162,1
2011-03-18,13,22,1
2011-03-18,13,581,1
2011-03-18,14,76,1
2011-03-18,14,196,1
2011-03-18,16,203,1
2011-03-18,16,287,1
2011-03-18,16,3004,1
2011-03-18,17,117,1
2011-03-18,17,288,1
2011-03-18,18,118,1
2011-03-18,19,197,1
2011-03-18,19,212,1
2011-03-18,20,96,1
2011-03-18,21,94,1
2011-03-18,21,279,1
2011-03-18,21,472,1
2011-03-18,22,71,1
2011-03-18,22,224,1
2011-03-18,23,128,1
2011-03-18,24,52,1
2011-03-18,25,98,1
2011-03-18,27,256,1
2011-03-18,30,70,1
2011-03-18,32,388,1
2011-03-18,34,57,1
2011-03-18,35,60,1
2011-03-18,44,79,1
2011-03-18,44,139,1
2011-03-18,44,265,1
2011-03-18,46,535,1
2011-03-18,47,359,1
2011-03-18,47,546,1
2011-03-18,54,145,1
2011-03-18,61,120,1
2011-03-18,61,302,1
2011-03-18,64,118,1
2011-03-18,70,159,1
2011-03-18,79,367,1
2011-03-20,2,10,1
2011-03-20,2,24,1
2011-03-20,2,42,1
2011-03-20,2,200,1
2011-03-20,3,44,1
2011-03-20,3,246,1
2011-03-20,4,39,1
2011-03-20,4,52,1
2011-03-20,4,3620,1
2011-03-20,5,5,1
2011-03-20,5,58,1
2011-03-20,5,66,1
2011-03-20,5,195,1
2011-03-20,6,30,1
2011-03-20,6,63,1
2011-03-20,6,184,1
2011-03-20,7,42,1
2011-03-20,7,76,1
2011-03-20,8,34,1
2011-03-20,8,52,1
2011-03-20,8,99,1
2011-03-20,9,60,1
2011-03-20,9,188,1
2011-03-20,10,66,1
2011-03-20,10,72,1
2011-03-20,10,87,1
2011-03-20,10,137,1
2011-03-20,10,324,1
2011-03-20,11,83,1
2011-03-20,11,118,1
2011-03-20,11,244,1
2011-03-20,11,264,1
2011-03-20,12,98,1
2011-03-20,12,155,1
2011-03-20,14,126,1
2011-03-20,14,214,1
2011-03-20,14,422,1
2011-03-20,17,191,1
2011-03-20,17,283,1
2011-03-20,18,130,1
2011-03-20,18,208,1
2011-03-20,20,80,1
2011-03-20,20,190,1
2011-03-20,20,200,1
2011-03-20,21,64,1
2011-03-20,21,116,1
2011-03-20,23,147,1
2011-03-20,25,168,1
2011-03-20,26,73,1
2011-03-20,30,168,1
2011-03-20,30,429,1
2011-03-20,31,371,1
2011-03-20,34,106,1
2011-03-20,43,137,1
2011-03-20,47,568,1
2011-03-20,51,133,1
2011-03-20,63,261,1
2011-03-20,65,160,1
2011-03-20,223,460,1
2011-03-20,294,1703,1
2011-03-21,1,3,1
2011-03-21,1,12,1
2011-03-21,1,24,1
2011-03-21,1,480,1
2011-03-21,2,2,1
2011-03-21,4,5,1
2011-03-21,4,210,1
2011-03-21,4,324,1
2011-03-21,5,72,1
2011-03-21,5,88,1
2011-03-21,5,108,1
2011-03-21,6,60,1
2011-03-21,6,68,1
2011-03-21,6,116,1
2011-03-21,7,30,1
2011-03-21,7,45,1
2011-03-21,8,115,1
2011-03-21,8,206,1
2011-03-21,9,33,1
2011-03-21,10,20,1
2011-03-21,10,69,1
2011-03-21,11,64,1
2011-03-21,11,125,1
2011-03-21,11,127,1
2011-03-21,14,133,1
2011-03-21,15,16,1
2011-03-21,15,45,1
2011-03-21,16,85,1
2011-03-21,16,99,1
2011-03-21,16,207,1
2011-03-21,16,299,1
2011-03-21,17,117,1
2011-03-21,19,137,1
2011-03-21,21,106,1
2011-03-21,21,341,1
2011-03-21,22,124,1
2011-03-21,23,239,1
2011-03-21,24,200,1
2011-03-21,24,358,1
2011-03-21,25,595,1
2011-03-21,26,382,1
2011-03-21,29,124,1
2011-03-21,31,74,1
2011-03-21,31,390,1
2011-03-21,32,389,1
2011-03-21,35,69,1
2011-03-21,40,85,1
2011-03-21,40,259,1
2011-03-21,42,82,1
2011-03-21,58,161,1
2011-03-21,67,631,1
2011-03-21,79,563,1
2011-03-21,82,1593,1
2011-03-22,1,15,1
2011-03-22,1,24,1
2011-03-22,3,16,1
2011-03-22,4,124,1
2011-03-22,4,350,1
2011-03-22,5,100,1
2011-03-22,7,63,1
2011-03-22,8,96,1
2011-03-22,8,108,1
2011-03-22,9,135,1
2011-03-22,10,162,1
2011-03-22,10,276,1
2011-03-22,11,169,1
2011-03-22,12,70,1
2011-03-22,16,154,1
2011-03-22,18,168,1
2011-03-22,19,259,1
2011-03-22,20,332,1
2011-03-22,21,209,1
2011-03-22,22,273,1
2011-03-22,24,223,1
2011-03-22,24,310,1
2011-03-22,27,52,1
2011-03-22,27,112,1
2011-03-22,28,484,1
2011-03-22,29,90,1
2011-03-22,30,148,1
2011-03-22,30,198,1
2011-03-22,33,441,1
2011-03-22,34,320,1
2011-03-22,35,62,1
2011-03-22,37,172,1
2011-03-22,39,4686,1
2011-03-22,41,664,1
2011-03-22,44,74,1
2011-03-22,44,335,1
2011-03-22,44,482,1
2011-03-22,45,79,1
2011-03-22,46,166,1
2011-03-22,47,83,1
2011-03-22,50,111,1
2011-03-22,58,132,1
2011-03-22,68,225,1
2011-03-22,68,311,1
2011-03-22,78,473,1
2011-03-22,85,143,1
2011-03-22,138,308,1
2011-03-22,152,558,1
2011-03-22,155,643,1
2011-03-22,174,436,1
2011-03-22,186,368,1
2011-03-22,203,552,1
2011-03-23,1,2,1
2011-03-23,1,8,1
2011-03-23,1,12,1
2011-03-23,1,1000,1
2011-03-23,2,2,2
2011-03-23,2,44,1
2011-03-23,2,150,1
2011-03-23,2,240,1
2011-03-23,3,20,1
2011-03-23,3,300,1
2011-03-23,5,17,1
2011-03-23,5,150,1
2011-03-23,6,144,1
2011-03-23,6,350,1
2011-03-23,6,800,1
2011-03-23,7,28,1
2011-03-23,7,140,1
2011-03-23,7,192,1
2011-03-23,8,76,1
2011-03-23,8,104,1
2011-03-23,8,242,1
2011-03-23,9,115,1
2011-03-23,9,136,1
2011-03-23,9,318,1
2011-03-23,10,100,1
2011-03-23,10,104,1
2011-03-23,11,39,1
2011-03-23,12,21,1
2011-03-23,12,87,1
2011-03-23,13,119,1
2011-03-23,13,920,1
2011-03-23,14,144,1
2011-03-23,15,124,1
2011-03-23,15,152,1
2011-03-23,15,1135,1
2011-03-23,16,126,1
2011-03-23,16,129,1
2011-03-23,16,144,1
2011-03-23,16,170,1
2011-03-23,16,295,1
2011-03-23,18,270,1
2011-03-23,18,376,1
2011-03-23,18,414,1
2011-03-23,19,363,1
2011-03-23,20,130,1
2011-03-23,22,363,1
2011-03-23,23,70,1
2011-03-23,23,248,1
2011-03-23,24,191,1
2011-03-23,29,173,1
2011-03-23,32,404,1
2011-03-23,34,713,1
2011-03-23,41,68,1
2011-03-23,42,110,1
2011-03-23,43,137,1
2011-03-23,49,826,1
2011-03-23,55,163,1
2011-03-23,56,107,1
2011-03-23,64,277,1
2011-03-23,68,191,1
2011-03-23,92,126,1
2011-03-23,148,276,1
2011-03-24,1,4,1
2011-03-24,1,100,1
2011-03-24,1,300,1
2011-03-24,2,18,1
2011-03-24,2,52,1
2011-03-24,2,96,1
2011-03-24,3,30,1
2011-03-24,3,41,1
2011-03-24,3,1108,1
2011-03-24,4,26,1
2011-03-24,5,48,1
2011-03-24,6,106,1
2011-03-24,8,85,1
2011-03-24,8,93,1
2011-03-24,8,100,1
2011-03-24,9,95,1
2011-03-24,9,288,1
2011-03-24,9,400,1
2011-03-24,10,122,1
2011-03-24,11,88,1
2011-03-24,11,315,1
2011-03-24,12,212,1
2011-03-24,12,228,1
2011-03-24,12,444,1
2011-03-24,13,4168,1
2011-03-24,14,190,1
2011-03-24,15,113,1
2011-03-24,15,140,2
2011-03-24,15,143,1
2011-03-24,16,77,1
2011-03-24,16,164,1
2011-03-24,16,238,1
2011-03-24,17,186,1
2011-03-24,18,181,1
2011-03-24,18,183,1
2011-03-24,18,210,1
2011-03-24,19,66,1
2011-03-24,19,222,1
2011-03-24,20,361,1
2011-03-24,21,27,1
2011-03-24,21,112,1
2011-03-24,22,590,1
2011-03-24,23,262,1
2011-03-24,25,55,1
2011-03-24,26,253,1
2011-03-24,28,61,1
2011-03-24,28,126,1
2011-03-24,28,348,1
2011-03-24,29,164,1
2011-03-24,29,303,1
2011-03-24,30,172,1
2011-03-24,30,440,1
2011-03-24,30,576,1
2011-03-24,31,259,1
2011-03-24,31,325,1
2011-03-24,31,430,1
2011-03-24,33,504,1
2011-03-24,35,80,1
2011-03-24,40,83,1
2011-03-24,42,301,1
2011-03-24,48,398,1
2011-03-24,56,192,1
2011-03-24,67,219,1
2011-03-24,73,149,1
2011-03-24,76,228,1
2011-03-24,76,261,1
2011-03-24,114,224,1
2011-03-25,1,1,1
2011-03-25,1,2,1
2011-03-25,1,8,1
2011-03-25,1,12,1
2011-03-25,1,24,1
2011-03-25,2,3,1
2011-03-25,2,96,1
2011-03-25,3,9,1
2011-03-25,3,216,1
2011-03-25,4,480,1
2011-03-25,4,552,1
2011-03-25,4,1336,1
2011-03-25,5,46,1
2011-03-25,5,210,1
2011-03-25,6,156,1
2011-03-25,7,34,1
2011-03-25,8,103,1
2011-03-25,8,146,1
2011-03-25,9,9,1
2011-03-25,9,242,1
2011-03-25,10,252,1
2011-03-25,11,33,1
2011-03-25,11,106,1
2011-03-25,12,226,1
2011-03-25,12,722,1
2011-03-25,13,16,1
2011-03-25,13,42,1
2011-03-25,13,134,1
2011-03-25,15,99,1
2011-03-25,16,126,1
2011-03-25,17,175,1
2011-03-25,17,215,1
2011-03-25,19,40,1
2011-03-25,19,84,1
2011-03-25,19,230,1
2011-03-25,20,241,1
2011-03-25,21,100,1
2011-03-25,21,194,1
2011-03-25,21,502,1
2011-03-25,22,36,1
2011-03-25,22,261,1
2011-03-25,22,2379,1
2011-03-25,27,220,1
2011-03-25,28,158,1
2011-03-25,28,418,1
2011-03-25,33,343,1
2011-03-25,39,168,1
2011-03-25,43,533,1
2011-03-25,48,506,1
2011-03-25,50,106,1
2011-03-25,51,220,1
2011-03-25,58,81,1
2011-03-25,63,344,1
2011-03-25,74,323,1
2011-03-25,161,306,1
2011-03-25,176,430,1
2011-03-27,1,1,1
2011-03-27,1,20,1
2011-03-27,3,170,1
2011-03-27,4,38,1
2011-03-27,4,57,1
2011-03-27,5,51,1
2011-03-27,5,60,1
2011-03-27,7,59,1
2011-03-27,7,206,1
2011-03-27,7,252,1
2011-03-27,10,232,1
2011-03-27,11,38,1
2011-03-27,11,103,1
2011-03-27,12,168,1
2011-03-27,13,350,1
2011-03-27,14,119,1
2011-03-27,14,181,1
2011-03-27,19,132,1
2011-03-27,20,41,1
2011-03-27,20,75,1
2011-03-27,20,101,1
2011-03-27,20,280,1
2011-03-27,21,121,1
2011-03-27,22,73,1
2011-03-27,32,67,1
2011-03-27,34,106,1
2011-03-27,39,50,1
2011-03-27,39,298,1
2011-03-27,51,158,1
2011-03-27,62,216,1
2011-03-27,90,322,1
2011-03-27,95,382,1
2011-03-28,1,1,1
2011-03-28,1,10,1
2011-03-28,1,150,1
2011-03-28,3,30,1
2011-03-28,3,36,1
2011-03-28,3,49,1
2011-03-28,3,54,1
2011-03-28,4,23,1
2011-03-28,4,58,1
2011-03-28,5,23,1
2011-03-28,5,38,1
2011-03-28,5,550,1
2011-03-28,6,100,1
2011-03-28,7,88,1
2011-03-28,8,44,1
2011-03-28,8,72,1
2011-03-28,9,36,1
2011-03-28,9,160,1
2011-03-28,10,54,1
2011-03-28,10,268,1
2011-03-28,12,23,1
2011-03-28,12,162,1
2011-03-28,14,60,1
2011-03-28,14,108,1
2011-03-28,14,139,1
2011-03-28,15,158,1
2011-03-28,16,156,1
2011-03-28,17,184,1
2011-03-28,19,44,1
2011-03-28,19,401,1
2011-03-28,20,178,1
2011-03-28,22,257,1
2011-03-28,22,1310,1
2011-03-28,23,187,1
2011-03-28,23,244,1
2011-03-28,24,42,1
2011-03-28,24,87,1
2011-03-28,24,215,1
2011-03-28,24,251,1
2011-03-28,27,314,1
2011-03-28,27,421,1
2011-03-28,28,96,1
2011-03-28,30,258,1
2011-03-28,34,117,1
2011-03-28,36,75,1
2011-03-28,36,245,1
2011-03-28,38,744,1
2011-03-28,39,130,1
2011-03-28,39,145,1
2011-03-28,39,466,1
2011-03-28,43,471,1
2011-03-28,45,95,1
2011-03-28,60,119,1
2011-03-28,60,478,1
2011-03-28,68,842,1
2011-03-28,69,127,1
2011-03-28,118,402,1
2011-03-28,150,278,1
2011-03-28,171,367,1
2011-03-29,1,14,1
2011-03-29,1,24,1
2011-03-29,2,36,1
2011-03-29,2,164,1
2011-03-29,3,42,1
2011-03-29,4,16,1
2011-03-29,4,48,1
2011-03-29,4,52,1
2011-03-29,8,48,1
2011-03-29,8,63,1
2011-03-29,8,254,1
2011-03-29,9,111,1
2011-03-29,9,370,1
2011-03-29,10,79,1
2011-03-29,11,163,1
2011-03-29,13,108,1
2011-03-29,13,118,1
2011-03-29,13,253,1
2011-03-29,13,368,1
2011-03-29,14,920,1
2011-03-29,14,1215,1
2011-03-29,15,1070,1
2011-03-29,16,94,1
2011-03-29,17,121,1
2011-03-29,17,133,1
2011-03-29,18,140,2
2011-03-29,18,224,1
2011-03-29,19,144,1
2011-03-29,19,182,1
2011-03-29,19,196,1
2011-03-29,20,38,1
2011-03-29,20,222,1
2011-03-29,21,173,1
2011-03-29,21,203,1
2011-03-29,22,173,1
2011-03-29,22,235,1
2011-03-29,22,269,1
2011-03-29,23,137,1
2011-03-29,26,333,1
2011-03-29,27,321,1
2011-03-29,28,92,1
2011-03-29,29,436,1
2011-03-29,29,1250,1
2011-03-29,34,64,1
2011-03-29,39,437,1
2011-03-29,40,132,1
2011-03-29,43,91,1
2011-03-29,47,95,1
2011-03-29,50,90,1
2011-03-29,50,164,1
2011-03-29,51,84,1
2011-03-29,52,133,1
2011-03-29,52,174,1
2011-03-29,53,1340,1
2011-03-29,54,242,1
2011-03-29,68,128,1
2011-03-29,89,11116,1
2011-03-29,90,989,1
2011-03-29,138,5963,1
2011-03-29,164,403,1
2011-03-29,167,356,1
2011-03-30,1,1,1
2011-03-30,1,24,1
2011-03-30,1,32,1
2011-03-30,1,36,1
2011-03-30,1,60,1
2011-03-30,1,144,1
2011-03-30,2,2,1
2011-03-30,2,4,2
2011-03-30,3,31,1
2011-03-30,3,58,1
2011-03-30,3,72,1
2011-03-30,3,84,1
2011-03-30,3,308,1
2011-03-30,3,388,1
2011-03-30,3,696,1
2011-03-30,4,38,1
2011-03-30,4,40,1
2011-03-30,4,612,1
2011-03-30,5,5,2
2011-03-30,6,172,1
2011-03-30,7,60,1
2011-03-30,7,126,1
2011-03-30,8,13,1
2011-03-30,8,87,1
2011-03-30,8,126,1
2011-03-30,8,168,1
2011-03-30,9,77,1
2011-03-30,9,336,1
2011-03-30,9,378,1
2011-03-30,9,386,1
2011-03-30,10,628,1
2011-03-30,11,2048,1
2011-03-30,12,92,1
2011-03-30,12,171,1
2011-03-30,13,376,1
2011-03-30,14,220,1
2011-03-30,14,488,1
2011-03-30,15,38,1
2011-03-30,15,386,1
2011-03-30,16,214,1
2011-03-30,16,233,1
2011-03-30,16,1208,1
2011-03-30,17,84,1
2011-03-30,17,115,1
2011-03-30,17,204,1
2011-03-30,18,250,1
2011-03-30,18,416,1
2011-03-30,19,198,1
2011-03-30,20,193,1
2011-03-30,20,211,1
2011-03-30,20,592,1
2011-03-30,21,48,1
2011-03-30,22,65,1
2011-03-30,22,311,1
2011-03-30,23,861,1
2011-03-30,24,79,1
2011-03-30,24,502,1
2011-03-30,26,123,1
2011-03-30,28,236,1
2011-03-30,28,1104,1
2011-03-30,30,260,1
2011-03-30,33,433,1
2011-03-30,40,441,1
2011-03-30,43,426,1
2011-03-30,48,144,1
2011-03-30,51,212,1
2011-03-30,54,465,1
2011-03-30,56,458,1
2011-03-30,58,285,1
2011-03-30,64,204,1
2011-03-30,67,186,1
2011-03-30,76,463,1
2011-03-30,215,451,1
2011-03-31,1,1,1
2011-03-31,2,2,1
2011-03-31,2,4,1
2011-03-31,2,8,1
2011-03-31,2,48,1
2011-03-31,3,10,1
2011-03-31,3,53,1
2011-03-31,3,102,1
2011-03-31,4,26,1
2011-03-31,4,132,1
2011-03-31,4,147,2
2011-03-31,4,520,1
2011-03-31,5,24,1
2011-03-31,5,44,1
2011-03-31,5,64,1
2011-03-31,5,216,1
2011-03-31,7,51,1
2011-03-31,8,44,1
2011-03-31,8,59,1
2011-03-31,8,100,1
2011-03-31,8,906,1
2011-03-31,9,48,1
2011-03-31,9,186,1
2011-03-31,10,136,1
2011-03-31,10,314,1
2011-03-31,11,500,1
2011-03-31,12,34,1
2011-03-31,12,246,1
2011-03-31,12,275,1
2011-03-31,13,31,1
2011-03-31,15,40,1
2011-03-31,15,123,1
2011-03-31,15,172,1
2011-03-31,15,184,1
2011-03-31,15,288,1
2011-03-31,16,60,1
2011-03-31,16,167,1
2011-03-31,17,103,1
2011-03-31,17,376,1
2011-03-31,19,127,1
2011-03-31,19,431,1
2011-03-31,22,53,1
2011-03-31,22,148,1
2011-03-31,24,217,1
2011-03-31,26,379,1
2011-03-31,27,77,1
2011-03-31,27,86,1
2011-03-31,27,431,1
2011-03-31,33,946,1
2011-03-31,34,255,1
2011-03-31,35,2271,1
2011-03-31,37,115,1
2011-03-31,41,626,1
2011-03-31,46,457,1
2011-03-31,55,355,1
2011-03-31,57,725,1
2011-03-31,58,418,1
2011-03-31,63,503,1
2011-03-31,65,785,1
2011-03-31,68,160,1
2011-03-31,72,157,1
2011-03-31,73,121,1
2011-03-31,146,386,1
2011-03-31,194,652,1
2011-04-01,1,2,1
2011-04-01,1,6,1
2011-04-01,1,12,1
2011-04-01,1,40,1
2011-04-01,1,84,1
2011-04-01,1,100,3
2011-04-01,1,192,2
2011-04-01,1,312,1
2011-04-01,1,864,1
2011-04-01,2,2,1
2011-04-01,2,4,1
2011-04-01,2,5,1
2011-04-01,2,72,1
2011-04-01,2,114,1
2011-04-01,2,122,1
2011-04-01,2,288,1
2011-04-01,2,1432,1
2011-04-01,3,4,1
2011-04-01,3,6,1
2011-04-01,3,240,1
2011-04-01,5,34,2
2011-04-01,5,108,1
2011-04-01,5,736,1
2011-04-01,5,3080,1
2011-04-01,6,6,1
2011-04-01,6,30,1
2011-04-01,6,96,1
2011-04-01,6,110,1
2011-04-01,7,65,1
2011-04-01,7,100,1
2011-04-01,8,200,1
2011-04-01,9,62,1
2011-04-01,9,88,1
2011-04-01,9,108,1
2011-04-01,10,27,1
2011-04-01,10,71,1
2011-04-01,11,128,1
2011-04-01,12,73,1
2011-04-01,12,76,1
2011-04-01,12,109,1
2011-04-01,12,124,1
2011-04-01,13,228,1
2011-04-01,15,108,1
2011-04-01,15,120,1
2011-04-01,15,328,1
2011-04-01,16,16,1
2011-04-01,16,153,1
2011-04-01,16,210,1
2011-04-01,17,47,1
2011-04-01,18,160,1
2011-04-01,18,333,1
2011-04-01,19,209,1
2011-04-01,19,1420,1
2011-04-01,20,130,1
2011-04-01,21,215,1
2011-04-01,24,109,1
2011-04-01,24,368,1
2011-04-01,24,553,1
2011-04-01,26,87,1
2011-04-01,29,425,1
2011-04-01,35,101,1
2011-04-01,35,255,1
2011-04-01,37,107,1
2011-04-01,44,92,1
2011-04-01,60,122,1
2011-04-01,67,117,1
2011-04-01,67,713,1
2011-04-01,75,909,1
2011-04-01,89,693,1
2011-04-01,127,392,1
2011-04-03,3,444,1
2011-04-03,4,106,1
2011-04-03,6,12,1
2011-04-03,6,184,1
2011-04-03,7,48,1
2011-04-03,7,1897,1
2011-04-03,10,19,1
2011-04-03,12,364,1
2011-04-03,16,162,1
2011-04-03,17,30,1
2011-04-03,17,188,1
2011-04-03,27,151,1
2011-04-03,29,86,1
2011-04-03,35,219,1
2011-04-03,48,103,1
2011-04-03,68,407,1
2011-04-03,70,367,1
2011-04-03,91,113,1
2011-04-03,95,515,1
2011-04-03,157,264,1
2011-04-04,1,1,2
2011-04-04,1,40,1
2011-04-04,1,408,1
2011-04-04,2,3,1
2011-04-04,3,12,1
2011-04-04,3,18,1
2011-04-04,3,92,1
2011-04-04,6,428,1
2011-04-04,7,27,1
2011-04-04,7,78,1
2011-04-04,7,88,1
2011-04-04,7,234,1
2011-04-04,8,35,1
2011-04-04,8,168,1
2011-04-04,12,115,1
2011-04-04,12,146,1
2011-04-04,13,141,1
2011-04-04,14,76,1
2011-04-04,14,79,1
2011-04-04,14,150,1
2011-04-04,14,1162,1
2011-04-04,15,159,1
2011-04-04,16,20,1
2011-04-04,16,93,1
2011-04-04,17,183,1
2011-04-04,18,84,1
2011-04-04,18,144,1
2011-04-04,18,181,1
2011-04-04,18,1648,1
2011-04-04,19,333,1
2011-04-04,22,63,1
2011-04-04,24,112,1
2011-04-04,26,266,1
2011-04-04,26,293,1
2011-04-04,26,347,1
2011-04-04,27,216,1
2011-04-04,31,448,1
2011-04-04,32,187,1
2011-04-04,32,317,1
2011-04-04,33,181,1
2011-04-04,36,169,1
2011-04-04,37,386,1
2011-04-04,37,422,1
2011-04-04,39,45,1
2011-04-04,40,123,1
2011-04-04,40,188,1
2011-04-04,42,58,1
2011-04-04,44,126,1
2011-04-04,45,1050,1
2011-04-04,54,340,1
2011-04-04,58,106,1
2011-04-04,66,254,1
2011-04-04,67,835,1
2011-04-04,194,396,1
2011-04-04,253,722,1
2011-04-05,1,6,1
2011-04-05,1,12,1
2011-04-05,1,84,1
2011-04-05,1,96,1
2011-04-05,2,12,1
2011-04-05,2,120,1
2011-04-05,2,208,1
2011-04-05,3,5,1
2011-04-05,3,22,1
2011-04-05,3,84,1
2011-04-05,3,222,1
2011-04-05,3,1296,1
2011-04-05,4,268,1
2011-04-05,4,1600,1
2011-04-05,5,13,1
2011-04-05,5,41,1
2011-04-05,6,700,1
2011-04-05,8,95,1
2011-04-05,9,32,1
2011-04-05,9,55,1
2011-04-05,9,636,1
2011-04-05,10,16,1
2011-04-05,12,70,1
2011-04-05,12,93,1
2011-04-05,12,155,1
2011-04-05,13,86,1
2011-04-05,13,330,1
2011-04-05,15,240,1
2011-04-05,16,145,1
2011-04-05,16,202,1
2011-04-05,16,729,1
2011-04-05,19,198,1
2011-04-05,20,489,1
2011-04-05,22,45,1
2011-04-05,23,29,1
2011-04-05,24,403,1
2011-04-05,25,90,1
2011-04-05,25,432,1
2011-04-05,26,251,1
2011-04-05,26,377,1
2011-04-05,31,355,1
2011-04-05,31,441,1
2011-04-05,32,250,1
2011-04-05,32,1626,1
2011-04-05,46,393,1
2011-04-05,52,207,1
2011-04-05,52,1384,1
2011-04-05,67,220,1
2011-04-05,95,462,1
2011-04-05,96,357,1
2011-04-05,169,310,1
2011-04-06,1,1,1
2011-04-06,1,18,1
2011-04-06,2,144,1
2011-04-06,3,42,1
2011-04-06,4,5,1
2011-04-06,5,72,1
2011-04-06,6,42,1
2011-04-06,8,150,1
2011-04-06,10,138,1
2011-04-06,11,192,1
2011-04-06,11,433,1
2011-04-06,12,26,1
2011-04-06,12,42,1
2011-04-06,12,109,1
2011-04-06,12,517,1
2011-04-06,13,143,1
2011-04-06,13,180,1
2011-04-06,14,274,1
2011-04-06,17,99,1
2011-04-06,19,88,1
2011-04-06,19,185,1
2011-04-06,19,308,1
2011-04-06,20,92,1
2011-04-06,20,224,1
2011-04-06,20,302,1
2011-04-06,21,165,1
2011-04-06,23,141,1
2011-04-06,30,53,1
2011-04-06,34,72,1
2011-04-06,34,444,1
2011-04-06,35,1120,1
2011-04-06,39,129,1
2011-04-06,39,219,1
2011-04-06,43,329,1
2011-04-06,46,167,1
2011-04-06,49,594,1
2011-04-06,61,116,1
2011-04-06,65,655,1
2011-04-06,85,759,1
2011-04-06,182,381,1
2011-04-07,1,16,1
2011-04-07,1,72,1
2011-04-07,2,36,1
2011-04-07,3,82,1
2011-04-07,3,96,1
2011-04-07,3,112,1
2011-04-07,3,131,1
2011-04-07,3,140,1
2011-04-07,4,20,1
2011-04-07,4,102,1
2011-04-07,5,32,1
2011-04-07,5,38,1
2011-04-07,6,15,1
2011-04-07,6,36,1
2011-04-07,6,53,1
2011-04-07,7,7,1
2011-04-07,7,81,1
2011-04-07,8,84,1
2011-04-07,8,97,1
2011-04-07,10,17,1
2011-04-07,10,118,1
2011-04-07,10,245,1
2011-04-07,10,352,1
2011-04-07,10,820,1
2011-04-07,11,39,1
2011-04-07,11,140,1
2011-04-07,11,174,1
2011-04-07,13,98,1
2011-04-07,13,239,1
2011-04-07,14,108,1
2011-04-07,14,445,1
2011-04-07,15,64,1
2011-04-07,16,224,1
2011-04-07,17,46,1
2011-04-07,17,152,1
2011-04-07,17,246,1
2011-04-07,18,135,1
2011-04-07,18,216,1
2011-04-07,19,48,1
2011-04-07,20,166,1
2011-04-07,21,195,1
2011-04-07,22,111,1
2011-04-07,22,152,1
2011-04-07,22,271,1
2011-04-07,23,44,1
2011-04-07,23,236,2
2011-04-07,24,483,1
2011-04-07,27,330,1
2011-04-07,31,82,1
2011-04-07,31,205,1
2011-04-07,33,92,1
2011-04-07,33,512,1
2011-04-07,46,70,1
2011-04-07,53,109,1
2011-04-07,54,324,1
2011-04-07,56,139,1
2011-04-07,57,194,1
2011-04-07,57,284,1
2011-04-07,58,87,1
2011-04-07,61,169,1
2011-04-07,65,132,1
2011-04-07,83,318,1
2011-04-07,190,417,1
2011-04-08,1,1,1
2011-04-08,1,2,2
2011-04-08,1,12,1
2011-04-08,1,40,1
2011-04-08,1,100,1
2011-04-08,1,192,1
2011-04-08,3,3,1
2011-04-08,3,7,1
2011-04-08,3,72,1
2011-04-08,4,26,1
2011-04-08,5,18,1
2011-04-08,5,24,1
2011-04-08,5,39,1
2011-04-08,5,62,1
2011-04-08,5,84,1
2011-04-08,5,192,1
2011-04-08,5,1284,1
2011-04-08,6,66,1
2011-04-08,6,102,1
2011-04-08,6,123,1
2011-04-08,7,30,1
2011-04-08,7,68,1
2011-04-08,7,76,1
2011-04-08,8,23,1
2011-04-08,8,46,1
2011-04-08,8,98,1
2011-04-08,9,125,1
2011-04-08,10,61,1
2011-04-08,10,64,1
2011-04-08,10,86,1
2011-04-08,11,107,1
2011-04-08,12,96,1
2011-04-08,13,111,1
2011-04-08,13,158,1
2011-04-08,14,61,1
2011-04-08,14,88,1
2011-04-08,14,105,1
2011-04-08,14,116,1
2011-04-08,14,139,1
2011-04-08,16,234,1
2011-04-08,17,183,1
2011-04-08,17,224,1
2011-04-08,18,70,1
2011-04-08,18,167,1
2011-04-08,19,192,1
2011-04-08,20,152,1
2011-04-08,21,182,1
2011-04-08,21,370,1
2011-04-08,23,237,1
2011-04-08,23,310,1
2011-04-08,23,319,1
2011-04-08,24,216,1
2011-04-08,24,233,1
2011-04-08,27,269,1
2011-04-08,27,355,1
2011-04-08,28,131,1
2011-04-08,28,720,1
2011-04-08,29,338,1
2011-04-08,30,260,1
2011-04-08,31,35,1
2011-04-08,32,311,1
2011-04-08,32,341,1
2011-04-08,40,83,1
2011-04-08,41,391,1
2011-04-08,44,248,1
2011-04-08,45,895,1
2011-04-08,63,757,1
2011-04-08,134,279,1
2011-04-08,172,394,1
2011-04-10,1,192,1
2011-04-10,2,48,1
2011-04-10,12,24,1
2011-04-10,12,71,1
2011-04-10,14,48,1
2011-04-10,14,145,1
2011-04-10,14,196,1
2011-04-10,15,220,1
2011-04-10,16,226,1
2011-04-10,18,82,1
2011-04-10,19,229,1
2011-04-10,20,49,1
2011-04-10,21,80,1
2011-04-10,23,52,1
2011-04-10,24,460,1
2011-04-10,25,187,1
2011-04-10,26,29,1
2011-04-10,27,90,1
2011-04-10,27,161,1
2011-04-10,28,59,1
2011-04-10,34,77,1
2011-04-10,34,324,1
2011-04-10,37,129,1
2011-04-10,41,77,1
2011-04-10,41,98,1
2011-04-10,42,117,1
2011-04-10,44,287,1
2011-04-10,47,122,1
2011-04-10,57,310,1
2011-04-10,59,102,1
2011-04-10,61,164,1
2011-04-10,77,1174,1
2011-04-11,1,1,1
2011-04-11,1,2,1
2011-04-11,1,3,1
2011-04-11,1,6,1
2011-04-11,1,12,1
2011-04-11,1,32,1
2011-04-11,1,130,1
2011-04-11,1,330,1
2011-04-11,3,24,1
2011-04-11,3,48,1
2011-04-11,4,192,1
2011-04-11,5,12,1
2011-04-11,5,52,1
2011-04-11,6,54,1
2011-04-11,6,128,1
2011-04-11,6,146,1
2011-04-11,6,496,1
2011-04-11,7,88,1
2011-04-11,7,400,1
2011-04-11,8,77,1
2011-04-11,8,103,1
2011-04-11,8,697,1
2011-04-11,9,71,1
2011-04-11,9,114,1
2011-04-11,9,664,1
2011-04-11,10,134,1
2011-04-11,10,145,1
2011-04-11,11,112,1
2011-04-11,12,106,1
2011-04-11,12,180,1
2011-04-11,12,184,1
2011-04-11,13,127,1
2011-04-11,14,154,1
2011-04-11,14,168,1
2011-04-11,15,41,1
2011-04-11,15,69,1
2011-04-11,15,111,1
2011-04-11,16,89,1
2011-04-11,16,282,1
2011-04-11,17,135,1
2011-04-11,17,322,1
2011-04-11,20,146,1
2011-04-11,20,234,1
2011-04-11,20,244,1
2011-04-11,21,218,1
2011-04-11,24,201,1
2011-04-11,25,229,1
2011-04-11,28,288,1
2011-04-11,29,286,1
2011-04-11,32,158,1
2011-04-11,32,436,1
2011-04-11,32,450,1
2011-04-11,33,56,1
2011-04-11,35,126,1
2011-04-11,35,402,1
2011-04-11,37,141,1
2011-04-11,44,218,1
2011-04-11,49,477,1
2011-04-11,66,462,1
2011-04-11,70,400,1
2011-04-11,86,217,1
2011-04-11,141,1998,1
2011-04-12,1,2,1
2011-04-12,1,9,1
2011-04-12,2,2,1
2011-04-12,2,12,1
2011-04-12,2,148,1
2011-04-12,4,40,1
2011-04-12,4,48,1
2011-04-12,4,96,1
2011-04-12,4,400,1
2011-04-12,5,36,1
2011-04-12,5,146,1
2011-04-12,7,58,1
2011-04-12,7,80,1
2011-04-12,7,125,1
2011-04-12,7,180,1
2011-04-12,8,44,1
2011-04-12,8,102,1
2011-04-12,8,204,1
2011-04-12,9,40,1
2011-04-12,9,57,1
2011-04-12,9,344,1
2011-04-12,11,119,1
2011-04-12,12,19,1
2011-04-12,12,356,1
2011-04-12,13,211,1
2011-04-12,14,129,1
2011-04-12,14,202,1
2011-04-12,14,284,1
2011-04-12,15,179,1
2011-04-12,16,75,1
2011-04-12,16,180,1
2011-04-12,17,230,1
2011-04-12,18,403,1
2011-04-12,19,187,1
2011-04-12,19,209,1
2011-04-12,20,131,1
2011-04-12,20,198,1
2011-04-12,20,429,1
2011-04-12,20,990,1
2011-04-12,21,27,1
2011-04-12,21,115,1
2011-04-12,21,236,1
2011-04-12,22,380,1
2011-04-12,23,502,1
2011-04-12,24,114,1
2011-04-12,24,163,1
2011-04-12,27,194,1
2011-04-12,28,428,1
2011-04-12,29,505,1
2011-04-12,30,1918,1
2011-04-12,31,37,1
2011-04-12,31,390,1
2011-04-12,32,732,1
2011-04-12,36,233,1
2011-04-12,37,191,1
2011-04-12,37,666,1
2011-04-12,40,582,1
2011-04-12,42,105,1
2011-04-12,42,260,1
2011-04-12,48,569,1
2011-04-12,60,287,1
2011-04-13,1,2,1
2011-04-13,1,20,2
2011-04-13,1,96,1
2011-04-13,1,160,1
2011-04-13,1,1056,1
2011-04-13,2,36,1
2011-04-13,2,200,1
2011-04-13,2,2232,1
2011-04-13,3,12,1
2011-04-13,3,24,1
2011-04-13,3,79,1
2011-04-13,4,260,1
2011-04-13,6,23,1
2011-04-13,6,29,1
2011-04-13,6,50,1
2011-04-13,6,248,1
2011-04-13,7,125,1
2011-04-13,8,52,1
2011-04-13,8,66,1
2011-04-13,8,70,1
2011-04-13,8,96,1
2011-04-13,8,186,1
2011-04-13,8,360,1
2011-04-13,9,315,1
2011-04-13,10,46,1
2011-04-13,10,87,1
2011-04-13,10,97,1
2011-04-13,11,81,1
2011-04-13,12,72,1
2011-04-13,12,156,1
2011-04-13,12,168,1
2011-04-13,13,184,1
2011-04-13,15,100,1
2011-04-13,15,318,1
2011-04-13,16,196,1
2011-04-13,18,1661,1
2011-04-13,19,134,1
2011-04-13,19,314,1
2011-04-13,20,86,1
2011-04-13,21,304,1
2011-04-13,21,3300,1
2011-04-13,22,339,1
2011-04-13,22,493,1
2011-04-13,23,425,1
2011-04-13,24,162,1
2011-04-13,25,221,1
2011-04-13,27,323,1
2011-04-13,28,253,1
2011-04-13,28,366,1
2011-04-13,30,77,1
2011-04-13,30,90,1
2011-04-13,30,406,1
2011-04-13,35,148,1
2011-04-13,46,553,1
2011-04-13,49,75,1
2011-04-13,51,145,1
2011-04-13,54,537,1
2011-04-13,56,581,1
2011-04-13,71,446,1
2011-04-14,1,11,1
2011-04-14,1,12,1
2011-04-14,1,40,1
2011-04-14,2,20,1
2011-04-14,2,26,1
2011-04-14,2,44,1
2011-04-14,2,200,1
2011-04-14,2,360,1
2011-04-14,3,3,1
2011-04-14,3,35,1
2011-04-14,3,56,1
2011-04-14,3,72,1
2011-04-14,4,89,1
2011-04-14,4,350,1
2011-04-14,4,400,1
2011-04-14,4,600,1
2011-04-14,4,1176,1
2011-04-14,5,27,1
2011-04-14,5,84,1
2011-04-14,5,106,1
2011-04-14,5,172,1
2011-04-14,6,74,1
2011-04-14,6,248,1
2011-04-14,7,320,1
2011-04-14,8,68,1
2011-04-14,8,78,1
2011-04-14,8,92,1
2011-04-14,8,98,1
2011-04-14,8,106,1
2011-04-14,8,338,1
2011-04-14,9,9,1
2011-04-14,9,19,1
2011-04-14,9,43,1
2011-04-14,9,82,1
2011-04-14,9,103,1
2011-04-14,10,102,1
2011-04-14,11,114,1
2011-04-14,11,244,1
2011-04-14,11,336,1
2011-04-14,12,104,1
2011-04-14,12,108,1
2011-04-14,13,116,1
2011-04-14,14,100,1
2011-04-14,14,662,1
2011-04-14,15,81,1
2011-04-14,15,111,1
2011-04-14,16,90,1
2011-04-14,16,114,1
2011-04-14,16,175,1
2011-04-14,17,153,1
2011-04-14,18,317,1
2011-04-14,19,66,1
2011-04-14,19,114,1
2011-04-14,20,127,1
2011-04-14,20,276,1
2011-04-14,21,119,1
2011-04-14,21,214,1
2011-04-14,21,304,1
2011-04-14,22,194,1
2011-04-14,22,324,1
2011-04-14,22,441,1
2011-04-14,23,59,1
2011-04-14,23,96,1
2011-04-14,23,115,1
2011-04-14,23,215,1
2011-04-14,23,226,1
2011-04-14,23,869,1
2011-04-14,24,540,1
2011-04-14,25,198,1
2011-04-14,28,124,1
2011-04-14,29,369,1
2011-04-14,30,284,1
2011-04-14,33,351,1
2011-04-14,35,116,1
2011-04-14,35,351,1
2011-04-14,36,86,1
2011-04-14,38,498,1
2011-04-14,38,522,1
2011-04-14,49,320,1
2011-04-14,50,551,1
2011-04-14,53,332,1
2011-04-14,54,98,1
2011-04-14,54,139,1
2011-04-14,56,207,1
2011-04-14,57,728,1
2011-04-14,74,800,1
2011-04-15,1,12,1
2011-04-15,1,100,1
2011-04-15,2,16,1
2011-04-15,3,4,1
2011-04-15,3,68,1
2011-04-15,4,8,1
2011-04-15,4,32,1
2011-04-15,7,11,1
2011-04-15,7,56,1
2011-04-15,7,190,1
2011-04-15,8,100,1
2011-04-15,8,140,1
2011-04-15,8,265,1
2011-04-15,9,46,1
2011-04-15,9,66,1
2011-04-15,9,73,1
2011-04-15,9,80,1
2011-04-15,9,156,1
2011-04-15,10,76,1
2011-04-15,11,108,1
2011-04-15,12,86,1
2011-04-15,15,114,1
2011-04-15,17,109,1
2011-04-15,18,148,1
2011-04-15,18,193,1
2011-04-15,18,242,1
2011-04-15,19,166,1
2011-04-15,19,222,1
2011-04-15,19,440,1
2011-04-15,21,161,1
2011-04-15,21,198,1
2011-04-15,23,190,1
2011-04-15,23,732,1
2011-04-15,25,39,1
2011-04-15,29,3843,1
2011-04-15,31,44,1
2011-04-15,32,356,1
2011-04-15,33,45,1
2011-04-15,34,150,1
2011-04-15,37,316,1
2011-04-15,38,155,1
2011-04-15,39,57,1
2011-04-15,40,321,1
2011-04-15,41,217,1
2011-04-15,42,57,1
2011-04-15,45,89,1
2011-04-15,49,73,1
2011-04-15,51,68,1
2011-04-15,54,124,1
2011-04-15,56,92,1
2011-04-15,57,112,1
2011-04-15,59,102,1
2011-04-15,64,244,1
2011-04-15,67,111,1
2011-04-15,75,599,1
2011-04-15,93,886,1
2011-04-17,1,1,1
2011-04-17,1,12,1
2011-04-17,1,200,1
2011-04-17,3,36,1
2011-04-17,4,25,1
2011-04-17,4,80,1
2011-04-17,5,50,1
2011-04-17,5,70,1
2011-04-17,9,98,1
2011-04-17,12,15,1
2011-04-17,14,55,1
2011-04-17,15,232,1
2011-04-17,17,219,1
2011-04-17,17,290,1
2011-04-17,17,361,1
2011-04-17,18,79,1
2011-04-17,18,127,1
2011-04-17,18,172,1
2011-04-17,18,185,1
2011-04-17,19,93,1
2011-04-17,19,210,1
2011-04-17,19,219,1
2011-04-17,20,166,1
2011-04-17,20,175,1
2011-04-17,22,164,1
2011-04-17,24,150,1
2011-04-17,25,194,1
2011-04-17,25,215,1
2011-04-17,25,560,1
2011-04-17,26,256,1
2011-04-17,26,375,1
2011-04-17,27,878,1
2011-04-17,28,335,1
2011-04-17,29,50,1
2011-04-17,29,123,1
2011-04-17,29,129,1
2011-04-17,31,734,1
2011-04-17,34,52,1
2011-04-17,38,66,1
2011-04-17,64,132,1
2011-04-17,89,348,1
2011-04-17,99,249,1
2011-04-18,1,4,3
2011-04-18,1,9,1
2011-04-18,1,72,1
2011-04-18,1,1300,1
2011-04-18,2,36,1
2011-04-18,2,160,1
2011-04-18,3,72,1
2011-04-18,3,109,1
2011-04-18,4,7,1
2011-04-18,4,18,1
2011-04-18,4,31,1
2011-04-18,5,91,1
2011-04-18,5,9014,1
2011-04-18,7,70,1
2011-04-18,8,36,1
2011-04-18,9,33,1
2011-04-18,11,37,1
2011-04-18,11,122,1
2011-04-18,11,202,1
2011-04-18,12,146,1
2011-04-18,13,192,1
2011-04-18,14,74,1
2011-04-18,14,112,1
2011-04-18,14,145,1
2011-04-18,14,160,1
2011-04-18,14,750,1
2011-04-18,14,6432,1
2011-04-18,15,37,1
2011-04-18,16,78,1
2011-04-18,17,138,1
2011-04-18,17,206,1
2011-04-18,18,154,1
2011-04-18,18,157,1
2011-04-18,20,997,1
2011-04-18,21,312,1
2011-04-18,22,94,1
2011-04-18,24,226,1
2011-04-18,26,122,1
2011-04-18,27,173,1
2011-04-18,27,238,1
2011-04-18,28,125,1
2011-04-18,30,141,1
2011-04-18,30,299,1
2011-04-18,32,104,1
2011-04-18,32,126,1
2011-04-18,33,316,1
2011-04-18,36,84,1
2011-04-18,36,513,1
2011-04-18,37,235,1
2011-04-18,39,820,1
2011-04-18,42,240,1
2011-04-18,43,202,1
2011-04-18,46,358,1
2011-04-18,48,127,1
2011-04-18,52,138,1
2011-04-18,55,162,1
2011-04-18,56,128,1
2011-04-18,63,362,1
2011-04-18,92,365,1
2011-04-18,109,293,1
2011-04-18,163,302,1
2011-04-18,191,506,1
2011-04-18,233,506,1
2011-04-18,242,552,1
2011-04-18,247,499,1
2011-04-18,300,552,1
2011-04-18,332,680,1
2011-04-19,1,6,1
2011-04-19,1,9,1
2011-04-19,1,12,1
2011-04-19,1,462,1
2011-04-19,2,3,1
2011-04-19,2,22,1
2011-04-19,4,264,1
2011-04-19,6,78,1
2011-04-19,6,156,1
2011-04-19,6,466,1
2011-04-19,7,56,1
2011-04-19,7,68,1
2011-04-19,7,70,1
2011-04-19,7,84,1
2011-04-19,8,70,1
2011-04-19,8,89,1
2011-04-19,8,113,1
2011-04-19,8,208,1
2011-04-19,9,14,1
2011-04-19,9,24,1
2011-04-19,9,48,1
2011-04-19,9,72,1
2011-04-19,10,81,1
2011-04-19,13,270,1
2011-04-19,15,145,1
2011-04-19,19,368,1
2011-04-19,20,155,1
2011-04-19,20,190,1
2011-04-19,20,233,1
2011-04-19,21,35,1
2011-04-19,21,162,1
2011-04-19,21,401,1
2011-04-19,21,470,1
2011-04-19,22,137,1
2011-04-19,22,232,1
2011-04-19,23,68,1
2011-04-19,23,226,1
2011-04-19,23,267,1
2011-04-19,23,305,1
2011-04-19,26,177,1
2011-04-19,27,307,1
2011-04-19,29,316,1
2011-04-19,29,369,1
2011-04-19,30,294,1
2011-04-19,32,250,1
2011-04-19,34,478,1
2011-04-19,35,42,1
2011-04-19,35,75,1
2011-04-19,44,185,1
2011-04-19,47,105,1
2011-04-19,50,617,1
2011-04-19,55,187,1
2011-04-19,59,505,1
2011-04-19,65,2621,1
2011-04-19,130,251,1
2011-04-19,150,263,1
2011-04-19,167,381,1
2011-04-19,169,472,1
2011-04-19,172,420,1
2011-04-20,1,1,1
2011-04-20,1,8,1
2011-04-20,1,10,1
2011-04-20,1,48,1
2011-04-20,1,100,1
2011-04-20,2,20,1
2011-04-20,2,30,1
2011-04-20,2,60,1
2011-04-20,2,64,1
2011-04-20,2,70,1
2011-04-20,3,16,1
2011-04-20,3,30,1
2011-04-20,3,144,1
2011-04-20,3,328,1
2011-04-20,4,88,1
2011-04-20,4,296,1
2011-04-20,5,58,1
2011-04-20,5,78,1
2011-04-20,6,120,1
2011-04-20,6,5040,1
2011-04-20,8,81,1
2011-04-20,9,66,1
2011-04-20,9,67,1
2011-04-20,9,141,1
2011-04-20,9,160,1
2011-04-20,9,1736,1
2011-04-20,10,130,1
2011-04-20,12,25,1
2011-04-20,12,126,1
2011-04-20,13,66,1
2011-04-20,13,230,1
2011-04-20,14,109,1
2011-04-20,16,858,1
2011-04-20,17,66,1
2011-04-20,17,178,1
2011-04-20,17,196,1
2011-04-20,17,384,1
2011-04-20,18,57,1
2011-04-20,18,120,1
2011-04-20,18,166,1
2011-04-20,19,76,1
2011-04-20,19,134,1
2011-04-20,19,141,1
2011-04-20,19,218,1
2011-04-20,19,296,1
2011-04-20,19,320,1
2011-04-20,20,207,1
2011-04-20,21,121,1
2011-04-20,21,208,1
2011-04-20,22,453,1
2011-04-20,23,277,1
2011-04-20,23,312,1
2011-04-20,23,503,1
2011-04-20,24,231,1
2011-04-20,24,371,1
2011-04-20,25,235,1
2011-04-20,27,293,1
2011-04-20,27,312,1
2011-04-20,29,432,1
2011-04-20,40,370,1
2011-04-20,53,515,1
2011-04-20,71,254,1
2011-04-20,79,520,1
2011-04-21,1,2,2
2011-04-21,1,5,1
2011-04-21,1,10,1
2011-04-21,1,48,1
2011-04-21,1,100,1
2011-04-21,1,492,1
2011-04-21,2,2,1
2011-04-21,2,150,1
2011-04-21,3,5,2
2011-04-21,3,22,1
2011-04-21,3,36,1
2011-04-21,3,72,1
2011-04-21,3,152,1
2011-04-21,4,14,1
2011-04-21,4,19,1
2011-04-21,4,59,1
2011-04-21,4,252,1
2011-04-21,4,1848,1
2011-04-21,6,21,1
2011-04-21,6,83,1
2011-04-21,6,108,1
2011-04-21,10,18,1
2011-04-21,10,56,1
2011-04-21,10,60,1
2011-04-21,10,66,1
2011-04-21,10,68,1
2011-04-21,11,116,1
2011-04-21,11,126,1
2011-04-21,11,145,1
2011-04-21,12,36,1
2011-04-21,13,64,1
2011-04-21,13,71,1
2011-04-21,13,162,1
2011-04-21,14,50,1
2011-04-21,14,111,1
2011-04-21,14,210,1
2011-04-21,15,137,1
2011-04-21,15,538,1
2011-04-21,16,155,1
2011-04-21,16,377,1
2011-04-21,16,394,1
2011-04-21,18,101,1
2011-04-21,18,115,1
2011-04-21,18,261,1
2011-04-21,18,730,1
2011-04-21,19,112,1
2011-04-21,19,153,1
2011-04-21,19,176,1
2011-04-21,19,211,1
2011-04-21,20,226,1
2011-04-21,21,92,1
2011-04-21,21,275,1
2011-04-21,22,46,1
2011-04-21,23,23,1
2011-04-21,24,60,1
2011-04-21,25,87,1
2011-04-21,26,1270,1
2011-04-21,28,522,1
2011-04-21,29,159,1
2011-04-21,30,69,1
2011-04-21,30,187,1
2011-04-21,32,280,1
2011-04-21,35,119,1
2011-04-21,35,310,1
2011-04-21,37,291,1
2011-04-21,39,110,1
2011-04-21,40,360,1
2011-04-21,47,227,1
2011-04-21,50,107,1
2011-04-21,53,485,1
2011-04-21,55,86,1
2011-04-21,58,530,1
2011-04-21,59,2460,1
2011-04-21,81,388,1
2011-04-21,152,377,1
2011-04-21,159,337,1
2011-04-21,187,397,1
2011-04-26,1,1,1
2011-04-26,1,5,1
2011-04-26,1,6,1
2011-04-26,1,20,1
2011-04-26,1,36,1
2011-04-26,1,72,1
2011-04-26,1,96,1
2011-04-26,1,128,1
2011-04-26,1,408,1
2011-04-26,2,18,1
2011-04-26,4,4,1
2011-04-26,4,24,1
2011-04-26,4,81,1
2011-04-26,4,112,1
2011-04-26,5,6,1
2011-04-26,5,7,1
2011-04-26,5,772,1
2011-04-26,6,26,1
2011-04-26,6,190,1
2011-04-26,6,832,1
2011-04-26,6,1336,1
2011-04-26,7,30,1
2011-04-26,7,66,1
2011-04-26,8,260,1
2011-04-26,8,302,1
2011-04-26,9,72,1
2011-04-26,10,32,1
2011-04-26,10,130,1
2011-04-26,10,292,1
2011-04-26,11,110,1
2011-04-26,12,64,1
2011-04-26,12,1044,1
2011-04-26,15,187,1
2011-04-26,16,100,1
2011-04-26,17,68,1
2011-04-26,17,326,1
2011-04-26,18,251,1
2011-04-26,19,99,1
2011-04-26,20,146,1
2011-04-26,20,196,1
2011-04-26,23,218,1
2011-04-26,23,295,1
2011-04-26,24,173,1
2011-04-26,24,179,1
2011-04-26,24,213,1
2011-04-26,24,358,1
2011-04-26,27,251,1
2011-04-26,28,84,1
2011-04-26,31,47,1
2011-04-26,32,258,1
2011-04-26,32,351,1
2011-04-26,35,72,1
2011-04-26,38,73,1
2011-04-26,38,136,1
2011-04-26,41,86,1
2011-04-26,41,138,1
2011-04-26,44,459,1
2011-04-26,45,64,1
2011-04-26,46,76,1
2011-04-26,54,90,1
2011-04-26,55,221,1
2011-04-26,56,104,1
2011-04-26,56,291,1
2011-04-26,61,157,1
2011-04-26,65,670,1
2011-04-26,66,145,1
2011-04-26,72,555,1
2011-04-26,79,260,1
2011-04-26,93,178,1
2011-04-26,127,1703,1
2011-04-26,136,279,1
2011-04-27,1,3,1
2011-04-27,1,4,2
2011-04-27,1,12,1
2011-04-27,1,50,1
2011-04-27,1,60,1
2011-04-27,1,150,1
2011-04-27,1,240,1
2011-04-27,1,320,1
2011-04-27,2,2,1
2011-04-27,2,3,1
2011-04-27,2,8,1
2011-04-27,2,288,1
2011-04-27,3,20,1
2011-04-27,3,118,1
2011-04-27,3,184,1
2011-04-27,4,6,1
2011-04-27,4,48,1
2011-04-27,4,162,1
2011-04-27,4,500,1
2011-04-27,5,186,1
2011-04-27,5,2936,1
2011-04-27,6,40,1
2011-04-27,6,91,1
2011-04-27,7,18,1
2011-04-27,7,114,1
2011-04-27,8,94,1
2011-04-27,8,106,1
2011-04-27,8,128,1
2011-04-27,8,560,1
2011-04-27,9,362,1
2011-04-27,10,55,1
2011-04-27,10,68,1
2011-04-27,10,131,1
2011-04-27,10,144,1
2011-04-27,11,108,1
2011-04-27,11,208,1
2011-04-27,13,165,1
2011-04-27,15,152,1
2011-04-27,16,91,1
2011-04-27,17,280,1
2011-04-27,18,77,1
2011-04-27,18,87,1
2011-04-27,20,126,1
2011-04-27,20,482,1
2011-04-27,23,458,1
2011-04-27,24,348,1
2011-04-27,25,243,1
2011-04-27,28,618,1
2011-04-27,30,320,1
2011-04-27,30,368,1
2011-04-27,31,116,1
2011-04-27,31,386,1
2011-04-27,33,460,1
2011-04-27,34,89,1
2011-04-27,37,150,1
2011-04-27,47,163,1
2011-04-27,47,3103,1
2011-04-27,50,493,1
2011-04-27,61,441,1
2011-04-27,63,188,1
2011-04-27,63,214,1
2011-04-27,67,491,1
2011-04-27,87,191,1
2011-04-27,131,356,1
2011-04-28,1,1,1
2011-04-28,1,4,1
2011-04-28,1,6,1
2011-04-28,1,12,1
2011-04-28,2,4,1
2011-04-28,3,20,1
2011-04-28,3,23,1
2011-04-28,3,24,1
2011-04-28,5,51,1
2011-04-28,5,344,1
2011-04-28,6,6,1
2011-04-28,6,20,1
2011-04-28,6,36,1
2011-04-28,6,53,1
2011-04-28,6,90,1
2011-04-28,6,223,1
2011-04-28,7,44,1
2011-04-28,7,46,1
2011-04-28,7,84,1
2011-04-28,7,146,1
2011-04-28,8,96,1
2011-04-28,8,98,1
2011-04-28,8,426,1
2011-04-28,10,63,1
2011-04-28,10,79,1
2011-04-28,10,88,1
2011-04-28,10,101,1
2011-04-28,11,76,1
2011-04-28,11,588,1
2011-04-28,12,144,1
2011-04-28,12,266,1
2011-04-28,14,123,1
2011-04-28,14,150,1
2011-04-28,15,152,1
2011-04-28,16,102,1
2011-04-28,16,140,1
2011-04-28,16,161,1
2011-04-28,16,178,1
2011-04-28,17,154,1
2011-04-28,19,206,1
2011-04-28,20,111,1
2011-04-28,20,228,1
2011-04-28,22,264,1
2011-04-28,22,276,1
2011-04-28,25,135,1
2011-04-28,25,224,1
2011-04-28,28,272,1
2011-04-28,28,487,1
2011-04-28,29,333,1
2011-04-28,30,123,1
2011-04-28,32,53,1
2011-04-28,32,382,1
2011-04-28,35,64,1
2011-04-28,60,86,1
2011-04-28,63,169,1
2011-04-28,85,867,1
2011-04-28,98,218,1
2011-04-28,128,4476,1
2011-05-01,1,1,1
2011-05-01,1,18,1
2011-05-01,5,69,1
2011-05-01,7,104,1
2011-05-01,8,47,1
2011-05-01,14,522,1
2011-05-01,17,139,1
2011-05-01,20,128,1
2011-05-01,21,94,1
2011-05-01,21,274,1
2011-05-01,24,431,1
2011-05-01,30,146,1
2011-05-01,32,639,1
2011-05-01,33,149,1
2011-05-01,38,77,1
2011-05-01,48,136,1
2011-05-01,59,375,1
2011-05-01,68,462,1
2011-05-03,1,1,2
2011-05-03,1,6,1
2011-05-03,1,10,1
2011-05-03,1,60,1
2011-05-03,1,192,2
2011-05-03,1,600,1
2011-05-03,2,2,1
2011-05-03,2,18,1
2011-05-03,3,9,1
2011-05-03,3,120,1
2011-05-03,3,125,1
2011-05-03,3,158,1
2011-05-03,4,11,1
2011-05-03,4,27,1
2011-05-03,4,36,1
2011-05-03,4,133,1
2011-05-03,4,192,1
2011-05-03,5,374,1
2011-05-03,6,54,1
2011-05-03,6,422,1
2011-05-03,7,10,1
2011-05-03,8,22,1
2011-05-03,8,123,1
2011-05-03,8,645,1
2011-05-03,10,113,1
2011-05-03,10,402,1
2011-05-03,11,99,1
2011-05-03,13,179,1
2011-05-03,13,468,1
2011-05-03,14,84,1
2011-05-03,15,79,1
2011-05-03,15,135,1
2011-05-03,15,151,1
2011-05-03,15,172,1
2011-05-03,17,87,1
2011-05-03,17,128,1
2011-05-03,17,156,1
2011-05-03,19,195,1
2011-05-03,19,203,1
2011-05-03,20,79,1
2011-05-03,20,350,1
2011-05-03,20,368,1
2011-05-03,21,338,1
2011-05-03,22,230,1
2011-05-03,22,255,1
2011-05-03,24,237,1
2011-05-03,28,218,1
2011-05-03,29,205,1
2011-05-03,29,307,1
2011-05-03,29,402,1
2011-05-03,31,235,1
2011-05-03,32,95,1
2011-05-03,33,226,1
2011-05-03,37,297,1
2011-05-03,38,90,1
2011-05-03,50,125,1
2011-05-03,54,616,1
2011-05-03,57,129,1
2011-05-03,81,152,1
2011-05-03,86,690,1
2011-05-03,124,288,1
2011-05-03,162,326,1
2011-05-04,1,1,2
2011-05-04,1,2,1
2011-05-04,1,10,1
2011-05-04,1,24,1
2011-05-04,1,504,1
2011-05-04,2,4,1
2011-05-04,2,20,1
2011-05-04,2,200,1
2011-05-04,3,43,1
2011-05-04,4,34,1
2011-05-04,4,80,1
2011-05-04,4,241,1
2011-05-04,4,260,1
2011-05-04,5,176,1
2011-05-04,5,288,1
2011-05-04,6,34,1
2011-05-04,6,66,1
2011-05-04,6,264,1
2011-05-04,6,374,1
2011-05-04,7,142,1
2011-05-04,8,10,1
2011-05-04,8,66,1
2011-05-04,8,110,1
2011-05-04,9,100,1
2011-05-04,10,124,1
2011-05-04,11,40,1
2011-05-04,11,46,1
2011-05-04,13,70,1
2011-05-04,13,72,1
2011-05-04,13,186,1
2011-05-04,14,132,1
2011-05-04,14,301,1
2011-05-04,15,96,1
2011-05-04,15,146,1
2011-05-04,16,32,1
2011-05-04,16,98,1
2011-05-04,16,164,1
2011-05-04,16,302,1
2011-05-04,18,112,1
2011-05-04,18,136,1
2011-05-04,19,176,1
2011-05-04,19,238,1
2011-05-04,20,182,1
2011-05-04,20,324,1
2011-05-04,21,87,1
2011-05-04,24,128,1
2011-05-04,27,101,1
2011-05-04,28,311,1
2011-05-04,28,1498,1
2011-05-04,29,50,1
2011-05-04,31,537,1
2011-05-04,32,117,1
2011-05-04,33,249,1
2011-05-04,33,360,1
2011-05-04,33,409,1
2011-05-04,35,372,1
2011-05-04,40,226,1
2011-05-04,40,739,1
2011-05-04,41,345,1
2011-05-04,43,69,1
2011-05-04,43,123,1
2011-05-04,47,416,1
2011-05-04,58,4760,1
2011-05-04,62,443,1
2011-05-05,1,2,1
2011-05-05,1,4,1
2011-05-05,1,8,1
2011-05-05,1,100,1
2011-05-05,1,432,1
2011-05-05,2,2,1
2011-05-05,2,16,1
2011-05-05,2,28,2
2011-05-05,2,30,1
2011-05-05,2,168,1
2011-05-05,2,194,1
2011-05-05,2,196,1
2011-05-05,2,420,1
2011-05-05,3,39,1
2011-05-05,3,44,1
2011-05-05,3,78,1
2011-05-05,3,120,1
2011-05-05,3,124,1
2011-05-05,3,149,1
2011-05-05,3,352,1
2011-05-05,3,1200,1
2011-05-05,4,18,1
2011-05-05,4,35,1
2011-05-05,4,37,1
2011-05-05,4,222,1
2011-05-05,5,13,1
2011-05-05,5,15,1
2011-05-05,5,138,1
2011-05-05,5,232,1
2011-05-05,6,9,1
2011-05-05,6,48,1
2011-05-05,6,58,1
2011-05-05,6,556,1
2011-05-05,7,37,1
2011-05-05,7,55,1
2011-05-05,7,57,1
2011-05-05,7,272,1
2011-05-05,8,11,1
2011-05-05,8,31,1
2011-05-05,8,66,1
2011-05-05,8,156,1
2011-05-05,8,236,1
2011-05-05,9,116,1
2011-05-05,9,122,1
2011-05-05,9,140,1
2011-05-05,10,71,1
2011-05-05,10,72,1
2011-05-05,10,74,1
2011-05-05,10,98,1
2011-05-05,10,120,1
2011-05-05,11,116,1
2011-05-05,11,248,1
2011-05-05,12,107,1
2011-05-05,15,528,1
2011-05-05,16,51,1
2011-05-05,16,56,1
2011-05-05,16,136,1
2011-05-05,16,177,1
2011-05-05,16,188,1
2011-05-05,16,222,1
2011-05-05,16,258,1
2011-05-05,17,192,1
2011-05-05,17,234,1
2011-05-05,17,256,1
2011-05-05,19,192,1
2011-05-05,20,78,1
2011-05-05,22,81,1
2011-05-05,22,192,1
2011-05-05,22,200,1
2011-05-05,23,235,1
2011-05-05,25,312,1
2011-05-05,25,447,1
2011-05-05,26,197,1
2011-05-05,29,276,1
2011-05-05,30,376,1
2011-05-05,31,233,1
2011-05-05,34,335,1
2011-05-05,37,388,1
2011-05-05,43,152,1
2011-05-05,43,196,1
2011-05-05,44,110,1
2011-05-05,64,225,1
2011-05-05,94,1771,1
2011-05-05,102,628,1
2011-05-05,142,325,1
2011-05-05,201,451,1
2011-05-05,226,445,1
2011-05-06,1,4,1
2011-05-06,1,24,3
2011-05-06,1,72,2
2011-05-06,1,100,4
2011-05-06,1,2000,1
2011-05-06,2,2,1
2011-05-06,2,100,1
2011-05-06,3,3,1
2011-05-06,3,4,1
2011-05-06,3,25,1
2011-05-06,3,34,1
2011-05-06,3,72,1
2011-05-06,3,129,1
2011-05-06,4,41,1
2011-05-06,4,228,1
2011-05-06,5,5,1
2011-05-06,5,21,1
2011-05-06,5,41,1
2011-05-06,6,20,1
2011-05-06,6,43,1
2011-05-06,6,55,1
2011-05-06,7,55,1
2011-05-06,7,264,1
2011-05-06,8,9,1
2011-05-06,8,14,1
2011-05-06,8,45,1
2011-05-06,8,76,1
2011-05-06,8,162,1
2011-05-06,9,15,1
2011-05-06,9,27,1
2011-05-06,9,224,1
2011-05-06,9,820,1
2011-05-06,10,44,1
2011-05-06,10,122,1
2011-05-06,11,14,1
2011-05-06,11,18,1
2011-05-06,11,119,1
2011-05-06,11,142,1
2011-05-06,11,282,1
2011-05-06,11,314,1
2011-05-06,12,96,1
2011-05-06,13,14,1
2011-05-06,13,122,1
2011-05-06,13,197,1
2011-05-06,13,208,1
2011-05-06,14,17,1
2011-05-06,14,36,1
2011-05-06,14,84,1
2011-05-06,15,160,1
2011-05-06,15,240,1
2011-05-06,16,78,1
2011-05-06,16,167,1
2011-05-06,16,240,1
2011-05-06,16,272,1
2011-05-06,17,60,1
2011-05-06,17,372,1
2011-05-06,18,19,1
2011-05-06,19,86,1
2011-05-06,20,88,1
2011-05-06,20,180,1
2011-05-06,20,1694,1
2011-05-06,21,276,1
2011-05-06,21,326,1
2011-05-06,24,187,1
2011-05-06,24,241,1
2011-05-06,24,308,1
2011-05-06,25,94,1
2011-05-06,25,292,1
2011-05-06,29,332,1
2011-05-06,36,115,1
2011-05-06,39,404,1
2011-05-06,44,172,1
2011-05-06,44,312,1
2011-05-06,44,545,1
2011-05-06,47,696,1
2011-05-06,50,152,1
2011-05-06,60,349,1
2011-05-06,161,345,1
2011-05-06,176,3253,1
2011-05-06,252,608,1
2011-05-06,282,695,1
2011-05-08,1,4,1
2011-05-08,2,5,1
2011-05-08,2,22,1
2011-05-08,5,36,1
2011-05-08,5,178,1
2011-05-08,6,64,1
2011-05-08,6,74,1
2011-05-08,6,76,1
2011-05-08,7,19,1
2011-05-08,7,51,1
2011-05-08,7,65,2
2011-05-08,7,746,1
2011-05-08,8,17,1
2011-05-08,8,121,1
2011-05-08,8,670,1
2011-05-08,9,100,1
2011-05-08,9,130,1
2011-05-08,9,292,1
2011-05-08,11,110,1
2011-05-08,11,117,1
2011-05-08,12,95,1
2011-05-08,13,49,1
2011-05-08,13,156,1
2011-05-08,13,163,1
2011-05-08,13,208,1
2011-05-08,14,83,1
2011-05-08,14,160,1
2011-05-08,14,240,1
2011-05-08,15,100,1
2011-05-08,15,150,1
2011-05-08,15,168,1
2011-05-08,16,20,1
2011-05-08,16,58,1
2011-05-08,16,64,1
2011-05-08,16,198,1
2011-05-08,17,290,1
2011-05-08,18,157,1
2011-05-08,20,21,1
2011-05-08,21,157,1
2011-05-08,21,229,1
2011-05-08,23,183,1
2011-05-08,23,204,1
2011-05-08,24,91,1
2011-05-08,26,59,1
2011-05-08,26,105,1
2011-05-08,27,204,1
2011-05-08,28,138,1
2011-05-08,29,248,1
2011-05-08,38,138,1
2011-05-08,38,151,1
2011-05-08,41,98,1
2011-05-08,41,131,1
2011-05-08,43,283,1
2011-05-08,47,407,1
2011-05-08,49,446,1
2011-05-08,57,187,1
2011-05-08,60,161,1
2011-05-08,61,773,1
2011-05-08,66,173,1
2011-05-08,74,142,1
2011-05-08,79,420,1
2011-05-08,145,225,1
2011-05-09,1,1,1
2011-05-09,1,4,1
2011-05-09,1,5,1
2011-05-09,1,24,1
2011-05-09,1,60,1
2011-05-09,1,96,1
2011-05-09,1,200,1
2011-05-09,2,26,1
2011-05-09,2,120,1
2011-05-09,2,256,1
2011-05-09,3,5,1
2011-05-09,4,31,1
2011-05-09,4,84,1
2011-05-09,5,48,1
2011-05-09,6,66,1
2011-05-09,6,70,1
2011-05-09,6,78,1
2011-05-09,6,83,1
2011-05-09,6,93,1
2011-05-09,8,77,1
2011-05-09,8,650,1
2011-05-09,9,332,1
2011-05-09,11,190,1
2011-05-09,13,19,1
2011-05-09,13,86,1
2011-05-09,13,106,1
2011-05-09,13,110,1
2011-05-09,13,124,1
2011-05-09,13,240,1
2011-05-09,13,262,1
2011-05-09,14,386,1
2011-05-09,15,108,2
2011-05-09,15,114,1
2011-05-09,16,108,1
2011-05-09,16,109,1
2011-05-09,16,162,1
2011-05-09,17,31,1
2011-05-09,17,89,1
2011-05-09,17,147,1
2011-05-09,17,351,1
2011-05-09,18,31,1
2011-05-09,18,194,1
2011-05-09,18,242,1
2011-05-09,19,110,1
2011-05-09,19,260,1
2011-05-09,19,293,1
2011-05-09,20,120,1
2011-05-09,21,79,1
2011-05-09,21,421,1
2011-05-09,23,65,1
2011-05-09,24,209,1
2011-05-09,24,262,1
2011-05-09,24,370,1
2011-05-09,25,63,1
2011-05-09,25,217,1
2011-05-09,26,102,1
2011-05-09,28,347,1
2011-05-09,29,309,1
2011-05-09,30,424,1
2011-05-09,32,377,1
2011-05-09,34,221,1
2011-05-09,35,115,1
2011-05-09,35,316,1
2011-05-09,37,285,1
2011-05-09,46,466,1
2011-05-09,71,594,1
2011-05-09,138,363,1
2011-05-09,147,356,1
2011-05-09,183,457,1
2011-05-09,193,420,1
2011-05-10,1,1,2
2011-05-10,1,2,1
2011-05-10,1,8,1
2011-05-10,1,9,2
2011-05-10,2,16,1
2011-05-10,2,20,2
2011-05-10,2,36,1
2011-05-10,2,400,1
2011-05-10,3,3,1
2011-05-10,3,22,1
2011-05-10,3,28,1
2011-05-10,3,30,1
2011-05-10,5,56,1
2011-05-10,5,62,1
2011-05-10,6,38,1
2011-05-10,6,90,1
2011-05-10,7,22,1
2011-05-10,7,166,1
2011-05-10,7,172,1
2011-05-10,8,113,1
2011-05-10,8,140,1
2011-05-10,8,164,1
2011-05-10,9,33,1
2011-05-10,9,118,1
2011-05-10,10,89,1
2011-05-10,10,100,1
2011-05-10,11,118,1
2011-05-10,11,146,1
2011-05-10,11,184,1
2011-05-10,11,518,1
2011-05-10,12,106,1
2011-05-10,13,128,1
2011-05-10,13,217,1
2011-05-10,15,145,1
2011-05-10,15,158,1
2011-05-10,16,74,1
2011-05-10,16,178,1
2011-05-10,16,188,1
2011-05-10,16,190,1
2011-05-10,17,1006,1
2011-05-10,18,154,1
2011-05-10,18,232,1
2011-05-10,20,199,1
2011-05-10,21,492,1
2011-05-10,21,1558,1
2011-05-10,22,203,1
2011-05-10,22,252,1
2011-05-10,23,80,1
2011-05-10,24,279,1
2011-05-10,24,320,1
2011-05-10,26,233,1
2011-05-10,28,56,1
2011-05-10,28,180,1
2011-05-10,29,458,1
2011-05-10,30,364,1
2011-05-10,31,387,1
2011-05-10,33,67,1
2011-05-10,33,152,1
2011-05-10,33,249,1
2011-05-10,33,590,1
2011-05-10,35,50,1
2011-05-10,35,142,1
2011-05-10,41,57,1
2011-05-10,41,105,1
2011-05-10,42,78,1
2011-05-10,43,68,1
2011-05-10,43,71,1
2011-05-10,43,82,1
2011-05-10,43,262,1
2011-05-10,44,98,1
2011-05-10,44,127,1
2011-05-10,44,2023,1
2011-05-10,45,105,1
2011-05-10,46,78,1
2011-05-10,46,79,1
2011-05-10,47,72,1
2011-05-10,47,88,1
2011-05-10,47,654,1
2011-05-10,48,61,1
2011-05-10,49,87,1
2011-05-10,50,95,1
2011-05-10,51,90,1
2011-05-10,52,91,1
2011-05-10,54,88,1
2011-05-10,55,1176,1
2011-05-10,57,103,1
2011-05-10,57,126,1
2011-05-10,58,105,1
2011-05-10,64,146,1
2011-05-10,65,222,1
2011-05-10,88,822,1
2011-05-10,139,492,1
2011-05-11,1,1,1
2011-05-11,1,2,2
2011-05-11,1,6,1
2011-05-11,1,48,1
2011-05-11,1,72,1
2011-05-11,1,1350,1
2011-05-11,2,2,2
2011-05-11,2,3,1
2011-05-11,2,5,1
2011-05-11,2,24,1
2011-05-11,2,116,1
2011-05-11,3,14,1
2011-05-11,3,21,2
2011-05-11,3,178,1
2011-05-11,3,292,1
2011-05-11,4,8,1
2011-05-11,4,40,1
2011-05-11,4,624,1
2011-05-11,5,28,1
2011-05-11,5,72,1
2011-05-11,6,32,1
2011-05-11,6,200,1
2011-05-11,7,43,1
2011-05-11,7,432,1
2011-05-11,8,310,1
2011-05-11,9,35,1
2011-05-11,9,77,1
2011-05-11,9,99,1
2011-05-11,9,118,1
2011-05-11,9,172,1
2011-05-11,9,361,1
2011-05-11,10,48,1
2011-05-11,10,258,1
2011-05-11,12,92,1
2011-05-11,13,71,1
2011-05-11,14,33,1
2011-05-11,14,45,1
2011-05-11,16,202,1
2011-05-11,16,232,1
2011-05-11,17,146,1
2011-05-11,17,162,1
2011-05-11,18,175,1
2011-05-11,18,188,1
2011-05-11,18,222,1
2011-05-11,18,366,1
2011-05-11,19,107,1
2011-05-11,19,279,1
2011-05-11,20,152,1
2011-05-11,20,159,1
2011-05-11,23,409,1
2011-05-11,23,688,1
2011-05-11,23,734,1
2011-05-11,23,995,1
2011-05-11,24,86,1
2011-05-11,24,217,1
2011-05-11,25,110,1
2011-05-11,26,824,1
2011-05-11,30,260,1
2011-05-11,30,276,1
2011-05-11,31,354,1
2011-05-11,33,200,1
2011-05-11,33,292,1
2011-05-11,35,317,1
2011-05-11,35,362,1
2011-05-11,38,290,1
2011-05-11,42,1015,1
2011-05-11,44,160,1
2011-05-11,48,95,1
2011-05-11,49,156,1
2011-05-11,51,88,1
2011-05-11,51,280,1
2011-05-11,54,751,1
2011-05-11,58,441,1
2011-05-11,61,312,1
2011-05-11,62,215,1
2011-05-11,75,859,1
2011-05-11,173,368,1
2011-05-12,1,2,1
2011-05-12,1,4,1
2011-05-12,1,12,1
2011-05-12,1,72,1
2011-05-12,1,360,1
2011-05-12,1,428,1
2011-05-12,2,3,1
2011-05-12,2,16,1
2011-05-12,3,14,1
2011-05-12,3,34,1
2011-05-12,4,30,1
2011-05-12,4,32,1
2011-05-12,4,33,1
2011-05-12,4,72,1
2011-05-12,5,20,1
2011-05-12,5,48,1
2011-05-12,5,97,1
2011-05-12,5,226,1
2011-05-12,6,12,1
2011-05-12,6,66,1
2011-05-12,6,90,1
2011-05-12,6,104,1
2011-05-12,7,62,1
2011-05-12,8,76,1
2011-05-12,8,84,1
2011-05-12,8,222,1
2011-05-12,8,371,1
2011-05-12,9,26,1
2011-05-12,9,162,1
2011-05-12,9,216,1
2011-05-12,10,85,1
2011-05-12,10,121,1
2011-05-12,11,83,1
2011-05-12,11,105,1
2011-05-12,11,121,1
2011-05-12,12,82,1
2011-05-12,12,236,1
2011-05-12,12,480,1
2011-05-12,13,1264,1
2011-05-12,14,118,1
2011-05-12,15,98,1
2011-05-12,15,123,1
2011-05-12,15,147,1
2011-05-12,15,152,1
2011-05-12,15,194,1
2011-05-12,15,250,1
2011-05-12,15,710,1
2011-05-12,15,924,1
2011-05-12,16,127,1
2011-05-12,16,2794,1
2011-05-12,17,18,1
2011-05-12,19,148,1
2011-05-12,19,234,1
2011-05-12,21,149,1
2011-05-12,21,210,1
2011-05-12,22,561,1
2011-05-12,22,901,1
2011-05-12,23,77,1
2011-05-12,23,184,1
2011-05-12,23,220,1
2011-05-12,25,292,1
2011-05-12,27,219,1
2011-05-12,27,302,1
2011-05-12,28,236,1
2011-05-12,29,330,1
2011-05-12,31,525,1
2011-05-12,32,695,1
2011-05-12,34,248,1
2011-05-12,35,64,1
2011-05-12,35,370,1
2011-05-12,40,141,1
2011-05-12,40,393,1
2011-05-12,41,643,1
2011-05-12,42,275,1
2011-05-12,42,391,1
2011-05-12,50,226,1
2011-05-12,53,131,1
2011-05-12,60,186,1
2011-05-12,67,4282,1
2011-05-12,76,311,1
2011-05-12,92,12266,1
2011-05-12,96,416,1
2011-05-12,124,276,1
2011-05-12,172,680,1
2011-05-13,1,1,2
2011-05-13,1,4,1
2011-05-13,1,10,2
2011-05-13,1,12,2
2011-05-13,1,50,1
2011-05-13,1,96,1
2011-05-13,1,600,1
2011-05-13,2,12,1
2011-05-13,3,30,1
2011-05-13,3,114,1
2011-05-13,3,396,1
2011-05-13,4,6,1
2011-05-13,4,16,1
2011-05-13,4,23,1
2011-05-13,4,160,1
2011-05-13,4,172,1
2011-05-13,4,450,1
2011-05-13,5,32,1
2011-05-13,5,50,1
2011-05-13,5,84,1
2011-05-13,5,236,1
2011-05-13,5,406,1
2011-05-13,6,33,1
2011-05-13,6,338,1
2011-05-13,7,102,1
2011-05-13,7,409,1
2011-05-13,8,8,1
2011-05-13,8,112,1
2011-05-13,9,132,1
2011-05-13,11,128,1
2011-05-13,11,344,1
2011-05-13,12,69,1
2011-05-13,12,77,1
2011-05-13,12,288,1
2011-05-13,12,743,1
2011-05-13,13,46,1
2011-05-13,13,64,1
2011-05-13,14,23,1
2011-05-13,15,36,1
2011-05-13,15,730,1
2011-05-13,16,64,1
2011-05-13,16,154,1
2011-05-13,18,377,1
2011-05-13,19,59,1
2011-05-13,19,161,1
2011-05-13,19,169,1
2011-05-13,21,207,1
2011-05-13,22,170,1
2011-05-13,22,267,1
2011-05-13,23,202,1
2011-05-13,23,207,1
2011-05-13,25,60,1
2011-05-13,26,212,1
2011-05-13,28,168,1
2011-05-13,28,488,1
2011-05-13,29,369,1
2011-05-13,31,132,1
2011-05-13,31,416,1
2011-05-13,34,264,1
2011-05-13,35,246,1
2011-05-13,36,348,1
2011-05-13,39,678,1
2011-05-13,41,101,1
2011-05-13,51,366,1
2011-05-13,58,157,1
2011-05-13,60,174,1
2011-05-13,63,374,1
2011-05-13,80,425,1
2011-05-13,93,1262,1
2011-05-13,147,296,1
2011-05-15,2,108,1
2011-05-15,3,162,1
2011-05-15,4,13,1
2011-05-15,6,6,1
2011-05-15,8,228,1
2011-05-15,9,56,1
2011-05-15,9,66,1
2011-05-15,9,140,1
2011-05-15,10,100,1
2011-05-15,13,76,1
2011-05-15,15,50,1
2011-05-15,16,70,1
2011-05-15,16,137,1
2011-05-15,16,344,1
2011-05-15,17,138,1
2011-05-15,19,102,1
2011-05-15,19,110,1
2011-05-15,20,78,1
2011-05-15,21,295,1
2011-05-15,23,36,1
2011-05-15,24,91,1
2011-05-15,25,230,1
2011-05-15,26,35,1
2011-05-15,36,160,1
2011-05-15,40,94,1
2011-05-15,46,127,1
2011-05-15,52,262,1
2011-05-15,59,245,1
2011-05-15,60,123,1
2011-05-15,79,187,1
2011-05-15,104,1025,1
2011-05-16,1,1,2
2011-05-16,1,20,1
2011-05-16,1,32,1
2011-05-16,1,36,1
2011-05-16,2,30,1
2011-05-16,3,180,1
2011-05-16,4,28,1
2011-05-16,4,34,1
2011-05-16,4,72,1
2011-05-16,4,80,1
2011-05-16,4,108,1
2011-05-16,5,28,1
2011-05-16,5,108,1
2011-05-16,5,204,1
2011-05-16,6,52,1
2011-05-16,6,58,1
2011-05-16,6,72,1
2011-05-16,6,150,1
2011-05-16,6,416,1
2011-05-16,8,81,1
2011-05-16,8,96,1
2011-05-16,10,298,1
2011-05-16,11,86,1
2011-05-16,11,96,1
2011-05-16,11,118,1
2011-05-16,11,234,1
2011-05-16,11,252,1
2011-05-16,13,100,1
2011-05-16,13,240,1
2011-05-16,14,179,1
2011-05-16,15,131,1
2011-05-16,15,147,1
2011-05-16,15,768,1
2011-05-16,16,220,1
2011-05-16,17,150,1
2011-05-16,17,1787,1
2011-05-16,18,110,1
2011-05-16,18,179,1
2011-05-16,18,492,1
2011-05-16,18,572,1
2011-05-16,20,124,1
2011-05-16,20,184,1
2011-05-16,22,311,1
2011-05-16,25,64,1
2011-05-16,26,109,1
2011-05-16,26,115,1
2011-05-16,27,203,1
2011-05-16,27,330,1
2011-05-16,27,383,1
2011-05-16,30,299,1
2011-05-16,30,334,1
2011-05-16,31,292,1
2011-05-16,32,526,1
2011-05-16,32,543,1
2011-05-16,34,225,1
2011-05-16,34,312,1
2011-05-16,35,711,1
2011-05-16,37,254,1
2011-05-16,39,494,1
2011-05-16,45,501,1
2011-05-16,55,176,1
2011-05-16,70,375,1
2011-05-16,93,220,1
2011-05-16,110,232,1
2011-05-16,131,266,1
2011-05-16,155,380,1
2011-05-17,1,2,1
2011-05-17,1,12,1
2011-05-17,1,20,1
2011-05-17,1,40,1
2011-05-17,1,50,1
2011-05-17,1,80,1
2011-05-17,1,100,1
2011-05-17,1,144,1
2011-05-17,1,150,1
2011-05-17,1,192,1
2011-05-17,1,360,1
2011-05-17,2,20,1
2011-05-17,3,14,1
2011-05-17,3,90,1
2011-05-17,3,216,1
2011-05-17,3,340,1
2011-05-17,4,26,1
2011-05-17,4,162,1
2011-05-17,4,576,1
2011-05-17,5,65,1
2011-05-17,5,306,1
2011-05-17,5,372,1
2011-05-17,6,20,1
2011-05-17,6,41,1
2011-05-17,6,47,1
2011-05-17,6,84,1
2011-05-17,6,150,1
2011-05-17,8,66,1
2011-05-17,8,90,1
2011-05-17,8,99,1
2011-05-17,9,330,1
2011-05-17,10,154,1
2011-05-17,11,1325,1
2011-05-17,12,87,1
2011-05-17,13,149,1
2011-05-17,15,32,1
2011-05-17,16,228,1
2011-05-17,16,617,1
2011-05-17,17,40,1
2011-05-17,17,166,1
2011-05-17,17,179,1
2011-05-17,17,183,1
2011-05-17,17,192,1
2011-05-17,17,572,1
2011-05-17,20,68,1
2011-05-17,20,205,1
2011-05-17,23,56,1
2011-05-17,23,209,1
2011-05-17,25,117,1
2011-05-17,25,161,1
2011-05-17,25,312,1
2011-05-17,27,175,1
2011-05-17,28,267,1
2011-05-17,29,94,1
2011-05-17,29,314,1
2011-05-17,30,484,1
2011-05-17,31,44,1
2011-05-17,32,75,1
2011-05-17,32,278,1
2011-05-17,33,74,1
2011-05-17,33,90,1
2011-05-17,33,180,1
2011-05-17,36,91,1
2011-05-17,36,342,1
2011-05-17,37,526,1
2011-05-17,38,350,1
2011-05-17,39,67,1
2011-05-17,40,73,1
2011-05-17,44,471,1
2011-05-17,44,476,1
2011-05-17,46,428,1
2011-05-17,46,462,1
2011-05-17,47,2316,1
2011-05-17,50,188,1
2011-05-17,51,132,1
2011-05-17,53,509,1
2011-05-17,54,106,1
2011-05-17,57,106,1
2011-05-17,60,416,1
2011-05-17,65,140,1
2011-05-17,73,8268,1
2011-05-17,137,243,1
2011-05-18,1,3,1
2011-05-18,1,12,1
2011-05-18,1,16,1
2011-05-18,1,36,1
2011-05-18,1,72,1
2011-05-18,2,2,2
2011-05-18,2,88,1
2011-05-18,2,96,1
2011-05-18,2,220,1
2011-05-18,3,68,1
2011-05-18,3,162,1
2011-05-18,4,26,1
2011-05-18,4,180,1
2011-05-18,4,348,1
2011-05-18,4,408,1
2011-05-18,5,174,1
2011-05-18,5,228,1
2011-05-18,6,96,1
2011-05-18,6,101,1
2011-05-18,7,57,1
2011-05-18,7,71,1
2011-05-18,7,102,1
2011-05-18,7,214,1
2011-05-18,9,12,1
2011-05-18,9,152,1
2011-05-18,9,566,1
2011-05-18,10,72,1
2011-05-18,10,136,1
2011-05-18,10,248,1
2011-05-18,11,37,1
2011-05-18,11,141,1
2011-05-18,11,208,1
2011-05-18,11,398,1
2011-05-18,12,31,1
2011-05-18,13,59,1
2011-05-18,14,21,1
2011-05-18,14,108,1
2011-05-18,14,128,1
2011-05-18,15,82,1
2011-05-18,15,103,1
2011-05-18,15,167,1
2011-05-18,15,1710,1
2011-05-18,16,73,1
2011-05-18,16,282,1
2011-05-18,16,394,1
2011-05-18,17,96,1
2011-05-18,19,145,1
2011-05-18,20,144,1
2011-05-18,21,141,1
2011-05-18,22,47,1
2011-05-18,23,258,1
2011-05-18,23,313,1
2011-05-18,24,187,1
2011-05-18,24,207,1
2011-05-18,24,223,1
2011-05-18,25,159,1
2011-05-18,25,311,1
2011-05-18,25,4084,1
2011-05-18,26,269,1
2011-05-18,29,255,1
2011-05-18,30,469,1
2011-05-18,33,298,1
2011-05-18,33,534,1
2011-05-18,34,438,1
2011-05-18,35,98,1
2011-05-18,35,322,1
2011-05-18,40,102,1
2011-05-18,40,560,1
2011-05-18,42,322,1
2011-05-18,60,636,1
2011-05-18,64,98,1
2011-05-18,180,419,1
2011-05-19,1,1,1
2011-05-19,1,2,2
2011-05-19,1,4,1
2011-05-19,1,12,1
2011-05-19,1,48,4
2011-05-19,1,144,1
2011-05-19,2,20,1
2011-05-19,2,46,1
2011-05-19,3,78,1
2011-05-19,4,20,1
2011-05-19,4,26,1
2011-05-19,4,46,1
2011-05-19,4,986,1
2011-05-19,5,34,1
2011-05-19,5,50,1
2011-05-19,5,100,1
2011-05-19,5,112,1
2011-05-19,6,44,1
2011-05-19,6,75,1
2011-05-19,6,78,1
2011-05-19,6,288,1
2011-05-19,6,414,1
2011-05-19,7,30,1
2011-05-19,7,50,1
2011-05-19,7,66,1
2011-05-19,7,70,1
2011-05-19,7,90,1
2011-05-19,7,514,1
2011-05-19,8,30,1
2011-05-19,8,142,1
2011-05-19,9,45,1
2011-05-19,9,65,1
2011-05-19,9,74,1
2011-05-19,9,75,1
2011-05-19,9,79,1
2011-05-19,9,155,1
2011-05-19,10,114,1
2011-05-19,10,182,1
2011-05-19,11,95,1
2011-05-19,11,149,1
2011-05-19,11,156,1
2011-05-19,11,158,1
2011-05-19,11,209,1
2011-05-19,11,221,1
2011-05-19,12,400,1
2011-05-19,13,60,1
2011-05-19,13,120,1
2011-05-19,13,130,1
2011-05-19,13,137,1
2011-05-19,13,422,1
2011-05-19,14,130,1
2011-05-19,15,112,1
2011-05-19,15,135,1
2011-05-19,15,147,1
2011-05-19,16,162,1
2011-05-19,18,126,1
2011-05-19,19,126,1
2011-05-19,19,147,1
2011-05-19,19,179,1
2011-05-19,19,351,1
2011-05-19,19,458,1
2011-05-19,19,468,1
2011-05-19,20,164,1
2011-05-19,21,210,1
2011-05-19,21,216,1
2011-05-19,21,242,1
2011-05-19,21,280,1
2011-05-19,22,261,1
2011-05-19,23,235,2
2011-05-19,24,196,1
2011-05-19,25,85,1
2011-05-19,25,296,1
2011-05-19,26,283,1
2011-05-19,27,292,1
2011-05-19,27,425,1
2011-05-19,29,361,1
2011-05-19,30,284,1
2011-05-19,30,304,1
2011-05-19,30,399,1
2011-05-19,32,300,1
2011-05-19,33,223,1
2011-05-19,33,434,1
2011-05-19,36,425,1
2011-05-19,42,139,1
2011-05-19,46,293,1
2011-05-19,46,361,1
2011-05-19,53,90,1
2011-05-19,53,161,1
2011-05-19,54,558,1
2011-05-19,57,210,1
2011-05-19,63,123,1
2011-05-19,67,127,1
2011-05-19,98,151,1
2011-05-19,154,410,1
2011-05-20,1,1,1
2011-05-20,1,4,2
2011-05-20,1,12,1
2011-05-20,1,20,2
2011-05-20,1,24,2
2011-05-20,1,72,1
2011-05-20,1,200,1
2011-05-20,2,22,1
2011-05-20,2,472,1
2011-05-20,3,144,1
2011-05-20,4,26,1
2011-05-20,4,32,1
2011-05-20,4,110,1
2011-05-20,4,291,1
2011-05-20,4,396,1
2011-05-20,4,1084,1
2011-05-20,5,8,1
2011-05-20,5,34,1
2011-05-20,5,140,1
2011-05-20,5,256,1
2011-05-20,5,258,1
2011-05-20,6,38,1
2011-05-20,6,41,1
2011-05-20,6,123,1
2011-05-20,6,376,1
2011-05-20,6,1000,1
2011-05-20,7,7,1
2011-05-20,7,104,1
2011-05-20,8,52,1
2011-05-20,8,66,1
2011-05-20,8,85,1
2011-05-20,9,94,1
2011-05-20,9,156,1
2011-05-20,10,57,1
2011-05-20,11,128,1
2011-05-20,11,134,1
2011-05-20,11,138,1
2011-05-20,11,218,1
2011-05-20,12,126,1
2011-05-20,12,454,1
2011-05-20,13,115,1
2011-05-20,13,464,1
2011-05-20,14,147,1
2011-05-20,15,140,1
2011-05-20,17,164,1
2011-05-20,17,217,1
2011-05-20,20,338,1
2011-05-20,20,392,1
2011-05-20,21,53,1
2011-05-20,21,177,1
2011-05-20,22,225,1
2011-05-20,22,228,1
2011-05-20,23,240,1
2011-05-20,24,298,1
2011-05-20,25,250,1
2011-05-20,26,303,1
2011-05-20,26,356,1
2011-05-20,26,519,1
2011-05-20,27,225,1
2011-05-20,27,510,1
2011-05-20,29,705,1
2011-05-20,35,115,1
2011-05-20,39,336,1
2011-05-20,42,333,1
2011-05-20,45,454,1
2011-05-20,58,233,1
2011-05-20,63,615,1
2011-05-20,140,277,1
2011-05-22,1,24,1
2011-05-22,1,32,1
2011-05-22,1,48,1
2011-05-22,2,16,1
2011-05-22,2,24,1
2011-05-22,3,30,1
2011-05-22,3,34,1
2011-05-22,5,32,1
2011-05-22,5,46,2
2011-05-22,5,168,1
2011-05-22,6,42,1
2011-05-22,6,62,1
2011-05-22,7,285,1
2011-05-22,8,90,1
2011-05-22,9,42,1
2011-05-22,9,62,1
2011-05-22,9,71,1
2011-05-22,9,74,1
2011-05-22,9,99,1
2011-05-22,9,132,1
2011-05-22,10,76,1
2011-05-22,11,94,1
2011-05-22,11,120,1
2011-05-22,13,52,1
2011-05-22,13,72,1
2011-05-22,13,81,1
2011-05-22,14,140,1
2011-05-22,14,190,1
2011-05-22,15,170,1
2011-05-22,18,271,1
2011-05-22,19,187,1
2011-05-22,20,151,1
2011-05-22,20,276,1
2011-05-22,21,251,1
2011-05-22,22,188,1
2011-05-22,23,169,1
2011-05-22,24,215,1
2011-05-22,25,56,1
2011-05-22,25,463,1
2011-05-22,26,210,1
2011-05-22,29,488,1
2011-05-22,29,534,1
2011-05-22,30,95,1
2011-05-22,30,215,1
2011-05-22,30,338,1
2011-05-22,30,405,1
2011-05-22,34,229,1
2011-05-22,35,112,1
2011-05-22,36,111,1
2011-05-22,41,199,1
2011-05-22,43,382,1
2011-05-22,46,144,1
2011-05-22,47,190,1
2011-05-22,47,832,1
2011-05-22,48,184,1
2011-05-22,52,578,1
2011-05-22,53,631,1
2011-05-22,76,373,1
2011-05-22,78,176,1
2011-05-22,264,1627,1
2011-05-23,1,1,1
2011-05-23,1,12,2
2011-05-23,1,16,1
2011-05-23,1,24,1
2011-05-23,1,100,1
2011-05-23,1,120,1
2011-05-23,1,384,1
2011-05-23,2,4,1
2011-05-23,2,144,1
2011-05-23,3,12,1
2011-05-23,3,30,1
2011-05-23,3,184,1
2011-05-23,4,40,1
2011-05-23,4,72,1
2011-05-23,4,180,1
2011-05-23,5,44,1
2011-05-23,5,84,1
2011-05-23,5,229,1
2011-05-23,5,280,1
2011-05-23,6,19,1
2011-05-23,6,848,1
2011-05-23,6,3863,1
2011-05-23,7,45,1
2011-05-23,10,139,1
2011-05-23,11,92,1
2011-05-23,11,133,1
2011-05-23,12,94,1
2011-05-23,12,136,1
2011-05-23,12,199,1
2011-05-23,12,454,1
2011-05-23,14,15,1
2011-05-23,14,1479,1
2011-05-23,16,326,1
2011-05-23,17,231,1
2011-05-23,18,97,1
2011-05-23,18,161,1
2011-05-23,19,147,1
2011-05-23,19,304,1
2011-05-23,20,165,1
2011-05-23,20,242,1
2011-05-23,21,159,1
2011-05-23,23,52,1
2011-05-23,23,159,1
2011-05-23,24,271,1
2011-05-23,26,260,1
2011-05-23,27,109,1
2011-05-23,27,369,1
2011-05-23,28,280,1
2011-05-23,30,125,1
2011-05-23,31,343,1
2011-05-23,40,89,1
2011-05-23,40,427,1
2011-05-23,44,62,1
2011-05-23,44,430,1
2011-05-23,49,74,1
2011-05-23,52,102,1
2011-05-23,52,401,1
2011-05-23,53,157,1
2011-05-23,54,326,1
2011-05-23,54,494,1
2011-05-23,80,179,1
2011-05-23,91,406,1
2011-05-23,143,1269,1
2011-05-23,161,496,1
2011-05-24,1,1,1
2011-05-24,1,12,2
2011-05-24,1,40,1
2011-05-24,1,906,1
2011-05-24,2,3,1
2011-05-24,2,7,1
2011-05-24,2,24,1
2011-05-24,2,26,1
2011-05-24,2,62,1
2011-05-24,2,124,1
2011-05-24,2,828,1
2011-05-24,3,28,1
2011-05-24,3,30,1
2011-05-24,4,156,1
2011-05-24,4,3084,1
2011-05-24,5,8,1
2011-05-24,5,30,1
2011-05-24,5,36,1
2011-05-24,5,100,1
2011-05-24,5,208,1
2011-05-24,6,25,1
2011-05-24,6,26,1
2011-05-24,6,118,1
2011-05-24,8,116,1
2011-05-24,8,128,1
2011-05-24,9,86,1
2011-05-24,10,159,1
2011-05-24,11,46,1
2011-05-24,12,104,1
2011-05-24,12,208,1
2011-05-24,12,250,1
2011-05-24,13,117,1
2011-05-24,13,228,1
2011-05-24,14,35,1
2011-05-24,14,104,1
2011-05-24,14,119,1
2011-05-24,15,43,1
2011-05-24,15,128,1
2011-05-24,15,636,1
2011-05-24,17,130,1
2011-05-24,17,163,1
2011-05-24,17,196,1
2011-05-24,18,170,1
2011-05-24,18,207,1
2011-05-24,19,68,1
2011-05-24,19,142,1
2011-05-24,21,182,1
2011-05-24,21,231,1
2011-05-24,24,313,1
2011-05-24,24,459,1
2011-05-24,26,48,1
2011-05-24,28,62,1
2011-05-24,28,350,1
2011-05-24,28,451,1
2011-05-24,29,68,1
2011-05-24,36,298,1
2011-05-24,36,392,1
2011-05-24,37,103,1
2011-05-24,38,497,1
2011-05-24,48,137,1
2011-05-24,66,438,1
2011-05-24,67,511,1
2011-05-24,75,402,1
2011-05-24,79,273,1
2011-05-24,157,277,1
2011-05-24,171,342,1
2011-05-24,258,619,1
2011-05-25,1,6,1
2011-05-25,1,48,1
2011-05-25,1,100,1
2011-05-25,1,144,1
2011-05-25,1,192,1
2011-05-25,1,960,1
2011-05-25,1,1300,1
2011-05-25,2,58,1
2011-05-25,3,40,1
2011-05-25,3,72,1
2011-05-25,3,187,1
2011-05-25,4,48,1
2011-05-25,5,5,1
2011-05-25,5,26,1
2011-05-25,5,30,1
2011-05-25,6,106,1
2011-05-25,6,192,1
2011-05-25,7,37,1
2011-05-25,7,92,1
2011-05-25,7,168,1
2011-05-25,8,32,1
2011-05-25,8,40,1
2011-05-25,8,396,1
2011-05-25,8,1196,1
2011-05-25,9,85,1
2011-05-25,9,348,1
2011-05-25,10,35,1
2011-05-25,10,76,1
2011-05-25,10,83,1
2011-05-25,10,180,1
2011-05-25,11,277,1
2011-05-25,12,110,1
2011-05-25,13,39,1
2011-05-25,13,174,1
2011-05-25,13,207,1
2011-05-25,14,145,1
2011-05-25,14,180,1
2011-05-25,14,214,1
2011-05-25,16,254,1
2011-05-25,18,142,1
2011-05-25,19,260,1
2011-05-25,20,78,1
2011-05-25,20,180,1
2011-05-25,20,188,1
2011-05-25,21,116,1
2011-05-25,23,39,1
2011-05-25,23,286,1
2011-05-25,23,319,1
2011-05-25,25,110,1
2011-05-25,27,261,1
2011-05-25,27,597,1
2011-05-25,28,102,1
2011-05-25,29,104,1
2011-05-25,29,374,1
2011-05-25,29,464,1
2011-05-25,30,236,1
2011-05-25,34,314,1
2011-05-25,36,449,1
2011-05-25,37,103,1
2011-05-25,37,171,1
2011-05-25,40,447,1
2011-05-25,41,79,1
2011-05-25,46,170,1
2011-05-25,51,139,1
2011-05-25,52,299,1
2011-05-25,222,548,1
2011-05-26,1,1,1
2011-05-26,1,4,2
2011-05-26,1,24,1
2011-05-26,1,300,1
2011-05-26,2,2,1
2011-05-26,2,18,1
2011-05-26,2,26,1
2011-05-26,2,168,1
2011-05-26,3,28,1
2011-05-26,3,32,1
2011-05-26,3,34,1
2011-05-26,3,52,1
2011-05-26,3,600,1
2011-05-26,4,5,1
2011-05-26,4,254,1
2011-05-26,5,5,1
2011-05-26,5,44,1
2011-05-26,5,126,1
2011-05-26,6,79,1
2011-05-26,6,224,1
2011-05-26,6,476,1
2011-05-26,6,528,1
2011-05-26,7,39,1
2011-05-26,8,24,1
2011-05-26,8,35,1
2011-05-26,8,57,1
2011-05-26,8,2140,1
2011-05-26,9,22,1
2011-05-26,9,284,1
2011-05-26,11,86,1
2011-05-26,11,92,1
2011-05-26,11,199,1
2011-05-26,12,76,1
2011-05-26,12,424,1
2011-05-26,14,108,1
2011-05-26,14,172,1
2011-05-26,14,184,1
2011-05-26,15,48,1
2011-05-26,16,68,1
2011-05-26,16,163,1
2011-05-26,16,197,1
2011-05-26,16,590,1
2011-05-26,17,108,1
2011-05-26,17,130,1
2011-05-26,17,148,1
2011-05-26,17,234,1
2011-05-26,21,38,1
2011-05-26,21,115,1
2011-05-26,21,191,1
2011-05-26,21,196,1
2011-05-26,22,131,1
2011-05-26,22,218,1
2011-05-26,23,79,1
2011-05-26,25,257,1
2011-05-26,25,304,1
2011-05-26,30,238,1
2011-05-26,34,251,1
2011-05-26,39,171,1
2011-05-26,42,342,1
2011-05-26,50,126,1
2011-05-26,50,4664,1
2011-05-26,57,114,1
2011-05-26,57,154,1
2011-05-27,1,1,1
2011-05-27,1,3,1
2011-05-27,1,6,1
2011-05-27,1,12,2
2011-05-27,1,50,1
2011-05-27,1,600,1
2011-05-27,1,4300,1
2011-05-27,2,17,1
2011-05-27,2,22,1
2011-05-27,2,30,1
2011-05-27,2,56,1
2011-05-27,2,168,1
2011-05-27,3,18,1
2011-05-27,3,84,1
2011-05-27,3,97,1
2011-05-27,3,300,1
2011-05-27,4,48,1
2011-05-27,4,258,1
2011-05-27,5,88,1
2011-05-27,5,408,1
2011-05-27,6,56,1
2011-05-27,6,158,1
2011-05-27,7,294,1
2011-05-27,8,52,1
2011-05-27,8,110,1
2011-05-27,9,87,1
2011-05-27,9,508,1
2011-05-27,10,42,1
2011-05-27,10,68,1
2011-05-27,11,16,1
2011-05-27,11,46,1
2011-05-27,13,120,1
2011-05-27,13,286,1
2011-05-27,14,21,1
2011-05-27,15,130,1
2011-05-27,15,199,1
2011-05-27,16,58,1
2011-05-27,17,47,1
2011-05-27,17,290,1
2011-05-27,18,328,1
2011-05-27,19,80,1
2011-05-27,20,36,1
2011-05-27,20,155,1
2011-05-27,24,177,1
2011-05-27,24,291,1
2011-05-27,26,337,1
2011-05-27,27,313,1
2011-05-27,28,229,1
2011-05-27,28,431,1
2011-05-27,30,334,1
2011-05-27,33,336,1
2011-05-27,33,647,1
2011-05-27,37,337,1
2011-05-27,39,171,1
2011-05-27,39,208,1
2011-05-27,39,369,1
2011-05-27,41,417,1
2011-05-27,42,111,1
2011-05-27,45,78,1
2011-05-27,46,448,1
2011-05-27,48,89,1
2011-05-27,52,77,1
2011-05-27,101,1036,1
2011-05-29,2,40,1
2011-05-29,4,271,1
2011-05-29,6,145,1
2011-05-29,9,16,1
2011-05-29,9,520,1
2011-05-29,10,314,1
2011-05-29,12,93,1
2011-05-29,14,16,1
2011-05-29,16,82,1
2011-05-29,16,92,1
2011-05-29,18,116,1
2011-05-29,18,226,1
2011-05-29,19,61,1
2011-05-29,22,193,1
2011-05-29,29,254,1
2011-05-29,30,250,1
2011-05-29,32,32,1
2011-05-29,37,125,1
2011-05-29,43,184,1
2011-05-29,45,72,1
2011-05-29,52,204,1
2011-05-29,54,210,1
2011-05-29,56,198,1
2011-05-29,76,406,1
2011-05-31,1,96,2
2011-05-31,1,144,1
2011-05-31,1,150,1
2011-05-31,1,168,1
2011-05-31,2,2,1
2011-05-31,2,66,1
2011-05-31,2,144,1
2011-05-31,3,6,1
2011-05-31,3,48,1
2011-05-31,3,1720,1
2011-05-31,4,20,1
2011-05-31,4,32,1
2011-05-31,4,114,1
2011-05-31,5,50,1
2011-05-31,6,38,1
2011-05-31,7,53,1
2011-05-31,7,64,1
2011-05-31,8,1240,1
2011-05-31,9,27,1
2011-05-31,9,44,1
2011-05-31,9,110,1
2011-05-31,9,258,1
2011-05-31,10,48,1
2011-05-31,11,123,1
2011-05-31,15,107,1
2011-05-31,15,114,1
2011-05-31,16,113,1
2011-05-31,16,201,1
2011-05-31,17,165,1
2011-05-31,17,180,1
2011-05-31,17,200,1
2011-05-31,19,44,1
2011-05-31,20,71,1
2011-05-31,20,164,1
2011-05-31,21,294,1
2011-05-31,22,294,1
2011-05-31,23,267,1
2011-05-31,26,114,1
2011-05-31,26,275,1
2011-05-31,26,281,1
2011-05-31,27,254,1
2011-05-31,29,92,1
2011-05-31,29,173,1
2011-05-31,41,175,1
2011-05-31,41,360,1
2011-05-31,41,471,1
2011-05-31,46,601,1
2011-05-31,48,167,1
2011-05-31,64,321,1
2011-05-31,70,158,1
2011-05-31,93,392,1
2011-05-31,115,214,1
2011-05-31,176,618,1
2011-06-01,1,100,1
2011-06-01,2,7,1
2011-06-01,2,44,1
2011-06-01,2,144,1
2011-06-01,3,12,1
2011-06-01,3,118,1
2011-06-01,4,4,1
2011-06-01,4,56,1
2011-06-01,5,38,1
2011-06-01,5,88,1
2011-06-01,7,78,1
2011-06-01,7,95,1
2011-06-01,7,524,1
2011-06-01,8,63,1
2011-06-01,9,65,1
2011-06-01,9,89,1
2011-06-01,10,128,1
2011-06-01,11,343,1
2011-06-01,13,177,1
2011-06-01,13,1038,1
2011-06-01,13,1836,1
2011-06-01,14,194,1
2011-06-01,16,63,1
2011-06-01,20,245,1
2011-06-01,24,253,1
2011-06-01,25,441,1
2011-06-01,27,388,1
2011-06-01,28,66,1
2011-06-01,29,57,1
2011-06-01,30,198,1
2011-06-01,31,151,1
2011-06-01,34,66,1
2011-06-01,34,553,1
2011-06-01,36,81,1
2011-06-01,36,160,1
2011-06-01,44,818,1
2011-06-01,60,169,1
2011-06-01,76,628,1
2011-06-01,157,373,1
2011-06-01,160,223,1
2011-06-01,175,301,1
2011-06-01,217,505,1
2011-06-02,1,2,1
2011-06-02,1,24,1
2011-06-02,1,186,1
2011-06-02,2,24,1
2011-06-02,2,36,1
2011-06-02,3,6,1
2011-06-02,3,33,1
2011-06-02,4,42,1
2011-06-02,4,49,1
2011-06-02,4,53,1
2011-06-02,4,72,1
2011-06-02,4,84,1
2011-06-02,4,96,1
2011-06-02,5,146,1
2011-06-02,5,728,1
2011-06-02,7,212,1
2011-06-02,10,88,1
2011-06-02,11,135,1
2011-06-02,11,1110,1
2011-06-02,12,118,1
2011-06-02,14,136,1
2011-06-02,14,188,1
2011-06-02,17,115,1
2011-06-02,18,28,1
2011-06-02,18,87,1
2011-06-02,18,152,1
2011-06-02,19,189,1
2011-06-02,20,31,1
2011-06-02,20,73,1
2011-06-02,21,413,1
2011-06-02,22,26,1
2011-06-02,22,49,1
2011-06-02,23,70,1
2011-06-02,30,198,1
2011-06-02,30,845,1
2011-06-02,31,48,1
2011-06-02,31,262,1
2011-06-02,33,44,1
2011-06-02,33,55,1
2011-06-02,34,50,1
2011-06-02,39,446,1
2011-06-02,42,70,1
2011-06-02,42,653,1
2011-06-02,49,388,1
2011-06-02,55,100,1
2011-06-02,55,263,1
2011-06-02,68,1330,1
2011-06-02,80,398,1
2011-06-02,84,514,1
2011-06-02,105,3280,1
2011-06-02,134,420,1
2011-06-02,210,422,1
2011-06-03,1,2,1
2011-06-03,1,4,2
2011-06-03,1,120,1
2011-06-03,1,336,1
2011-06-03,1,360,1
2011-06-03,2,42,1
2011-06-03,2,72,1
2011-06-03,3,22,1
2011-06-03,4,102,1
2011-06-03,4,104,1
2011-06-03,5,23,1
2011-06-03,5,103,1
2011-06-03,6,6,1
2011-06-03,8,14,1
2011-06-03,8,193,1
2011-06-03,8,381,1
2011-06-03,10,228,1
2011-06-03,12,79,1
2011-06-03,12,106,1
2011-06-03,14,90,1
2011-06-03,14,328,1
2011-06-03,15,137,1
2011-06-03,15,182,1
2011-06-03,16,170,1
2011-06-03,16,218,1
2011-06-03,19,90,1
2011-06-03,20,37,1
2011-06-03,21,251,1
2011-06-03,21,333,1
2011-06-03,21,410,1
2011-06-03,22,136,1
2011-06-03,23,49,1
2011-06-03,23,264,1
2011-06-03,25,308,1
2011-06-03,27,147,1
2011-06-03,28,168,1
2011-06-03,29,169,1
2011-06-03,30,130,1
2011-06-03,32,347,1
2011-06-03,37,537,1
2011-06-03,47,356,1
2011-06-03,51,107,1
2011-06-03,182,421,1
2011-06-05,1,12,1
2011-06-05,1,24,1
2011-06-05,1,25,1
2011-06-05,1,48,1
2011-06-05,2,72,1
2011-06-05,2,296,1
2011-06-05,3,10,1
2011-06-05,3,104,1
2011-06-05,3,114,1
2011-06-05,4,66,1
2011-06-05,4,73,1
2011-06-05,5,76,1
2011-06-05,5,94,1
2011-06-05,5,147,1
2011-06-05,7,35,1
2011-06-05,9,58,1
2011-06-05,9,72,1
2011-06-05,9,99,1
2011-06-05,9,352,1
2011-06-05,10,112,1
2011-06-05,10,143,1
2011-06-05,11,86,1
2011-06-05,11,514,1
2011-06-05,12,136,1
2011-06-05,13,54,1
2011-06-05,13,118,1
2011-06-05,13,324,1
2011-06-05,14,105,1
2011-06-05,14,128,1
2011-06-05,16,185,1
2011-06-05,16,408,1
2011-06-05,17,152,1
2011-06-05,17,1184,1
2011-06-05,18,358,1
2011-06-05,19,127,1
2011-06-05,20,206,1
2011-06-05,21,50,1
2011-06-05,21,102,1
2011-06-05,22,131,1
2011-06-05,23,186,1
2011-06-05,25,91,1
2011-06-05,25,100,1
2011-06-05,25,237,1
2011-06-05,26,117,1
2011-06-05,27,255,1
2011-06-05,27,434,1
2011-06-05,29,32,1
2011-06-05,29,69,1
2011-06-05,29,139,1
2011-06-05,29,160,1
2011-06-05,29,241,1
2011-06-05,30,288,1
2011-06-05,31,347,1
2011-06-05,33,354,1
2011-06-05,41,97,1
2011-06-05,42,306,1
2011-06-05,43,429,1
2011-06-05,46,193,1
2011-06-05,47,384,1
2011-06-05,49,279,1
2011-06-05,50,234,1
2011-06-05,50,581,1
2011-06-05,55,372,1
2011-06-05,60,250,1
2011-06-05,76,199,1
2011-06-05,76,265,1
2011-06-05,105,429,1
2011-06-06,1,2,1
2011-06-06,1,10,1
2011-06-06,1,20,1
2011-06-06,2,4,1
2011-06-06,3,28,1
2011-06-06,3,60,1
2011-06-06,4,280,1
2011-06-06,4,324,1
2011-06-06,5,66,1
2011-06-06,6,118,1
2011-06-06,6,232,1
2011-06-06,7,50,1
2011-06-06,8,33,1
2011-06-06,9,88,1
2011-06-06,10,47,1
2011-06-06,10,58,1
2011-06-06,10,66,1
2011-06-06,10,212,1
2011-06-06,11,132,1
2011-06-06,12,112,1
2011-06-06,13,92,1
2011-06-06,14,96,1
2011-06-06,14,128,1
2011-06-06,14,241,1
2011-06-06,15,140,1
2011-06-06,16,51,1
2011-06-06,16,145,1
2011-06-06,16,148,1
2011-06-06,17,73,1
2011-06-06,17,122,1
2011-06-06,17,145,1
2011-06-06,17,178,1
2011-06-06,17,273,1
2011-06-06,18,87,1
2011-06-06,18,115,1
2011-06-06,19,291,1
2011-06-06,22,171,1
2011-06-06,22,214,1
2011-06-06,22,357,1
2011-06-06,23,137,1
2011-06-06,23,195,1
2011-06-06,23,284,1
2011-06-06,24,197,1
2011-06-06,24,312,1
2011-06-06,26,290,1
2011-06-06,28,220,1
2011-06-06,28,242,1
2011-06-06,31,446,1
2011-06-06,40,79,1
2011-06-06,40,85,1
2011-06-06,42,202,1
2011-06-06,44,202,1
2011-06-06,45,404,1
2011-06-06,61,623,1
2011-06-06,86,191,1
2011-06-06,134,319,1
2011-06-07,1,1,1
2011-06-07,1,3,1
2011-06-07,1,4,1
2011-06-07,1,16,1
2011-06-07,1,24,1
2011-06-07,1,36,1
2011-06-07,1,72,1
2011-06-07,1,250,1
2011-06-07,2,30,1
2011-06-07,2,60,1
2011-06-07,2,66,1
2011-06-07,2,72,1
2011-06-07,3,3,1
2011-06-07,3,14,1
2011-06-07,3,20,1
2011-06-07,3,224,1
2011-06-07,4,70,1
2011-06-07,4,80,1
2011-06-07,5,19,1
2011-06-07,5,74,1
2011-06-07,5,304,1
2011-06-07,6,22,1
2011-06-07,6,60,1
2011-06-07,8,21,1
2011-06-07,8,66,1
2011-06-07,9,31,1
2011-06-07,9,458,1
2011-06-07,10,44,1
2011-06-07,10,71,1
2011-06-07,10,197,1
2011-06-07,11,78,1
2011-06-07,11,196,1
2011-06-07,11,358,1
2011-06-07,11,875,1
2011-06-07,12,191,1
2011-06-07,12,2274,1
2011-06-07,13,123,1
2011-06-07,13,157,1
2011-06-07,13,261,1
2011-06-07,14,106,1
2011-06-07,14,146,1
2011-06-07,14,202,1
2011-06-07,15,358,1
2011-06-07,16,39,1
2011-06-07,16,237,1
2011-06-07,16,316,1
2011-06-07,17,268,1
2011-06-07,18,179,1
2011-06-07,18,288,1
2011-06-07,18,296,1
2011-06-07,19,139,1
2011-06-07,20,469,1
2011-06-07,21,182,1
2011-06-07,21,336,1
2011-06-07,21,360,1
2011-06-07,22,214,1
2011-06-07,23,104,1
2011-06-07,26,44,1
2011-06-07,30,68,1
2011-06-07,30,538,1
2011-06-07,32,130,1
2011-06-07,33,346,1
2011-06-07,34,70,1
2011-06-07,35,290,1
2011-06-07,36,157,1
2011-06-07,47,320,1
2011-06-07,47,1912,1
2011-06-07,49,155,1
2011-06-07,49,568,1
2011-06-07,54,618,1
2011-06-07,75,194,1
2011-06-07,98,310,1
2011-06-07,104,345,1
2011-06-07,121,549,1
2011-06-07,136,256,1
2011-06-07,143,339,1
2011-06-07,148,386,1
2011-06-08,1,1,2
2011-06-08,1,2,1
2011-06-08,1,5,1
2011-06-08,1,10,1
2011-06-08,1,48,1
2011-06-08,2,46,1
2011-06-08,2,48,1
2011-06-08,2,66,1
2011-06-08,2,96,1
2011-06-08,2,200,1
2011-06-08,3,8,1
2011-06-08,3,30,1
2011-06-08,3,382,1
2011-06-08,4,18,1
2011-06-08,4,40,1
2011-06-08,4,90,1
2011-06-08,4,114,1
2011-06-08,4,152,1
2011-06-08,5,52,1
2011-06-08,5,232,1
2011-06-08,5,1380,1
2011-06-08,6,171,1
2011-06-08,6,325,1
2011-06-08,7,64,1
2011-06-08,7,147,1
2011-06-08,7,180,1
2011-06-08,7,456,1
2011-06-08,8,64,1
2011-06-08,8,74,1
2011-06-08,8,402,1
2011-06-08,8,492,1
2011-06-08,9,51,1
2011-06-08,9,55,1
2011-06-08,9,98,1
2011-06-08,9,260,1
2011-06-08,10,58,1
2011-06-08,10,72,1
2011-06-08,12,17,1
2011-06-08,12,314,1
2011-06-08,13,73,1
2011-06-08,13,252,1
2011-06-08,14,222,1
2011-06-08,15,140,1
2011-06-08,15,178,1
2011-06-08,15,242,1
2011-06-08,16,49,1
2011-06-08,16,128,1
2011-06-08,16,148,1
2011-06-08,16,183,1
2011-06-08,16,444,1
2011-06-08,17,179,1
2011-06-08,17,216,2
2011-06-08,17,259,1
2011-06-08,18,91,1
2011-06-08,20,34,1
2011-06-08,20,82,1
2011-06-08,20,263,1
2011-06-08,21,146,1
2011-06-08,22,58,1
2011-06-08,22,179,1
2011-06-08,22,221,1
2011-06-08,22,284,1
2011-06-08,22,317,1
2011-06-08,24,77,1
2011-06-08,24,197,1
2011-06-08,24,283,1
2011-06-08,25,49,1
2011-06-08,25,57,1
2011-06-08,26,395,1
2011-06-08,28,162,1
2011-06-08,29,47,1
2011-06-08,29,53,1
2011-06-08,29,244,1
2011-06-08,29,406,1
2011-06-08,29,464,1
2011-06-08,29,497,1
2011-06-08,31,40,1
2011-06-08,31,150,1
2011-06-08,32,55,1
2011-06-08,36,681,1
2011-06-08,39,53,1
2011-06-08,41,72,1
2011-06-08,41,82,1
2011-06-08,42,92,1
2011-06-08,43,374,1
2011-06-08,49,187,1
2011-06-08,55,119,1
2011-06-08,55,621,1
2011-06-08,56,205,1
2011-06-08,57,146,1
2011-06-08,57,2090,1
2011-06-08,60,167,1
2011-06-08,66,412,1
2011-06-08,70,124,1
2011-06-08,93,1014,1
2011-06-08,99,261,1
2011-06-08,219,454,1
2011-06-09,1,1,1
2011-06-09,1,6,1
2011-06-09,1,24,1
2011-06-09,1,4000,1
2011-06-09,2,16,1
2011-06-09,2,36,1
2011-06-09,3,16,2
2011-06-09,3,160,1
2011-06-09,4,28,1
2011-06-09,4,64,1
2011-06-09,4,84,1
2011-06-09,4,144,1
2011-06-09,5,36,1
2011-06-09,5,78,1
2011-06-09,6,58,1
2011-06-09,6,116,1
2011-06-09,7,50,1
2011-06-09,7,76,1
2011-06-09,7,94,1
2011-06-09,7,140,1
2011-06-09,9,30,1
2011-06-09,9,67,1
2011-06-09,10,11,1
2011-06-09,10,94,1
2011-06-09,10,119,1
2011-06-09,10,146,1
2011-06-09,10,186,1
2011-06-09,10,294,1
2011-06-09,11,154,2
2011-06-09,12,67,1
2011-06-09,12,109,1
2011-06-09,12,116,1
2011-06-09,12,198,1
2011-06-09,12,3600,1
2011-06-09,13,94,1
2011-06-09,13,114,1
2011-06-09,13,120,1
2011-06-09,14,99,1
2011-06-09,14,188,1
2011-06-09,14,205,1
2011-06-09,15,84,1
2011-06-09,15,98,1
2011-06-09,15,136,1
2011-06-09,15,138,1
2011-06-09,15,198,1
2011-06-09,15,426,1
2011-06-09,17,97,1
2011-06-09,18,59,1
2011-06-09,18,102,1
2011-06-09,18,196,1
2011-06-09,19,110,1
2011-06-09,19,320,1
2011-06-09,19,343,1
2011-06-09,19,521,1
2011-06-09,20,68,1
2011-06-09,20,77,1
2011-06-09,20,90,1
2011-06-09,20,178,1
2011-06-09,20,220,1
2011-06-09,20,455,1
2011-06-09,21,162,1
2011-06-09,21,232,1
2011-06-09,21,234,1
2011-06-09,21,244,1
2011-06-09,21,256,1
2011-06-09,22,288,1
2011-06-09,24,388,1
2011-06-09,25,261,1
2011-06-09,25,355,1
2011-06-09,28,86,1
2011-06-09,30,176,1
2011-06-09,30,196,1
2011-06-09,31,9811,1
2011-06-09,34,118,1
2011-06-09,35,460,1
2011-06-09,38,167,1
2011-06-09,38,421,1
2011-06-09,45,527,1
2011-06-09,47,437,1
2011-06-09,49,793,1
2011-06-09,56,242,1
2011-06-09,64,200,1
2011-06-09,152,287,1
2011-06-09,245,603,1
2011-06-10,1,1,2
2011-06-10,1,4,1
2011-06-10,1,48,1
2011-06-10,1,60,2
2011-06-10,2,2,1
2011-06-10,2,160,1
2011-06-10,2,200,1
2011-06-10,3,36,1
2011-06-10,4,25,1
2011-06-10,5,488,1
2011-06-10,6,115,1
2011-06-10,8,65,1
2011-06-10,8,70,1
2011-06-10,8,74,1
2011-06-10,8,88,1
2011-06-10,9,134,1
2011-06-10,9,144,1
2011-06-10,10,48,1
2011-06-10,10,139,1
2011-06-10,13,44,1
2011-06-10,13,212,1
2011-06-10,14,55,1
2011-06-10,14,94,1
2011-06-10,15,364,1
2011-06-10,16,296,1
2011-06-10,16,382,1
2011-06-10,17,193,1
2011-06-10,18,297,1
2011-06-10,18,580,1
2011-06-10,20,115,1
2011-06-10,21,145,1
2011-06-10,22,170,1
2011-06-10,22,350,1
2011-06-10,24,64,1
2011-06-10,25,45,1
2011-06-10,26,45,1
2011-06-10,26,223,1
2011-06-10,26,267,1
2011-06-10,29,161,1
2011-06-10,31,91,1
2011-06-10,33,97,1
2011-06-10,35,162,1
2011-06-10,38,82,1
2011-06-10,44,249,1
2011-06-10,46,158,1
2011-06-10,53,258,1
2011-06-10,64,3142,1
2011-06-10,172,353,1
2011-06-12,1,36,1
2011-06-12,2,3,2
2011-06-12,6,31,1
2011-06-12,7,54,1
2011-06-12,8,376,1
2011-06-12,8,558,1
2011-06-12,9,33,1
2011-06-12,11,97,1
2011-06-12,12,153,1
2011-06-12,12,342,1
2011-06-12,13,113,1
2011-06-12,13,182,1
2011-06-12,13,714,1
2011-06-12,15,44,1
2011-06-12,15,86,1
2011-06-12,15,124,1
2011-06-12,16,96,1
2011-06-12,17,21,1
2011-06-12,17,48,1
2011-06-12,17,89,1
2011-06-12,18,57,1
2011-06-12,18,148,1
2011-06-12,20,86,1
2011-06-12,20,455,1
2011-06-12,22,497,1
2011-06-12,24,40,1
2011-06-12,24,296,1
2011-06-12,27,72,1
2011-06-12,29,411,1
2011-06-12,30,58,1
2011-06-12,32,688,1
2011-06-12,34,134,1
2011-06-12,56,179,1
2011-06-12,57,260,1
2011-06-12,63,332,1
2011-06-12,77,217,1
2011-06-12,81,163,1
2011-06-12,205,2190,1
2011-06-13,1,1,1
2011-06-13,1,2,1
2011-06-13,1,15,1
2011-06-13,1,48,1
2011-06-13,2,696,1
2011-06-13,3,3,1
2011-06-13,3,48,1
2011-06-13,3,65,1
2011-06-13,3,409,1
2011-06-13,4,76,1
2011-06-13,4,112,1
2011-06-13,4,196,1
2011-06-13,6,32,1
2011-06-13,6,120,1
2011-06-13,7,47,1
2011-06-13,7,388,1
2011-06-13,9,28,1
2011-06-13,9,112,1
2011-06-13,10,17,1
2011-06-13,10,115,1
2011-06-13,10,206,1
2011-06-13,11,91,1
2011-06-13,11,110,1
2011-06-13,12,106,1
2011-06-13,13,44,1
2011-06-13,13,91,1
2011-06-13,14,120,1
2011-06-13,15,99,1
2011-06-13,15,135,1
2011-06-13,16,120,1
2011-06-13,19,236,1
2011-06-13,20,39,1
2011-06-13,20,83,1
2011-06-13,20,250,1
2011-06-13,20,274,1
2011-06-13,21,36,1
2011-06-13,21,330,1
2011-06-13,23,150,1
2011-06-13,23,232,1
2011-06-13,24,156,1
2011-06-13,25,284,1
2011-06-13,26,60,1
2011-06-13,26,330,1
2011-06-13,28,46,1
2011-06-13,28,412,1
2011-06-13,29,150,1
2011-06-13,30,49,1
2011-06-13,31,71,1
2011-06-13,32,224,1
2011-06-13,37,210,1
2011-06-13,39,321,1
2011-06-13,41,94,1
2011-06-13,42,427,1
2011-06-13,60,549,1
2011-06-13,67,784,1
2011-06-13,70,520,1
2011-06-13,76,715,1
2011-06-13,79,129,1
2011-06-13,188,450,1
2011-06-14,1,1,1
2011-06-14,1,2,1
2011-06-14,1,3,1
2011-06-14,1,12,1
2011-06-14,1,24,1
2011-06-14,1,36,1
2011-06-14,1,200,1
2011-06-14,2,124,1
2011-06-14,2,780,1
2011-06-14,3,15,1
2011-06-14,3,72,1
2011-06-14,4,84,1
2011-06-14,4,150,1
2011-06-14,6,119,1
2011-06-14,6,555,1
2011-06-14,7,108,1
2011-06-14,7,756,1
2011-06-14,9,198,1
2011-06-14,9,312,1
2011-06-14,9,328,1
2011-06-14,9,2096,1
2011-06-14,10,90,1
2011-06-14,10,318,1
2011-06-14,11,133,1
2011-06-14,12,112,1
2011-06-14,13,63,1
2011-06-14,13,82,1
2011-06-14,13,329,1
2011-06-14,13,748,1
2011-06-14,14,89,1
2011-06-14,14,132,1
2011-06-14,15,195,1
2011-06-14,16,102,1
2011-06-14,16,195,1
2011-06-14,17,38,1
2011-06-14,17,158,1
2011-06-14,19,136,1
2011-06-14,20,88,1
2011-06-14,21,82,1
2011-06-14,23,397,1
2011-06-14,24,52,1
2011-06-14,24,234,1
2011-06-14,26,107,1
2011-06-14,29,253,1
2011-06-14,35,182,1
2011-06-14,37,125,1
2011-06-14,40,381,1
2011-06-14,44,386,1
2011-06-14,51,279,1
2011-06-14,52,238,1
2011-06-14,54,666,1
2011-06-14,55,114,1
2011-06-14,71,459,1
2011-06-14,75,170,1
2011-06-14,101,325,1
2011-06-14,185,351,1
2011-06-14,294,837,1
2011-06-15,1,6,1
2011-06-15,1,10,1
2011-06-15,1,20,1
2011-06-15,1,96,1
2011-06-15,1,192,1
2011-06-15,1,720,1
2011-06-15,2,3,1
2011-06-15,2,25,1
2011-06-15,2,240,1
2011-06-15,3,6,1
2011-06-15,3,15,1
2011-06-15,4,42,1
2011-06-15,4,384,1
2011-06-15,5,5,1
2011-06-15,7,7,1
2011-06-15,7,52,1
2011-06-15,7,86,1
2011-06-15,8,75,1
2011-06-15,9,34,2
2011-06-15,9,46,1
2011-06-15,9,88,1
2011-06-15,9,154,1
2011-06-15,10,101,1
2011-06-15,10,254,1
2011-06-15,11,170,1
2011-06-15,12,208,1
2011-06-15,12,356,1
2011-06-15,15,45,1
2011-06-15,16,101,1
2011-06-15,17,127,1
2011-06-15,17,139,1
2011-06-15,18,134,1
2011-06-15,18,166,1
2011-06-15,18,206,1
2011-06-15,21,30,1
2011-06-15,24,36,1
2011-06-15,24,217,1
2011-06-15,24,283,1
2011-06-15,25,177,1
2011-06-15,25,345,1
2011-06-15,27,2642,1
2011-06-15,29,509,1
2011-06-15,32,196,1
2011-06-15,33,49,1
2011-06-15,35,146,1
2011-06-15,37,68,1
2011-06-15,41,607,1
2011-06-15,48,626,1
2011-06-15,51,97,1
2011-06-15,51,245,1
2011-06-15,55,3007,1
2011-06-15,56,86,1
2011-06-15,64,168,1
2011-06-15,71,152,1
2011-06-15,79,121,1
2011-06-15,99,168,1
2011-06-15,99,859,1
2011-06-15,138,15049,1
2011-06-15,195,456,1
2011-06-16,1,1,1
2011-06-16,1,2,1
2011-06-16,1,4,1
2011-06-16,1,12,2
2011-06-16,1,48,1
2011-06-16,1,600,1
2011-06-16,2,12,1
2011-06-16,2,14,1
2011-06-16,2,24,1
2011-06-16,2,88,1
2011-06-16,3,24,1
2011-06-16,3,48,1
2011-06-16,3,68,1
2011-06-16,3,154,1
2011-06-16,3,204,1
2011-06-16,3,336,1
2011-06-16,4,36,1
2011-06-16,4,38,1
2011-06-16,4,48,1
2011-06-16,4,88,1
2011-06-16,4,96,2
2011-06-16,4,120,1
2011-06-16,5,14,1
2011-06-16,5,33,1
2011-06-16,5,160,1
2011-06-16,6,96,1
2011-06-16,6,192,1
2011-06-16,6,420,1
2011-06-16,6,632,1
2011-06-16,7,18,1
2011-06-16,7,51,1
2011-06-16,7,144,1
2011-06-16,8,102,1
2011-06-16,8,130,1
2011-06-16,8,139,1
2011-06-16,9,45,1
2011-06-16,9,53,1
2011-06-16,10,82,1
2011-06-16,10,83,1
2011-06-16,10,90,1
2011-06-16,10,457,1
2011-06-16,11,97,1
2011-06-16,11,3104,1
2011-06-16,12,181,1
2011-06-16,12,233,1
2011-06-16,12,438,1
2011-06-16,13,172,1
2011-06-16,14,75,1
2011-06-16,14,92,1
2011-06-16,14,126,1
2011-06-16,15,99,1
2011-06-16,15,209,1
2011-06-16,16,156,1
2011-06-16,18,140,1
2011-06-16,18,144,1
2011-06-16,18,199,1
2011-06-16,18,204,1
2011-06-16,19,264,1
2011-06-16,20,153,1
2011-06-16,21,604,1
2011-06-16,22,107,1
2011-06-16,23,336,1
2011-06-16,24,58,1
2011-06-16,24,254,1
2011-06-16,26,284,1
2011-06-16,26,354,1
2011-06-16,27,137,1
2011-06-16,27,267,1
2011-06-16,29,509,1
2011-06-16,30,513,1
2011-06-16,30,573,1
2011-06-16,31,320,1
2011-06-16,33,268,1
2011-06-16,34,768,1
2011-06-16,37,194,1
2011-06-16,60,417,1
2011-06-16,65,99,1
2011-06-16,68,2014,1
2011-06-16,69,156,1
2011-06-16,80,204,1
2011-06-16,236,641,1
2011-06-17,1,2,2
2011-06-17,1,4,1
2011-06-17,1,6,1
2011-06-17,1,288,1
2011-06-17,1,576,1
2011-06-17,2,2,2
2011-06-17,2,3,1
2011-06-17,3,4,1
2011-06-17,3,24,1
2011-06-17,3,30,1
2011-06-17,3,60,1
2011-06-17,4,236,1
2011-06-17,4,998,1
2011-06-17,5,36,1
2011-06-17,5,90,1
2011-06-17,7,19,1
2011-06-17,7,56,1
2011-06-17,7,60,1
2011-06-17,8,204,1
2011-06-17,8,270,1
2011-06-17,10,174,1
2011-06-17,10,229,1
2011-06-17,11,108,1
2011-06-17,12,128,1
2011-06-17,12,238,1
2011-06-17,13,46,1
2011-06-17,13,99,1
2011-06-17,15,320,1
2011-06-17,15,348,1
2011-06-17,16,18,1
2011-06-17,16,205,1
2011-06-17,17,406,1
2011-06-17,18,26,1
2011-06-17,19,192,1
2011-06-17,21,186,1
2011-06-17,21,544,1
2011-06-17,22,215,1
2011-06-17,22,218,1
2011-06-17,22,514,1
2011-06-17,28,374,1
2011-06-17,28,459,1
2011-06-17,32,355,1
2011-06-17,33,130,1
2011-06-17,36,170,1
2011-06-17,43,214,1
2011-06-17,51,119,1
2011-06-17,58,379,1
2011-06-17,64,269,1
2011-06-17,81,836,1
2011-06-17,98,1259,1
2011-06-19,1,64,1
2011-06-19,2,16,1
2011-06-19,2,100,1
2011-06-19,3,30,1
2011-06-19,4,400,1
2011-06-19,5,344,1
2011-06-19,6,45,1
2011-06-19,6,62,1
2011-06-19,6,64,1
2011-06-19,7,40,1
2011-06-19,7,48,1
2011-06-19,7,58,1
2011-06-19,7,69,1
2011-06-19,7,98,1
2011-06-19,8,24,1
2011-06-19,8,36,1
2011-06-19,8,37,1
2011-06-19,8,87,1
2011-06-19,8,146,1
2011-06-19,8,574,1
2011-06-19,9,150,1
2011-06-19,10,130,1
2011-06-19,10,144,1
2011-06-19,10,278,1
2011-06-19,11,184,1
2011-06-19,12,24,1
2011-06-19,12,32,1
2011-06-19,12,63,1
2011-06-19,13,83,1
2011-06-19,13,106,1
2011-06-19,13,143,1
2011-06-19,13,246,1
2011-06-19,14,485,1
2011-06-19,15,549,1
2011-06-19,17,67,1
2011-06-19,18,228,1
2011-06-19,19,169,1
2011-06-19,20,234,1
2011-06-19,20,462,1
2011-06-19,21,366,1
2011-06-19,22,202,1
2011-06-19,23,88,1
2011-06-19,25,38,1
2011-06-19,25,57,1
2011-06-19,25,77,1
2011-06-19,26,91,1
2011-06-19,28,356,1
2011-06-19,29,47,1
2011-06-19,29,84,1
2011-06-19,29,414,1
2011-06-19,32,174,1
2011-06-19,35,202,1
2011-06-19,43,269,1
2011-06-19,44,70,1
2011-06-19,44,128,1
2011-06-19,48,302,1
2011-06-19,51,616,1
2011-06-19,52,4718,1
2011-06-19,58,303,1
2011-06-19,85,355,1
2011-06-20,1,2,1
2011-06-20,1,4,1
2011-06-20,1,6,1
2011-06-20,1,9,1
2011-06-20,1,12,1
2011-06-20,1,24,1
2011-06-20,1,48,1
2011-06-20,1,50,1
2011-06-20,1,72,1
2011-06-20,1,100,2
2011-06-20,1,200,1
2011-06-20,1,400,1
2011-06-20,1,504,1
2011-06-20,2,2,1
2011-06-20,2,18,1
2011-06-20,2,40,1
2011-06-20,2,52,1
2011-06-20,2,96,1
2011-06-20,2,158,1
2011-06-20,2,204,1
2011-06-20,4,20,1
2011-06-20,4,54,1
2011-06-20,5,5,1
2011-06-20,5,256,1
2011-06-20,6,104,1
2011-06-20,6,1600,1
2011-06-20,7,186,1
2011-06-20,9,9,1
2011-06-20,9,15,1
2011-06-20,9,78,1
2011-06-20,11,37,1
2011-06-20,13,336,1
2011-06-20,15,61,1
2011-06-20,15,296,1
2011-06-20,16,17,1
2011-06-20,16,103,1
2011-06-20,16,154,1
2011-06-20,16,226,1
2011-06-20,17,256,1
2011-06-20,18,108,1
2011-06-20,18,154,1
2011-06-20,19,39,1
2011-06-20,19,132,1
2011-06-20,19,208,1
2011-06-20,20,76,1
2011-06-20,20,205,1
2011-06-20,20,220,1
2011-06-20,20,535,1
2011-06-20,23,177,1
2011-06-20,25,166,1
2011-06-20,26,58,1
2011-06-20,28,216,1
2011-06-20,28,358,1
2011-06-20,28,384,1
2011-06-20,32,165,1
2011-06-20,33,62,1
2011-06-20,34,393,1
2011-06-20,42,73,1
2011-06-20,44,123,1
2011-06-20,49,109,1
2011-06-20,49,571,1
2011-06-20,51,73,1
2011-06-20,57,1092,1
2011-06-20,59,61,1
2011-06-20,62,1090,1
2011-06-20,82,1346,1
2011-06-20,83,384,1
2011-06-20,85,476,1
2011-06-20,95,396,1
2011-06-20,149,375,1
2011-06-20,190,371,1
2011-06-20,202,459,1
2011-06-21,1,1,1
2011-06-21,1,24,1
2011-06-21,1,96,1
2011-06-21,2,20,1
2011-06-21,2,48,1
2011-06-21,3,4,1
2011-06-21,3,18,1
2011-06-21,3,52,1
2011-06-21,4,120,1
2011-06-21,5,16,1
2011-06-21,5,36,1
2011-06-21,5,154,1
2011-06-21,8,39,1
2011-06-21,8,190,1
2011-06-21,8,429,1
2011-06-21,9,156,1
2011-06-21,9,402,1
2011-06-21,9,493,1
2011-06-21,10,95,1
2011-06-21,10,108,1
2011-06-21,10,178,1
2011-06-21,10,636,1
2011-06-21,11,79,1
2011-06-21,11,350,1
2011-06-21,13,2668,1
2011-06-21,14,108,1
2011-06-21,14,116,1
2011-06-21,15,106,1
2011-06-21,16,112,1
2011-06-21,18,358,1
2011-06-21,22,157,1
2011-06-21,23,127,1
2011-06-21,23,270,1
2011-06-21,24,310,1
2011-06-21,25,42,1
2011-06-21,26,41,1
2011-06-21,27,336,1
2011-06-21,29,1226,1
2011-06-21,30,104,1
2011-06-21,30,108,1
2011-06-21,30,305,1
2011-06-21,31,63,1
2011-06-21,31,290,1
2011-06-21,38,350,1
2011-06-21,41,313,1
2011-06-21,42,61,1
2011-06-21,43,480,1
2011-06-21,44,271,1
2011-06-21,46,162,1
2011-06-21,62,364,1
2011-06-21,69,269,1
2011-06-21,75,208,1
2011-06-21,90,582,1
2011-06-21,121,193,1
2011-06-21,183,339,1
2011-06-22,1,6,1
2011-06-22,1,12,1
2011-06-22,1,24,1
2011-06-22,1,42,1
2011-06-22,2,31,1
2011-06-22,2,144,1
2011-06-22,3,4,1
2011-06-22,3,88,1
2011-06-22,4,7,1
2011-06-22,4,74,1
2011-06-22,5,11,1
2011-06-22,5,38,1
2011-06-22,6,91,1
2011-06-22,6,2256,1
2011-06-22,7,598,1
2011-06-22,8,43,1
2011-06-22,9,70,1
2011-06-22,9,100,1
2011-06-22,9,173,1
2011-06-22,10,39,1
2011-06-22,10,144,1
2011-06-22,11,105,1
2011-06-22,11,156,1
2011-06-22,11,257,1
2011-06-22,12,98,1
2011-06-22,12,99,1
2011-06-22,13,64,1
2011-06-22,13,384,1
2011-06-22,13,883,1
2011-06-22,14,32,1
2011-06-22,14,239,1
2011-06-22,14,1967,1
2011-06-22,15,536,1
2011-06-22,16,182,1
2011-06-22,16,429,1
2011-06-22,17,62,1
2011-06-22,17,237,1
2011-06-22,17,305,1
2011-06-22,18,308,1
2011-06-22,18,426,1
2011-06-22,19,208,1
2011-06-22,19,270,1
2011-06-22,20,112,1
2011-06-22,21,191,1
2011-06-22,21,300,1
2011-06-22,25,235,1
2011-06-22,25,386,1
2011-06-22,27,280,1
2011-06-22,28,314,1
2011-06-22,29,326,1
2011-06-22,33,165,1
2011-06-22,38,332,1
2011-06-22,38,522,1
2011-06-22,40,366,1
2011-06-22,41,75,1
2011-06-22,65,389,1
2011-06-22,66,489,1
2011-06-22,67,104,1
2011-06-23,1,1,3
2011-06-23,1,3,1
2011-06-23,1,100,1
2011-06-23,2,5,1
2011-06-23,2,48,1
2011-06-23,3,4,1
2011-06-23,5,78,1
2011-06-23,5,81,1
2011-06-23,6,40,1
2011-06-23,7,17,1
2011-06-23,7,28,1
2011-06-23,7,46,1
2011-06-23,7,100,1
2011-06-23,8,38,1
2011-06-23,8,78,1
2011-06-23,8,298,1
2011-06-23,9,123,1
2011-06-23,10,83,1
2011-06-23,10,108,1
2011-06-23,10,822,1
2011-06-23,11,220,1
2011-06-23,11,268,1
2011-06-23,12,156,1
2011-06-23,12,171,1
2011-06-23,12,211,1
2011-06-23,12,360,1
2011-06-23,13,111,1
2011-06-23,13,130,1
2011-06-23,14,82,1
2011-06-23,14,149,1
2011-06-23,15,71,1
2011-06-23,15,143,1
2011-06-23,15,145,1
2011-06-23,16,41,1
2011-06-23,16,64,1
2011-06-23,16,133,1
2011-06-23,18,160,1
2011-06-23,18,186,1
2011-06-23,19,189,1
2011-06-23,20,43,1
2011-06-23,20,69,1
2011-06-23,20,166,1
2011-06-23,20,203,1
2011-06-23,21,312,1
2011-06-23,21,348,1
2011-06-23,21,434,1
2011-06-23,22,192,1
2011-06-23,22,197,1
2011-06-23,22,323,1
2011-06-23,24,293,1
2011-06-23,24,509,1
2011-06-23,25,292,1
2011-06-23,27,356,1
2011-06-23,29,242,1
2011-06-23,36,86,1
2011-06-23,40,437,1
2011-06-23,44,301,1
2011-06-23,44,554,1
2011-06-23,45,603,1
2011-06-23,47,812,1
2011-06-23,50,253,1
2011-06-23,51,80,1
2011-06-23,65,199,1
2011-06-23,67,257,1
2011-06-23,80,233,1
2011-06-23,82,289,1
2011-06-23,87,157,1
2011-06-23,103,687,1
2011-06-23,177,320,1
2011-06-23,191,375,1
2011-06-24,1,3,1
2011-06-24,1,24,1
2011-06-24,2,2,1
2011-06-24,2,23,1
2011-06-24,3,6,1
2011-06-24,3,118,1
2011-06-24,3,128,1
2011-06-24,4,38,1
2011-06-24,4,48,1
2011-06-24,4,230,1
2011-06-24,5,34,1
2011-06-24,6,22,1
2011-06-24,6,340,1
2011-06-24,7,100,1
2011-06-24,7,700,1
2011-06-24,8,61,1
2011-06-24,8,71,1
2011-06-24,9,37,1
2011-06-24,9,142,1
2011-06-24,10,92,1
2011-06-24,10,162,1
2011-06-24,10,165,1
2011-06-24,11,88,1
2011-06-24,13,168,1
2011-06-24,13,236,1
2011-06-24,15,168,1
2011-06-24,15,204,1
2011-06-24,15,244,1
2011-06-24,16,125,1
2011-06-24,17,119,1
2011-06-24,17,172,1
2011-06-24,18,64,1
2011-06-24,18,129,1
2011-06-24,19,162,1
2011-06-24,21,174,1
2011-06-24,24,116,1
2011-06-24,26,251,1
2011-06-24,27,320,1
2011-06-24,27,385,1
2011-06-24,27,520,1
2011-06-24,29,256,1
2011-06-24,30,410,1
2011-06-24,34,465,1
2011-06-24,37,571,1
2011-06-24,38,193,1
2011-06-24,39,492,1
2011-06-24,47,242,1
2011-06-24,49,519,1
2011-06-24,120,266,1
2011-06-24,131,366,1
2011-06-26,1,2,1
2011-06-26,1,12,1
2011-06-26,1,15,1
2011-06-26,4,42,1
2011-06-26,4,48,1
2011-06-26,6,7,1
2011-06-26,6,17,1
2011-06-26,7,21,1
2011-06-26,10,83,1
2011-06-26,12,80,1
2011-06-26,12,110,1
2011-06-26,14,20,1
2011-06-26,14,75,1
2011-06-26,14,142,1
2011-06-26,19,173,1
2011-06-26,20,574,1
2011-06-26,23,125,1
2011-06-26,24,56,1
2011-06-26,26,405,1
2011-06-26,33,164,1
2011-06-26,35,550,1
2011-06-26,40,69,1
2011-06-26,49,111,1
2011-06-26,71,429,1
2011-06-26,93,174,1
2011-06-26,126,278,1
2011-06-27,1,1,2
2011-06-27,1,6,1
2011-06-27,1,72,1
2011-06-27,1,120,1
2011-06-27,2,10,1
2011-06-27,2,60,1
2011-06-27,2,196,1
2011-06-27,2,200,1
2011-06-27,4,226,1
2011-06-27,5,228,1
2011-06-27,6,288,1
2011-06-27,8,251,1
2011-06-27,9,58,1
2011-06-27,9,118,1
2011-06-27,9,263,1
2011-06-27,9,292,1
2011-06-27,9,392,1
2011-06-27,9,656,1
2011-06-27,12,50,1
2011-06-27,12,79,1
2011-06-27,14,34,1
2011-06-27,14,70,1
2011-06-27,14,256,1
2011-06-27,16,124,1
2011-06-27,17,34,1
2011-06-27,18,53,1
2011-06-27,19,70,1
2011-06-27,20,1716,1
2011-06-27,21,43,1
2011-06-27,21,72,1
2011-06-27,30,271,1
2011-06-27,34,314,1
2011-06-27,34,397,1
2011-06-27,36,201,1
2011-06-27,36,528,1
2011-06-27,45,87,1
2011-06-27,48,152,1
2011-06-27,54,172,1
2011-06-27,58,120,1
2011-06-27,72,147,1
2011-06-27,78,592,1
2011-06-27,83,267,1
2011-06-27,107,324,1
2011-06-27,145,292,1
2011-06-28,1,12,2
2011-06-28,1,24,1
2011-06-28,1,40,1
2011-06-28,1,96,2
2011-06-28,1,400,1
2011-06-28,1,430,1
2011-06-28,1,432,1
2011-06-28,2,8,1
2011-06-28,2,144,1
2011-06-28,2,384,1
2011-06-28,3,38,1
2011-06-28,3,46,1
2011-06-28,3,78,1
2011-06-28,3,144,1
2011-06-28,3,656,1
2011-06-28,5,6,1
2011-06-28,5,50,1
2011-06-28,5,80,1
2011-06-28,6,26,1
2011-06-28,6,648,1
2011-06-28,7,106,1
2011-06-28,7,108,1
2011-06-28,8,78,1
2011-06-28,8,92,1
2011-06-28,11,424,1
2011-06-28,13,134,1
2011-06-28,13,162,1
2011-06-28,13,182,1
2011-06-28,14,286,1
2011-06-28,15,133,1
2011-06-28,15,174,1
2011-06-28,15,188,1
2011-06-28,17,223,1
2011-06-28,17,261,1
2011-06-28,18,255,1
2011-06-28,18,377,1
2011-06-28,20,1588,1
2011-06-28,22,94,1
2011-06-28,24,40,1
2011-06-28,28,559,1
2011-06-28,31,39,1
2011-06-28,31,65,1
2011-06-28,35,52,1
2011-06-28,35,224,1
2011-06-28,42,227,1
2011-06-28,43,491,1
2011-06-28,57,803,1
2011-06-28,58,231,1
2011-06-28,66,460,1
2011-06-28,72,8998,1
2011-06-28,75,772,1
2011-06-28,81,222,1
2011-06-29,1,2,1
2011-06-29,1,48,1
2011-06-29,1,96,1
2011-06-29,2,3,1
2011-06-29,2,10,1
2011-06-29,2,30,1
2011-06-29,2,200,1
2011-06-29,3,17,1
2011-06-29,4,15,1
2011-06-29,4,408,1
2011-06-29,6,88,1
2011-06-29,6,200,1
2011-06-29,7,84,1
2011-06-29,7,336,1
2011-06-29,8,480,1
2011-06-29,9,41,1
2011-06-29,10,177,1
2011-06-29,10,208,1
2011-06-29,11,26,1
2011-06-29,11,104,1
2011-06-29,12,14,1
2011-06-29,12,139,1
2011-06-29,12,424,1
2011-06-29,13,134,1
2011-06-29,14,270,1
2011-06-29,15,44,1
2011-06-29,15,147,1
2011-06-29,15,201,1
2011-06-29,16,114,1
2011-06-29,16,225,1
2011-06-29,18,226,1
2011-06-29,21,271,1
2011-06-29,24,29,1
2011-06-29,25,2086,1
2011-06-29,26,112,1
2011-06-29,28,89,1
2011-06-29,33,76,1
2011-06-29,37,123,1
2011-06-29,47,102,1
2011-06-29,49,68,1
2011-06-29,52,463,1
2011-06-29,704,4136,1
2011-06-30,1,1,2
2011-06-30,1,2,1
2011-06-30,1,8,1
2011-06-30,1,16,1
2011-06-30,1,24,1
2011-06-30,1,560,1
2011-06-30,1,576,1
2011-06-30,2,2,1
2011-06-30,2,8,1
2011-06-30,2,24,1
2011-06-30,2,828,1
2011-06-30,3,34,1
2011-06-30,3,2105,1
2011-06-30,4,84,1
2011-06-30,5,33,1
2011-06-30,5,46,1
2011-06-30,6,7,1
2011-06-30,7,84,1
2011-06-30,7,208,1
2011-06-30,8,26,1
2011-06-30,8,88,1
2011-06-30,8,120,1
2011-06-30,9,63,1
2011-06-30,9,102,1
2011-06-30,9,242,1
2011-06-30,9,1044,1
2011-06-30,9,4332,1
2011-06-30,10,53,1
2011-06-30,11,166,1
2011-06-30,12,19,1
2011-06-30,13,15,1
2011-06-30,13,52,1
2011-06-30,14,42,1
2011-06-30,14,174,1
2011-06-30,14,314,1
2011-06-30,15,196,1
2011-06-30,15,349,1
2011-06-30,16,38,1
2011-06-30,16,157,1
2011-06-30,17,60,1
2011-06-30,18,190,1
2011-06-30,20,149,1
2011-06-30,20,192,1
2011-06-30,22,130,1
2011-06-30,22,257,1
2011-06-30,23,532,1
2011-06-30,25,67,1
2011-06-30,25,106,1
2011-06-30,25,250,1
2011-06-30,25,496,1
2011-06-30,28,310,1
2011-06-30,29,94,1
2011-06-30,29,123,1
2011-06-30,29,217,1
2011-06-30,29,309,1
2011-06-30,30,150,1
2011-06-30,30,394,1
2011-06-30,31,287,1
2011-06-30,31,698,1
2011-06-30,34,393,1
2011-06-30,36,49,1
2011-06-30,37,257,1
2011-06-30,38,521,1
2011-06-30,43,578,1
2011-06-30,44,126,1
2011-06-30,44,192,1
2011-06-30,57,206,1
2011-06-30,88,965,1
2011-06-30,385,1407,1
2011-07-01,1,1,3
2011-07-01,1,3,1
2011-07-01,1,12,1
2011-07-01,1,18,1
2011-07-01,3,60,1
2011-07-01,3,132,1
2011-07-01,4,4,1
2011-07-01,4,320,1
2011-07-01,5,6,1
2011-07-01,5,21,1
2011-07-01,7,28,1
2011-07-01,7,81,1
2011-07-01,8,13,1
2011-07-01,9,78,1
2011-07-01,9,112,1
2011-07-01,9,246,1
2011-07-01,11,15,1
2011-07-01,11,137,1
2011-07-01,13,152,1
2011-07-01,13,349,1
2011-07-01,14,108,1
2011-07-01,14,424,1
2011-07-01,15,122,1
2011-07-01,15,202,1
2011-07-01,15,284,1
2011-07-01,18,143,1
2011-07-01,21,80,1
2011-07-01,21,182,1
2011-07-01,22,239,1
2011-07-01,23,29,1
2011-07-01,23,34,1
2011-07-01,24,256,1
2011-07-01,25,34,1
2011-07-01,26,212,1
2011-07-01,26,287,1
2011-07-01,28,370,1
2011-07-01,29,330,1
2011-07-01,33,83,1
2011-07-01,36,58,1
2011-07-01,43,121,1
2011-07-01,45,697,1
2011-07-01,50,80,1
2011-07-01,53,336,1
2011-07-01,55,540,1
2011-07-01,81,336,1
2011-07-01,82,274,1
2011-07-03,3,115,1
2011-07-03,6,53,1
2011-07-03,7,107,1
2011-07-03,8,71,1
2011-07-03,10,26,1
2011-07-03,10,178,1
2011-07-03,12,40,1
2011-07-03,12,69,1
2011-07-03,12,92,1
2011-07-03,15,41,1
2011-07-03,16,21,1
2011-07-03,17,29,1
2011-07-03,21,257,1
2011-07-03,23,160,1
2011-07-03,24,158,1
2011-07-03,25,186,1
2011-07-03,26,60,1
2011-07-03,28,96,1
2011-07-03,29,118,1
2011-07-03,32,171,1
2011-07-03,40,146,1
2011-07-03,51,278,1
2011-07-03,52,334,1
2011-07-03,53,103,1
2011-07-03,66,208,1
2011-07-04,1,4,1
2011-07-04,2,8,1
2011-07-04,2,18,1
2011-07-04,2,24,1
2011-07-04,3,228,1
2011-07-04,4,22,1
2011-07-04,4,48,1
2011-07-04,5,88,1
2011-07-04,6,1200,1
2011-07-04,6,1700,1
2011-07-04,9,116,1
2011-07-04,9,220,1
2011-07-04,11,13,1
2011-07-04,12,77,1
2011-07-04,12,109,1
2011-07-04,13,19,1
2011-07-04,13,40,1
2011-07-04,15,48,1
2011-07-04,15,256,1
2011-07-04,15,270,1
2011-07-04,15,1506,1
2011-07-04,16,374,1
2011-07-04,18,85,1
2011-07-04,18,204,1
2011-07-04,18,333,1
2011-07-04,21,34,1
2011-07-04,23,79,1
2011-07-04,23,130,1
2011-07-04,23,135,1
2011-07-04,24,41,1
2011-07-04,25,395,1
2011-07-04,29,224,1
2011-07-04,31,360,1
2011-07-04,32,46,1
2011-07-04,34,346,1
2011-07-04,35,92,1
2011-07-04,43,67,1
2011-07-04,46,130,1
2011-07-04,46,417,1
2011-07-04,47,125,1
2011-07-04,52,195,1
2011-07-04,56,486,1
2011-07-04,60,863,1
2011-07-04,72,212,1
2011-07-04,77,856,1
2011-07-04,87,285,1
2011-07-04,93,557,1
2011-07-04,308,945,1
2011-07-04,309,839,1
2011-07-04,331,827,1
2011-07-05,1,10,1
2011-07-05,1,12,1
2011-07-05,1,24,1
2011-07-05,1,25,1
2011-07-05,1,60,1
2011-07-05,2,13,1
2011-07-05,2,14,1
2011-07-05,2,24,1
2011-07-05,2,200,1
2011-07-05,2,460,1
2011-07-05,3,606,1
2011-07-05,4,20,1
2011-07-05,4,40,1
2011-07-05,4,1920,1
2011-07-05,5,34,1
2011-07-05,5,98,1
2011-07-05,5,576,1
2011-07-05,6,20,1
2011-07-05,6,93,1
2011-07-05,6,230,1
2011-07-05,6,984,1
2011-07-05,7,24,1
2011-07-05,7,114,1
2011-07-05,7,139,1
2011-07-05,7,166,1
2011-07-05,7,1120,1
2011-07-05,7,1342,1
2011-07-05,8,67,1
2011-07-05,8,107,1
2011-07-05,8,126,1
2011-07-05,8,146,1
2011-07-05,8,394,1
2011-07-05,9,40,1
2011-07-05,9,44,1
2011-07-05,9,245,1
2011-07-05,9,363,1
2011-07-05,10,106,1
2011-07-05,10,150,1
2011-07-05,11,94,1
2011-07-05,11,110,1
2011-07-05,11,143,1
2011-07-05,12,206,1
2011-07-05,13,17,1
2011-07-05,15,213,1
2011-07-05,16,213,1
2011-07-05,16,622,1
2011-07-05,17,22,1
2011-07-05,17,181,1
2011-07-05,18,236,1
2011-07-05,18,255,1
2011-07-05,19,43,1
2011-07-05,19,224,1
2011-07-05,19,234,1
2011-07-05,21,261,1
2011-07-05,22,510,1
2011-07-05,23,189,1
2011-07-05,23,235,1
2011-07-05,23,294,1
2011-07-05,24,260,1
2011-07-05,25,104,1
2011-07-05,27,36,1
2011-07-05,32,321,1
2011-07-05,35,365,1
2011-07-05,36,96,1
2011-07-05,36,1502,1
2011-07-05,40,70,1
2011-07-05,40,104,1
2011-07-05,41,291,1
2011-07-05,43,262,1
2011-07-05,78,732,1
2011-07-05,203,548,1
2011-07-05,463,1561,1
2011-07-05,486,1371,1
2011-07-06,1,8,1
2011-07-06,1,10,1
2011-07-06,1,24,1
2011-07-06,1,100,1
2011-07-06,1,120,1
2011-07-06,2,64,1
2011-07-06,2,84,1
2011-07-06,3,93,1
2011-07-06,3,192,1
2011-07-06,3,288,1
2011-07-06,3,1036,1
2011-07-06,4,4,1
2011-07-06,4,24,1
2011-07-06,4,145,1
2011-07-06,4,244,1
2011-07-06,5,34,1
2011-07-06,5,53,1
2011-07-06,5,110,1
2011-07-06,6,90,1
2011-07-06,6,406,1
2011-07-06,7,60,1
2011-07-06,7,75,1
2011-07-06,8,515,1
2011-07-06,9,12,1
2011-07-06,9,74,1
2011-07-06,9,260,1
2011-07-06,10,102,1
2011-07-06,11,99,1
2011-07-06,12,99,1
2011-07-06,12,109,1
2011-07-06,13,259,1
2011-07-06,14,59,1
2011-07-06,14,128,1
2011-07-06,14,200,1
2011-07-06,15,150,1
2011-07-06,15,276,1
2011-07-06,16,313,1
2011-07-06,17,711,1
2011-07-06,18,161,1
2011-07-06,18,168,1
2011-07-06,18,244,1
2011-07-06,19,167,1
2011-07-06,20,257,1
2011-07-06,20,948,1
2011-07-06,20,3242,1
2011-07-06,21,188,1
2011-07-06,21,303,1
2011-07-06,22,24,1
2011-07-06,22,178,1
2011-07-06,24,86,1
2011-07-06,24,211,1
2011-07-06,25,394,1
2011-07-06,25,400,1
2011-07-06,26,64,1
2011-07-06,26,76,1
2011-07-06,27,173,1
2011-07-06,27,301,1
2011-07-06,32,516,1
2011-07-06,36,113,1
2011-07-06,39,778,1
2011-07-06,40,103,1
2011-07-06,41,135,1
2011-07-06,43,248,1
2011-07-06,43,380,1
2011-07-06,47,82,1
2011-07-06,59,592,1
2011-07-06,67,85,1
2011-07-06,86,582,1
2011-07-06,236,682,1
2011-07-06,319,648,1
2011-07-07,1,1,1
2011-07-07,1,5,1
2011-07-07,1,11,1
2011-07-07,1,12,2
2011-07-07,1,24,1
2011-07-07,1,200,1
2011-07-07,2,8,1
2011-07-07,2,84,1
2011-07-07,2,148,1
2011-07-07,2,192,1
2011-07-07,2,216,1
2011-07-07,2,1920,1
2011-07-07,3,98,1
2011-07-07,3,101,1
2011-07-07,3,109,1
2011-07-07,3,574,1
2011-07-07,4,40,1
2011-07-07,4,252,1
2011-07-07,5,128,1
2011-07-07,6,12,1
2011-07-07,6,23,1
2011-07-07,6,164,1
2011-07-07,6,540,1
2011-07-07,7,59,1
2011-07-07,7,360,1
2011-07-07,7,1372,1
2011-07-07,8,27,1
2011-07-07,8,58,1
2011-07-07,9,82,1
2011-07-07,10,116,1
2011-07-07,10,148,1
2011-07-07,11,214,1
2011-07-07,12,148,1
2011-07-07,12,318,1
2011-07-07,13,15,1
2011-07-07,13,92,1
2011-07-07,13,96,1
2011-07-07,13,134,1
2011-07-07,13,449,1
2011-07-07,14,66,1
2011-07-07,15,140,1
2011-07-07,15,142,1
2011-07-07,15,200,1
2011-07-07,16,179,1
2011-07-07,17,68,1
2011-07-07,17,154,1
2011-07-07,18,28,1
2011-07-07,18,88,1
2011-07-07,18,142,1
2011-07-07,19,214,1
2011-07-07,20,164,1
2011-07-07,20,184,1
2011-07-07,20,194,1
2011-07-07,21,292,1
2011-07-07,23,195,1
2011-07-07,24,214,1
2011-07-07,24,219,1
2011-07-07,24,245,1
2011-07-07,26,69,1
2011-07-07,26,630,1
2011-07-07,29,303,1
2011-07-07,29,327,1
2011-07-07,30,261,1
2011-07-07,30,720,1
2011-07-07,37,456,1
2011-07-07,37,760,1
2011-07-07,42,233,1
2011-07-07,42,416,1
2011-07-07,44,390,1
2011-07-07,47,272,1
2011-07-07,52,137,1
2011-07-07,53,725,1
2011-07-07,64,581,1
2011-07-07,69,255,1
2011-07-07,297,671,1
2011-07-07,343,822,1
2011-07-08,1,1,2
2011-07-08,1,12,1
2011-07-08,2,2,3
2011-07-08,2,60,1
2011-07-08,2,224,1
2011-07-08,3,5,1
2011-07-08,4,600,1
2011-07-08,6,8,1
2011-07-08,6,11,1
2011-07-08,7,10,1
2011-07-08,7,139,1
2011-07-08,8,71,1
2011-07-08,9,186,1
2011-07-08,10,19,1
2011-07-08,10,80,1
2011-07-08,11,85,1
2011-07-08,11,185,1
2011-07-08,12,52,1
2011-07-08,13,30,1
2011-07-08,13,42,1
2011-07-08,13,109,1
2011-07-08,13,125,1
2011-07-08,13,198,1
2011-07-08,13,290,1
2011-07-08,15,135,1
2011-07-08,15,223,1
2011-07-08,16,185,1
2011-07-08,16,234,1
2011-07-08,17,20,1
2011-07-08,17,140,1
2011-07-08,17,270,1
2011-07-08,18,29,1
2011-07-08,19,196,1
2011-07-08,19,255,1
2011-07-08,20,32,1
2011-07-08,20,159,1
2011-07-08,20,312,1
2011-07-08,21,264,1
2011-07-08,22,44,1
2011-07-08,23,52,1
2011-07-08,24,209,1
2011-07-08,24,1568,1
2011-07-08,25,51,1
2011-07-08,27,95,1
2011-07-08,30,433,1
2011-07-08,31,55,1
2011-07-08,31,69,1
2011-07-08,34,282,1
2011-07-08,34,412,1
2011-07-08,34,456,1
2011-07-08,35,322,1
2011-07-08,35,832,1
2011-07-08,37,178,1
2011-07-08,39,396,1
2011-07-08,40,83,1
2011-07-08,45,118,1
2011-07-08,46,85,1
2011-07-08,47,110,1
2011-07-08,62,460,1
2011-07-08,72,463,1
2011-07-08,314,914,1
2011-07-10,1,12,1
2011-07-10,1,36,1
2011-07-10,5,29,1
2011-07-10,11,87,1
2011-07-10,15,67,1
2011-07-10,17,308,1
2011-07-10,20,148,1
2011-07-10,23,64,1
2011-07-10,24,69,1
2011-07-10,26,34,1
2011-07-10,27,224,1
2011-07-10,28,795,1
2011-07-10,30,40,1
2011-07-10,30,181,1
2011-07-10,30,233,1
2011-07-10,32,251,1
2011-07-10,35,214,1
2011-07-10,42,135,1
2011-07-10,49,61,1
2011-07-10,67,318,1
2011-07-10,69,242,1
2011-07-10,75,123,1
2011-07-10,75,134,1
2011-07-10,80,446,1
2011-07-11,1,4,2
2011-07-11,1,12,1
2011-07-11,1,24,1
2011-07-11,2,25,1
2011-07-11,2,44,1
2011-07-11,3,9,1
2011-07-11,3,264,1
2011-07-11,4,4,1
2011-07-11,4,48,1
2011-07-11,4,132,1
2011-07-11,5,42,1
2011-07-11,5,142,1
2011-07-11,5,1712,1
2011-07-11,7,430,1
2011-07-11,8,76,1
2011-07-11,10,126,1
2011-07-11,11,377,1
2011-07-11,14,138,1
2011-07-11,15,180,1
2011-07-11,16,53,1
2011-07-11,16,924,1
2011-07-11,17,23,1
2011-07-11,17,154,1
2011-07-11,18,175,1
2011-07-11,19,29,1
2011-07-11,19,157,1
2011-07-11,19,406,1
2011-07-11,20,200,1
2011-07-11,20,782,1
2011-07-11,21,55,1
2011-07-11,21,358,1
2011-07-11,23,68,1
2011-07-11,23,242,1
2011-07-11,26,236,1
2011-07-11,28,1352,1
2011-07-11,29,66,1
2011-07-11,29,85,1
2011-07-11,34,244,1
2011-07-11,34,498,1
2011-07-11,38,48,1
2011-07-11,38,119,1
2011-07-11,38,376,1
2011-07-11,40,372,1
2011-07-11,42,665,1
2011-07-11,46,462,1
2011-07-11,55,489,1
2011-07-11,58,91,1
2011-07-11,67,166,1
2011-07-11,69,485,1
2011-07-11,77,1026,1
2011-07-11,358,935,1
2011-07-12,1,1,2
2011-07-12,1,23,1
2011-07-12,1,512,1
2011-07-12,2,28,1
2011-07-12,2,32,1
2011-07-12,2,128,1
2011-07-12,3,152,1
2011-07-12,5,72,1
2011-07-12,5,646,1
2011-07-12,5,752,1
2011-07-12,6,192,1
2011-07-12,6,203,1
2011-07-12,7,386,1
2011-07-12,7,1024,1
2011-07-12,7,1066,1
2011-07-12,8,57,1
2011-07-12,9,116,1
2011-07-12,9,312,1
2011-07-12,10,12,1
2011-07-12,10,76,1
2011-07-12,10,124,1
2011-07-12,11,47,1
2011-07-12,11,98,1
2011-07-12,12,89,1
2011-07-12,13,146,1
2011-07-12,13,406,1
2011-07-12,14,25,1
2011-07-12,15,146,1
2011-07-12,16,39,1
2011-07-12,16,432,1
2011-07-12,18,170,1
2011-07-12,18,241,1
2011-07-12,19,156,1
2011-07-12,20,252,1
2011-07-12,20,318,1
2011-07-12,21,240,1
2011-07-12,23,69,1
2011-07-12,24,271,1
2011-07-12,25,238,1
2011-07-12,30,42,1
2011-07-12,30,262,1
2011-07-12,30,405,1
2011-07-12,31,164,1
2011-07-12,34,351,1
2011-07-12,37,392,1
2011-07-12,41,334,1
2011-07-12,42,142,1
2011-07-12,48,98,1
2011-07-12,62,400,1
2011-07-12,94,236,1
2011-07-12,296,651,1
2011-07-12,433,1168,1
2011-07-13,1,2,2
2011-07-13,1,3,1
2011-07-13,1,12,1
2011-07-13,1,24,1
2011-07-13,2,12,1
2011-07-13,2,14,1
2011-07-13,2,17,1
2011-07-13,2,24,1
2011-07-13,3,13,1
2011-07-13,3,60,1
2011-07-13,4,27,1
2011-07-13,4,58,1
2011-07-13,4,82,1
2011-07-13,5,60,1
2011-07-13,5,132,1
2011-07-13,6,277,1
2011-07-13,7,364,1
2011-07-13,8,42,1
2011-07-13,8,113,1
2011-07-13,9,104,1
2011-07-13,9,134,1
2011-07-13,9,135,1
2011-07-13,9,666,1
2011-07-13,11,75,1
2011-07-13,11,91,1
2011-07-13,11,94,1
2011-07-13,11,200,1
2011-07-13,16,49,1
2011-07-13,16,148,1
2011-07-13,18,240,1
2011-07-13,19,334,1
2011-07-13,20,318,1
2011-07-13,20,350,1
2011-07-13,22,244,1
2011-07-13,22,4308,1
2011-07-13,25,454,1
2011-07-13,25,639,1
2011-07-13,26,291,1
2011-07-13,27,86,1
2011-07-13,27,361,1
2011-07-13,28,301,1
2011-07-13,30,173,1
2011-07-13,30,282,1
2011-07-13,30,294,1
2011-07-13,32,800,1
2011-07-13,40,625,1
2011-07-13,42,581,1
2011-07-13,46,284,1
2011-07-13,48,97,1
2011-07-13,52,101,1
2011-07-13,55,99,1
2011-07-13,57,198,1
2011-07-13,59,129,1
2011-07-13,60,210,1
2011-07-13,87,154,1
2011-07-13,132,419,1
2011-07-13,342,882,1
2011-07-14,1,2,1
2011-07-14,1,48,1
2011-07-14,1,128,1
2011-07-14,1,3100,1
2011-07-14,3,12,1
2011-07-14,3,78,1
2011-07-14,3,176,1
2011-07-14,3,258,1
2011-07-14,3,400,1
2011-07-14,5,6,1
2011-07-14,5,46,1
2011-07-14,5,54,1
2011-07-14,5,262,1
2011-07-14,6,55,1
2011-07-14,6,71,1
2011-07-14,8,129,1
2011-07-14,9,52,1
2011-07-14,9,127,1
2011-07-14,10,13,1
2011-07-14,10,244,1
2011-07-14,10,1632,1
2011-07-14,11,88,1
2011-07-14,11,89,1
2011-07-14,11,170,1
2011-07-14,12,93,1
2011-07-14,13,32,1
2011-07-14,13,35,1
2011-07-14,13,47,1
2011-07-14,13,120,1
2011-07-14,13,261,1
2011-07-14,13,262,1
2011-07-14,13,300,1
2011-07-14,14,113,1
2011-07-14,14,163,1
2011-07-14,14,776,1
2011-07-14,15,271,1
2011-07-14,16,198,1
2011-07-14,16,248,1
2011-07-14,16,490,1
2011-07-14,17,96,1
2011-07-14,17,278,1
2011-07-14,19,276,1
2011-07-14,20,27,1
2011-07-14,20,50,1
2011-07-14,20,234,1
2011-07-14,20,256,1
2011-07-14,21,430,1
2011-07-14,23,355,1
2011-07-14,24,177,1
2011-07-14,24,224,1
2011-07-14,25,330,1
2011-07-14,26,206,1
2011-07-14,26,465,1
2011-07-14,27,177,1
2011-07-14,27,633,1
2011-07-14,29,188,1
2011-07-14,32,186,1
2011-07-14,33,246,1
2011-07-14,35,87,1
2011-07-14,35,429,1
2011-07-14,37,135,1
2011-07-14,40,169,1
2011-07-14,47,688,1
2011-07-14,50,747,1
2011-07-14,51,263,1
2011-07-14,53,849,1
2011-07-14,56,100,1
2011-07-14,60,205,1
2011-07-14,68,183,1
2011-07-14,72,865,1
2011-07-14,254,461,1
2011-07-15,1,1,1
2011-07-15,1,10,1
2011-07-15,1,24,1
2011-07-15,1,30,1
2011-07-15,1,144,1
2011-07-15,2,3,1
2011-07-15,2,48,1
2011-07-15,3,36,1
2011-07-15,3,132,1
2011-07-15,3,203,1
2011-07-15,4,16,1
2011-07-15,4,54,1
2011-07-15,4,86,1
2011-07-15,5,45,1
2011-07-15,6,54,1
2011-07-15,6,57,1
2011-07-15,8,16,1
2011-07-15,8,20,1
2011-07-15,8,42,1
2011-07-15,9,144,1
2011-07-15,10,74,1
2011-07-15,11,744,1
2011-07-15,12,115,1
2011-07-15,15,138,1
2011-07-15,16,204,1
2011-07-15,17,27,1
2011-07-15,18,165,1
2011-07-15,19,123,1
2011-07-15,21,246,1
2011-07-15,25,286,1
2011-07-15,27,294,1
2011-07-15,29,120,1
2011-07-15,31,72,1
2011-07-15,32,721,1
2011-07-15,33,73,1
2011-07-15,34,332,1
2011-07-15,45,248,1
2011-07-15,45,569,1
2011-07-15,53,63,1
2011-07-15,157,629,1
2011-07-15,378,929,1
2011-07-17,1,4,1
2011-07-17,2,12,1
2011-07-17,2,42,1
2011-07-17,3,13,1
2011-07-17,4,76,2
2011-07-17,5,34,1
2011-07-17,5,46,1
2011-07-17,6,32,1
2011-07-17,6,66,1
2011-07-17,6,1002,1
2011-07-17,7,65,1
2011-07-17,8,105,1
2011-07-17,8,152,1
2011-07-17,9,54,1
2011-07-17,9,61,1
2011-07-17,9,63,1
2011-07-17,9,118,1
2011-07-17,9,133,1
2011-07-17,10,103,1
2011-07-17,11,114,1
2011-07-17,15,328,1
2011-07-17,16,162,1
2011-07-17,17,703,1
2011-07-17,18,208,1
2011-07-17,19,322,1
2011-07-17,21,138,1
2011-07-17,22,114,1
2011-07-17,22,199,1
2011-07-17,22,210,1
2011-07-17,22,499,1
2011-07-17,24,156,1
2011-07-17,24,1104,1
2011-07-17,25,68,1
2011-07-17,25,96,1
2011-07-17,27,110,1
2011-07-17,28,99,1
2011-07-17,28,117,1
2011-07-17,30,236,1
2011-07-17,41,723,1
2011-07-17,42,93,1
2011-07-17,43,330,1
2011-07-17,48,98,1
2011-07-17,49,477,1
2011-07-17,52,213,1
2011-07-17,56,243,1
2011-07-17,58,70,1
2011-07-17,60,219,1
2011-07-17,70,380,1
2011-07-17,82,751,1
2011-07-17,105,204,1
2011-07-18,1,1,1
2011-07-18,1,6,1
2011-07-18,1,12,1
2011-07-18,1,26,1
2011-07-18,2,28,1
2011-07-18,6,17,1
2011-07-18,6,24,1
2011-07-18,6,236,1
2011-07-18,7,202,1
2011-07-18,8,8,1
2011-07-18,8,430,1
2011-07-18,9,82,1
2011-07-18,9,108,1
2011-07-18,9,316,1
2011-07-18,10,138,1
2011-07-18,11,84,1
2011-07-18,11,134,1
2011-07-18,13,19,1
2011-07-18,13,97,1
2011-07-18,13,143,1
2011-07-18,13,160,1
2011-07-18,14,36,1
2011-07-18,14,100,1
2011-07-18,15,100,1
2011-07-18,15,198,1
2011-07-18,17,43,1
2011-07-18,17,136,1
2011-07-18,17,162,1
2011-07-18,18,109,1
2011-07-18,18,175,1
2011-07-18,19,179,1
2011-07-18,20,200,1
2011-07-18,21,204,1
2011-07-18,21,354,1
2011-07-18,27,132,1
2011-07-18,29,45,1
2011-07-18,29,382,1
2011-07-18,31,49,1
2011-07-18,31,287,1
2011-07-18,31,676,1
2011-07-18,32,838,1
2011-07-18,33,480,1
2011-07-18,34,451,1
2011-07-18,35,81,1
2011-07-18,39,310,1
2011-07-18,41,151,1
2011-07-18,44,70,1
2011-07-18,49,89,1
2011-07-18,51,95,1
2011-07-18,51,466,1
2011-07-18,63,147,1
2011-07-18,67,1202,1
2011-07-18,69,308,1
2011-07-18,75,2160,1
2011-07-18,92,298,1
2011-07-18,117,384,1
2011-07-18,238,581,1
2011-07-18,443,1192,1
2011-07-19,1,1,1
2011-07-19,1,10,1
2011-07-19,1,24,1
2011-07-19,1,37,1
2011-07-19,1,42,1
2011-07-19,1,96,1
2011-07-19,1,160,1
2011-07-19,1,291,1
2011-07-19,1,3186,1
2011-07-19,2,39,1
2011-07-19,2,48,1
2011-07-19,2,128,1
2011-07-19,2,296,1
2011-07-19,3,72,1
2011-07-19,3,496,1
2011-07-19,4,25,1
2011-07-19,4,32,1
2011-07-19,4,40,1
2011-07-19,4,92,1
2011-07-19,4,172,1
2011-07-19,5,56,1
2011-07-19,5,868,1
2011-07-19,6,1074,1
2011-07-19,7,81,1
2011-07-19,7,83,1
2011-07-19,8,186,1
2011-07-19,10,91,1
2011-07-19,12,207,1
2011-07-19,13,25,1
2011-07-19,13,229,1
2011-07-19,13,367,1
2011-07-19,14,63,1
2011-07-19,14,84,1
2011-07-19,14,173,1
2011-07-19,14,220,1
2011-07-19,15,52,1
2011-07-19,15,350,1
2011-07-19,18,192,1
2011-07-19,19,166,1
2011-07-19,23,50,1
2011-07-19,23,174,1
2011-07-19,23,352,1
2011-07-19,24,256,1
2011-07-19,25,408,1
2011-07-19,27,110,1
2011-07-19,28,32,1
2011-07-19,29,192,1
2011-07-19,29,241,1
2011-07-19,30,248,1
2011-07-19,30,372,1
2011-07-19,32,371,1
2011-07-19,34,248,1
2011-07-19,34,464,1
2011-07-19,36,331,1
2011-07-19,40,505,1
2011-07-19,47,229,1
2011-07-19,53,868,1
2011-07-19,57,97,1
2011-07-19,57,121,1
2011-07-19,60,5726,1
2011-07-19,68,762,1
2011-07-19,72,95,1
2011-07-19,76,812,1
2011-07-19,82,741,1
2011-07-19,84,2565,1
2011-07-19,178,3089,1
2011-07-20,1,1,1
2011-07-20,1,2,1
2011-07-20,1,140,1
2011-07-20,1,360,1
2011-07-20,2,24,1
2011-07-20,2,36,1
2011-07-20,3,56,1
2011-07-20,4,54,1
2011-07-20,4,64,1
2011-07-20,4,712,1
2011-07-20,5,248,1
2011-07-20,5,556,1
2011-07-20,6,66,1
2011-07-20,7,47,1
2011-07-20,7,175,1
2011-07-20,7,581,1
2011-07-20,9,9,1
2011-07-20,9,174,1
2011-07-20,11,168,1
2011-07-20,12,56,1
2011-07-20,12,360,1
2011-07-20,12,368,1
2011-07-20,13,20,1
2011-07-20,13,190,1
2011-07-20,13,496,1
2011-07-20,15,207,1
2011-07-20,16,139,1
2011-07-20,16,213,1
2011-07-20,18,152,1
2011-07-20,19,173,1
2011-07-20,19,321,1
2011-07-20,20,222,1
2011-07-20,23,89,1
2011-07-20,23,148,1
2011-07-20,26,1005,1
2011-07-20,28,114,1
2011-07-20,28,265,1
2011-07-20,28,457,1
2011-07-20,29,335,1
2011-07-20,29,464,1
2011-07-20,30,299,1
2011-07-20,32,45,1
2011-07-20,32,108,1
2011-07-20,35,128,1
2011-07-20,37,306,1
2011-07-20,38,55,1
2011-07-20,40,76,1
2011-07-20,46,357,1
2011-07-20,50,3237,1
2011-07-20,51,196,1
2011-07-20,55,114,1
2011-07-20,70,600,1
2011-07-20,90,429,1
2011-07-20,95,316,1
2011-07-20,333,846,1
2011-07-20,449,1344,1
2011-07-21,1,1,1
2011-07-21,1,4,1
2011-07-21,1,10,1
2011-07-21,1,60,1
2011-07-21,1,100,2
2011-07-21,1,109,1
2011-07-21,2,2,1
2011-07-21,2,11,1
2011-07-21,2,24,1
2011-07-21,2,48,1
2011-07-21,2,100,1
2011-07-21,4,944,1
2011-07-21,5,62,1
2011-07-21,5,68,1
2011-07-21,5,80,1
2011-07-21,7,110,1
2011-07-21,7,309,1
2011-07-21,7,600,1
2011-07-21,8,37,1
2011-07-21,8,133,1
2011-07-21,8,155,1
2011-07-21,8,168,1
2011-07-21,8,418,1
2011-07-21,9,18,1
2011-07-21,9,23,1
2011-07-21,9,228,1
2011-07-21,10,52,1
2011-07-21,11,127,1
2011-07-21,11,146,1
2011-07-21,11,204,1
2011-07-21,12,23,1
2011-07-21,13,206,1
2011-07-21,13,793,1
2011-07-21,14,73,1
2011-07-21,15,184,1
2011-07-21,16,130,1
2011-07-21,16,138,1
2011-07-21,16,156,1
2011-07-21,16,300,1
2011-07-21,17,149,1
2011-07-21,18,206,1
2011-07-21,18,314,1
2011-07-21,19,125,1
2011-07-21,19,148,1
2011-07-21,19,262,1
2011-07-21,19,269,2
2011-07-21,21,202,1
2011-07-21,22,313,1
2011-07-21,23,23,1
2011-07-21,24,680,1
2011-07-21,26,317,1
2011-07-21,27,51,1
2011-07-21,27,77,1
2011-07-21,27,431,1
2011-07-21,28,331,1
2011-07-21,28,341,1
2011-07-21,29,294,1
2011-07-21,29,308,1
2011-07-21,31,297,1
2011-07-21,34,57,1
2011-07-21,34,72,1
2011-07-21,34,260,1
2011-07-21,35,498,1
2011-07-21,35,516,1
2011-07-21,37,66,1
2011-07-21,40,138,1
2011-07-21,41,841,1
2011-07-21,42,567,1
2011-07-21,44,209,1
2011-07-21,45,130,1
2011-07-21,48,128,1
2011-07-21,59,127,1
2011-07-21,65,2316,1
2011-07-21,99,2169,1
2011-07-22,1,2,1
2011-07-22,1,4,1
2011-07-22,1,96,1
2011-07-22,2,20,1
2011-07-22,3,6,1
2011-07-22,3,88,1
2011-07-22,4,472,1
2011-07-22,5,27,1
2011-07-22,5,62,1
2011-07-22,6,6,1
2011-07-22,6,52,1
2011-07-22,6,126,1
2011-07-22,7,149,1
2011-07-22,8,89,1
2011-07-22,8,100,1
2011-07-22,9,70,1
2011-07-22,10,336,1
2011-07-22,12,96,1
2011-07-22,13,182,1
2011-07-22,14,110,1
2011-07-22,14,272,1
2011-07-22,14,308,1
2011-07-22,15,138,1
2011-07-22,15,484,1
2011-07-22,18,372,1
2011-07-22,21,86,1
2011-07-22,21,202,1
2011-07-22,21,266,1
2011-07-22,21,446,1
2011-07-22,23,46,1
2011-07-22,26,232,1
2011-07-22,26,275,1
2011-07-22,26,420,1
2011-07-22,29,520,1
2011-07-22,32,134,1
2011-07-22,39,146,1
2011-07-22,39,422,1
2011-07-22,41,346,1
2011-07-22,48,583,1
2011-07-22,58,324,1
2011-07-22,68,130,1
2011-07-22,101,465,1
2011-07-22,437,1560,1
2011-07-24,1,4,1
2011-07-24,1,6,1
2011-07-24,1,12,1
2011-07-24,1,96,1
2011-07-24,1,480,1
2011-07-24,2,120,1
2011-07-24,2,840,1
2011-07-24,3,84,1
2011-07-24,3,144,1
2011-07-24,3,216,1
2011-07-24,5,61,1
2011-07-24,5,384,1
2011-07-24,5,412,1
2011-07-24,5,624,1
2011-07-24,6,15,1
2011-07-24,6,17,1
2011-07-24,6,62,1
2011-07-24,6,122,1
2011-07-24,6,340,1
2011-07-24,7,57,1
2011-07-24,8,94,1
2011-07-24,8,120,1
2011-07-24,8,183,1
2011-07-24,8,598,1
2011-07-24,9,1368,1
2011-07-24,11,78,1
2011-07-24,11,116,1
2011-07-24,12,778,1
2011-07-24,13,20,1
2011-07-24,13,152,1
2011-07-24,13,174,1
2011-07-24,15,137,1
2011-07-24,17,178,1
2011-07-24,17,328,1
2011-07-24,20,214,1
2011-07-24,20,266,1
2011-07-24,22,256,1
2011-07-24,23,149,1
2011-07-24,23,234,1
2011-07-24,24,228,1
2011-07-24,24,589,1
2011-07-24,25,108,1
2011-07-24,25,233,1
2011-07-24,26,263,1
2011-07-24,26,319,1
2011-07-24,28,3312,1
2011-07-24,30,291,1
2011-07-24,30,466,1
2011-07-24,40,296,1
2011-07-24,42,469,1
2011-07-24,44,234,1
2011-07-24,48,92,1
2011-07-24,50,177,1
2011-07-24,52,399,1
2011-07-24,53,146,1
2011-07-24,55,250,1
2011-07-24,71,93,1
2011-07-24,74,160,1
2011-07-25,1,336,1
2011-07-25,2,2,1
2011-07-25,3,30,1
2011-07-25,3,212,1
2011-07-25,4,74,1
2011-07-25,4,105,1
2011-07-25,5,49,1
2011-07-25,5,50,1
2011-07-25,5,78,1
2011-07-25,5,195,1
2011-07-25,5,376,1
2011-07-25,6,13,1
2011-07-25,6,37,1
2011-07-25,6,39,1
2011-07-25,6,228,1
2011-07-25,8,93,1
2011-07-25,8,113,1
2011-07-25,9,90,1
2011-07-25,9,114,1
2011-07-25,11,71,1
2011-07-25,11,406,1
2011-07-25,13,156,1
2011-07-25,13,196,1
2011-07-25,14,36,1
2011-07-25,14,214,1
2011-07-25,15,181,1
2011-07-25,16,195,1
2011-07-25,16,231,1
2011-07-25,16,240,1
2011-07-25,16,316,1
2011-07-25,18,23,1
2011-07-25,18,197,1
2011-07-25,19,195,1
2011-07-25,20,418,1
2011-07-25,21,69,1
2011-07-25,21,281,1
2011-07-25,23,67,1
2011-07-25,24,155,1
2011-07-25,25,674,1
2011-07-25,26,64,1
2011-07-25,26,193,1
2011-07-25,26,267,1
2011-07-25,27,2924,1
2011-07-25,29,34,1
2011-07-25,29,115,1
2011-07-25,29,435,1
2011-07-25,30,254,1
2011-07-25,31,332,1
2011-07-25,32,408,1
2011-07-25,46,643,1
2011-07-25,50,551,1
2011-07-25,58,163,1
2011-07-25,102,572,1
2011-07-25,114,836,1
2011-07-25,156,307,1
2011-07-25,163,378,1
2011-07-25,207,381,1
2011-07-25,299,660,1
2011-07-26,1,1,1
2011-07-26,1,72,1
2011-07-26,2,3,1
2011-07-26,2,48,1
2011-07-26,5,84,1
2011-07-26,5,500,1
2011-07-26,6,22,2
2011-07-26,6,54,1
2011-07-26,6,68,1
2011-07-26,6,251,1
2011-07-26,7,96,1
2011-07-26,8,106,1
2011-07-26,8,114,1
2011-07-26,9,260,1
2011-07-26,10,19,1
2011-07-26,10,210,1
2011-07-26,11,87,1
2011-07-26,12,47,1
2011-07-26,12,100,1
2011-07-26,13,110,1
2011-07-26,13,166,1
2011-07-26,13,206,1
2011-07-26,14,141,1
2011-07-26,15,216,1
2011-07-26,15,240,1
2011-07-26,16,48,1
2011-07-26,17,56,1
2011-07-26,21,151,1
2011-07-26,21,166,1
2011-07-26,21,468,1
2011-07-26,22,142,1
2011-07-26,23,380,1
2011-07-26,24,277,1
2011-07-26,26,95,1
2011-07-26,26,426,1
2011-07-26,27,1323,1
2011-07-26,28,103,1
2011-07-26,28,309,1
2011-07-26,28,1057,1
2011-07-26,32,75,1
2011-07-26,32,554,1
2011-07-26,38,646,1
2011-07-26,38,861,1
2011-07-26,42,124,1
2011-07-26,42,770,1
2011-07-26,43,581,1
2011-07-26,43,810,1
2011-07-26,56,334,1
2011-07-26,151,281,1
2011-07-26,160,430,1
2011-07-27,1,1,1
2011-07-27,1,12,1
2011-07-27,1,20,1
2011-07-27,2,1056,1
2011-07-27,3,3,1
2011-07-27,3,5,1
2011-07-27,3,17,1
2011-07-27,3,26,1
2011-07-27,3,70,1
2011-07-27,4,55,1
2011-07-27,7,48,1
2011-07-27,7,93,1
2011-07-27,7,128,1
2011-07-27,8,192,1
2011-07-27,8,212,1
2011-07-27,8,222,1
2011-07-27,10,108,1
2011-07-27,10,136,1
2011-07-27,10,142,1
2011-07-27,11,32,1
2011-07-27,11,60,1
2011-07-27,12,147,1
2011-07-27,13,125,1
2011-07-27,13,215,1
2011-07-27,14,166,1
2011-07-27,15,543,1
2011-07-27,19,270,1
2011-07-27,20,602,1
2011-07-27,21,46,1
2011-07-27,21,249,1
2011-07-27,21,356,1
2011-07-27,22,1501,1
2011-07-27,23,182,1
2011-07-27,23,358,1
2011-07-27,24,236,1
2011-07-27,25,264,1
2011-07-27,26,234,1
2011-07-27,29,502,1
2011-07-27,36,223,1
2011-07-27,37,89,1
2011-07-27,37,2208,1
2011-07-27,39,512,1
2011-07-27,43,143,1
2011-07-27,58,142,1
2011-07-27,62,581,1
2011-07-27,69,697,1
2011-07-27,183,296,1
2011-07-27,189,433,1
2011-07-28,1,1,1
2011-07-28,1,2,1
2011-07-28,1,4,1
2011-07-28,1,6,1
2011-07-28,1,12,2
2011-07-28,1,142,1
2011-07-28,1,168,1
2011-07-28,1,576,1
2011-07-28,1,1440,1
2011-07-28,2,5,1
2011-07-28,2,8,1
2011-07-28,2,216,1
2011-07-28,3,294,1
2011-07-28,4,14,1
2011-07-28,4,26,1
2011-07-28,4,44,1
2011-07-28,4,96,1
2011-07-28,4,170,1
2011-07-28,4,248,1
2011-07-28,4,264,1
2011-07-28,4,480,1
2011-07-28,5,52,1
2011-07-28,5,186,1
2011-07-28,5,352,1
2011-07-28,6,32,1
2011-07-28,6,48,1
2011-07-28,6,176,1
2011-07-28,6,264,1
2011-07-28,6,1180,1
2011-07-28,7,60,1
2011-07-28,7,66,1
2011-07-28,7,669,1
2011-07-28,7,1828,1
2011-07-28,8,108,1
2011-07-28,8,2565,1
2011-07-28,9,99,1
2011-07-28,10,68,1
2011-07-28,10,2064,1
2011-07-28,11,111,1
2011-07-28,11,164,1
2011-07-28,11,319,1
2011-07-28,12,129,1
2011-07-28,13,122,1
2011-07-28,15,85,1
2011-07-28,16,174,1
2011-07-28,17,116,1
2011-07-28,17,175,1
2011-07-28,17,259,1
2011-07-28,18,161,1
2011-07-28,19,165,1
2011-07-28,19,166,1
2011-07-28,19,210,1
2011-07-28,19,274,1
2011-07-28,20,255,1
2011-07-28,21,89,1
2011-07-28,21,170,1
2011-07-28,21,244,1
2011-07-28,21,309,1
2011-07-28,21,542,1
2011-07-28,24,550,1
2011-07-28,25,212,1
2011-07-28,25,323,1
2011-07-28,26,274,1
2011-07-28,28,178,1
2011-07-28,28,362,1
2011-07-28,29,136,1
2011-07-28,29,436,1
2011-07-28,29,1764,1
2011-07-28,31,2270,1
2011-07-28,33,286,1
2011-07-28,33,818,1
2011-07-28,37,532,1
2011-07-28,43,473,1
2011-07-28,46,326,1
2011-07-28,47,443,1
2011-07-28,51,114,1
2011-07-28,53,1704,1
2011-07-28,83,205,1
2011-07-28,89,315,1
2011-07-28,181,406,1
2011-07-29,1,3,1
2011-07-29,1,12,1
2011-07-29,1,18,1
2011-07-29,1,48,1
2011-07-29,1,600,1
2011-07-29,2,46,1
2011-07-29,3,8,1
2011-07-29,3,60,1
2011-07-29,3,71,1
2011-07-29,5,20,1
2011-07-29,5,116,1
2011-07-29,5,224,1
2011-07-29,6,72,1
2011-07-29,6,152,1
2011-07-29,7,30,1
2011-07-29,7,31,1
2011-07-29,7,46,1
2011-07-29,7,162,1
2011-07-29,8,28,1
2011-07-29,8,74,1
2011-07-29,8,80,1
2011-07-29,8,132,1
2011-07-29,8,473,1
2011-07-29,9,196,1
2011-07-29,10,23,1
2011-07-29,10,70,1
2011-07-29,10,170,1
2011-07-29,10,172,1
2011-07-29,11,134,1
2011-07-29,11,204,1
2011-07-29,12,330,1
2011-07-29,13,143,1
2011-07-29,14,232,1
2011-07-29,16,169,1
2011-07-29,16,354,1
2011-07-29,17,113,1
2011-07-29,18,138,1
2011-07-29,18,158,1
2011-07-29,18,219,1
2011-07-29,18,278,1
2011-07-29,19,99,1
2011-07-29,19,204,1
2011-07-29,19,226,1
2011-07-29,20,39,1
2011-07-29,20,368,1
2011-07-29,20,573,1
2011-07-29,21,246,1
2011-07-29,21,296,1
2011-07-29,22,246,1
2011-07-29,22,317,1
2011-07-29,23,128,1
2011-07-29,23,251,1
2011-07-29,23,308,1
2011-07-29,25,286,1
2011-07-29,25,430,1
2011-07-29,27,340,1
2011-07-29,28,43,1
2011-07-29,28,204,1
2011-07-29,29,257,1
2011-07-29,33,63,1
2011-07-29,44,118,1
2011-07-29,44,500,1
2011-07-29,52,88,1
2011-07-29,167,370,1
2011-07-31,1,1,1
2011-07-31,2,7,1
2011-07-31,2,96,1
2011-07-31,2,144,1
2011-07-31,3,54,1
2011-07-31,4,20,1
2011-07-31,4,190,1
2011-07-31,5,92,1
2011-07-31,9,15,1
2011-07-31,9,195,1
2011-07-31,11,59,1
2011-07-31,12,116,1
2011-07-31,15,724,1
2011-07-31,17,63,1
2011-07-31,17,176,1
2011-07-31,17,421,1
2011-07-31,19,5246,1
2011-07-31,20,196,1
2011-07-31,20,251,1
2011-07-31,21,258,1
2011-07-31,21,522,1
2011-07-31,23,2566,1
2011-07-31,24,225,1
2011-07-31,24,229,1
2011-07-31,25,59,1
2011-07-31,31,214,1
2011-07-31,31,262,1
2011-07-31,32,82,1
2011-07-31,34,85,1
2011-07-31,34,351,1
2011-07-31,34,485,1
2011-07-31,38,3669,1
2011-07-31,39,75,1
2011-07-31,43,211,1
2011-07-31,44,621,1
2011-07-31,51,99,1
2011-07-31,59,107,1
2011-07-31,59,123,1
2011-07-31,61,144,1
2011-07-31,80,1410,1
2011-07-31,81,523,1
2011-07-31,186,443,1
2011-08-01,1,6,1
2011-08-01,1,16,1
2011-08-01,2,18,1
2011-08-01,2,252,1
2011-08-01,3,7,1
2011-08-01,3,28,1
2011-08-01,3,30,1
2011-08-01,5,916,1
2011-08-01,6,60,1
2011-08-01,7,1300,1
2011-08-01,8,250,1
2011-08-01,10,118,1
2011-08-01,10,383,1
2011-08-01,11,136,1
2011-08-01,11,316,1
2011-08-01,12,84,1
2011-08-01,13,122,1
2011-08-01,13,172,2
2011-08-01,13,207,1
2011-08-01,14,134,1
2011-08-01,14,220,1
2011-08-01,15,131,1
2011-08-01,17,250,1
2011-08-01,18,237,1
2011-08-01,23,80,1
2011-08-01,23,218,1
2011-08-01,24,74,1
2011-08-01,28,77,1
2011-08-01,32,153,1
2011-08-01,32,471,1
2011-08-01,38,434,1
2011-08-01,39,476,1
2011-08-01,45,575,1
2011-08-01,62,645,1
2011-08-01,65,89,1
2011-08-01,84,812,1
2011-08-01,188,412,1
2011-08-01,277,1632,1
2011-08-02,1,10,1
2011-08-02,1,24,2
2011-08-02,1,30,1
2011-08-02,2,2,1
2011-08-02,2,48,1
2011-08-02,2,216,1
2011-08-02,2,1048,1
2011-08-02,4,278,1
2011-08-02,4,292,1
2011-08-02,4,600,1
2011-08-02,5,52,1
2011-08-02,6,728,1
2011-08-02,9,110,1
2011-08-02,9,138,1
2011-08-02,10,30,1
2011-08-02,11,113,1
2011-08-02,11,172,1
2011-08-02,11,583,1
2011-08-02,11,1126,1
2011-08-02,12,398,1
2011-08-02,13,136,1
2011-08-02,14,89,1
2011-08-02,14,145,1
2011-08-02,14,146,1
2011-08-02,15,222,1
2011-08-02,19,131,1
2011-08-02,19,156,1
2011-08-02,22,277,1
2011-08-02,22,485,1
2011-08-02,24,283,1
2011-08-02,26,261,1
2011-08-02,27,262,1
2011-08-02,30,66,1
2011-08-02,31,325,1
2011-08-02,38,261,1
2011-08-02,46,81,1
2011-08-02,46,486,1
2011-08-02,57,906,1
2011-08-02,85,767,1
2011-08-02,93,944,1
2011-08-02,151,303,1
2011-08-02,181,423,1
2011-08-02,219,2529,1
2011-08-03,1,1,1
2011-08-03,1,36,1
2011-08-03,1,40,1
2011-08-03,1,48,1
2011-08-03,1,88,1
2011-08-03,2,120,1
2011-08-03,3,3,1
2011-08-03,3,72,1
2011-08-03,3,126,1
2011-08-03,3,648,1
2011-08-03,4,712,1
2011-08-03,5,42,1
2011-08-03,5,43,1
2011-08-03,6,66,1
2011-08-03,6,98,1
2011-08-03,7,138,1
2011-08-03,7,153,1
2011-08-03,7,690,1
2011-08-03,11,76,1
2011-08-03,11,290,1
2011-08-03,12,110,1
2011-08-03,13,187,1
2011-08-03,14,69,1
2011-08-03,14,170,1
2011-08-03,15,113,1
2011-08-03,15,137,1
2011-08-03,15,218,1
2011-08-03,15,339,1
2011-08-03,15,346,1
2011-08-03,15,634,1
2011-08-03,16,327,1
2011-08-03,17,169,1
2011-08-03,18,28,1
2011-08-03,18,108,1
2011-08-03,18,152,1
2011-08-03,18,153,1
2011-08-03,18,158,1
2011-08-03,19,245,1
2011-08-03,20,109,1
2011-08-03,20,396,1
2011-08-03,21,40,1
2011-08-03,22,762,1
2011-08-03,24,1460,1
2011-08-03,25,274,1
2011-08-03,27,91,1
2011-08-03,27,176,1
2011-08-03,27,272,1
2011-08-03,28,332,1
2011-08-03,29,287,1
2011-08-03,31,464,1
2011-08-03,33,171,1
2011-08-03,35,154,1
2011-08-03,37,389,1
2011-08-03,39,524,1
2011-08-03,40,135,1
2011-08-03,44,219,1
2011-08-03,51,360,1
2011-08-03,52,873,1
2011-08-03,55,119,1
2011-08-03,65,201,1
2011-08-03,66,184,1
2011-08-03,69,674,1
2011-08-03,78,322,1
2011-08-03,178,370,1
2011-08-04,1,1,1
2011-08-04,1,2,1
2011-08-04,1,3,1
2011-08-04,1,4,1
2011-08-04,1,24,1
2011-08-04,1,30,1
2011-08-04,1,48,1
2011-08-04,1,150,1
2011-08-04,1,720,1
2011-08-04,2,6,2
2011-08-04,2,960,1
2011-08-04,2,1208,1
2011-08-04,4,32,2
2011-08-04,4,40,1
2011-08-04,4,54,1
2011-08-04,4,64,1
2011-08-04,4,461,1
2011-08-04,4,500,1
2011-08-04,5,88,1
2011-08-04,5,98,1
2011-08-04,6,29,1
2011-08-04,6,32,1
2011-08-04,6,47,1
2011-08-04,6,112,1
2011-08-04,6,216,1
2011-08-04,7,108,1
2011-08-04,8,150,1
2011-08-04,9,260,1
2011-08-04,9,264,1
2011-08-04,10,64,1
2011-08-04,12,124,1
2011-08-04,12,126,1
2011-08-04,12,136,1
2011-08-04,12,368,1
2011-08-04,13,126,1
2011-08-04,13,580,1
2011-08-04,14,214,1
2011-08-04,14,621,1
2011-08-04,15,472,1
2011-08-04,15,905,1
2011-08-04,16,143,1
2011-08-04,16,245,1
2011-08-04,16,392,1
2011-08-04,17,165,1
2011-08-04,18,275,1
2011-08-04,18,382,1
2011-08-04,19,149,1
2011-08-04,19,176,1
2011-08-04,20,187,1
2011-08-04,20,1524,1
2011-08-04,22,39,1
2011-08-04,22,289,1
2011-08-04,22,11848,1
2011-08-04,24,196,1
2011-08-04,24,230,1
2011-08-04,26,210,1
2011-08-04,26,309,1
2011-08-04,26,386,1
2011-08-04,27,476,1
2011-08-04,29,456,1
2011-08-04,29,675,1
2011-08-04,30,146,1
2011-08-04,31,167,1
2011-08-04,31,2270,1
2011-08-04,32,162,1
2011-08-04,32,1312,1
2011-08-04,33,279,1
2011-08-04,35,1320,1
2011-08-04,37,155,1
2011-08-04,37,365,1
2011-08-04,43,552,1
2011-08-04,45,77,1
2011-08-04,45,195,1
2011-08-04,46,525,1
2011-08-04,49,538,1
2011-08-04,54,267,1
2011-08-04,57,3005,1
2011-08-04,97,506,1
2011-08-04,149,525,1
2011-08-04,172,521,1
2011-08-05,1,3,1
2011-08-05,1,4,1
2011-08-05,1,6,1
2011-08-05,1,10,1
2011-08-05,1,157,1
2011-08-05,1,384,1
2011-08-05,2,30,1
2011-08-05,2,58,1
2011-08-05,2,196,1
2011-08-05,3,132,1
2011-08-05,3,260,1
2011-08-05,4,5,1
2011-08-05,4,24,1
2011-08-05,5,162,1
2011-08-05,5,214,1
2011-08-05,6,240,1
2011-08-05,6,288,1
2011-08-05,6,408,1
2011-08-05,7,75,1
2011-08-05,7,110,1
2011-08-05,8,154,1
2011-08-05,9,40,1
2011-08-05,9,134,1
2011-08-05,9,200,1
2011-08-05,10,52,1
2011-08-05,10,109,1
2011-08-05,11,100,1
2011-08-05,11,122,1
2011-08-05,11,158,1
2011-08-05,12,225,1
2011-08-05,13,153,1
2011-08-05,14,216,1
2011-08-05,14,249,1
2011-08-05,16,201,1
2011-08-05,17,210,1
2011-08-05,19,70,1
2011-08-05,20,304,1
2011-08-05,20,388,1
2011-08-05,21,262,1
2011-08-05,24,361,1
2011-08-05,28,320,1
2011-08-05,34,82,1
2011-08-05,40,1232,1
2011-08-05,41,282,1
2011-08-05,43,368,1
2011-08-05,44,163,1
2011-08-05,47,131,1
2011-08-05,49,416,1
2011-08-05,53,453,1
2011-08-05,60,192,1
2011-08-05,94,208,1
2011-08-05,103,494,1
2011-08-05,121,659,1
2011-08-05,147,744,1
2011-08-05,185,578,1
2011-08-07,1,1,1
2011-08-07,1,100,1
2011-08-07,2,48,1
2011-08-07,2,72,1
2011-08-07,4,16,1
2011-08-07,4,132,1
2011-08-07,5,54,1
2011-08-07,5,64,1
2011-08-07,6,60,1
2011-08-07,6,186,1
2011-08-07,6,379,1
2011-08-07,8,102,1
2011-08-07,8,154,1
2011-08-07,8,268,1
2011-08-07,11,83,1
2011-08-07,12,59,1
2011-08-07,12,107,1
2011-08-07,12,301,1
2011-08-07,13,99,1
2011-08-07,13,140,1
2011-08-07,14,50,1
2011-08-07,15,298,1
2011-08-07,17,30,1
2011-08-07,17,133,1
2011-08-07,20,85,1
2011-08-07,24,305,1
2011-08-07,30,145,1
2011-08-07,56,844,1
2011-08-07,87,410,1
2011-08-07,110,461,1
2011-08-08,1,16,1
2011-08-08,1,24,1
2011-08-08,2,1132,1
2011-08-08,5,8,1
2011-08-08,5,13,1
2011-08-08,5,82,1
2011-08-08,7,244,1
2011-08-08,10,83,1
2011-08-08,10,84,1
2011-08-08,10,123,1
2011-08-08,10,208,1
2011-08-08,10,224,1
2011-08-08,10,808,1
2011-08-08,14,26,1
2011-08-08,16,211,1
2011-08-08,17,178,1
2011-08-08,17,474,1
2011-08-08,18,271,1
2011-08-08,19,202,1
2011-08-08,19,270,1
2011-08-08,19,292,1
2011-08-08,21,194,1
2011-08-08,21,365,1
2011-08-08,24,452,1
2011-08-08,28,315,1
2011-08-08,29,109,1
2011-08-08,36,51,1
2011-08-08,37,628,1
2011-08-08,39,346,1
2011-08-08,41,492,1
2011-08-08,45,157,1
2011-08-08,58,550,1
2011-08-08,58,603,1
2011-08-08,78,180,1
2011-08-08,87,124,1
2011-08-08,89,1905,1
2011-08-08,168,993,1
2011-08-08,170,376,1
2011-08-08,195,528,1
2011-08-09,1,16,1
2011-08-09,1,18,1
2011-08-09,4,34,1
2011-08-09,5,58,1
2011-08-09,6,36,1
2011-08-09,6,60,1
2011-08-09,6,160,1
2011-08-09,7,70,1
2011-08-09,8,100,1
2011-08-09,9,35,1
2011-08-09,9,192,1
2011-08-09,10,206,1
2011-08-09,10,375,1
2011-08-09,13,662,1
2011-08-09,14,29,1
2011-08-09,14,95,1
2011-08-09,14,134,1
2011-08-09,15,124,1
2011-08-09,18,69,1
2011-08-09,18,274,1
2011-08-09,19,155,1
2011-08-09,19,228,1
2011-08-09,19,269,1
2011-08-09,19,317,1
2011-08-09,19,355,1
2011-08-09,20,128,1
2011-08-09,20,248,1
2011-08-09,23,59,1
2011-08-09,23,280,1
2011-08-09,26,130,1
2011-08-09,27,168,1
2011-08-09,32,314,1
2011-08-09,37,71,1
2011-08-09,40,447,1
2011-08-09,44,708,1
2011-08-09,57,192,1
2011-08-09,62,1003,1
2011-08-09,89,196,1
2011-08-09,96,7807,1
2011-08-09,204,435,1
2011-08-10,1,1,1
2011-08-10,1,3,1
2011-08-10,1,12,1
2011-08-10,1,36,1
2011-08-10,1,600,1
2011-08-10,2,22,1
2011-08-10,3,51,1
2011-08-10,5,16,1
2011-08-10,5,45,1
2011-08-10,5,84,1
2011-08-10,5,127,1
2011-08-10,6,58,1
2011-08-10,7,75,1
2011-08-10,7,92,1
2011-08-10,7,134,1
2011-08-10,7,136,1
2011-08-10,8,55,1
2011-08-10,11,83,1
2011-08-10,11,245,1
2011-08-10,12,149,1
2011-08-10,13,60,1
2011-08-10,13,184,1
2011-08-10,14,61,1
2011-08-10,14,197,1
2011-08-10,15,302,1
2011-08-10,15,337,1
2011-08-10,17,162,1
2011-08-10,17,191,1
2011-08-10,17,1324,1
2011-08-10,18,220,1
2011-08-10,20,272,1
2011-08-10,20,278,1
2011-08-10,20,290,1
2011-08-10,21,172,1
2011-08-10,21,391,1
2011-08-10,22,521,1
2011-08-10,23,217,1
2011-08-10,24,249,1
2011-08-10,26,265,1
2011-08-10,29,2630,1
2011-08-10,31,307,1
2011-08-10,33,210,1
2011-08-10,37,41,1
2011-08-10,47,78,1
2011-08-10,57,321,1
2011-08-10,86,1046,1
2011-08-10,88,1077,1
2011-08-10,202,354,1
2011-08-10,288,629,1
2011-08-11,1,4,1
2011-08-11,1,6,1
2011-08-11,1,12,1
2011-08-11,1,96,1
2011-08-11,2,2,1
2011-08-11,2,10,1
2011-08-11,2,380,1
2011-08-11,3,50,1
2011-08-11,3,360,1
2011-08-11,4,7,1
2011-08-11,4,31,1
2011-08-11,4,297,1
2011-08-11,4,304,1
2011-08-11,5,23,1
2011-08-11,5,113,1
2011-08-11,5,158,1
2011-08-11,5,228,1
2011-08-11,7,46,1
2011-08-11,7,846,1
2011-08-11,10,99,1
2011-08-11,10,129,1
2011-08-11,10,1112,1
2011-08-11,11,488,1
2011-08-11,12,112,1
2011-08-11,13,114,1
2011-08-11,14,301,1
2011-08-11,15,68,1
2011-08-11,15,70,1
2011-08-11,15,108,1
2011-08-11,16,128,1
2011-08-11,17,212,1
2011-08-11,18,230,1
2011-08-11,18,264,1
2011-08-11,19,137,1
2011-08-11,19,222,1
2011-08-11,19,323,1
2011-08-11,20,163,1
2011-08-11,21,189,1
2011-08-11,21,234,1
2011-08-11,22,251,1
2011-08-11,22,6098,1
2011-08-11,23,178,1
2011-08-11,23,382,1
2011-08-11,24,344,1
2011-08-11,24,374,1
2011-08-11,25,72,1
2011-08-11,26,161,1
2011-08-11,26,314,1
2011-08-11,27,191,1
2011-08-11,27,415,1
2011-08-11,29,337,1
2011-08-11,30,210,1
2011-08-11,30,383,1
2011-08-11,32,388,1
2011-08-11,33,490,1
2011-08-11,35,81,1
2011-08-11,35,424,1
2011-08-11,36,484,1
2011-08-11,42,536,1
2011-08-11,43,501,1
2011-08-11,49,188,1
2011-08-11,49,707,1
2011-08-11,61,226,1
2011-08-11,69,213,1
2011-08-11,84,737,1
2011-08-11,119,14730,1
2011-08-11,151,272,1
2011-08-11,352,2500,1
2011-08-12,1,1,2
2011-08-12,1,5,1
2011-08-12,1,96,1
2011-08-12,1,320,1
2011-08-12,2,204,1
2011-08-12,3,28,1
2011-08-12,3,84,1
2011-08-12,4,112,1
2011-08-12,4,412,1
2011-08-12,7,80,1
2011-08-12,7,992,1
2011-08-12,8,77,1
2011-08-12,8,118,1
2011-08-12,8,138,1
2011-08-12,9,62,1
2011-08-12,9,74,1
2011-08-12,10,63,1
2011-08-12,10,374,1
2011-08-12,11,174,1
2011-08-12,11,176,1
2011-08-12,11,281,1
2011-08-12,11,286,1
2011-08-12,13,195,1
2011-08-12,13,872,1
2011-08-12,14,121,1
2011-08-12,14,190,1
2011-08-12,14,195,1
2011-08-12,15,252,1
2011-08-12,16,129,1
2011-08-12,16,247,1
2011-08-12,17,190,1
2011-08-12,18,248,1
2011-08-12,19,250,1
2011-08-12,20,180,1
2011-08-12,20,284,1
2011-08-12,22,184,1
2011-08-12,23,54,1
2011-08-12,23,184,1
2011-08-12,23,335,1
2011-08-12,23,454,1
2011-08-12,24,66,1
2011-08-12,24,178,1
2011-08-12,25,65,1
2011-08-12,25,407,1
2011-08-12,35,491,1
2011-08-12,41,554,1
2011-08-12,61,562,1
2011-08-12,196,388,1
2011-08-12,206,532,1
2011-08-14,1,1,1
2011-08-14,2,2,1
2011-08-14,2,3,1
2011-08-14,2,24,1
2011-08-14,5,61,1
2011-08-14,6,6,1
2011-08-14,6,100,1
2011-08-14,7,340,1
2011-08-14,10,20,1
2011-08-14,10,131,1
2011-08-14,11,77,1
2011-08-14,13,166,1
2011-08-14,13,606,1
2011-08-14,14,23,1
2011-08-14,15,62,1
2011-08-14,21,176,1
2011-08-14,22,83,1
2011-08-14,23,33,1
2011-08-14,39,261,1
2011-08-14,43,162,1
2011-08-14,44,53,1
2011-08-14,44,207,1
2011-08-14,52,252,1
2011-08-14,62,134,1
2011-08-14,71,197,1
2011-08-15,1,2,1
2011-08-15,1,60,1
2011-08-15,1,96,1
2011-08-15,2,20,1
2011-08-15,2,40,1
2011-08-15,2,84,1
2011-08-15,3,22,1
2011-08-15,4,63,1
2011-08-15,5,84,1
2011-08-15,5,360,1
2011-08-15,6,120,1
2011-08-15,7,84,1
2011-08-15,7,87,1
2011-08-15,7,88,1
2011-08-15,10,460,1
2011-08-15,11,24,1
2011-08-15,12,140,1
2011-08-15,13,101,1
2011-08-15,13,122,1
2011-08-15,14,27,1
2011-08-15,14,125,1
2011-08-15,14,342,1
2011-08-15,15,65,1
2011-08-15,15,262,1
2011-08-15,16,105,1
2011-08-15,16,262,1
2011-08-15,17,186,1
2011-08-15,19,343,1
2011-08-15,20,51,1
2011-08-15,20,362,1
2011-08-15,23,216,1
2011-08-15,25,224,1
2011-08-15,27,391,1
2011-08-15,29,160,1
2011-08-15,30,455,1
2011-08-15,30,579,1
2011-08-15,31,101,1
2011-08-15,32,262,1
2011-08-15,33,71,1
2011-08-15,33,414,1
2011-08-15,36,603,1
2011-08-15,38,62,1
2011-08-15,38,165,1
2011-08-15,41,1026,1
2011-08-15,42,87,1
2011-08-15,44,629,1
2011-08-15,45,239,1
2011-08-15,45,303,1
2011-08-16,1,2,2
2011-08-16,1,480,1
2011-08-16,2,16,1
2011-08-16,2,22,1
2011-08-16,3,14,1
2011-08-16,4,4,1
2011-08-16,4,20,1
2011-08-16,4,48,2
2011-08-16,5,42,1
2011-08-16,6,7,1
2011-08-16,6,168,1
2011-08-16,7,42,1
2011-08-16,7,70,1
2011-08-16,8,77,1
2011-08-16,8,248,1
2011-08-16,9,53,1
2011-08-16,9,71,1
2011-08-16,9,84,1
2011-08-16,9,91,1
2011-08-16,10,194,1
2011-08-16,12,145,1
2011-08-16,13,139,1
2011-08-16,14,117,1
2011-08-16,14,378,1
2011-08-16,16,53,1
2011-08-16,16,248,1
2011-08-16,16,343,1
2011-08-16,17,69,1
2011-08-16,17,319,1
2011-08-16,18,122,1
2011-08-16,18,450,1
2011-08-16,18,526,1
2011-08-16,19,152,1
2011-08-16,19,222,1
2011-08-16,20,350,1
2011-08-16,24,215,1
2011-08-16,25,330,1
2011-08-16,25,363,1
2011-08-16,27,276,1
2011-08-16,33,416,1
2011-08-16,34,377,1
2011-08-16,36,188,1
2011-08-16,40,75,1
2011-08-16,40,337,1
2011-08-16,50,263,1
2011-08-16,60,348,1
2011-08-16,75,718,1
2011-08-16,85,243,1
2011-08-16,94,1607,1
2011-08-17,1,1,3
2011-08-17,1,12,1
2011-08-17,1,196,1
2011-08-17,3,2084,1
2011-08-17,4,96,1
2011-08-17,4,168,1
2011-08-17,6,412,1
2011-08-17,7,46,1
2011-08-17,7,51,1
2011-08-17,8,48,1
2011-08-17,8,2864,1
2011-08-17,9,216,1
2011-08-17,10,71,1
2011-08-17,10,156,1
2011-08-17,10,617,1
2011-08-17,11,449,1
2011-08-17,12,196,1
2011-08-17,13,116,1
2011-08-17,14,154,1
2011-08-17,14,183,1
2011-08-17,14,280,1
2011-08-17,15,155,1
2011-08-17,15,213,1
2011-08-17,17,128,1
2011-08-17,18,4878,1
2011-08-17,21,162,1
2011-08-17,21,251,1
2011-08-17,21,289,1
2011-08-17,23,231,1
2011-08-17,27,201,1
2011-08-17,28,76,1
2011-08-17,29,49,1
2011-08-17,29,214,1
2011-08-17,29,316,1
2011-08-17,29,400,1
2011-08-17,29,422,1
2011-08-17,32,108,1
2011-08-17,33,286,1
2011-08-17,33,2504,1
2011-08-17,35,490,1
2011-08-17,36,303,1
2011-08-17,37,313,1
2011-08-17,46,273,1
2011-08-17,48,579,1
2011-08-17,54,179,1
2011-08-17,64,133,1
2011-08-17,70,165,1
2011-08-17,75,243,1
2011-08-17,87,380,1
2011-08-17,118,408,1
2011-08-17,166,2310,1
2011-08-17,189,601,1
2011-08-18,1,1,1
2011-08-18,1,32,1
2011-08-18,1,48,1
2011-08-18,1,144,1
2011-08-18,2,18,1
2011-08-18,2,576,1
2011-08-18,3,8,1
2011-08-18,3,26,1
2011-08-18,3,88,1
2011-08-18,3,108,1
2011-08-18,4,4,1
2011-08-18,4,50,1
2011-08-18,4,128,1
2011-08-18,5,3840,1
2011-08-18,6,164,1
2011-08-18,7,38,1
2011-08-18,7,86,1
2011-08-18,7,224,1
2011-08-18,8,348,1
2011-08-18,9,70,1
2011-08-18,10,34,1
2011-08-18,10,896,1
2011-08-18,11,78,1
2011-08-18,12,600,1
2011-08-18,13,94,1
2011-08-18,13,144,1
2011-08-18,13,314,1
2011-08-18,14,147,1
2011-08-18,14,155,1
2011-08-18,14,194,1
2011-08-18,15,29,1
2011-08-18,15,75,1
2011-08-18,16,28,1
2011-08-18,16,71,1
2011-08-18,16,153,1
2011-08-18,16,200,1
2011-08-18,17,47,1
2011-08-18,17,212,1
2011-08-18,18,51,1
2011-08-18,18,266,1
2011-08-18,18,426,1
2011-08-18,19,116,1
2011-08-18,19,228,1
2011-08-18,20,58,1
2011-08-18,20,100,1
2011-08-18,20,216,1
2011-08-18,20,218,1
2011-08-18,22,285,1
2011-08-18,23,213,1
2011-08-18,25,231,1
2011-08-18,25,346,1
2011-08-18,26,218,1
2011-08-18,27,345,1
2011-08-18,28,384,1
2011-08-18,28,642,1
2011-08-18,29,294,1
2011-08-18,30,471,1
2011-08-18,31,322,1
2011-08-18,31,339,1
2011-08-18,31,505,1
2011-08-18,32,345,1
2011-08-18,32,442,1
2011-08-18,34,573,1
2011-08-18,38,147,1
2011-08-18,54,198,1
2011-08-18,76,251,1
2011-08-18,86,1154,1
2011-08-18,97,12196,1
2011-08-18,171,3028,1
2011-08-19,1,4,2
2011-08-19,1,12,1
2011-08-19,1,32,1
2011-08-19,3,24,1
2011-08-19,4,49,1
2011-08-19,4,78,1
2011-08-19,4,114,1
2011-08-19,5,38,1
2011-08-19,5,48,1
2011-08-19,5,73,1
2011-08-19,6,33,1
2011-08-19,6,71,1
2011-08-19,6,304,1
2011-08-19,7,58,1
2011-08-19,7,102,1
2011-08-19,7,190,1
2011-08-19,8,13,1
2011-08-19,8,80,1
2011-08-19,8,99,1
2011-08-19,8,500,1
2011-08-19,9,10,1
2011-08-19,9,48,1
2011-08-19,9,71,1
2011-08-19,9,82,1
2011-08-19,10,143,1
2011-08-19,12,57,1
2011-08-19,12,150,1
2011-08-19,13,140,1
2011-08-19,14,122,1
2011-08-19,14,372,1
2011-08-19,15,150,1
2011-08-19,15,190,1
2011-08-19,15,314,1
2011-08-19,17,128,1
2011-08-19,17,466,1
2011-08-19,17,508,1
2011-08-19,18,288,1
2011-08-19,19,130,1
2011-08-19,20,222,1
2011-08-19,21,282,1
2011-08-19,22,214,1
2011-08-19,22,275,1
2011-08-19,22,361,1
2011-08-19,25,151,1
2011-08-19,26,286,1
2011-08-19,27,81,1
2011-08-19,29,42,1
2011-08-19,29,238,1
2011-08-19,33,552,1
2011-08-19,34,407,1
2011-08-19,34,459,1
2011-08-19,49,644,1
2011-08-19,61,1140,1
2011-08-21,1,8,1
2011-08-21,1,25,1
2011-08-21,1,200,1
2011-08-21,2,2,1
2011-08-21,2,3,1
2011-08-21,2,58,1
2011-08-21,3,164,1
2011-08-21,4,84,1
2011-08-21,4,87,1
2011-08-21,4,800,1
2011-08-21,6,6,1
2011-08-21,6,364,1
2011-08-21,7,33,1
2011-08-21,7,78,1
2011-08-21,7,284,1
2011-08-21,10,220,1
2011-08-21,11,104,1
2011-08-21,14,145,1
2011-08-21,15,147,1
2011-08-21,15,258,1
2011-08-21,17,185,1
2011-08-21,19,48,1
2011-08-21,19,205,1
2011-08-21,19,505,1
2011-08-21,21,122,1
2011-08-21,21,234,1
2011-08-21,23,124,1
2011-08-21,25,321,1
2011-08-21,35,54,1
2011-08-21,37,239,1
2011-08-21,40,292,1
2011-08-21,40,383,1
2011-08-21,50,84,1
2011-08-21,55,251,1
2011-08-21,64,478,1
2011-08-21,73,241,1
2011-08-21,125,408,1
2011-08-21,127,479,1
2011-08-21,128,439,1
2011-08-22,1,8,1
2011-08-22,1,16,1
2011-08-22,1,25,1
2011-08-22,1,48,1
2011-08-22,1,400,1
2011-08-22,2,4,1
2011-08-22,2,5,1
2011-08-22,2,16,1
2011-08-22,2,18,1
2011-08-22,3,30,1
2011-08-22,3,184,1
2011-08-22,3,188,1
2011-08-22,4,10,1
2011-08-22,4,64,1
2011-08-22,5,36,1
2011-08-22,5,86,1
2011-08-22,5,104,1
2011-08-22,5,1508,1
2011-08-22,6,58,1
2011-08-22,6,153,1
2011-08-22,7,62,1
2011-08-22,7,70,1
2011-08-22,7,126,1
2011-08-22,9,70,1
2011-08-22,9,78,1
2011-08-22,9,90,1
2011-08-22,9,92,1
2011-08-22,9,185,1
2011-08-22,9,224,1
2011-08-22,9,264,1
2011-08-22,10,154,1
2011-08-22,11,166,1
2011-08-22,14,24,1
2011-08-22,14,195,1
2011-08-22,14,434,1
2011-08-22,15,67,1
2011-08-22,15,295,1
2011-08-22,16,59,1
2011-08-22,16,116,1
2011-08-22,16,268,1
2011-08-22,17,192,1
2011-08-22,18,149,1
2011-08-22,18,210,1
2011-08-22,19,198,1
2011-08-22,19,208,1
2011-08-22,19,209,1
2011-08-22,19,322,1
2011-08-22,20,384,1
2011-08-22,22,348,1
2011-08-22,23,165,1
2011-08-22,24,236,1
2011-08-22,29,134,1
2011-08-22,31,613,1
2011-08-22,35,322,1
2011-08-22,36,120,1
2011-08-22,40,209,1
2011-08-22,40,267,1
2011-08-22,41,656,1
2011-08-22,45,520,1
2011-08-22,48,552,1
2011-08-22,56,307,1
2011-08-22,58,782,1
2011-08-22,79,629,1
2011-08-22,103,1228,1
2011-08-22,118,586,1
2011-08-23,1,12,1
2011-08-23,1,48,1
2011-08-23,1,96,1
2011-08-23,1,300,1
2011-08-23,2,74,1
2011-08-23,2,288,1
2011-08-23,3,4,1
2011-08-23,3,42,1
2011-08-23,3,86,1
2011-08-23,4,80,1
2011-08-23,4,140,1
2011-08-23,4,240,1
2011-08-23,5,54,1
2011-08-23,5,1288,1
2011-08-23,6,78,1
2011-08-23,8,184,1
2011-08-23,9,186,1
2011-08-23,11,52,1
2011-08-23,11,200,1
2011-08-23,12,251,1
2011-08-23,13,160,1
2011-08-23,13,165,1
2011-08-23,14,58,1
2011-08-23,14,295,1
2011-08-23,15,390,1
2011-08-23,16,104,1
2011-08-23,16,124,1
2011-08-23,16,164,1
2011-08-23,16,322,1
2011-08-23,19,148,1
2011-08-23,19,205,1
2011-08-23,21,213,1
2011-08-23,21,234,1
2011-08-23,22,178,1
2011-08-23,22,261,1
2011-08-23,22,455,1
2011-08-23,24,321,1
2011-08-23,24,508,1
2011-08-23,26,248,1
2011-08-23,27,52,1
2011-08-23,29,259,1
2011-08-23,29,269,1
2011-08-23,29,349,1
2011-08-23,30,359,1
2011-08-23,33,411,1
2011-08-23,36,238,1
2011-08-23,38,402,1
2011-08-23,38,734,1
2011-08-23,42,489,1
2011-08-23,43,100,1
2011-08-23,48,735,1
2011-08-23,49,217,1
2011-08-23,51,374,1
2011-08-23,53,156,1
2011-08-23,55,413,1
2011-08-23,56,147,1
2011-08-23,57,572,1
2011-08-23,73,135,1
2011-08-23,78,277,1
2011-08-23,85,224,1
2011-08-24,1,1,1
2011-08-24,1,6,2
2011-08-24,1,12,1
2011-08-24,1,20,1
2011-08-24,1,2000,1
2011-08-24,2,22,1
2011-08-24,2,42,1
2011-08-24,2,240,1
2011-08-24,2,432,1
2011-08-24,3,29,1
2011-08-24,3,73,1
2011-08-24,3,74,1
2011-08-24,3,136,1
2011-08-24,4,73,1
2011-08-24,4,96,1
2011-08-24,4,122,1
2011-08-24,4,181,1
2011-08-24,4,264,1
2011-08-24,4,900,1
2011-08-24,5,70,1
2011-08-24,6,414,1
2011-08-24,6,1116,1
2011-08-24,6,1584,1
2011-08-24,7,43,1
2011-08-24,7,63,1
2011-08-24,7,128,1
2011-08-24,7,1372,1
2011-08-24,9,105,1
2011-08-24,9,658,1
2011-08-24,10,41,1
2011-08-24,10,90,1
2011-08-24,11,16,1
2011-08-24,11,1300,1
2011-08-24,12,375,1
2011-08-24,12,858,1
2011-08-24,13,139,1
2011-08-24,15,36,1
2011-08-24,15,47,1
2011-08-24,15,58,1
2011-08-24,15,93,1
2011-08-24,15,98,1
2011-08-24,16,156,1
2011-08-24,16,545,1
2011-08-24,17,315,1
2011-08-24,17,338,1
2011-08-24,18,72,1
2011-08-24,18,176,1
2011-08-24,18,238,1
2011-08-24,18,352,1
2011-08-24,19,174,1
2011-08-24,19,178,1
2011-08-24,20,184,1
2011-08-24,22,242,1
2011-08-24,22,392,1
2011-08-24,22,2335,1
2011-08-24,23,212,1
2011-08-24,23,275,1
2011-08-24,23,383,1
2011-08-24,24,1460,1
2011-08-24,25,71,1
2011-08-24,25,267,1
2011-08-24,26,289,1
2011-08-24,27,44,1
2011-08-24,29,85,1
2011-08-24,42,398,1
2011-08-24,42,458,1
2011-08-24,45,118,1
2011-08-24,52,580,1
2011-08-24,74,838,1
2011-08-24,81,589,1
2011-08-24,85,1165,1
2011-08-24,86,1191,1
2011-08-24,92,426,1
2011-08-24,105,227,1
2011-08-24,153,501,1
2011-08-24,193,798,1
2011-08-25,1,4,1
2011-08-25,1,20,1
2011-08-25,1,36,1
2011-08-25,1,72,2
2011-08-25,2,9,1
2011-08-25,3,11,1
2011-08-25,3,68,1
2011-08-25,3,160,1
2011-08-25,4,22,1
2011-08-25,4,30,1
2011-08-25,4,40,1
2011-08-25,4,288,1
2011-08-25,5,15,1
2011-08-25,5,52,1
2011-08-25,6,44,1
2011-08-25,6,113,1
2011-08-25,6,142,1
2011-08-25,7,304,1
2011-08-25,8,67,1
2011-08-25,8,138,1
2011-08-25,8,204,1
2011-08-25,8,296,1
2011-08-25,9,11,1
2011-08-25,9,35,1
2011-08-25,9,90,1
2011-08-25,9,106,1
2011-08-25,9,109,1
2011-08-25,10,19,1
2011-08-25,10,96,1
2011-08-25,10,170,1
2011-08-25,10,216,1
2011-08-25,11,132,1
2011-08-25,11,242,1
2011-08-25,12,89,1
2011-08-25,12,195,1
2011-08-25,12,240,1
2011-08-25,13,92,1
2011-08-25,15,470,1
2011-08-25,16,18,1
2011-08-25,16,240,1
2011-08-25,16,326,1
2011-08-25,17,124,1
2011-08-25,17,167,1
2011-08-25,17,224,1
2011-08-25,18,134,1
2011-08-25,18,145,1
2011-08-25,20,47,1
2011-08-25,20,94,1
2011-08-25,20,98,1
2011-08-25,20,191,1
2011-08-25,20,195,1
2011-08-25,21,163,1
2011-08-25,21,168,1
2011-08-25,21,350,1
2011-08-25,22,204,1
2011-08-25,22,340,1
2011-08-25,23,124,1
2011-08-25,23,256,1
2011-08-25,24,216,1
2011-08-25,29,47,1
2011-08-25,32,111,1
2011-08-25,32,266,1
2011-08-25,34,341,1
2011-08-25,34,361,1
2011-08-25,34,407,1
2011-08-25,37,447,1
2011-08-25,39,310,1
2011-08-25,42,869,1
2011-08-25,43,251,1
2011-08-25,44,494,1
2011-08-25,57,169,1
2011-08-25,68,784,1
2011-08-25,71,163,1
2011-08-26,1,1,1
2011-08-26,1,12,1
2011-08-26,1,44,1
2011-08-26,1,48,1
2011-08-26,1,72,1
2011-08-26,1,480,1
2011-08-26,1,600,1
2011-08-26,2,4,1
2011-08-26,2,384,1
2011-08-26,3,84,1
2011-08-26,3,168,1
2011-08-26,4,37,1
2011-08-26,4,258,1
2011-08-26,4,576,1
2011-08-26,7,924,1
2011-08-26,8,68,1
2011-08-26,9,141,1
2011-08-26,9,234,1
2011-08-26,12,256,1
2011-08-26,13,122,1
2011-08-26,16,119,1
2011-08-26,16,140,1
2011-08-26,17,617,1
2011-08-26,19,161,1
2011-08-26,19,190,1
2011-08-26,20,71,1
2011-08-26,23,240,1
2011-08-26,23,256,1
2011-08-26,23,267,1
2011-08-26,24,310,1
2011-08-26,25,338,1
2011-08-26,28,199,1
2011-08-26,28,276,1
2011-08-26,29,387,1
2011-08-26,31,292,1
2011-08-26,32,411,1
2011-08-26,32,808,1
2011-08-26,33,49,1
2011-08-26,34,105,1
2011-08-26,37,466,1
2011-08-26,41,572,1
2011-08-26,41,4628,1
2011-08-26,42,455,1
2011-08-26,45,180,1
2011-08-26,47,688,1
2011-08-26,48,659,1
2011-08-26,56,360,1
2011-08-28,1,4,1
2011-08-28,1,12,1
2011-08-28,1,48,1
2011-08-28,1,96,1
2011-08-28,3,23,1
2011-08-28,4,108,1
2011-08-28,5,72,1
2011-08-28,5,318,1
2011-08-28,9,70,2
2011-08-28,9,151,1
2011-08-28,9,158,1
2011-08-28,10,219,1
2011-08-28,11,204,1
2011-08-28,13,112,1
2011-08-28,14,71,1
2011-08-28,16,75,1
2011-08-28,19,258,1
2011-08-28,20,41,1
2011-08-28,21,129,1
2011-08-28,26,50,1
2011-08-28,29,81,1
2011-08-28,29,97,1
2011-08-28,29,289,1
2011-08-28,36,92,1
2011-08-28,37,188,1
2011-08-28,46,110,1
2011-08-28,49,232,1
2011-08-28,50,355,1
2011-08-28,50,632,1
2011-08-28,68,260,1
2011-08-28,72,106,1
2011-08-28,74,195,1
2011-08-28,77,125,1
2011-08-28,94,434,1
2011-08-28,122,800,1
2011-08-28,127,489,1
2011-08-30,1,48,1
2011-08-30,1,120,1
2011-08-30,1,300,1
2011-08-30,2,108,1
2011-08-30,3,7,1
2011-08-30,4,8,1
2011-08-30,5,6,1
2011-08-30,6,57,1
2011-08-30,8,47,1
2011-08-30,8,69,1
2011-08-30,11,180,1
2011-08-30,11,194,1
2011-08-30,13,73,1
2011-08-30,14,32,1
2011-08-30,16,209,1
2011-08-30,16,340,1
2011-08-30,20,131,1
2011-08-30,20,174,1
2011-08-30,26,142,1
2011-08-30,26,255,1
2011-08-30,28,215,1
2011-08-30,31,546,1
2011-08-30,38,396,1
2011-08-30,39,443,1
2011-08-30,45,126,1
2011-08-30,73,442,1
2011-08-30,137,274,1
2011-08-30,167,367,1
2011-08-30,176,269,1
2011-08-30,176,420,1
2011-08-30,185,349,1
2011-08-30,185,352,1
2011-08-30,193,461,1
2011-08-30,194,361,1
2011-08-30,203,474,1
2011-08-30,206,414,1
2011-08-30,211,372,1
2011-08-30,216,429,1
2011-08-30,216,526,1
2011-08-30,265,487,1
2011-08-31,1,1,2
2011-08-31,1,6,1
2011-08-31,1,24,1
2011-08-31,1,120,1
2011-08-31,1,192,1
2011-08-31,1,216,1
2011-08-31,1,1000,1
2011-08-31,2,2,1
2011-08-31,2,49,1
2011-08-31,4,30,1
2011-08-31,7,52,1
2011-08-31,7,256,1
2011-08-31,8,204,1
2011-08-31,10,73,1
2011-08-31,10,126,1
2011-08-31,10,820,1
2011-08-31,11,146,1
2011-08-31,11,416,1
2011-08-31,14,100,1
2011-08-31,14,104,1
2011-08-31,14,152,1
2011-08-31,14,524,1
2011-08-31,15,956,1
2011-08-31,16,50,1
2011-08-31,16,191,1
2011-08-31,16,338,1
2011-08-31,17,144,1
2011-08-31,18,198,1
2011-08-31,19,221,1
2011-08-31,20,275,1
2011-08-31,22,987,1
2011-08-31,23,114,1
2011-08-31,23,384,1
2011-08-31,24,160,1
2011-08-31,25,168,1
2011-08-31,29,333,1
2011-08-31,45,172,1
2011-08-31,49,486,1
2011-08-31,67,163,1
2011-08-31,71,429,1
2011-08-31,90,1151,1
2011-08-31,157,479,1
2011-08-31,240,416,1
2011-09-01,1,2,1
2011-09-01,1,7,2
2011-09-01,1,20,1
2011-09-01,1,24,1
2011-09-01,1,48,1
2011-09-01,1,144,1
2011-09-01,1,288,1
2011-09-01,2,24,1
2011-09-01,2,28,1
2011-09-01,2,32,1
2011-09-01,2,44,1
2011-09-01,2,102,1
2011-09-01,2,144,1
2011-09-01,3,14,1
2011-09-01,3,30,1
2011-09-01,3,72,1
2011-09-01,4,25,1
2011-09-01,4,80,1
2011-09-01,4,346,1
2011-09-01,5,390,1
2011-09-01,5,450,1
2011-09-01,6,123,1
2011-09-01,6,236,1
2011-09-01,6,846,1
2011-09-01,6,1368,1
2011-09-01,7,20,1
2011-09-01,7,44,1
2011-09-01,7,102,1
2011-09-01,7,236,1
2011-09-01,8,46,1
2011-09-01,8,49,1
2011-09-01,8,93,1
2011-09-01,8,111,1
2011-09-01,8,189,1
2011-09-01,8,1776,1
2011-09-01,8,2692,1
2011-09-01,10,222,1
2011-09-01,11,100,1
2011-09-01,11,244,1
2011-09-01,12,135,1
2011-09-01,12,220,1
2011-09-01,13,136,1
2011-09-01,13,408,1
2011-09-01,14,162,1
2011-09-01,14,334,1
2011-09-01,15,112,1
2011-09-01,15,209,1
2011-09-01,16,98,1
2011-09-01,16,195,1
2011-09-01,16,300,1
2011-09-01,18,221,1
2011-09-01,18,233,1
2011-09-01,18,437,1
2011-09-01,21,422,1
2011-09-01,23,127,1
2011-09-01,23,530,1
2011-09-01,24,335,1
2011-09-01,25,576,1
2011-09-01,27,1322,1
2011-09-01,28,300,1
2011-09-01,29,334,1
2011-09-01,30,79,1
2011-09-01,30,111,1
2011-09-01,37,485,1
2011-09-01,38,1686,1
2011-09-01,39,374,1
2011-09-01,44,208,1
2011-09-01,48,222,1
2011-09-01,51,111,1
2011-09-01,60,251,1
2011-09-01,69,892,1
2011-09-01,81,212,1
2011-09-01,87,251,1
2011-09-01,179,4871,1
2011-09-02,1,1,1
2011-09-02,1,12,1
2011-09-02,1,20,1
2011-09-02,1,48,1
2011-09-02,1,101,1
2011-09-02,1,120,1
2011-09-02,2,6,1
2011-09-02,2,52,1
2011-09-02,2,120,1
2011-09-02,2,288,1
2011-09-02,2,372,1
2011-09-02,2,904,1
2011-09-02,2,1128,1
2011-09-02,4,8,1
2011-09-02,4,628,1
2011-09-02,5,27,1
2011-09-02,5,54,1
2011-09-02,5,164,1
2011-09-02,5,352,1
2011-09-02,5,1680,1
2011-09-02,6,57,1
2011-09-02,6,92,1
2011-09-02,8,44,1
2011-09-02,8,66,1
2011-09-02,8,98,1
2011-09-02,8,140,1
2011-09-02,9,129,1
2011-09-02,10,86,1
2011-09-02,10,268,1
2011-09-02,13,162,1
2011-09-02,14,260,1
2011-09-02,14,288,1
2011-09-02,15,134,1
2011-09-02,16,197,1
2011-09-02,16,306,1
2011-09-02,17,320,1
2011-09-02,18,34,1
2011-09-02,18,114,1
2011-09-02,18,132,1
2011-09-02,18,312,1
2011-09-02,18,487,1
2011-09-02,18,569,1
2011-09-02,19,274,1
2011-09-02,20,69,1
2011-09-02,20,172,1
2011-09-02,20,227,1
2011-09-02,21,78,1
2011-09-02,21,232,1
2011-09-02,22,270,1
2011-09-02,23,322,1
2011-09-02,25,137,1
2011-09-02,25,312,1
2011-09-02,26,163,1
2011-09-02,29,484,1
2011-09-02,31,437,1
2011-09-02,32,72,1
2011-09-02,34,55,1
2011-09-02,34,621,1
2011-09-02,35,63,1
2011-09-02,37,105,1
2011-09-02,37,265,1
2011-09-02,40,59,1
2011-09-02,40,189,1
2011-09-02,47,129,1
2011-09-02,55,162,1
2011-09-02,58,167,1
2011-09-02,65,203,1
2011-09-02,66,258,1
2011-09-02,78,562,1
2011-09-02,165,463,1
2011-09-02,198,311,1
2011-09-02,210,455,1
2011-09-02,213,367,1
2011-09-02,229,500,1
2011-09-04,1,8,1
2011-09-04,2,12,1
2011-09-04,2,24,1
2011-09-04,3,19,1
2011-09-04,5,38,1
2011-09-04,5,60,1
2011-09-04,5,93,1
2011-09-04,6,85,1
2011-09-04,6,1272,1
2011-09-04,7,49,1
2011-09-04,9,228,1
2011-09-04,11,144,1
2011-09-04,12,180,1
2011-09-04,13,96,1
2011-09-04,13,341,1
2011-09-04,14,57,1
2011-09-04,15,57,1
2011-09-04,15,77,1
2011-09-04,16,34,1
2011-09-04,16,92,1
2011-09-04,18,200,1
2011-09-04,19,266,1
2011-09-04,20,270,1
2011-09-04,21,172,1
2011-09-04,22,58,1
2011-09-04,22,233,1
2011-09-04,25,216,1
2011-09-04,25,326,1
2011-09-04,27,216,1
2011-09-04,28,402,1
2011-09-04,29,85,1
2011-09-04,29,302,1
2011-09-04,29,374,1
2011-09-04,29,377,1
2011-09-04,30,81,1
2011-09-04,30,261,1
2011-09-04,32,74,1
2011-09-04,35,319,1
2011-09-04,36,556,1
2011-09-04,40,98,1
2011-09-04,42,340,1
2011-09-04,44,198,1
2011-09-04,49,506,1
2011-09-04,50,109,1
2011-09-04,50,216,1
2011-09-04,63,277,1
2011-09-04,68,107,1
2011-09-04,70,223,1
2011-09-04,81,353,1
2011-09-04,90,773,1
2011-09-05,1,2,1
2011-09-05,1,40,1
2011-09-05,1,54,1
2011-09-05,1,96,2
2011-09-05,2,8,1
2011-09-05,2,18,1
2011-09-05,2,24,1
2011-09-05,2,179,1
2011-09-05,2,240,1
2011-09-05,2,288,1
2011-09-05,3,13,1
2011-09-05,4,456,1
2011-09-05,5,156,1
2011-09-05,6,142,1
2011-09-05,6,864,1
2011-09-05,8,82,1
2011-09-05,8,207,1
2011-09-05,10,373,1
2011-09-05,10,568,1
2011-09-05,12,37,1
2011-09-05,12,41,1
2011-09-05,12,78,1
2011-09-05,12,682,1
2011-09-05,13,50,1
2011-09-05,13,208,1
2011-09-05,13,276,1
2011-09-05,14,202,1
2011-09-05,14,213,1
2011-09-05,15,102,1
2011-09-05,15,142,1
2011-09-05,15,165,1
2011-09-05,15,178,1
2011-09-05,15,238,1
2011-09-05,16,34,1
2011-09-05,16,202,1
2011-09-05,17,168,1
2011-09-05,18,104,1
2011-09-05,18,226,1
2011-09-05,18,232,1
2011-09-05,19,254,1
2011-09-05,19,1066,1
2011-09-05,20,184,1
2011-09-05,22,307,1
2011-09-05,23,322,1
2011-09-05,23,355,1
2011-09-05,25,32,1
2011-09-05,25,203,1
2011-09-05,25,338,1
2011-09-05,26,240,1
2011-09-05,26,285,1
2011-09-05,26,307,1
2011-09-05,26,409,1
2011-09-05,30,297,1
2011-09-05,36,277,1
2011-09-05,38,227,1
2011-09-05,38,514,1
2011-09-05,39,231,1
2011-09-05,44,573,1
2011-09-05,46,94,1
2011-09-05,46,138,1
2011-09-05,51,5034,1
2011-09-05,55,158,1
2011-09-05,55,2300,1
2011-09-05,63,192,1
2011-09-05,150,577,1
2011-09-05,191,475,1
2011-09-06,1,2,1
2011-09-06,1,10,1
2011-09-06,1,12,2
2011-09-06,1,48,1
2011-09-06,1,240,1
2011-09-06,1,432,1
2011-09-06,2,12,1
2011-09-06,2,32,1
2011-09-06,3,20,1
2011-09-06,3,192,1
2011-09-06,4,48,1
2011-09-06,4,78,1
2011-09-06,4,80,1
2011-09-06,4,158,1
2011-09-06,4,164,1
2011-09-06,4,192,1
2011-09-06,4,291,1
2011-09-06,5,7,1
2011-09-06,5,106,1
2011-09-06,5,136,1
2011-09-06,5,140,1
2011-09-06,7,59,1
2011-09-06,7,120,1
2011-09-06,8,142,1
2011-09-06,8,384,1
2011-09-06,9,68,1
2011-09-06,9,102,1
2011-09-06,10,103,1
2011-09-06,10,104,1
2011-09-06,10,114,1
2011-09-06,10,1604,1
2011-09-06,11,92,1
2011-09-06,12,144,1
2011-09-06,12,224,1
2011-09-06,13,74,1
2011-09-06,14,140,1
2011-09-06,15,142,1
2011-09-06,15,176,1
2011-09-06,16,164,1
2011-09-06,17,304,1
2011-09-06,19,104,1
2011-09-06,19,277,1
2011-09-06,19,483,1
2011-09-06,20,324,1
2011-09-06,20,450,1
2011-09-06,23,265,1
2011-09-06,25,316,1
2011-09-06,27,169,1
2011-09-06,28,115,1
2011-09-06,28,316,1
2011-09-06,29,172,1
2011-09-06,30,326,1
2011-09-06,34,391,1
2011-09-06,37,221,1
2011-09-06,38,542,1
2011-09-06,38,601,1
2011-09-06,58,1145,1
2011-09-06,64,467,1
2011-09-06,72,745,1
2011-09-06,73,610,1
2011-09-06,138,367,1
2011-09-07,1,4,1
2011-09-07,1,96,1
2011-09-07,1,504,1
2011-09-07,2,24,1
2011-09-07,2,96,1
2011-09-07,2,180,1
2011-09-07,3,4,1
2011-09-07,4,312,1
2011-09-07,6,133,1
2011-09-07,7,7,1
2011-09-07,7,112,1
2011-09-07,8,108,1
2011-09-07,9,666,1
2011-09-07,10,186,1
2011-09-07,11,177,1
2011-09-07,12,187,1
2011-09-07,13,116,1
2011-09-07,14,104,1
2011-09-07,14,205,1
2011-09-07,15,236,1
2011-09-07,16,109,1
2011-09-07,16,226,1
2011-09-07,16,393,1
2011-09-07,16,480,1
2011-09-07,17,342,1
2011-09-07,19,66,1
2011-09-07,19,149,1
2011-09-07,19,247,1
2011-09-07,20,170,1
2011-09-07,22,316,1
2011-09-07,24,308,1
2011-09-07,25,265,1
2011-09-07,25,336,1
2011-09-07,30,46,1
2011-09-07,30,185,1
2011-09-07,30,319,1
2011-09-07,31,331,1
2011-09-07,38,2186,1
2011-09-07,39,60,1
2011-09-07,40,417,1
2011-09-07,41,646,1
2011-09-07,43,454,1
2011-09-07,45,219,1
2011-09-07,67,340,1
2011-09-07,67,719,1
2011-09-07,85,942,1
2011-09-07,179,757,1
2011-09-07,188,425,1
2011-09-07,216,410,1
2011-09-07,249,539,1
2011-09-07,254,516,1
2011-09-08,1,1,2
2011-09-08,1,12,1
2011-09-08,1,50,1
2011-09-08,1,72,1
2011-09-08,1,1000,1
2011-09-08,2,8,1
2011-09-08,2,10,1
2011-09-08,2,73,1
2011-09-08,2,240,1
2011-09-08,2,1152,1
2011-09-08,3,6,1
2011-09-08,3,118,1
2011-09-08,3,160,1
2011-09-08,4,6,1
2011-09-08,4,24,1
2011-09-08,5,11,1
2011-09-08,5,56,1
2011-09-08,5,70,1
2011-09-08,5,78,1
2011-09-08,5,200,1
2011-09-08,6,54,1
2011-09-08,8,52,1
2011-09-08,8,91,1
2011-09-08,8,124,1
2011-09-08,8,251,1
2011-09-08,9,140,1
2011-09-08,10,73,1
2011-09-08,10,96,1
2011-09-08,11,552,1
2011-09-08,12,86,1
2011-09-08,13,205,1
2011-09-08,13,224,1
2011-09-08,13,234,1
2011-09-08,13,388,1
2011-09-08,15,136,1
2011-09-08,15,146,1
2011-09-08,16,132,1
2011-09-08,16,218,1
2011-09-08,18,175,1
2011-09-08,18,424,1
2011-09-08,19,288,1
2011-09-08,19,335,1
2011-09-08,21,88,1
2011-09-08,21,194,1
2011-09-08,21,260,1
2011-09-08,22,209,1
2011-09-08,22,241,1
2011-09-08,23,244,1
2011-09-08,25,286,1
2011-09-08,26,351,1
2011-09-08,26,532,1
2011-09-08,26,602,1
2011-09-08,27,38,1
2011-09-08,27,94,1
2011-09-08,28,370,1
2011-09-08,30,470,1
2011-09-08,31,90,1
2011-09-08,31,121,1
2011-09-08,32,204,1
2011-09-08,33,87,1
2011-09-08,33,435,1
2011-09-08,35,230,1
2011-09-08,37,65,1
2011-09-08,41,97,1
2011-09-08,42,77,1
2011-09-08,42,91,1
2011-09-08,45,490,1
2011-09-08,46,179,1
2011-09-08,51,1012,1
2011-09-08,58,448,1
2011-09-08,61,204,1
2011-09-08,61,460,1
2011-09-08,63,644,1
2011-09-08,81,301,1
2011-09-08,238,468,1
2011-09-09,1,1,1
2011-09-09,1,4,1
2011-09-09,1,6,1
2011-09-09,1,10,1
2011-09-09,1,18,1
2011-09-09,1,288,1
2011-09-09,2,4,1
2011-09-09,2,9,1
2011-09-09,3,7,1
2011-09-09,3,96,1
2011-09-09,4,16,1
2011-09-09,4,36,1
2011-09-09,4,49,1
2011-09-09,4,58,1
2011-09-09,5,29,1
2011-09-09,5,35,1
2011-09-09,5,91,1
2011-09-09,7,144,1
2011-09-09,7,528,1
2011-09-09,9,95,1
2011-09-09,9,2352,1
2011-09-09,10,104,1
2011-09-09,10,392,1
2011-09-09,11,224,1
2011-09-09,12,166,1
2011-09-09,13,113,1
2011-09-09,13,204,1
2011-09-09,14,95,1
2011-09-09,14,105,1
2011-09-09,15,217,1
2011-09-09,16,104,1
2011-09-09,18,149,1
2011-09-09,21,208,1
2011-09-09,21,292,1
2011-09-09,23,363,1
2011-09-09,24,210,1
2011-09-09,25,82,1
2011-09-09,25,144,1
2011-09-09,25,1128,1
2011-09-09,26,325,1
2011-09-09,27,127,1
2011-09-09,27,224,1
2011-09-09,27,233,1
2011-09-09,33,54,1
2011-09-09,35,136,1
2011-09-09,36,137,1
2011-09-09,37,328,1
2011-09-09,37,782,1
2011-09-09,42,98,1
2011-09-09,44,361,1
2011-09-09,49,104,1
2011-09-09,52,91,1
2011-09-09,52,93,1
2011-09-09,52,245,1
2011-09-09,55,517,1
2011-09-09,57,700,1
2011-09-09,67,640,1
2011-09-09,67,719,1
2011-09-09,74,959,1
2011-09-09,81,1849,1
2011-09-09,186,491,1
2011-09-11,1,1,1
2011-09-11,1,2,1
2011-09-11,1,19,1
2011-09-11,2,120,1
2011-09-11,2,156,1
2011-09-11,3,84,1
2011-09-11,5,60,1
2011-09-11,5,62,1
2011-09-11,5,484,1
2011-09-11,6,42,1
2011-09-11,6,74,1
2011-09-11,6,82,1
2011-09-11,7,72,1
2011-09-11,7,606,1
2011-09-11,8,30,1
2011-09-11,8,52,1
2011-09-11,8,72,1
2011-09-11,8,396,1
2011-09-11,9,60,1
2011-09-11,9,680,1
2011-09-11,9,1152,1
2011-09-11,10,90,1
2011-09-11,11,30,1
2011-09-11,11,52,1
2011-09-11,11,198,1
2011-09-11,13,107,1
2011-09-11,13,118,1
2011-09-11,14,80,1
2011-09-11,14,128,1
2011-09-11,14,200,1
2011-09-11,15,252,1
2011-09-11,16,555,1
2011-09-11,16,744,1
2011-09-11,17,67,1
2011-09-11,17,202,1
2011-09-11,18,186,1
2011-09-11,18,193,1
2011-09-11,18,210,1
2011-09-11,18,1492,1
2011-09-11,19,68,1
2011-09-11,19,348,1
2011-09-11,20,108,1
2011-09-11,21,170,1
2011-09-11,21,644,1
2011-09-11,22,158,1
2011-09-11,22,180,1
2011-09-11,23,263,1
2011-09-11,23,390,1
2011-09-11,24,49,1
2011-09-11,24,56,1
2011-09-11,24,70,1
2011-09-11,24,234,1
2011-09-11,25,55,1
2011-09-11,26,44,1
2011-09-11,27,245,1
2011-09-11,28,329,1
2011-09-11,28,381,1
2011-09-11,31,58,1
2011-09-11,32,390,1
2011-09-11,33,150,1
2011-09-11,36,149,1
2011-09-11,40,867,1
2011-09-11,42,346,1
2011-09-11,43,287,1
2011-09-11,48,205,1
2011-09-11,50,81,1
2011-09-11,51,362,1
2011-09-11,59,380,1
2011-09-11,60,766,1
2011-09-11,73,242,1
2011-09-11,74,866,1
2011-09-11,85,524,1
2011-09-11,109,283,1
2011-09-11,139,1450,1
2011-09-11,217,723,1
2011-09-12,1,1,3
2011-09-12,1,4,1
2011-09-12,1,10,1
2011-09-12,1,12,1
2011-09-12,1,36,1
2011-09-12,2,2,1
2011-09-12,2,24,1
2011-09-12,3,28,1
2011-09-12,3,34,1
2011-09-12,3,48,1
2011-09-12,4,68,1
2011-09-12,4,78,1
2011-09-12,4,110,1
2011-09-12,4,204,1
2011-09-12,4,348,1
2011-09-12,5,76,1
2011-09-12,5,444,1
2011-09-12,6,132,1
2011-09-12,7,30,1
2011-09-12,7,43,1
2011-09-12,7,114,1
2011-09-12,10,106,1
2011-09-12,11,57,1
2011-09-12,12,82,1
2011-09-12,12,164,1
2011-09-12,12,612,1
2011-09-12,13,214,1
2011-09-12,13,484,1
2011-09-12,15,134,1
2011-09-12,15,196,1
2011-09-12,16,170,1
2011-09-12,17,180,1
2011-09-12,17,212,1
2011-09-12,17,214,1
2011-09-12,17,438,1
2011-09-12,18,44,1
2011-09-12,18,50,1
2011-09-12,18,144,1
2011-09-12,18,149,1
2011-09-12,18,180,1
2011-09-12,18,254,1
2011-09-12,18,268,1
2011-09-12,18,422,1
2011-09-12,19,175,1
2011-09-12,19,890,1
2011-09-12,20,164,1
2011-09-12,21,223,1
2011-09-12,21,292,1
2011-09-12,23,154,1
2011-09-12,23,355,1
2011-09-12,23,756,1
2011-09-12,24,254,1
2011-09-12,25,262,1
2011-09-12,25,314,1
2011-09-12,28,372,1
2011-09-12,30,238,1
2011-09-12,31,85,1
2011-09-12,33,96,1
2011-09-12,34,323,1
2011-09-12,36,556,1
2011-09-12,37,442,1
2011-09-12,38,294,1
2011-09-12,42,450,1
2011-09-12,54,185,1
2011-09-12,59,861,1
2011-09-12,93,854,1
2011-09-12,130,791,1
2011-09-12,141,471,1
2011-09-12,188,500,1
2011-09-13,1,1,2
2011-09-13,1,2,1
2011-09-13,1,22,1
2011-09-13,1,48,1
2011-09-13,1,72,1
2011-09-13,2,28,1
2011-09-13,3,72,1
2011-09-13,3,700,1
2011-09-13,5,104,1
2011-09-13,5,316,1
2011-09-13,6,212,1
2011-09-13,7,49,1
2011-09-13,7,74,1
2011-09-13,8,1238,1
2011-09-13,9,112,1
2011-09-13,10,304,1
2011-09-13,11,134,1
2011-09-13,12,216,1
2011-09-13,13,112,1
2011-09-13,14,120,1
2011-09-13,14,139,1
2011-09-13,15,216,1
2011-09-13,16,7824,1
2011-09-13,17,249,1
2011-09-13,17,296,1
2011-09-13,17,4072,1
2011-09-13,19,95,1
2011-09-13,19,160,1
2011-09-13,19,172,1
2011-09-13,19,177,1
2011-09-13,19,273,1
2011-09-13,20,229,1
2011-09-13,20,250,1
2011-09-13,20,266,1
2011-09-13,20,977,1
2011-09-13,21,84,1
2011-09-13,22,255,1
2011-09-13,22,274,1
2011-09-13,23,61,1
2011-09-13,23,157,1
2011-09-13,26,216,1
2011-09-13,28,189,1
2011-09-13,28,538,1
2011-09-13,30,211,1
2011-09-13,30,361,1
2011-09-13,32,102,1
2011-09-13,35,226,1
2011-09-13,37,360,1
2011-09-13,37,424,1
2011-09-13,42,316,1
2011-09-13,44,175,1
2011-09-13,44,589,1
2011-09-13,47,314,1
2011-09-13,48,261,1
2011-09-13,49,53,1
2011-09-13,57,4951,1
2011-09-13,64,122,1
2011-09-13,67,624,1
2011-09-13,69,105,1
2011-09-13,70,531,1
2011-09-13,72,972,1
2011-09-13,75,656,1
2011-09-13,77,280,1
2011-09-13,94,258,1
2011-09-13,97,1135,1
2011-09-13,107,887,1
2011-09-13,146,808,1
2011-09-13,164,335,1
2011-09-13,198,392,1
2011-09-14,1,8,1
2011-09-14,1,12,1
2011-09-14,1,216,1
2011-09-14,1,288,1
2011-09-14,2,9,1
2011-09-14,2,12,1
2011-09-14,2,604,1
2011-09-14,3,52,1
2011-09-14,3,60,2
2011-09-14,3,108,1
2011-09-14,3,110,1
2011-09-14,3,196,1
2011-09-14,4,75,1
2011-09-14,4,96,1
2011-09-14,4,144,1
2011-09-14,4,182,1
2011-09-14,5,46,1
2011-09-14,5,250,1
2011-09-14,6,20,1
2011-09-14,6,96,1
2011-09-14,6,192,1
2011-09-14,6,202,1
2011-09-14,7,56,1
2011-09-14,8,27,1
2011-09-14,8,79,1
2011-09-14,8,356,1
2011-09-14,9,140,1
2011-09-14,11,400,1
2011-09-14,12,79,1
2011-09-14,12,126,1
2011-09-14,12,336,1
2011-09-14,13,70,1
2011-09-14,13,148,1
2011-09-14,14,173,1
2011-09-14,14,560,1
2011-09-14,15,162,1
2011-09-14,15,199,1
2011-09-14,15,348,1
2011-09-14,16,124,1
2011-09-14,16,142,1
2011-09-14,16,346,1
2011-09-14,17,248,1
2011-09-14,18,183,1
2011-09-14,18,262,1
2011-09-14,18,283,1
2011-09-14,20,31,1
2011-09-14,20,129,1
2011-09-14,20,436,1
2011-09-14,23,948,1
2011-09-14,24,176,1
2011-09-14,24,345,1
2011-09-14,25,203,1
2011-09-14,25,285,1
2011-09-14,26,39,1
2011-09-14,27,182,1
2011-09-14,28,251,1
2011-09-14,29,433,1
2011-09-14,31,356,1
2011-09-14,34,376,1
2011-09-14,42,285,1
2011-09-14,43,81,1
2011-09-14,50,734,1
2011-09-14,54,107,1
2011-09-14,63,231,1
2011-09-14,64,89,1
2011-09-14,78,127,1
2011-09-14,196,456,1
2011-09-15,1,6,1
2011-09-15,1,12,1
2011-09-15,1,36,1
2011-09-15,1,128,1
2011-09-15,2,4,1
2011-09-15,2,6,1
2011-09-15,2,12,1
2011-09-15,2,70,1
2011-09-15,3,48,1
2011-09-15,3,108,1
2011-09-15,3,1250,1
2011-09-15,4,18,1
2011-09-15,5,84,1
2011-09-15,5,1500,1
2011-09-15,6,102,1
2011-09-15,7,71,1
2011-09-15,7,82,1
2011-09-15,7,84,1
2011-09-15,7,145,1
2011-09-15,7,950,1
2011-09-15,8,66,1
2011-09-15,8,902,1
2011-09-15,8,2893,1
2011-09-15,9,144,1
2011-09-15,10,78,1
2011-09-15,11,105,1
2011-09-15,12,128,1
2011-09-15,13,116,1
2011-09-15,13,182,1
2011-09-15,13,183,1
2011-09-15,13,1088,1
2011-09-15,15,65,1
2011-09-15,15,164,1
2011-09-15,15,398,1
2011-09-15,15,1012,1
2011-09-15,16,89,1
2011-09-15,16,172,1
2011-09-15,16,181,1
2011-09-15,16,320,1
2011-09-15,16,510,1
2011-09-15,17,43,1
2011-09-15,18,180,1
2011-09-15,18,225,1
2011-09-15,19,176,1
2011-09-15,19,257,1
2011-09-15,19,294,1
2011-09-15,19,377,1
2011-09-15,21,262,1
2011-09-15,22,181,1
2011-09-15,22,192,1
2011-09-15,23,42,1
2011-09-15,23,177,1
2011-09-15,23,265,1
2011-09-15,25,318,1
2011-09-15,26,250,1
2011-09-15,26,678,1
2011-09-15,26,917,1
2011-09-15,28,284,1
2011-09-15,28,375,1
2011-09-15,31,119,1
2011-09-15,31,1060,1
2011-09-15,32,44,1
2011-09-15,34,552,1
2011-09-15,36,330,1
2011-09-15,38,392,1
2011-09-15,39,246,1
2011-09-15,42,416,1
2011-09-15,43,427,1
2011-09-15,44,144,1
2011-09-15,45,341,1
2011-09-15,47,136,1
2011-09-15,47,1848,1
2011-09-15,52,729,1
2011-09-15,54,503,1
2011-09-15,56,220,1
2011-09-15,57,246,1
2011-09-15,109,901,1
2011-09-15,126,409,1
2011-09-15,197,461,1
2011-09-15,224,766,1
2011-09-16,1,1,2
2011-09-16,1,12,1
2011-09-16,1,24,1
2011-09-16,1,25,1
2011-09-16,1,50,1
2011-09-16,3,12,1
2011-09-16,4,50,1
2011-09-16,5,26,1
2011-09-16,5,68,1
2011-09-16,5,1618,1
2011-09-16,7,120,1
2011-09-16,8,192,1
2011-09-16,9,216,1
2011-09-16,10,63,1
2011-09-16,10,132,1
2011-09-16,12,181,1
2011-09-16,13,176,1
2011-09-16,15,138,1
2011-09-16,15,151,1
2011-09-16,15,240,1
2011-09-16,16,170,1
2011-09-16,16,234,1
2011-09-16,18,226,1
2011-09-16,20,152,1
2011-09-16,22,293,1
2011-09-16,23,229,1
2011-09-16,23,343,1
2011-09-16,23,351,1
2011-09-16,24,97,1
2011-09-16,24,145,1
2011-09-16,24,243,1
2011-09-16,25,189,1
2011-09-16,26,249,1
2011-09-16,27,262,1
2011-09-16,27,354,1
2011-09-16,28,634,1
2011-09-16,29,330,1
2011-09-16,32,85,1
2011-09-16,33,639,1
2011-09-16,34,317,1
2011-09-16,36,121,1
2011-09-16,37,283,1
2011-09-16,41,104,1
2011-09-16,43,142,1
2011-09-16,43,283,1
2011-09-16,46,606,1
2011-09-16,48,615,1
2011-09-16,58,136,1
2011-09-16,63,739,1
2011-09-16,74,577,1
2011-09-16,79,487,1
2011-09-16,116,1677,1
2011-09-16,118,311,1
2011-09-18,2,7,1
2011-09-18,4,400,1
2011-09-18,7,632,1
2011-09-18,9,400,1
2011-09-18,10,81,1
2011-09-18,10,266,1
2011-09-18,11,33,1
2011-09-18,11,218,1
2011-09-18,13,22,1
2011-09-18,14,203,1
2011-09-18,14,249,1
2011-09-18,15,32,1
2011-09-18,20,34,1
2011-09-18,22,67,1
2011-09-18,29,898,1
2011-09-18,34,151,1
2011-09-18,35,124,1
2011-09-18,37,117,1
2011-09-18,48,123,1
2011-09-18,53,424,1
2011-09-18,54,197,1
2011-09-18,60,297,1
2011-09-18,64,162,1
2011-09-18,65,345,1
2011-09-18,113,343,1
2011-09-18,119,421,1
2011-09-18,398,2747,1
2011-09-19,1,8,1
2011-09-19,1,33,1
2011-09-19,1,100,1
2011-09-19,1,110,1
2011-09-19,1,1788,1
2011-09-19,2,20,1
2011-09-19,2,36,1
2011-09-19,2,200,1
2011-09-19,3,13,1
2011-09-19,3,144,1
2011-09-19,4,4,1
2011-09-19,5,6,1
2011-09-19,5,25,1
2011-09-19,5,42,1
2011-09-19,5,62,1
2011-09-19,5,79,1
2011-09-19,6,80,1
2011-09-19,7,229,1
2011-09-19,7,1110,1
2011-09-19,8,132,1
2011-09-19,8,220,1
2011-09-19,9,230,1
2011-09-19,9,444,1
2011-09-19,11,48,1
2011-09-19,11,146,1
2011-09-19,12,107,1
2011-09-19,12,178,1
2011-09-19,12,240,1
2011-09-19,12,288,1
2011-09-19,13,33,1
2011-09-19,13,114,1
2011-09-19,13,137,1
2011-09-19,13,1231,1
2011-09-19,14,106,1
2011-09-19,14,174,1
2011-09-19,16,19,1
2011-09-19,17,78,1
2011-09-19,17,159,1
2011-09-19,17,177,1
2011-09-19,17,328,1
2011-09-19,18,154,1
2011-09-19,19,194,1
2011-09-19,20,129,1
2011-09-19,20,147,1
2011-09-19,20,226,1
2011-09-19,20,228,1
2011-09-19,21,146,1
2011-09-19,22,192,1
2011-09-19,22,325,1
2011-09-19,24,166,1
2011-09-19,24,290,1
2011-09-19,24,338,1
2011-09-19,26,189,1
2011-09-19,26,548,1
2011-09-19,29,230,1
2011-09-19,32,376,1
2011-09-19,35,561,1
2011-09-19,36,325,1
2011-09-19,38,3717,1
2011-09-19,41,84,1
2011-09-19,41,241,1
2011-09-19,42,68,1
2011-09-19,43,582,1
2011-09-19,44,402,1
2011-09-19,48,583,1
2011-09-19,50,641,1
2011-09-19,51,97,1
2011-09-19,53,2262,1
2011-09-19,66,6932,1
2011-09-19,84,295,1
2011-09-20,1,12,1
2011-09-20,1,24,1
2011-09-20,1,186,1
2011-09-20,1,288,1
2011-09-20,2,216,1
2011-09-20,2,1000,1
2011-09-20,3,312,1
2011-09-20,4,4,1
2011-09-20,4,57,1
2011-09-20,5,78,1
2011-09-20,6,72,1
2011-09-20,6,80,1
2011-09-20,6,82,1
2011-09-20,6,106,1
2011-09-20,6,420,1
2011-09-20,7,120,1
2011-09-20,7,1232,1
2011-09-20,7,2016,1
2011-09-20,9,70,1
2011-09-20,9,100,1
2011-09-20,9,104,1
2011-09-20,9,168,1
2011-09-20,9,444,2
2011-09-20,10,67,1
2011-09-20,10,112,1
2011-09-20,11,14,1
2011-09-20,11,496,1
2011-09-20,12,272,1
2011-09-20,12,6760,1
2011-09-20,12,12572,1
2011-09-20,13,109,1
2011-09-20,14,104,1
2011-09-20,14,106,1
2011-09-20,14,158,1
2011-09-20,14,233,1
2011-09-20,15,48,1
2011-09-20,16,30,1
2011-09-20,16,187,1
2011-09-20,16,1876,1
2011-09-20,17,101,1
2011-09-20,17,812,1
2011-09-20,18,313,1
2011-09-20,19,172,1
2011-09-20,19,250,1
2011-09-20,21,215,1
2011-09-20,22,2472,1
2011-09-20,24,306,1
2011-09-20,25,110,1
2011-09-20,27,223,1
2011-09-20,27,292,1
2011-09-20,28,233,1
2011-09-20,28,833,1
2011-09-20,29,306,1
2011-09-20,29,730,1
2011-09-20,32,254,1
2011-09-20,34,144,1
2011-09-20,34,467,1
2011-09-20,42,325,1
2011-09-20,44,342,1
2011-09-20,48,300,1
2011-09-20,57,402,1
2011-09-20,58,615,1
2011-09-20,64,166,1
2011-09-20,68,176,1
2011-09-20,74,456,1
2011-09-20,85,375,1
2011-09-20,91,488,1
2011-09-20,99,310,1
2011-09-20,181,623,1
2011-09-21,1,1,1
2011-09-21,1,2,1
2011-09-21,1,23,1
2011-09-21,2,16,1
2011-09-21,2,32,1
2011-09-21,2,144,1
2011-09-21,2,180,1
2011-09-21,3,36,1
2011-09-21,4,348,1
2011-09-21,5,39,1
2011-09-21,5,230,1
2011-09-21,5,240,1
2011-09-21,6,20,1
2011-09-21,6,64,1
2011-09-21,6,1100,1
2011-09-21,7,29,1
2011-09-21,8,63,1
2011-09-21,10,93,1
2011-09-21,10,124,1
2011-09-21,10,168,1
2011-09-21,11,44,1
2011-09-21,11,198,1
2011-09-21,12,96,1
2011-09-21,13,15,1
2011-09-21,13,49,1
2011-09-21,13,125,1
2011-09-21,13,148,1
2011-09-21,14,114,1
2011-09-21,14,178,1
2011-09-21,14,254,1
2011-09-21,14,279,1
2011-09-21,15,139,1
2011-09-21,15,173,1
2011-09-21,15,249,1
2011-09-21,16,150,1
2011-09-21,16,183,1
2011-09-21,17,262,1
2011-09-21,17,1176,1
2011-09-21,18,42,1
2011-09-21,18,77,1
2011-09-21,18,143,1
2011-09-21,19,55,1
2011-09-21,19,210,1
2011-09-21,19,646,1
2011-09-21,20,141,1
2011-09-21,20,162,1
2011-09-21,20,311,1
2011-09-21,21,235,1
2011-09-21,21,274,1
2011-09-21,21,487,1
2011-09-21,22,298,1
2011-09-21,22,458,1
2011-09-21,22,532,1
2011-09-21,23,416,1
2011-09-21,28,416,1
2011-09-21,30,336,1
2011-09-21,31,154,1
2011-09-21,31,350,1
2011-09-21,31,430,1
2011-09-21,37,408,1
2011-09-21,42,2612,1
2011-09-21,44,442,1
2011-09-21,45,213,1
2011-09-21,46,559,1
2011-09-21,48,150,1
2011-09-21,56,564,1
2011-09-21,58,159,1
2011-09-21,79,355,1
2011-09-21,171,289,1
2011-09-21,194,366,1
2011-09-21,202,376,1
2011-09-21,225,624,1
2011-09-21,235,423,1
2011-09-21,284,596,1
2011-09-21,420,1210,1
2011-09-22,1,4,1
2011-09-22,1,5,1
2011-09-22,1,12,1
2011-09-22,1,48,1
2011-09-22,1,180,1
2011-09-22,2,4,1
2011-09-22,2,5,1
2011-09-22,2,24,1
2011-09-22,2,63,1
2011-09-22,2,96,1
2011-09-22,3,26,1
2011-09-22,3,36,2
2011-09-22,3,68,1
2011-09-22,4,32,1
2011-09-22,4,36,1
2011-09-22,4,47,1
2011-09-22,4,64,1
2011-09-22,6,48,2
2011-09-22,6,88,1
2011-09-22,6,600,1
2011-09-22,6,768,1
2011-09-22,7,138,1
2011-09-22,7,162,1
2011-09-22,7,224,1
2011-09-22,8,23,1
2011-09-22,8,44,1
2011-09-22,8,60,1
2011-09-22,9,73,1
2011-09-22,9,123,1
2011-09-22,9,172,1
2011-09-22,9,268,1
2011-09-22,9,484,1
2011-09-22,10,51,1
2011-09-22,10,150,1
2011-09-22,11,74,1
2011-09-22,11,95,1
2011-09-22,11,144,1
2011-09-22,13,117,1
2011-09-22,13,272,2
2011-09-22,13,784,1
2011-09-22,14,136,1
2011-09-22,15,444,1
2011-09-22,15,480,1
2011-09-22,16,77,1
2011-09-22,16,128,1
2011-09-22,16,185,1
2011-09-22,17,63,1
2011-09-22,17,134,1
2011-09-22,17,140,1
2011-09-22,17,206,1
2011-09-22,17,226,1
2011-09-22,17,391,1
2011-09-22,18,132,1
2011-09-22,19,207,1
2011-09-22,19,642,1
2011-09-22,20,184,1
2011-09-22,20,545,1
2011-09-22,21,84,1
2011-09-22,21,456,1
2011-09-22,22,364,1
2011-09-22,22,497,1
2011-09-22,23,75,1
2011-09-22,23,129,1
2011-09-22,23,133,1
2011-09-22,23,260,1
2011-09-22,23,280,1
2011-09-22,24,454,1
2011-09-22,26,70,1
2011-09-22,26,307,1
2011-09-22,26,474,1
2011-09-22,27,96,1
2011-09-22,27,255,1
2011-09-22,27,264,1
2011-09-22,27,287,1
2011-09-22,27,330,1
2011-09-22,28,278,1
2011-09-22,28,282,1
2011-09-22,28,331,1
2011-09-22,28,956,1
2011-09-22,29,296,1
2011-09-22,30,373,1
2011-09-22,31,595,1
2011-09-22,32,171,1
2011-09-22,33,434,1
2011-09-22,33,444,1
2011-09-22,34,205,1
2011-09-22,34,347,1
2011-09-22,35,375,1
2011-09-22,35,380,1
2011-09-22,36,309,1
2011-09-22,36,496,1
2011-09-22,41,120,1
2011-09-22,41,408,1
2011-09-22,42,2235,1
2011-09-22,44,2408,1
2011-09-22,45,207,1
2011-09-22,45,303,1
2011-09-22,45,387,1
2011-09-22,50,606,1
2011-09-22,52,670,1
2011-09-22,75,317,1
2011-09-22,76,476,1
2011-09-22,84,507,1
2011-09-22,84,972,1
2011-09-22,87,179,1
2011-09-22,111,1478,1
2011-09-22,227,394,1
2011-09-23,1,6,1
2011-09-23,2,3,1
2011-09-23,2,289,1
2011-09-23,3,120,1
2011-09-23,3,146,1
2011-09-23,5,66,1
2011-09-23,6,6,1
2011-09-23,6,96,1
2011-09-23,7,114,1
2011-09-23,8,142,1
2011-09-23,9,26,1
2011-09-23,9,210,1
2011-09-23,9,309,1
2011-09-23,10,35,1
2011-09-23,10,53,1
2011-09-23,10,199,1
2011-09-23,12,424,1
2011-09-23,12,526,1
2011-09-23,14,336,1
2011-09-23,15,127,1
2011-09-23,17,1768,1
2011-09-23,18,258,1
2011-09-23,20,234,1
2011-09-23,21,128,1
2011-09-23,21,179,1
2011-09-23,22,147,1
2011-09-23,24,318,1
2011-09-23,24,556,1
2011-09-23,27,177,1
2011-09-23,27,447,1
2011-09-23,28,214,1
2011-09-23,28,320,1
2011-09-23,29,53,1
2011-09-23,29,319,1
2011-09-23,29,338,1
2011-09-23,30,426,1
2011-09-23,32,59,1
2011-09-23,32,292,1
2011-09-23,33,187,1
2011-09-23,37,424,1
2011-09-23,37,456,1
2011-09-23,37,475,1
2011-09-23,39,166,1
2011-09-23,39,1076,1
2011-09-23,40,112,1
2011-09-23,40,380,1
2011-09-23,42,235,1
2011-09-23,42,736,1
2011-09-23,44,472,1
2011-09-23,49,888,1
2011-09-23,51,559,1
2011-09-23,53,85,1
2011-09-23,58,105,1
2011-09-23,66,717,1
2011-09-23,74,315,1
2011-09-23,75,935,1
2011-09-23,76,467,1
2011-09-23,80,112,1
2011-09-23,87,227,1
2011-09-23,120,1242,1
2011-09-23,127,407,1
2011-09-23,133,359,1
2011-09-23,228,663,1
2011-09-23,256,585,1
2011-09-25,1,32,1
2011-09-25,2,12,1
2011-09-25,2,22,1
2011-09-25,2,216,1
2011-09-25,3,64,1
2011-09-25,5,80,1
2011-09-25,5,132,1
2011-09-25,6,70,1
2011-09-25,6,298,1
2011-09-25,7,58,1
2011-09-25,7,65,1
2011-09-25,7,118,1
2011-09-25,9,106,1
2011-09-25,10,108,1
2011-09-25,11,123,1
2011-09-25,11,330,1
2011-09-25,13,93,1
2011-09-25,13,100,1
2011-09-25,13,111,1
2011-09-25,14,139,1
2011-09-25,14,143,1
2011-09-25,14,248,1
2011-09-25,15,89,1
2011-09-25,15,129,1
2011-09-25,15,174,1
2011-09-25,16,114,1
2011-09-25,16,228,1
2011-09-25,16,272,1
2011-09-25,16,293,1
2011-09-25,17,174,1
2011-09-25,17,303,1
2011-09-25,17,373,1
2011-09-25,17,394,1
2011-09-25,18,184,1
2011-09-25,18,504,1
2011-09-25,19,160,1
2011-09-25,20,83,1
2011-09-25,20,342,1
2011-09-25,21,40,1
2011-09-25,21,169,1
2011-09-25,22,478,1
2011-09-25,23,129,1
2011-09-25,23,179,1
2011-09-25,23,490,1
2011-09-25,24,281,1
2011-09-25,24,620,1
2011-09-25,25,45,1
2011-09-25,25,241,1
2011-09-25,25,282,1
2011-09-25,25,319,1
2011-09-25,25,511,1
2011-09-25,26,410,1
2011-09-25,30,66,1
2011-09-25,30,800,1
2011-09-25,31,92,1
2011-09-25,32,266,1
2011-09-25,33,639,1
2011-09-25,34,644,1
2011-09-25,36,560,1
2011-09-25,37,366,1
2011-09-25,39,224,1
2011-09-25,40,264,1
2011-09-25,42,169,1
2011-09-25,44,84,1
2011-09-25,47,309,1
2011-09-25,48,567,1
2011-09-25,50,188,1
2011-09-25,53,64,1
2011-09-25,53,455,1
2011-09-25,61,416,1
2011-09-25,64,356,1
2011-09-25,85,104,1
2011-09-25,89,768,1
2011-09-25,106,1099,1
2011-09-25,114,320,1
2011-09-26,1,70,1
2011-09-26,2,31,1
2011-09-26,2,40,1
2011-09-26,3,18,1
2011-09-26,3,34,1
2011-09-26,4,11,1
2011-09-26,5,240,1
2011-09-26,6,78,1
2011-09-26,6,382,1
2011-09-26,7,25,1
2011-09-26,7,33,1
2011-09-26,7,57,1
2011-09-26,7,65,1
2011-09-26,7,88,1
2011-09-26,8,86,1
2011-09-26,8,106,1
2011-09-26,9,88,1
2011-09-26,9,132,1
2011-09-26,10,60,1
2011-09-26,10,89,1
2011-09-26,10,202,1
2011-09-26,11,117,1
2011-09-26,11,128,1
2011-09-26,12,210,1
2011-09-26,13,136,1
2011-09-26,13,224,1
2011-09-26,14,217,1
2011-09-26,14,370,1
2011-09-26,15,76,1
2011-09-26,15,100,1
2011-09-26,15,228,1
2011-09-26,16,166,1
2011-09-26,16,323,1
2011-09-26,17,91,1
2011-09-26,17,141,1
2011-09-26,17,181,1
2011-09-26,18,260,1
2011-09-26,19,1038,1
2011-09-26,20,204,1
2011-09-26,20,448,1
2011-09-26,20,690,1
2011-09-26,21,161,1
2011-09-26,21,214,1
2011-09-26,21,223,1
2011-09-26,22,71,1
2011-09-26,22,185,1
2011-09-26,22,231,1
2011-09-26,23,258,1
2011-09-26,26,600,1
2011-09-26,27,132,1
2011-09-26,28,121,1
2011-09-26,28,327,1
2011-09-26,29,454,1
2011-09-26,30,297,1
2011-09-26,36,503,1
2011-09-26,37,213,1
2011-09-26,37,256,1
2011-09-26,39,402,1
2011-09-26,40,800,1
2011-09-26,42,222,1
2011-09-26,47,204,1
2011-09-26,48,481,1
2011-09-26,48,564,1
2011-09-26,49,177,1
2011-09-26,334,936,1
2011-09-27,1,6,2
2011-09-27,1,8,1
2011-09-27,1,50,1
2011-09-27,1,168,1
2011-09-27,2,7,1
2011-09-27,2,20,1
2011-09-27,2,208,1
2011-09-27,2,216,1
2011-09-27,3,24,1
2011-09-27,3,56,1
2011-09-27,3,62,1
2011-09-27,4,40,1
2011-09-27,4,46,1
2011-09-27,4,76,1
2011-09-27,4,480,1
2011-09-27,5,132,1
2011-09-27,5,536,1
2011-09-27,6,274,1
2011-09-27,6,1264,1
2011-09-27,7,81,1
2011-09-27,7,186,1
2011-09-27,7,266,1
2011-09-27,8,29,1
2011-09-27,8,32,1
2011-09-27,8,69,1
2011-09-27,8,178,1
2011-09-27,9,64,1
2011-09-27,9,66,1
2011-09-27,9,124,1
2011-09-27,9,717,1
2011-09-27,10,232,1
2011-09-27,10,478,1
2011-09-27,10,614,1
2011-09-27,11,45,1
2011-09-27,11,58,1
2011-09-27,11,77,1
2011-09-27,11,152,1
2011-09-27,12,380,1
2011-09-27,13,110,1
2011-09-27,14,111,1
2011-09-27,14,118,1
2011-09-27,14,277,1
2011-09-27,15,250,1
2011-09-27,15,432,1
2011-09-27,16,128,1
2011-09-27,16,133,1
2011-09-27,17,30,1
2011-09-27,17,202,1
2011-09-27,18,116,1
2011-09-27,18,206,1
2011-09-27,18,322,1
2011-09-27,20,118,1
2011-09-27,20,169,1
2011-09-27,20,266,1
2011-09-27,21,342,1
2011-09-27,22,97,1
2011-09-27,22,208,1
2011-09-27,22,340,1
2011-09-27,23,122,1
2011-09-27,23,471,1
2011-09-27,25,512,1
2011-09-27,26,522,1
2011-09-27,32,86,1
2011-09-27,34,444,1
2011-09-27,34,539,1
2011-09-27,35,908,1
2011-09-27,38,144,1
2011-09-27,40,356,1
2011-09-27,42,120,1
2011-09-27,47,194,1
2011-09-27,54,639,1
2011-09-27,54,649,1
2011-09-27,58,1321,1
2011-09-27,64,504,1
2011-09-27,101,665,1
2011-09-27,124,366,1
2011-09-27,125,425,1
2011-09-27,274,1222,1
2011-09-28,1,10,1
2011-09-28,1,20,1
2011-09-28,1,48,1
2011-09-28,1,720,1
2011-09-28,2,36,2
2011-09-28,2,232,1
2011-09-28,2,300,1
2011-09-28,2,600,1
2011-09-28,3,16,1
2011-09-28,3,92,1
2011-09-28,4,61,1
2011-09-28,4,70,1
2011-09-28,4,130,1
2011-09-28,4,784,1
2011-09-28,6,44,1
2011-09-28,6,254,1
2011-09-28,7,92,1
2011-09-28,8,116,1
2011-09-28,8,130,1
2011-09-28,8,228,1
2011-09-28,9,72,1
2011-09-28,9,84,1
2011-09-28,9,88,1
2011-09-28,10,107,1
2011-09-28,10,128,1
2011-09-28,11,108,1
2011-09-28,11,172,1
2011-09-28,11,612,1
2011-09-28,11,991,1
2011-09-28,13,51,1
2011-09-28,13,113,1
2011-09-28,15,102,1
2011-09-28,15,139,1
2011-09-28,15,149,1
2011-09-28,15,192,1
2011-09-28,16,58,1
2011-09-28,17,87,1
2011-09-28,17,934,1
2011-09-28,18,172,1
2011-09-28,18,436,1
2011-09-28,18,700,1
2011-09-28,19,68,1
2011-09-28,19,75,1
2011-09-28,19,163,1
2011-09-28,19,273,1
2011-09-28,20,167,1
2011-09-28,20,201,1
2011-09-28,21,34,1
2011-09-28,21,264,1
2011-09-28,22,85,1
2011-09-28,22,222,1
2011-09-28,23,540,1
2011-09-28,24,208,1
2011-09-28,25,294,1
2011-09-28,25,486,1
2011-09-28,26,333,1
2011-09-28,27,228,1
2011-09-28,28,265,1
2011-09-28,28,666,1
2011-09-28,31,264,1
2011-09-28,32,44,1
2011-09-28,32,180,1
2011-09-28,37,301,1
2011-09-28,38,108,1
2011-09-28,39,263,1
2011-09-28,39,437,1
2011-09-28,41,280,1
2011-09-28,41,404,1
2011-09-28,44,493,1
2011-09-28,48,75,1
2011-09-28,53,214,1
2011-09-28,62,315,1
2011-09-28,68,176,1
2011-09-28,68,549,1
2011-09-28,68,1076,1
2011-09-28,73,1073,1
2011-09-28,75,214,1
2011-09-28,91,1217,1
2011-09-28,92,191,1
2011-09-28,140,1633,1
2011-09-28,148,303,1
2011-09-28,187,302,1
2011-09-28,241,486,1
2011-09-28,263,669,1
2011-09-29,1,10,2
2011-09-29,1,12,2
2011-09-29,1,16,1
2011-09-29,1,24,2
2011-09-29,1,60,1
2011-09-29,1,125,1
2011-09-29,2,15,1
2011-09-29,2,20,1
2011-09-29,2,34,1
2011-09-29,2,40,1
2011-09-29,3,146,1
2011-09-29,4,24,1
2011-09-29,4,40,1
2011-09-29,4,216,1
2011-09-29,5,80,1
2011-09-29,5,285,1
2011-09-29,5,874,1
2011-09-29,8,67,1
2011-09-29,8,70,1
2011-09-29,8,120,1
2011-09-29,8,176,1
2011-09-29,9,86,1
2011-09-29,10,71,1
2011-09-29,10,112,1
2011-09-29,10,116,1
2011-09-29,10,128,1
2011-09-29,11,90,1
2011-09-29,12,162,1
2011-09-29,12,168,1
2011-09-29,12,200,1
2011-09-29,12,201,1
2011-09-29,12,222,1
2011-09-29,12,1340,1
2011-09-29,13,28,1
2011-09-29,13,84,1
2011-09-29,13,133,1
2011-09-29,14,75,1
2011-09-29,14,100,1
2011-09-29,14,160,1
2011-09-29,14,204,1
2011-09-29,15,133,1
2011-09-29,15,182,1
2011-09-29,16,126,1
2011-09-29,16,1000,1
2011-09-29,17,153,1
2011-09-29,17,166,1
2011-09-29,17,195,1
2011-09-29,17,248,1
2011-09-29,17,286,1
2011-09-29,18,35,1
2011-09-29,18,79,1
2011-09-29,18,201,1
2011-09-29,18,212,1
2011-09-29,18,234,1
2011-09-29,18,891,1
2011-09-29,19,110,1
2011-09-29,19,176,1
2011-09-29,19,196,1
2011-09-29,20,77,1
2011-09-29,20,163,1
2011-09-29,20,205,1
2011-09-29,20,223,1
2011-09-29,20,353,1
2011-09-29,21,411,1
2011-09-29,23,187,1
2011-09-29,23,271,1
2011-09-29,23,321,1
2011-09-29,23,454,1
2011-09-29,24,267,1
2011-09-29,24,372,1
2011-09-29,27,218,1
2011-09-29,27,466,1
2011-09-29,28,120,1
2011-09-29,28,335,1
2011-09-29,28,350,1
2011-09-29,28,416,1
2011-09-29,32,253,1
2011-09-29,32,380,1
2011-09-29,33,50,1
2011-09-29,35,565,1
2011-09-29,36,465,1
2011-09-29,37,274,1
2011-09-29,39,524,1
2011-09-29,40,211,1
2011-09-29,42,507,1
2011-09-29,43,206,1
2011-09-29,45,339,1
2011-09-29,46,494,1
2011-09-29,48,441,1
2011-09-29,50,704,1
2011-09-29,51,604,1
2011-09-29,51,872,1
2011-09-29,54,194,1
2011-09-29,57,67,1
2011-09-29,57,901,1
2011-09-29,62,288,1
2011-09-29,67,709,1
2011-09-29,70,253,1
2011-09-29,74,1153,1
2011-09-29,85,494,1
2011-09-29,219,497,1
2011-09-30,1,1,1
2011-09-30,1,12,2
2011-09-30,1,200,1
2011-09-30,1,384,1
2011-09-30,1,1000,1
2011-09-30,1,1200,1
2011-09-30,2,2,1
2011-09-30,2,14,1
2011-09-30,2,40,1
2011-09-30,2,288,1
2011-09-30,3,18,1
2011-09-30,3,84,1
2011-09-30,4,28,1
2011-09-30,4,184,1
2011-09-30,5,26,1
2011-09-30,5,60,1
2011-09-30,6,108,1
2011-09-30,6,144,1
2011-09-30,6,145,1
2011-09-30,7,20,1
2011-09-30,7,204,1
2011-09-30,8,137,1
2011-09-30,9,82,1
2011-09-30,9,126,1
2011-09-30,9,350,1
2011-09-30,10,111,1
2011-09-30,11,51,1
2011-09-30,12,87,1
2011-09-30,12,130,1
2011-09-30,12,162,1
2011-09-30,12,600,1
2011-09-30,13,49,1
2011-09-30,13,165,1
2011-09-30,13,173,1
2011-09-30,13,239,1
2011-09-30,15,176,1
2011-09-30,16,154,1
2011-09-30,16,157,1
2011-09-30,16,172,1
2011-09-30,16,175,1
2011-09-30,16,183,1
2011-09-30,16,428,1
2011-09-30,18,385,1
2011-09-30,19,268,1
2011-09-30,19,306,1
2011-09-30,20,302,1
2011-09-30,20,390,1
2011-09-30,21,192,1
2011-09-30,21,666,1
2011-09-30,23,108,1
2011-09-30,23,157,1
2011-09-30,23,387,1
2011-09-30,26,118,1
2011-09-30,26,710,1
2011-09-30,27,2720,1
2011-09-30,30,293,1
2011-09-30,33,251,1
2011-09-30,33,327,1
2011-09-30,40,370,1
2011-09-30,45,560,1
2011-09-30,46,396,1
2011-09-30,48,554,1
2011-09-30,49,364,1
2011-09-30,52,181,1
2011-09-30,61,1286,1
2011-09-30,69,339,1
2011-09-30,69,565,1
2011-09-30,76,757,1
2011-09-30,77,284,1
2011-09-30,101,338,1
2011-09-30,129,361,1
2011-09-30,248,522,1
2011-10-02,1,48,1
2011-10-02,2,4,1
2011-10-02,2,68,1
2011-10-02,3,302,1
2011-10-02,6,10,1
2011-10-02,9,1976,1
2011-10-02,10,41,1
2011-10-02,14,181,1
2011-10-02,17,31,1
2011-10-02,17,85,1
2011-10-02,18,92,1
2011-10-02,19,77,1
2011-10-02,20,152,1
2011-10-02,25,64,1
2011-10-02,25,87,1
2011-10-02,29,185,1
2011-10-02,30,119,1
2011-10-02,32,112,1
2011-10-02,32,159,1
2011-10-02,35,200,1
2011-10-02,38,153,1
2011-10-02,40,401,1
2011-10-02,45,309,1
2011-10-02,47,217,1
2011-10-02,54,217,1
2011-10-02,59,126,1
2011-10-02,63,287,1
2011-10-02,65,162,1
2011-10-02,66,319,1
2011-10-02,67,292,1
2011-10-02,73,151,1
2011-10-02,75,646,1
2011-10-02,90,207,1
2011-10-02,135,307,1
2011-10-02,163,598,1
2011-10-03,1,3,1
2011-10-03,1,114,1
2011-10-03,1,120,1
2011-10-03,1,200,2
2011-10-03,1,250,1
2011-10-03,2,5,1
2011-10-03,3,1160,1
2011-10-03,4,125,1
2011-10-03,5,100,1
2011-10-03,5,200,1
2011-10-03,6,104,1
2011-10-03,6,600,1
2011-10-03,7,56,1
2011-10-03,8,1514,1
2011-10-03,9,38,1
2011-10-03,10,116,1
2011-10-03,11,63,1
2011-10-03,11,286,1
2011-10-03,12,211,1
2011-10-03,13,300,1
2011-10-03,13,314,1
2011-10-03,13,1702,1
2011-10-03,13,1764,1
2011-10-03,14,192,1
2011-10-03,15,58,1
2011-10-03,15,113,1
2011-10-03,15,212,1
2011-10-03,16,96,1
2011-10-03,16,114,1
2011-10-03,16,153,1
2011-10-03,16,318,1
2011-10-03,17,234,1
2011-10-03,17,552,1
2011-10-03,18,192,1
2011-10-03,18,1934,1
2011-10-03,19,195,1
2011-10-03,19,916,1
2011-10-03,21,139,1
2011-10-03,21,279,1
2011-10-03,23,211,1
2011-10-03,25,189,1
2011-10-03,27,195,1
2011-10-03,27,281,1
2011-10-03,30,329,1
2011-10-03,30,346,1
2011-10-03,33,448,1
2011-10-03,35,258,1
2011-10-03,35,354,1
2011-10-03,36,170,1
2011-10-03,38,618,1
2011-10-03,39,460,1
2011-10-03,40,340,1
2011-10-03,42,158,1
2011-10-03,46,799,1
2011-10-03,51,255,1
2011-10-03,53,581,1
2011-10-03,56,138,1
2011-10-03,62,677,1
2011-10-03,63,1127,1
2011-10-03,75,378,1
2011-10-03,76,156,1
2011-10-03,106,368,1
2011-10-03,236,574,1
2011-10-03,260,602,1
2011-10-03,284,709,1
2011-10-04,1,1,2
2011-10-04,1,4,1
2011-10-04,1,10,1
2011-10-04,1,33,1
2011-10-04,1,72,1
2011-10-04,1,80,1
2011-10-04,1,112,1
2011-10-04,1,192,1
2011-10-04,1,600,1
2011-10-04,2,2,1
2011-10-04,2,4,1
2011-10-04,2,12,1
2011-10-04,2,20,1
2011-10-04,2,768,1
2011-10-04,3,110,1
2011-10-04,3,408,1
2011-10-04,3,2584,1
2011-10-04,4,72,1
2011-10-04,5,34,1
2011-10-04,5,202,1
2011-10-04,6,292,1
2011-10-04,7,90,1
2011-10-04,8,36,1
2011-10-04,8,472,1
2011-10-04,9,64,1
2011-10-04,9,80,1
2011-10-04,11,142,1
2011-10-04,12,63,1
2011-10-04,13,55,1
2011-10-04,14,242,1
2011-10-04,14,426,1
2011-10-04,14,662,1
2011-10-04,14,874,1
2011-10-04,15,116,1
2011-10-04,15,174,1
2011-10-04,15,179,1
2011-10-04,15,208,1
2011-10-04,15,214,1
2011-10-04,16,116,1
2011-10-04,18,130,1
2011-10-04,18,374,1
2011-10-04,19,193,1
2011-10-04,20,294,1
2011-10-04,21,55,1
2011-10-04,23,168,1
2011-10-04,24,127,1
2011-10-04,24,276,1
2011-10-04,24,322,1
2011-10-04,25,372,1
2011-10-04,30,61,1
2011-10-04,30,275,1
2011-10-04,32,95,1
2011-10-04,33,307,1
2011-10-04,35,157,1
2011-10-04,35,399,1
2011-10-04,36,327,1
2011-10-04,36,750,1
2011-10-04,37,440,1
2011-10-04,38,511,1
2011-10-04,43,526,1
2011-10-04,45,257,1
2011-10-04,46,459,1
2011-10-04,47,218,1
2011-10-04,47,489,1
2011-10-04,47,548,1
2011-10-04,52,64,1
2011-10-04,52,456,1
2011-10-04,56,535,1
2011-10-04,61,334,1
2011-10-04,65,146,1
2011-10-04,70,1893,1
2011-10-04,74,474,1
2011-10-04,83,187,1
2011-10-04,83,240,1
2011-10-04,88,1064,1
2011-10-04,93,248,1
2011-10-04,96,310,1
2011-10-04,125,559,1
2011-10-04,140,216,1
2011-10-04,216,364,1
2011-10-04,291,523,1
2011-10-05,1,1,2
2011-10-05,1,2,1
2011-10-05,1,4,2
2011-10-05,1,12,1
2011-10-05,1,22,1
2011-10-05,1,24,2
2011-10-05,1,216,1
2011-10-05,1,240,1
2011-10-05,2,25,1
2011-10-05,2,120,1
2011-10-05,2,132,1
2011-10-05,3,3,1
2011-10-05,3,38,1
2011-10-05,3,52,1
2011-10-05,3,210,1
2011-10-05,4,5,1
2011-10-05,4,32,1
2011-10-05,4,324,1
2011-10-05,5,44,1
2011-10-05,5,150,1
2011-10-05,6,35,1
2011-10-05,6,40,1
2011-10-05,6,62,1
2011-10-05,6,74,1
2011-10-05,7,30,1
2011-10-05,7,87,1
2011-10-05,8,63,1
2011-10-05,8,93,1
2011-10-05,9,45,1
2011-10-05,10,72,1
2011-10-05,10,160,1
2011-10-05,10,546,1
2011-10-05,10,5000,1
2011-10-05,11,170,1
2011-10-05,12,356,1
2011-10-05,13,13,1
2011-10-05,13,152,1
2011-10-05,13,2788,1
2011-10-05,15,104,1
2011-10-05,15,107,1
2011-10-05,16,22,1
2011-10-05,16,119,1
2011-10-05,16,170,1
2011-10-05,16,251,1
2011-10-05,17,160,1
2011-10-05,18,254,1
2011-10-05,18,366,1
2011-10-05,18,444,1
2011-10-05,19,165,1
2011-10-05,19,175,1
2011-10-05,19,218,1
2011-10-05,19,237,1
2011-10-05,19,257,1
2011-10-05,20,533,1
2011-10-05,21,246,1
2011-10-05,22,203,1
2011-10-05,22,286,1
2011-10-05,23,200,1
2011-10-05,23,217,1
2011-10-05,23,263,1
2011-10-05,24,245,1
2011-10-05,25,186,1
2011-10-05,25,475,1
2011-10-05,25,7020,1
2011-10-05,26,287,1
2011-10-05,26,290,1
2011-10-05,26,540,1
2011-10-05,27,962,1
2011-10-05,28,128,1
2011-10-05,28,626,1
2011-10-05,29,324,1
2011-10-05,29,395,1
2011-10-05,29,493,1
2011-10-05,31,327,1
2011-10-05,33,291,1
2011-10-05,33,2085,1
2011-10-05,34,253,1
2011-10-05,34,307,1
2011-10-05,35,188,1
2011-10-05,37,105,1
2011-10-05,39,186,1
2011-10-05,45,938,1
2011-10-05,47,782,1
2011-10-05,62,725,1
2011-10-05,64,229,1
2011-10-05,68,208,1
2011-10-05,81,6895,1
2011-10-05,88,885,1
2011-10-05,100,1650,1
2011-10-05,113,1019,1
2011-10-05,115,204,1
2011-10-05,128,217,1
2011-10-05,216,354,1
2011-10-06,1,1,2
2011-10-06,1,2,2
2011-10-06,1,4,3
2011-10-06,1,20,1
2011-10-06,1,800,1
2011-10-06,2,12,1
2011-10-06,2,20,1
2011-10-06,2,242,1
2011-10-06,3,34,1
2011-10-06,3,158,1
2011-10-06,4,21,1
2011-10-06,4,230,1
2011-10-06,4,536,1
2011-10-06,5,13,1
2011-10-06,5,28,1
2011-10-06,5,45,1
2011-10-06,5,432,1
2011-10-06,5,744,1
2011-10-06,6,34,1
2011-10-06,6,38,1
2011-10-06,6,50,1
2011-10-06,6,88,1
2011-10-06,6,216,1
2011-10-06,6,332,1
2011-10-06,6,344,1
2011-10-06,6,1300,1
2011-10-06,7,26,1
2011-10-06,7,66,1
2011-10-06,7,73,1
2011-10-06,7,190,1
2011-10-06,7,454,1
2011-10-06,8,24,1
2011-10-06,8,29,1
2011-10-06,8,91,1
2011-10-06,8,94,1
2011-10-06,8,204,1
2011-10-06,8,212,1
2011-10-06,8,276,1
2011-10-06,9,160,1
2011-10-06,9,182,1
2011-10-06,10,61,1
2011-10-06,10,220,1
2011-10-06,11,57,1
2011-10-06,11,72,1
2011-10-06,11,112,1
2011-10-06,11,148,1
2011-10-06,11,170,1
2011-10-06,11,187,1
2011-10-06,12,74,1
2011-10-06,12,84,1
2011-10-06,12,244,1
2011-10-06,13,142,1
2011-10-06,14,110,1
2011-10-06,14,136,2
2011-10-06,15,15,1
2011-10-06,15,1600,1
2011-10-06,16,125,1
2011-10-06,16,175,1
2011-10-06,16,194,1
2011-10-06,16,278,1
2011-10-06,16,388,1
2011-10-06,17,91,1
2011-10-06,17,97,1
2011-10-06,17,176,1
2011-10-06,18,40,1
2011-10-06,18,98,1
2011-10-06,18,259,1
2011-10-06,19,124,1
2011-10-06,19,151,1
2011-10-06,20,177,1
2011-10-06,20,222,1
2011-10-06,20,370,1
2011-10-06,21,211,1
2011-10-06,21,399,1
2011-10-06,21,600,1
2011-10-06,21,6016,1
2011-10-06,22,178,1
2011-10-06,22,249,1
2011-10-06,22,259,1
2011-10-06,23,228,1
2011-10-06,23,235,1
2011-10-06,23,265,1
2011-10-06,23,267,1
2011-10-06,24,73,1
2011-10-06,24,84,1
2011-10-06,24,146,1
2011-10-06,24,189,1
2011-10-06,24,255,1
2011-10-06,26,295,1
2011-10-06,26,315,1
2011-10-06,27,238,1
2011-10-06,27,394,1
2011-10-06,28,68,1
2011-10-06,28,292,1
2011-10-06,28,298,1
2011-10-06,29,170,1
2011-10-06,30,525,1
2011-10-06,32,476,1
2011-10-06,35,133,1
2011-10-06,36,299,1
2011-10-06,41,78,1
2011-10-06,41,137,1
2011-10-06,41,392,1
2011-10-06,44,570,1
2011-10-06,45,156,1
2011-10-06,58,190,1
2011-10-06,58,1261,1
2011-10-06,59,862,1
2011-10-06,61,849,1
2011-10-06,69,102,1
2011-10-06,75,234,1
2011-10-06,104,311,1
2011-10-06,127,1326,1
2011-10-06,181,1043,1
2011-10-06,239,595,1
2011-10-06,253,558,1
2011-10-07,1,1,1
2011-10-07,1,2,2
2011-10-07,1,6,1
2011-10-07,1,12,1
2011-10-07,1,16,1
2011-10-07,1,60,1
2011-10-07,2,2,1
2011-10-07,3,6,1
2011-10-07,3,148,1
2011-10-07,3,300,1
2011-10-07,4,32,1
2011-10-07,4,224,1
2011-10-07,4,2304,1
2011-10-07,5,628,1
2011-10-07,6,59,1
2011-10-07,6,65,1
2011-10-07,6,84,1
2011-10-07,6,512,1
2011-10-07,6,964,1
2011-10-07,7,15,1
2011-10-07,7,36,1
2011-10-07,7,176,1
2011-10-07,8,180,1
2011-10-07,8,4176,1
2011-10-07,9,174,1
2011-10-07,9,324,1
2011-10-07,9,342,1
2011-10-07,10,56,1
2011-10-07,10,64,1
2011-10-07,10,122,1
2011-10-07,10,184,1
2011-10-07,10,211,1
2011-10-07,11,146,1
2011-10-07,12,204,1
2011-10-07,12,270,1
2011-10-07,14,96,1
2011-10-07,14,100,1
2011-10-07,15,147,1
2011-10-07,15,728,1
2011-10-07,15,1026,1
2011-10-07,16,97,1
2011-10-07,16,208,1
2011-10-07,16,275,1
2011-10-07,17,180,1
2011-10-07,21,225,1
2011-10-07,21,306,1
2011-10-07,21,343,1
2011-10-07,22,160,1
2011-10-07,23,141,1
2011-10-07,23,254,1
2011-10-07,23,1292,1
2011-10-07,24,346,1
2011-10-07,25,316,1
2011-10-07,27,145,1
2011-10-07,27,342,1
2011-10-07,28,160,1
2011-10-07,28,232,1
2011-10-07,29,345,1
2011-10-07,30,351,1
2011-10-07,31,140,1
2011-10-07,31,293,1
2011-10-07,32,336,1
2011-10-07,33,459,1
2011-10-07,33,1469,1
2011-10-07,34,92,1
2011-10-07,35,50,1
2011-10-07,39,353,1
2011-10-07,39,600,1
2011-10-07,39,617,1
2011-10-07,40,357,1
2011-10-07,41,250,1
2011-10-07,43,532,1
2011-10-07,47,101,1
2011-10-07,50,87,1
2011-10-07,51,448,1
2011-10-07,53,500,2
2011-10-07,53,852,1
2011-10-07,54,510,1
2011-10-07,61,95,1
2011-10-07,66,174,1
2011-10-07,69,496,1
2011-10-07,80,180,1
2011-10-07,80,500,1
2011-10-07,114,249,1
2011-10-07,318,776,1
2011-10-09,1,3,1
2011-10-09,3,22,1
2011-10-09,3,31,1
2011-10-09,7,10,1
2011-10-09,7,78,1
2011-10-09,8,127,1
2011-10-09,8,142,1
2011-10-09,10,17,1
2011-10-09,10,96,1
2011-10-09,12,130,1
2011-10-09,17,135,1
2011-10-09,17,141,1
2011-10-09,20,22,1
2011-10-09,20,49,1
2011-10-09,21,87,1
2011-10-09,26,108,1
2011-10-09,28,128,1
2011-10-09,29,50,1
2011-10-09,29,123,1
2011-10-09,29,203,1
2011-10-09,32,67,1
2011-10-09,32,1524,1
2011-10-09,34,94,1
2011-10-09,34,416,1
2011-10-09,36,129,1
2011-10-09,36,449,1
2011-10-09,37,356,1
2011-10-09,39,109,1
2011-10-09,41,106,1
2011-10-09,46,78,1
2011-10-09,50,780,1
2011-10-09,53,186,1
2011-10-09,55,386,1
2011-10-09,56,75,1
2011-10-09,59,175,1
2011-10-09,60,171,1
2011-10-09,84,286,1
2011-10-09,85,335,1
2011-10-09,87,132,1
2011-10-10,1,2,1
2011-10-10,1,5,1
2011-10-10,1,10,1
2011-10-10,1,12,2
2011-10-10,1,20,1
2011-10-10,1,24,1
2011-10-10,1,40,2
2011-10-10,1,100,1
2011-10-10,1,200,1
2011-10-10,2,2,1
2011-10-10,2,4,1
2011-10-10,2,24,1
2011-10-10,2,360,1
2011-10-10,3,18,1
2011-10-10,3,144,1
2011-10-10,3,192,1
2011-10-10,4,4,1
2011-10-10,4,5,1
2011-10-10,4,33,1
2011-10-10,4,60,1
2011-10-10,4,96,1
2011-10-10,4,388,1
2011-10-10,6,13,1
2011-10-10,6,62,1
2011-10-10,7,60,1
2011-10-10,7,94,1
2011-10-10,7,148,1
2011-10-10,8,205,1
2011-10-10,8,744,1
2011-10-10,8,2904,1
2011-10-10,9,61,1
2011-10-10,9,68,1
2011-10-10,9,198,1
2011-10-10,11,19,1
2011-10-10,11,34,1
2011-10-10,11,99,1
2011-10-10,11,105,1
2011-10-10,11,129,1
2011-10-10,11,172,1
2011-10-10,12,147,1
2011-10-10,12,233,1
2011-10-10,12,244,1
2011-10-10,13,72,1
2011-10-10,14,112,1
2011-10-10,15,158,1
2011-10-10,16,124,1
2011-10-10,16,194,1
2011-10-10,17,34,1
2011-10-10,17,363,1
2011-10-10,18,54,1
2011-10-10,18,130,1
2011-10-10,18,213,1
2011-10-10,19,144,1
2011-10-10,20,106,1
2011-10-10,20,218,1
2011-10-10,20,901,1
2011-10-10,21,336,1
2011-10-10,21,908,1
2011-10-10,22,182,1
2011-10-10,23,50,1
2011-10-10,23,320,1
2011-10-10,24,295,1
2011-10-10,24,326,1
2011-10-10,25,238,1
2011-10-10,26,198,1
2011-10-10,27,124,1
2011-10-10,29,123,1
2011-10-10,29,1263,1
2011-10-10,30,72,1
2011-10-10,31,45,1
2011-10-10,32,156,1
2011-10-10,34,133,1
2011-10-10,38,352,1
2011-10-10,42,371,1
2011-10-10,45,459,1
2011-10-10,50,466,1
2011-10-10,52,707,1
2011-10-10,53,500,1
2011-10-10,55,138,1
2011-10-10,56,168,1
2011-10-10,56,276,1
2011-10-10,56,451,1
2011-10-10,57,185,1
2011-10-10,65,850,1
2011-10-10,71,323,1
2011-10-10,73,243,1
2011-10-10,76,227,1
2011-10-10,76,262,1
2011-10-10,78,646,1
2011-10-10,83,158,1
2011-10-10,83,177,1
2011-10-10,99,152,1
2011-10-10,101,1228,1
2011-10-10,138,863,1
2011-10-10,153,419,1
2011-10-10,237,626,1
2011-10-10,352,778,1
2011-10-11,1,1,1
2011-10-11,1,4,1
2011-10-11,1,10,1
2011-10-11,1,36,1
2011-10-11,2,2,1
2011-10-11,3,24,1
2011-10-11,3,72,1
2011-10-11,3,91,1
2011-10-11,4,8,1
2011-10-11,4,60,1
2011-10-11,4,85,1
2011-10-11,4,116,1
2011-10-11,5,35,1
2011-10-11,5,44,1
2011-10-11,5,47,1
2011-10-11,5,60,1
2011-10-11,6,60,1
2011-10-11,6,100,1
2011-10-11,7,57,1
2011-10-11,7,127,1
2011-10-11,7,259,1
2011-10-11,7,1164,1
2011-10-11,8,123,1
2011-10-11,8,4176,1
2011-10-11,9,67,1
2011-10-11,9,116,1
2011-10-11,10,120,1
2011-10-11,11,135,1
2011-10-11,12,37,1
2011-10-11,12,65,1
2011-10-11,12,122,1
2011-10-11,12,138,1
2011-10-11,12,172,1
2011-10-11,12,438,1
2011-10-11,14,107,1
2011-10-11,14,115,1
2011-10-11,14,160,1
2011-10-11,15,263,1
2011-10-11,15,279,1
2011-10-11,16,153,1
2011-10-11,16,158,1
2011-10-11,17,54,1
2011-10-11,17,160,1
2011-10-11,17,344,1
2011-10-11,18,199,1
2011-10-11,19,132,1
2011-10-11,19,311,1
2011-10-11,20,234,1
2011-10-11,20,416,1
2011-10-11,21,1570,1
2011-10-11,22,185,1
2011-10-11,22,260,1
2011-10-11,22,278,1
2011-10-11,22,762,1
2011-10-11,23,260,1
2011-10-11,24,170,1
2011-10-11,24,538,1
2011-10-11,25,83,1
2011-10-11,25,232,1
2011-10-11,29,115,1
2011-10-11,29,252,1
2011-10-11,30,237,1
2011-10-11,31,276,1
2011-10-11,31,306,1
2011-10-11,33,388,1
2011-10-11,35,195,1
2011-10-11,37,447,1
2011-10-11,41,771,1
2011-10-11,42,422,1
2011-10-11,50,206,1
2011-10-11,54,551,1
2011-10-11,57,210,1
2011-10-11,58,183,1
2011-10-11,60,1704,1
2011-10-11,62,582,1
2011-10-11,68,486,1
2011-10-11,73,543,1
2011-10-11,90,889,1
2011-10-11,243,541,1
2011-10-11,259,2801,1
2011-10-11,292,756,1
2011-10-12,1,2,1
2011-10-12,1,6,1
2011-10-12,1,12,1
2011-10-12,1,40,2
2011-10-12,1,48,1
2011-10-12,1,72,1
2011-10-12,1,96,1
2011-10-12,2,72,1
2011-10-12,2,76,1
2011-10-12,2,80,1
2011-10-12,3,17,1
2011-10-12,3,44,1
2011-10-12,4,26,1
2011-10-12,4,48,1
2011-10-12,4,60,1
2011-10-12,4,64,1
2011-10-12,5,7,1
2011-10-12,5,13,1
2011-10-12,5,35,1
2011-10-12,5,100,1
2011-10-12,6,46,1
2011-10-12,6,57,1
2011-10-12,7,22,1
2011-10-12,7,50,1
2011-10-12,7,90,1
2011-10-12,8,68,1
2011-10-12,8,98,1
2011-10-12,9,67,1
2011-10-12,9,83,1
2011-10-12,9,108,2
2011-10-12,9,150,1
2011-10-12,10,109,1
2011-10-12,10,115,1
2011-10-12,10,140,1
2011-10-12,11,14,1
2011-10-12,11,75,1
2011-10-12,11,104,1
2011-10-12,12,121,1
2011-10-12,12,160,1
2011-10-12,12,162,1
2011-10-12,12,194,1
2011-10-12,12,230,1
2011-10-12,13,196,1
2011-10-12,14,93,1
2011-10-12,14,116,1
2011-10-12,14,140,1
2011-10-12,16,77,1
2011-10-12,17,159,1
2011-10-12,17,328,1
2011-10-12,18,38,1
2011-10-12,18,160,1
2011-10-12,19,129,1
2011-10-12,19,410,1
2011-10-12,20,335,1
2011-10-12,20,372,1
2011-10-12,21,97,1
2011-10-12,21,248,1
2011-10-12,21,258,1
2011-10-12,21,324,1
2011-10-12,22,168,1
2011-10-12,22,218,1
2011-10-12,23,203,1
2011-10-12,24,322,1
2011-10-12,28,189,1
2011-10-12,28,360,1
2011-10-12,29,276,1
2011-10-12,29,766,1
2011-10-12,32,391,1
2011-10-12,33,471,1
2011-10-12,34,189,1
2011-10-12,35,357,1
2011-10-12,37,1158,1
2011-10-12,38,171,1
2011-10-12,38,990,1
2011-10-12,39,406,1
2011-10-12,41,86,1
2011-10-12,41,403,1
2011-10-12,42,608,1
2011-10-12,45,418,1
2011-10-12,48,637,1
2011-10-12,49,510,1
2011-10-12,133,359,1
2011-10-12,261,501,1
2011-10-12,282,671,1
2011-10-13,1,1,1
2011-10-13,1,2,1
2011-10-13,1,4,3
2011-10-13,1,12,1
2011-10-13,1,24,1
2011-10-13,2,10,1
2011-10-13,3,3,1
2011-10-13,3,192,1
2011-10-13,4,60,1
2011-10-13,4,108,1
2011-10-13,4,542,1
2011-10-13,5,26,1
2011-10-13,5,27,1
2011-10-13,5,32,1
2011-10-13,5,34,1
2011-10-13,6,103,1
2011-10-13,6,120,1
2011-10-13,7,64,1
2011-10-13,9,48,1
2011-10-13,10,52,1
2011-10-13,10,120,1
2011-10-13,11,75,1
2011-10-13,11,122,1
2011-10-13,11,380,1
2011-10-13,12,67,1
2011-10-13,12,171,1
2011-10-13,13,276,1
2011-10-13,14,60,1
2011-10-13,14,77,1
2011-10-13,15,37,1
2011-10-13,15,68,1
2011-10-13,16,146,1
2011-10-13,18,92,1
2011-10-13,18,172,1
2011-10-13,18,178,1
2011-10-13,20,97,1
2011-10-13,20,147,1
2011-10-13,20,214,1
2011-10-13,20,247,1
2011-10-13,21,25,1
2011-10-13,21,181,1
2011-10-13,21,258,1
2011-10-13,22,1941,1
2011-10-13,23,230,1
2011-10-13,23,312,1
2011-10-13,26,171,1
2011-10-13,26,347,1
2011-10-13,27,62,1
2011-10-13,27,361,1
2011-10-13,29,303,1
2011-10-13,30,232,1
2011-10-13,30,318,1
2011-10-13,31,128,1
2011-10-13,31,268,1
2011-10-13,32,46,1
2011-10-13,32,52,1
2011-10-13,34,567,1
2011-10-13,36,128,1
2011-10-13,36,424,1
2011-10-13,36,746,1
2011-10-13,41,93,1
2011-10-13,50,1283,1
2011-10-13,53,508,1
2011-10-13,55,200,1
2011-10-13,57,351,1
2011-10-13,61,884,1
2011-10-13,78,878,1
2011-10-13,100,238,1
2011-10-13,105,657,1
2011-10-13,112,520,1
2011-10-13,131,502,1
2011-10-13,138,444,1
2011-10-13,151,391,1
2011-10-13,189,478,1
2011-10-14,1,1,1
2011-10-14,1,6,1
2011-10-14,1,8,1
2011-10-14,1,10,2
2011-10-14,1,12,2
2011-10-14,1,36,1
2011-10-14,1,54,1
2011-10-14,1,72,1
2011-10-14,1,300,1
2011-10-14,2,3,1
2011-10-14,2,48,2
2011-10-14,2,112,1
2011-10-14,3,31,1
2011-10-14,3,36,1
2011-10-14,4,46,1
2011-10-14,4,55,1
2011-10-14,6,38,1
2011-10-14,6,206,1
2011-10-14,7,98,1
2011-10-14,10,97,1
2011-10-14,11,326,1
2011-10-14,12,72,1
2011-10-14,12,226,1
2011-10-14,12,588,1
2011-10-14,14,31,1
2011-10-14,14,134,1
2011-10-14,14,264,1
2011-10-14,15,307,1
2011-10-14,15,1006,1
2011-10-14,16,198,1
2011-10-14,17,180,1
2011-10-14,17,1046,1
2011-10-14,18,132,1
2011-10-14,18,352,1
2011-10-14,19,173,1
2011-10-14,19,176,1
2011-10-14,20,240,2
2011-10-14,22,226,1
2011-10-14,24,112,1
2011-10-14,24,288,1
2011-10-14,25,291,1
2011-10-14,25,650,1
2011-10-14,26,690,1
2011-10-14,27,232,1
2011-10-14,27,333,1
2011-10-14,31,148,1
2011-10-14,31,154,1
2011-10-14,31,173,1
2011-10-14,31,226,1
2011-10-14,32,316,1
2011-10-14,32,599,1
2011-10-14,33,211,1
2011-10-14,34,326,1
2011-10-14,35,188,1
2011-10-14,37,444,1
2011-10-14,39,146,1
2011-10-14,39,882,1
2011-10-14,40,315,1
2011-10-14,50,114,1
2011-10-14,50,485,1
2011-10-14,50,680,1
2011-10-14,54,451,1
2011-10-14,57,114,1
2011-10-14,68,664,1
2011-10-14,74,584,1
2011-10-14,76,308,1
2011-10-14,87,457,1
2011-10-14,210,356,1
2011-10-16,1,1,1
2011-10-16,1,360,2
2011-10-16,8,69,2
2011-10-16,8,100,1
2011-10-16,10,35,1
2011-10-16,13,117,1
2011-10-16,15,98,1
2011-10-16,17,45,1
2011-10-16,17,101,1
2011-10-16,19,55,1
2011-10-16,26,253,1
2011-10-16,26,311,1
2011-10-16,29,101,1
2011-10-16,30,72,1
2011-10-16,31,133,1
2011-10-16,33,163,1
2011-10-16,34,282,1
2011-10-16,35,115,1
2011-10-16,35,177,1
2011-10-16,36,475,1
2011-10-16,37,108,1
2011-10-16,41,128,1
2011-10-16,47,146,1
2011-10-16,50,88,1
2011-10-16,50,157,1
2011-10-16,52,364,1
2011-10-16,63,125,1
2011-10-16,65,202,1
2011-10-16,74,1411,1
2011-10-16,79,233,1
2011-10-16,79,375,1
2011-10-16,80,316,1
2011-10-16,96,1624,1
2011-10-17,1,36,1
2011-10-17,1,288,1
2011-10-17,2,12,1
2011-10-17,2,38,1
2011-10-17,2,200,1
2011-10-17,2,246,1
2011-10-17,2,340,1
2011-10-17,3,7,1
2011-10-17,4,186,1
2011-10-17,5,46,1
2011-10-17,5,52,1
2011-10-17,5,62,1
2011-10-17,5,74,1
2011-10-17,5,85,1
2011-10-17,5,668,1
2011-10-17,6,70,1
2011-10-17,6,202,1
2011-10-17,6,1300,1
2011-10-17,7,33,1
2011-10-17,7,76,1
2011-10-17,7,84,1
2011-10-17,8,11,1
2011-10-17,8,21,1
2011-10-17,8,49,1
2011-10-17,9,103,1
2011-10-17,9,456,1
2011-10-17,10,69,1
2011-10-17,10,79,1
2011-10-17,11,41,1
2011-10-17,11,773,1
2011-10-17,12,182,1
2011-10-17,12,244,1
2011-10-17,13,13,1
2011-10-17,13,67,1
2011-10-17,13,222,1
2011-10-17,13,884,1
2011-10-17,14,160,1
2011-10-17,15,66,1
2011-10-17,16,400,1
2011-10-17,16,572,1
2011-10-17,17,280,1
2011-10-17,17,658,1
2011-10-17,18,203,1
2011-10-17,19,208,1
2011-10-17,19,486,1
2011-10-17,20,185,1
2011-10-17,21,197,1
2011-10-17,22,202,1
2011-10-17,22,377,1
2011-10-17,23,51,1
2011-10-17,23,311,1
2011-10-17,24,377,1
2011-10-17,25,365,1
2011-10-17,25,463,1
2011-10-17,26,227,1
2011-10-17,27,131,1
2011-10-17,27,467,1
2011-10-17,28,222,1
2011-10-17,28,272,1
2011-10-17,30,365,1
2011-10-17,30,5952,1
2011-10-17,31,616,1
2011-10-17,33,106,1
2011-10-17,35,73,1
2011-10-17,35,476,1
2011-10-17,35,532,1
2011-10-17,36,80,1
2011-10-17,38,223,1
2011-10-17,39,168,1
2011-10-17,40,268,1
2011-10-17,42,317,1
2011-10-17,43,207,1
2011-10-17,51,101,1
2011-10-17,53,87,1
2011-10-17,53,322,1
2011-10-17,55,200,1
2011-10-17,55,599,1
2011-10-17,65,593,1
2011-10-17,74,145,1
2011-10-17,85,239,1
2011-10-17,88,912,1
2011-10-17,89,250,1
2011-10-17,89,654,1
2011-10-17,98,1550,1
2011-10-17,133,366,1
2011-10-17,331,783,1
2011-10-17,363,994,1
2011-10-18,1,1,2
2011-10-18,1,4,1
2011-10-18,1,240,1
2011-10-18,1,400,1
2011-10-18,1,504,1
2011-10-18,2,7,1
2011-10-18,2,10,1
2011-10-18,2,40,1
2011-10-18,2,144,1
2011-10-18,2,420,1
2011-10-18,4,15,1
2011-10-18,4,46,1
2011-10-18,4,51,1
2011-10-18,5,188,1
2011-10-18,5,230,1
2011-10-18,6,117,1
2011-10-18,7,1172,1
2011-10-18,8,55,1
2011-10-18,8,152,1
2011-10-18,8,172,1
2011-10-18,8,560,1
2011-10-18,9,44,1
2011-10-18,9,82,1
2011-10-18,9,148,1
2011-10-18,10,106,1
2011-10-18,10,112,1
2011-10-18,10,116,1
2011-10-18,11,80,1
2011-10-18,11,160,1
2011-10-18,11,220,1
2011-10-18,11,300,1
2011-10-18,12,108,1
2011-10-18,12,184,1
2011-10-18,12,280,1
2011-10-18,14,154,1
2011-10-18,14,182,1
2011-10-18,14,369,1
2011-10-18,15,105,1
2011-10-18,15,128,1
2011-10-18,16,302,1
2011-10-18,16,440,1
2011-10-18,17,138,1
2011-10-18,17,159,1
2011-10-18,19,228,1
2011-10-18,20,170,1
2011-10-18,20,188,1
2011-10-18,20,237,1
2011-10-18,20,378,1
2011-10-18,21,279,1
2011-10-18,21,343,1
2011-10-18,21,1201,1
2011-10-18,23,342,1
2011-10-18,24,218,1
2011-10-18,26,359,1
2011-10-18,27,200,1
2011-10-18,27,236,1
2011-10-18,28,96,1
2011-10-18,28,269,1
2011-10-18,28,283,1
2011-10-18,29,792,1
2011-10-18,30,295,1
2011-10-18,35,142,1
2011-10-18,38,490,1
2011-10-18,39,289,1
2011-10-18,40,721,1
2011-10-18,43,165,1
2011-10-18,45,68,1
2011-10-18,45,244,1
2011-10-18,48,161,1
2011-10-18,52,228,1
2011-10-18,53,488,1
2011-10-18,55,632,1
2011-10-18,56,146,1
2011-10-18,61,451,1
2011-10-18,65,638,1
2011-10-18,65,846,1
2011-10-18,66,297,1
2011-10-18,91,128,1
2011-10-18,119,933,1
2011-10-18,125,221,1
2011-10-18,163,314,1
2011-10-18,202,5918,1
2011-10-18,263,560,1
2011-10-18,287,667,1
2011-10-19,1,1,3
2011-10-19,1,2,1
2011-10-19,1,3,1
2011-10-19,1,24,2
2011-10-19,2,2,2
2011-10-19,2,3,1
2011-10-19,2,5,1
2011-10-19,2,60,1
2011-10-19,2,68,1
2011-10-19,2,72,1
2011-10-19,2,360,1
2011-10-19,3,5,1
2011-10-19,3,74,1
2011-10-19,3,432,1
2011-10-19,4,236,1
2011-10-19,4,576,1
2011-10-19,5,7,1
2011-10-19,5,46,1
2011-10-19,5,128,1
2011-10-19,6,66,1
2011-10-19,6,68,1
2011-10-19,6,78,1
2011-10-19,6,269,1
2011-10-19,7,83,1
2011-10-19,7,115,1
2011-10-19,7,158,1
2011-10-19,8,91,1
2011-10-19,8,187,1
2011-10-19,8,290,1
2011-10-19,9,53,1
2011-10-19,9,82,1
2011-10-19,10,192,1
2011-10-19,11,314,1
2011-10-19,13,84,1
2011-10-19,13,146,1
2011-10-19,13,292,1
2011-10-19,13,408,1
2011-10-19,14,259,1
2011-10-19,14,307,1
2011-10-19,15,143,1
2011-10-19,15,176,1
2011-10-19,15,201,1
2011-10-19,16,170,1
2011-10-19,16,440,1
2011-10-19,16,566,1
2011-10-19,17,254,1
2011-10-19,18,134,1
2011-10-19,18,165,1
2011-10-19,19,132,1
2011-10-19,21,49,1
2011-10-19,21,404,1
2011-10-19,22,158,1
2011-10-19,23,153,1
2011-10-19,23,534,1
2011-10-19,24,240,1
2011-10-19,25,407,1
2011-10-19,27,546,1
2011-10-19,28,380,1
2011-10-19,29,256,1
2011-10-19,30,135,1
2011-10-19,31,45,1
2011-10-19,35,290,1
2011-10-19,35,370,1
2011-10-19,37,261,1
2011-10-19,42,209,1
2011-10-19,44,395,1
2011-10-19,58,711,1
2011-10-19,59,151,1
2011-10-19,59,216,1
2011-10-19,63,684,1
2011-10-19,70,623,1
2011-10-19,75,173,1
2011-10-19,75,542,1
2011-10-19,79,917,1
2011-10-19,94,488,1
2011-10-19,143,301,1
2011-10-19,157,560,1
2011-10-19,160,406,1
2011-10-19,260,571,1
2011-10-20,1,2,2
2011-10-20,1,12,1
2011-10-20,1,20,1
2011-10-20,1,24,1
2011-10-20,1,72,1
2011-10-20,1,144,1
2011-10-20,1,1728,1
2011-10-20,2,8,1
2011-10-20,2,12,1
2011-10-20,2,14,1
2011-10-20,2,30,1
2011-10-20,2,36,1
2011-10-20,3,312,1
2011-10-20,4,32,2
2011-10-20,4,40,1
2011-10-20,4,48,1
2011-10-20,4,240,1
2011-10-20,5,31,1
2011-10-20,6,31,1
2011-10-20,6,224,1
2011-10-20,7,13,1
2011-10-20,7,19,1
2011-10-20,7,48,1
2011-10-20,7,72,1
2011-10-20,8,25,1
2011-10-20,8,102,1
2011-10-20,9,96,1
2011-10-20,10,26,1
2011-10-20,10,74,1
2011-10-20,10,106,1
2011-10-20,10,173,1
2011-10-20,11,135,1
2011-10-20,13,164,1
2011-10-20,14,137,1
2011-10-20,14,210,1
2011-10-20,14,253,1
2011-10-20,15,95,1
2011-10-20,15,118,1
2011-10-20,16,125,1
2011-10-20,16,166,1
2011-10-20,16,270,1
2011-10-20,16,1006,1
2011-10-20,17,157,1
2011-10-20,17,200,1
2011-10-20,18,311,1
2011-10-20,19,251,1
2011-10-20,20,161,1
2011-10-20,20,3020,1
2011-10-20,21,179,1
2011-10-20,21,210,1
2011-10-20,21,409,1
2011-10-20,22,243,1
2011-10-20,23,287,1
2011-10-20,23,293,1
2011-10-20,24,554,1
2011-10-20,26,47,1
2011-10-20,27,39,1
2011-10-20,29,91,1
2011-10-20,30,76,1
2011-10-20,32,68,1
2011-10-20,33,294,1
2011-10-20,38,418,1
2011-10-20,38,450,1
2011-10-20,38,524,1
2011-10-20,39,169,1
2011-10-20,40,69,1
2011-10-20,40,291,1
2011-10-20,42,490,1
2011-10-20,44,418,1
2011-10-20,44,552,1
2011-10-20,48,524,1
2011-10-20,49,189,1
2011-10-20,51,165,1
2011-10-20,52,246,1
2011-10-20,52,491,1
2011-10-20,54,161,1
2011-10-20,54,192,1
2011-10-20,56,247,1
2011-10-20,69,1047,1
2011-10-20,76,709,1
2011-10-20,84,4462,1
2011-10-20,95,221,1
2011-10-20,100,1642,1
2011-10-20,125,13392,1
2011-10-20,222,418,1
2011-10-21,1,600,1
2011-10-21,2,18,1
2011-10-21,2,20,1
2011-10-21,2,28,1
2011-10-21,3,22,2
2011-10-21,3,55,1
2011-10-21,4,4,1
2011-10-21,4,94,1
2011-10-21,6,48,1
2011-10-21,6,52,1
2011-10-21,6,140,1
2011-10-21,7,28,1
2011-10-21,7,660,1
2011-10-21,7,1920,1
2011-10-21,9,68,1
2011-10-21,9,82,1
2011-10-21,9,152,1
2011-10-21,9,414,1
2011-10-21,10,66,1
2011-10-21,10,106,1
2011-10-21,11,197,1
2011-10-21,11,201,1
2011-10-21,11,3176,1
2011-10-21,12,94,1
2011-10-21,12,129,1
2011-10-21,12,160,1
2011-10-21,12,177,1
2011-10-21,12,240,1
2011-10-21,13,29,1
2011-10-21,13,60,1
2011-10-21,13,68,1
2011-10-21,13,76,1
2011-10-21,13,190,1
2011-10-21,15,106,1
2011-10-21,15,270,1
2011-10-21,16,115,1
2011-10-21,16,1780,1
2011-10-21,16,2782,1
2011-10-21,18,204,1
2011-10-21,22,218,1
2011-10-21,22,1040,1
2011-10-21,23,158,1
2011-10-21,23,176,1
2011-10-21,23,178,1
2011-10-21,23,215,1
2011-10-21,24,489,1
2011-10-21,26,334,1
2011-10-21,28,249,1
2011-10-21,31,436,1
2011-10-21,33,319,1
2011-10-21,33,543,1
2011-10-21,42,634,1
2011-10-21,44,487,1
2011-10-21,44,651,1
2011-10-21,44,729,1
2011-10-21,49,574,1
2011-10-21,49,607,1
2011-10-21,60,564,1
2011-10-21,61,208,1
2011-10-21,73,145,1
2011-10-21,75,536,1
2011-10-21,76,244,1
2011-10-21,81,393,1
2011-10-23,5,8,1
2011-10-23,8,55,1
2011-10-23,9,11,1
2011-10-23,11,45,1
2011-10-23,11,108,1
2011-10-23,12,17,1
2011-10-23,15,74,1
2011-10-23,17,38,1
2011-10-23,18,62,1
2011-10-23,19,52,1
2011-10-23,19,147,1
2011-10-23,20,79,1
2011-10-23,21,38,1
2011-10-23,21,58,1
2011-10-23,21,100,1
2011-10-23,23,49,1
2011-10-23,23,87,1
2011-10-23,23,254,1
2011-10-23,28,172,1
2011-10-23,29,174,1
2011-10-23,30,302,1
2011-10-23,31,84,1
2011-10-23,32,102,1
2011-10-23,34,56,1
2011-10-23,34,105,1
2011-10-23,35,310,1
2011-10-23,39,123,1
2011-10-23,40,58,1
2011-10-23,50,174,1
2011-10-23,50,213,1
2011-10-23,51,237,1
2011-10-23,61,529,1
2011-10-23,62,212,1
2011-10-23,77,218,1
2011-10-23,83,587,1
2011-10-23,84,215,1
2011-10-23,85,302,1
2011-10-23,105,321,1
2011-10-23,107,227,1
2011-10-23,129,350,1
2011-10-23,150,718,1
2011-10-24,1,1,1
2011-10-24,1,6,1
2011-10-24,1,21,1
2011-10-24,1,36,1
2011-10-24,1,48,1
2011-10-24,1,100,1
2011-10-24,1,200,1
2011-10-24,1,600,1
2011-10-24,3,7,1
2011-10-24,3,72,1
2011-10-24,3,180,1
2011-10-24,4,34,1
2011-10-24,4,472,1
2011-10-24,4,792,1
2011-10-24,5,22,1
2011-10-24,5,34,1
2011-10-24,5,74,1
2011-10-24,5,196,1
2011-10-24,5,1872,1
2011-10-24,6,50,1
2011-10-24,6,126,1
2011-10-24,6,190,1
2011-10-24,7,85,1
2011-10-24,7,264,1
2011-10-24,7,316,1
2011-10-24,8,58,1
2011-10-24,8,175,1
2011-10-24,8,189,1
2011-10-24,9,55,1
2011-10-24,9,2344,1
2011-10-24,10,90,1
2011-10-24,11,134,1
2011-10-24,11,1100,1
2011-10-24,12,205,1
2011-10-24,13,18,1
2011-10-24,14,70,1
2011-10-24,15,143,1
2011-10-24,15,145,1
2011-10-24,15,220,1
2011-10-24,16,65,1
2011-10-24,16,126,1
2011-10-24,16,268,1
2011-10-24,18,208,1
2011-10-24,18,217,1
2011-10-24,18,1416,1
2011-10-24,19,262,1
2011-10-24,20,141,1
2011-10-24,20,172,1
2011-10-24,23,25,1
2011-10-24,23,156,1
2011-10-24,23,396,1
2011-10-24,24,200,1
2011-10-24,24,289,1
2011-10-24,24,354,1
2011-10-24,24,484,1
2011-10-24,26,91,1
2011-10-24,26,365,1
2011-10-24,26,510,1
2011-10-24,29,140,1
2011-10-24,29,322,1
2011-10-24,29,532,1
2011-10-24,29,880,1
2011-10-24,31,470,1
2011-10-24,32,66,1
2011-10-24,34,569,1
2011-10-24,36,131,1
2011-10-24,39,478,1
2011-10-24,41,138,1
2011-10-24,65,234,1
2011-10-24,72,453,1
2011-10-24,73,125,1
2011-10-24,89,179,1
2011-10-24,97,1020,1
2011-10-24,126,356,1
2011-10-24,167,391,1
2011-10-24,240,604,1
2011-10-24,279,651,1
2011-10-24,286,589,1
2011-10-24,351,842,1
2011-10-25,1,1,1
2011-10-25,1,5,1
2011-10-25,1,6,1
2011-10-25,1,24,1
2011-10-25,2,2,1
2011-10-25,2,24,1
2011-10-25,2,1524,1
2011-10-25,3,123,1
2011-10-25,3,1000,1
2011-10-25,5,22,1
2011-10-25,5,340,1
2011-10-25,6,120,1
2011-10-25,7,198,1
2011-10-25,7,384,1
2011-10-25,9,228,1
2011-10-25,10,128,1
2011-10-25,10,284,1
2011-10-25,11,98,1
2011-10-25,11,201,1
2011-10-25,12,31,1
2011-10-25,12,141,1
2011-10-25,12,166,1
2011-10-25,12,338,1
2011-10-25,13,58,1
2011-10-25,13,174,1
2011-10-25,13,232,1
2011-10-25,13,946,1
2011-10-25,14,42,1
2011-10-25,14,297,1
2011-10-25,15,174,1
2011-10-25,15,330,1
2011-10-25,15,1389,1
2011-10-25,18,172,1
2011-10-25,19,91,1
2011-10-25,19,216,1
2011-10-25,19,350,1
2011-10-25,20,81,1
2011-10-25,21,50,1
2011-10-25,21,193,1
2011-10-25,22,231,1
2011-10-25,22,482,1
2011-10-25,23,247,1
2011-10-25,23,292,1
2011-10-25,24,251,1
2011-10-25,24,380,1
2011-10-25,25,288,1
2011-10-25,27,209,1
2011-10-25,27,281,1
2011-10-25,27,285,1
2011-10-25,29,56,1
2011-10-25,29,331,1
2011-10-25,31,233,1
2011-10-25,31,414,1
2011-10-25,33,389,1
2011-10-25,37,403,1
2011-10-25,39,136,1
2011-10-25,39,227,1
2011-10-25,39,520,1
2011-10-25,41,498,1
2011-10-25,44,242,1
2011-10-25,44,376,1
2011-10-25,46,649,1
2011-10-25,47,142,1
2011-10-25,47,835,1
2011-10-25,48,520,1
2011-10-25,50,126,1
2011-10-25,53,2017,1
2011-10-25,57,273,1
2011-10-25,65,511,1
2011-10-25,66,743,1
2011-10-25,68,347,1
2011-10-25,76,295,1
2011-10-25,84,1389,1
2011-10-25,105,469,1
2011-10-25,130,376,1
2011-10-25,154,380,1
2011-10-25,262,559,1
2011-10-26,1,1,1
2011-10-26,1,3,1
2011-10-26,1,12,1
2011-10-26,1,36,1
2011-10-26,1,72,1
2011-10-26,1,117,1
2011-10-26,1,400,1
2011-10-26,1,960,2
2011-10-26,2,4,1
2011-10-26,2,198,1
2011-10-26,3,18,1
2011-10-26,3,20,1
2011-10-26,3,24,1
2011-10-26,3,100,1
2011-10-26,3,146,1
2011-10-26,3,168,1
2011-10-26,3,216,1
2011-10-26,3,260,1
2011-10-26,3,672,1
2011-10-26,4,48,1
2011-10-26,5,42,1
2011-10-26,5,68,1
2011-10-26,5,100,1
2011-10-26,5,180,1
2011-10-26,5,600,1
2011-10-26,6,45,1
2011-10-26,6,99,1
2011-10-26,6,321,1
2011-10-26,7,53,1
2011-10-26,7,222,1
2011-10-26,7,253,1
2011-10-26,7,1502,1
2011-10-26,8,15,1
2011-10-26,8,59,1
2011-10-26,8,107,1
2011-10-26,9,29,1
2011-10-26,9,162,1
2011-10-26,11,218,1
2011-10-26,11,746,1
2011-10-26,12,43,1
2011-10-26,13,33,1
2011-10-26,14,120,1
2011-10-26,14,174,1
2011-10-26,15,69,1
2011-10-26,15,106,1
2011-10-26,15,117,1
2011-10-26,15,137,1
2011-10-26,15,139,1
2011-10-26,15,164,1
2011-10-26,16,112,1
2011-10-26,16,130,1
2011-10-26,16,170,1
2011-10-26,16,1167,1
2011-10-26,17,130,1
2011-10-26,18,31,1
2011-10-26,19,70,1
2011-10-26,19,147,1
2011-10-26,20,380,1
2011-10-26,20,400,1
2011-10-26,21,85,1
2011-10-26,21,180,1
2011-10-26,21,240,1
2011-10-26,22,244,1
2011-10-26,22,446,1
2011-10-26,26,90,1
2011-10-26,26,207,1
2011-10-26,26,313,1
2011-10-26,27,483,1
2011-10-26,28,108,1
2011-10-26,29,55,1
2011-10-26,29,157,1
2011-10-26,29,164,1
2011-10-26,29,215,1
2011-10-26,29,272,1
2011-10-26,31,46,1
2011-10-26,31,144,1
2011-10-26,32,109,1
2011-10-26,32,209,1
2011-10-26,32,213,1
2011-10-26,33,332,1
2011-10-26,34,114,1
2011-10-26,34,294,1
2011-10-26,36,263,1
2011-10-26,36,326,1
2011-10-26,38,289,1
2011-10-26,38,556,1
2011-10-26,44,164,1
2011-10-26,50,189,1
2011-10-26,51,114,1
2011-10-26,54,187,1
2011-10-26,61,243,1
2011-10-26,173,494,1
2011-10-26,178,678,1
2011-10-27,1,10,1
2011-10-27,1,24,1
2011-10-27,1,36,1
2011-10-27,1,48,1
2011-10-27,1,72,1
2011-10-27,1,720,1
2011-10-27,1,1000,1
2011-10-27,1,2400,1
2011-10-27,2,8,1
2011-10-27,2,21,1
2011-10-27,2,300,1
2011-10-27,3,4,1
2011-10-27,4,21,1
2011-10-27,4,24,1
2011-10-27,4,25,1
2011-10-27,4,74,1
2011-10-27,4,258,1
2011-10-27,4,802,1
2011-10-27,5,38,1
2011-10-27,5,47,1
2011-10-27,5,260,1
2011-10-27,6,22,1
2011-10-27,6,44,1
2011-10-27,6,112,1
2011-10-27,7,90,1
2011-10-27,7,288,1
2011-10-27,8,94,1
2011-10-27,9,54,1
2011-10-27,9,80,1
2011-10-27,9,108,1
2011-10-27,9,202,1
2011-10-27,10,73,1
2011-10-27,10,76,1
2011-10-27,10,94,1
2011-10-27,10,116,1
2011-10-27,11,102,1
2011-10-27,11,111,1
2011-10-27,11,153,1
2011-10-27,12,78,1
2011-10-27,12,136,1
2011-10-27,12,237,1
2011-10-27,12,4936,1
2011-10-27,13,277,1
2011-10-27,13,386,1
2011-10-27,14,39,1
2011-10-27,14,136,1
2011-10-27,14,186,1
2011-10-27,14,250,1
2011-10-27,15,106,1
2011-10-27,15,145,2
2011-10-27,15,219,1
2011-10-27,16,101,1
2011-10-27,16,161,1
2011-10-27,16,357,1
2011-10-27,17,101,1
2011-10-27,18,120,1
2011-10-27,18,174,1
2011-10-27,18,190,1
2011-10-27,19,150,1
2011-10-27,20,122,1
2011-10-27,20,268,1
2011-10-27,21,173,1
2011-10-27,22,150,1
2011-10-27,22,297,1
2011-10-27,22,383,1
2011-10-27,23,206,1
2011-10-27,23,242,1
2011-10-27,24,71,1
2011-10-27,24,116,1
2011-10-27,25,3069,1
2011-10-27,26,270,1
2011-10-27,26,380,1
2011-10-27,26,401,1
2011-10-27,26,446,1
2011-10-27,26,810,1
2011-10-27,27,286,1
2011-10-27,28,99,1
2011-10-27,31,321,1
2011-10-27,32,56,1
2011-10-27,32,83,1
2011-10-27,32,243,1
2011-10-27,32,249,1
2011-10-27,33,583,1
2011-10-27,34,281,1
2011-10-27,34,495,1
2011-10-27,35,310,1
2011-10-27,37,90,1
2011-10-27,38,442,1
2011-10-27,40,63,1
2011-10-27,40,439,1
2011-10-27,41,148,1
2011-10-27,53,130,1
2011-10-27,53,250,1
2011-10-27,53,626,1
2011-10-27,54,576,1
2011-10-27,55,455,1
2011-10-27,58,1114,1
2011-10-27,63,603,1
2011-10-27,69,245,1
2011-10-27,89,214,1
2011-10-27,105,286,1
2011-10-27,137,808,1
2011-10-27,223,338,1
2011-10-28,1,1,4
2011-10-28,1,2,1
2011-10-28,1,5,1
2011-10-28,1,15,1
2011-10-28,1,36,1
2011-10-28,1,48,3
2011-10-28,1,1992,1
2011-10-28,2,8,1
2011-10-28,2,120,1
2011-10-28,2,126,1
2011-10-28,3,3,1
2011-10-28,3,108,2
2011-10-28,3,208,1
2011-10-28,4,22,1
2011-10-28,4,46,1
2011-10-28,4,206,1
2011-10-28,5,5,1
2011-10-28,5,42,1
2011-10-28,6,7,1
2011-10-28,6,68,1
2011-10-28,6,252,1
2011-10-28,6,816,1
2011-10-28,7,7,1
2011-10-28,7,45,1
2011-10-28,7,74,1
2011-10-28,7,107,1
2011-10-28,7,146,1
2011-10-28,8,166,1
2011-10-28,9,10,1
2011-10-28,10,63,1
2011-10-28,10,64,1
2011-10-28,10,168,1
2011-10-28,11,120,1
2011-10-28,11,262,1
2011-10-28,11,264,1
2011-10-28,12,160,1
2011-10-28,13,183,1
2011-10-28,14,136,1
2011-10-28,14,224,1
2011-10-28,15,20,1
2011-10-28,15,120,1
2011-10-28,17,109,1
2011-10-28,18,150,1
2011-10-28,19,132,1
2011-10-28,19,145,1
2011-10-28,19,281,1
2011-10-28,20,356,1
2011-10-28,22,37,1
2011-10-28,22,178,1
2011-10-28,22,3917,1
2011-10-28,23,296,1
2011-10-28,24,438,1
2011-10-28,26,164,1
2011-10-28,28,263,1
2011-10-28,28,711,1
2011-10-28,29,108,1
2011-10-28,30,366,1
2011-10-28,31,273,1
2011-10-28,38,160,1
2011-10-28,41,457,1
2011-10-28,44,433,1
2011-10-28,49,451,1
2011-10-28,56,285,1
2011-10-28,60,5202,1
2011-10-28,62,107,1
2011-10-28,62,233,1
2011-10-28,65,505,1
2011-10-28,70,329,1
2011-10-28,70,331,1
2011-10-28,74,409,1
2011-10-28,84,171,1
2011-10-28,157,364,1
2011-10-30,1,4,1
2011-10-30,1,6,1
2011-10-30,1,12,1
2011-10-30,1,100,1
2011-10-30,2,24,1
2011-10-30,2,28,1
2011-10-30,2,72,1
2011-10-30,2,84,1
2011-10-30,3,28,1
2011-10-30,3,80,1
2011-10-30,4,18,1
2011-10-30,4,79,1
2011-10-30,4,130,1
2011-10-30,4,139,1
2011-10-30,5,24,1
2011-10-30,5,84,1
2011-10-30,6,73,1
2011-10-30,6,88,1
2011-10-30,7,13,1
2011-10-30,7,117,1
2011-10-30,7,126,1
2011-10-30,7,132,1
2011-10-30,8,93,1
2011-10-30,8,260,1
2011-10-30,9,56,1
2011-10-30,9,78,1
2011-10-30,10,55,1
2011-10-30,10,116,1
2011-10-30,10,231,1
2011-10-30,11,426,1
2011-10-30,12,62,1
2011-10-30,12,161,1
2011-10-30,14,74,1
2011-10-30,14,125,1
2011-10-30,14,177,1
2011-10-30,14,208,1
2011-10-30,15,82,1
2011-10-30,15,167,1
2011-10-30,15,196,1
2011-10-30,16,112,1
2011-10-30,16,213,1
2011-10-30,17,136,1
2011-10-30,17,138,1
2011-10-30,18,89,1
2011-10-30,18,118,1
2011-10-30,18,424,1
2011-10-30,20,182,1
2011-10-30,20,184,1
2011-10-30,21,51,1
2011-10-30,21,266,1
2011-10-30,21,313,1
2011-10-30,22,83,1
2011-10-30,22,297,1
2011-10-30,24,366,1
2011-10-30,25,228,1
2011-10-30,26,103,1
2011-10-30,26,353,1
2011-10-30,29,209,2
2011-10-30,30,131,1
2011-10-30,30,520,1
2011-10-30,33,162,1
2011-10-30,33,416,1
2011-10-30,35,94,1
2011-10-30,36,105,1
2011-10-30,37,63,1
2011-10-30,37,189,1
2011-10-30,38,857,1
2011-10-30,40,109,1
2011-10-30,40,157,1
2011-10-30,40,686,1
2011-10-30,41,109,1
2011-10-30,41,781,1
2011-10-30,43,148,1
2011-10-30,43,411,1
2011-10-30,44,214,1
2011-10-30,46,537,1
2011-10-30,52,151,1
2011-10-30,52,223,1
2011-10-30,53,230,1
2011-10-30,57,174,1
2011-10-30,57,205,1
2011-10-30,61,162,1
2011-10-30,61,175,1
2011-10-30,63,232,1
2011-10-30,63,256,1
2011-10-30,67,111,1
2011-10-30,72,192,1
2011-10-30,74,236,1
2011-10-30,78,328,1
2011-10-30,91,500,1
2011-10-30,98,290,1
2011-10-30,109,227,1
2011-10-30,115,1474,1
2011-10-30,130,368,1
2011-10-30,143,696,1
2011-10-31,1,12,1
2011-10-31,1,24,1
2011-10-31,1,48,1
2011-10-31,2,2,1
2011-10-31,2,96,1
2011-10-31,2,154,1
2011-10-31,3,300,1
2011-10-31,5,32,1
2011-10-31,5,64,1
2011-10-31,5,90,1
2011-10-31,5,108,1
2011-10-31,5,184,1
2011-10-31,6,236,1
2011-10-31,6,244,1
2011-10-31,7,90,1
2011-10-31,7,196,1
2011-10-31,8,82,1
2011-10-31,8,125,1
2011-10-31,8,656,1
2011-10-31,9,52,1
2011-10-31,9,81,1
2011-10-31,10,76,1
2011-10-31,11,44,1
2011-10-31,11,59,1
2011-10-31,11,396,1
2011-10-31,12,128,1
2011-10-31,12,362,1
2011-10-31,13,146,1
2011-10-31,13,223,1
2011-10-31,13,240,1
2011-10-31,14,160,1
2011-10-31,15,100,1
2011-10-31,15,256,1
2011-10-31,16,273,1
2011-10-31,19,85,1
2011-10-31,19,112,1
2011-10-31,20,326,1
2011-10-31,22,234,1
2011-10-31,23,145,1
2011-10-31,24,54,1
2011-10-31,25,330,1
2011-10-31,25,334,1
2011-10-31,27,398,1
2011-10-31,27,455,1
2011-10-31,28,310,1
2011-10-31,29,122,1
2011-10-31,33,224,1
2011-10-31,33,280,1
2011-10-31,35,51,1
2011-10-31,35,601,1
2011-10-31,36,187,1
2011-10-31,36,391,1
2011-10-31,38,52,1
2011-10-31,38,353,1
2011-10-31,39,133,1
2011-10-31,39,628,1
2011-10-31,40,323,1
2011-10-31,47,676,1
2011-10-31,52,282,1
2011-10-31,53,357,1
2011-10-31,62,417,1
2011-10-31,65,164,1
2011-10-31,66,303,1
2011-10-31,67,373,1
2011-10-31,74,154,1
2011-10-31,102,314,1
2011-10-31,116,281,1
2011-10-31,144,344,1
2011-10-31,434,1264,1
2011-10-31,1112,5196,1
2011-11-01,1,20,1
2011-11-01,1,30,1
2011-11-01,1,32,1
2011-11-01,1,40,1
2011-11-01,1,48,1
2011-11-01,1,108,1
2011-11-01,2,18,1
2011-11-01,2,21,1
2011-11-01,2,48,1
2011-11-01,2,101,1
2011-11-01,4,60,1
2011-11-01,5,23,1
2011-11-01,5,48,1
2011-11-01,5,382,1
2011-11-01,5,396,1
2011-11-01,6,50,1
2011-11-01,6,60,1
2011-11-01,7,27,1
2011-11-01,7,726,1
2011-11-01,8,8,1
2011-11-01,8,31,1
2011-11-01,8,124,1
2011-11-01,8,258,1
2011-11-01,8,570,1
2011-11-01,9,84,1
2011-11-01,10,77,1
2011-11-01,10,112,1
2011-11-01,10,334,1
2011-11-01,11,16,1
2011-11-01,11,120,1
2011-11-01,11,158,1
2011-11-01,12,96,1
2011-11-01,12,177,1
2011-11-01,13,17,1
2011-11-01,13,101,1
2011-11-01,14,95,1
2011-11-01,14,117,1
2011-11-01,14,474,1
2011-11-01,14,530,1
2011-11-01,16,53,1
2011-11-01,17,127,1
2011-11-01,17,208,1
2011-11-01,17,214,1
2011-11-01,17,222,1
2011-11-01,17,394,1
2011-11-01,18,173,1
2011-11-01,19,192,1
2011-11-01,19,670,1
2011-11-01,20,53,1
2011-11-01,20,150,1
2011-11-01,20,421,1
2011-11-01,21,58,1
2011-11-01,21,281,1
2011-11-01,21,344,1
2011-11-01,21,433,1
2011-11-01,22,76,1
2011-11-01,22,296,1
2011-11-01,23,213,1
2011-11-01,23,264,1
2011-11-01,23,344,1
2011-11-01,23,376,1
2011-11-01,24,52,1
2011-11-01,25,81,1
2011-11-01,25,258,1
2011-11-01,26,288,1
2011-11-01,32,313,1
2011-11-01,32,464,1
2011-11-01,33,104,1
2011-11-01,33,334,1
2011-11-01,34,69,1
2011-11-01,38,201,1
2011-11-01,41,70,1
2011-11-01,41,72,1
2011-11-01,44,270,1
2011-11-01,47,71,1
2011-11-01,51,624,1
2011-11-01,52,94,1
2011-11-01,57,461,1
2011-11-01,78,814,1
2011-11-01,146,393,1
2011-11-01,156,497,1
2011-11-02,1,1,1
2011-11-02,1,24,1
2011-11-02,1,48,1
2011-11-02,1,216,2
2011-11-02,1,360,1
2011-11-02,1,3000,1
2011-11-02,2,56,1
2011-11-02,2,264,1
2011-11-02,2,1152,1
2011-11-02,3,92,1
2011-11-02,4,48,1
2011-11-02,5,100,1
2011-11-02,5,140,1
2011-11-02,6,313,1
2011-11-02,7,1400,1
2011-11-02,8,36,1
2011-11-02,8,114,1
2011-11-02,8,161,1
2011-11-02,8,190,1
2011-11-02,8,365,1
2011-11-02,9,66,1
2011-11-02,9,103,1
2011-11-02,9,109,1
2011-11-02,9,125,1
2011-11-02,9,168,1
2011-11-02,10,63,1
2011-11-02,10,117,1
2011-11-02,12,434,1
2011-11-02,13,95,1
2011-11-02,13,116,1
2011-11-02,13,176,1
2011-11-02,14,144,1
2011-11-02,15,72,1
2011-11-02,15,115,1
2011-11-02,15,302,1
2011-11-02,16,78,1
2011-11-02,16,198,1
2011-11-02,16,203,1
2011-11-02,16,238,1
2011-11-02,17,60,1
2011-11-02,17,98,1
2011-11-02,17,202,1
2011-11-02,17,744,1
2011-11-02,18,46,1
2011-11-02,18,159,1
2011-11-02,18,206,1
2011-11-02,18,214,1
2011-11-02,18,278,1
2011-11-02,19,29,1
2011-11-02,19,110,1
2011-11-02,19,239,1
2011-11-02,19,249,1
2011-11-02,20,254,1
2011-11-02,21,44,1
2011-11-02,21,288,1
2011-11-02,24,184,1
2011-11-02,24,410,1
2011-11-02,27,77,1
2011-11-02,27,270,1
2011-11-02,30,242,1
2011-11-02,30,343,1
2011-11-02,30,2454,1
2011-11-02,31,47,1
2011-11-02,32,904,1
2011-11-02,33,102,1
2011-11-02,34,85,1
2011-11-02,34,1161,1
2011-11-02,37,720,1
2011-11-02,38,362,1
2011-11-02,39,62,1
2011-11-02,39,415,1
2011-11-02,40,321,1
2011-11-02,41,192,1
2011-11-02,41,498,1
2011-11-02,42,582,1
2011-11-02,45,404,1
2011-11-02,45,639,1
2011-11-02,45,640,1
2011-11-02,55,127,1
2011-11-02,87,179,1
2011-11-02,93,556,1
2011-11-02,96,253,1
2011-11-02,403,861,1
2011-11-02,415,1033,1
2011-11-03,1,1,2
2011-11-03,1,4,1
2011-11-03,1,12,1
2011-11-03,1,20,1
2011-11-03,1,24,2
2011-11-03,1,100,1
2011-11-03,2,3,1
2011-11-03,2,16,1
2011-11-03,2,24,1
2011-11-03,2,36,1
2011-11-03,2,168,1
2011-11-03,2,388,1
2011-11-03,3,21,1
2011-11-03,3,32,1
2011-11-03,3,3840,1
2011-11-03,4,32,1
2011-11-03,4,39,1
2011-11-03,4,40,1
2011-11-03,5,56,1
2011-11-03,5,408,1
2011-11-03,5,832,1
2011-11-03,6,55,1
2011-11-03,6,1024,1
2011-11-03,7,140,1
2011-11-03,8,21,1
2011-11-03,8,50,1
2011-11-03,8,66,1
2011-11-03,9,92,1
2011-11-03,9,110,1
2011-11-03,9,169,1
2011-11-03,9,336,1
2011-11-03,9,560,1
2011-11-03,9,810,1
2011-11-03,9,2290,1
2011-11-03,10,87,1
2011-11-03,11,174,1
2011-11-03,11,183,1
2011-11-03,11,185,1
2011-11-03,12,42,1
2011-11-03,12,80,1
2011-11-03,12,124,1
2011-11-03,13,104,1
2011-11-03,13,119,1
2011-11-03,13,145,1
2011-11-03,13,374,1
2011-11-03,14,125,1
2011-11-03,14,145,1
2011-11-03,14,284,1
2011-11-03,15,225,1
2011-11-03,16,125,1
2011-11-03,16,157,1
2011-11-03,16,228,1
2011-11-03,17,116,1
2011-11-03,17,123,1
2011-11-03,17,372,1
2011-11-03,18,87,1
2011-11-03,18,128,1
2011-11-03,18,134,1
2011-11-03,18,192,1
2011-11-03,18,250,1
2011-11-03,18,297,1
2011-11-03,19,125,1
2011-11-03,20,162,1
2011-11-03,20,173,1
2011-11-03,20,236,1
2011-11-03,21,104,1
2011-11-03,21,1952,1
2011-11-03,21,4074,1
2011-11-03,22,59,1
2011-11-03,22,149,1
2011-11-03,22,253,1
2011-11-03,22,454,1
2011-11-03,23,510,1
2011-11-03,24,373,1
2011-11-03,25,418,1
2011-11-03,26,762,1
2011-11-03,28,120,1
2011-11-03,28,316,1
2011-11-03,28,372,1
2011-11-03,29,218,1
2011-11-03,29,336,1
2011-11-03,30,115,1
2011-11-03,30,423,1
2011-11-03,31,104,1
2011-11-03,33,117,1
2011-11-03,35,123,1
2011-11-03,38,121,1
2011-11-03,39,567,1
2011-11-03,46,293,1
2011-11-03,46,472,1
2011-11-03,52,162,1
2011-11-03,53,65,1
2011-11-03,53,457,1
2011-11-03,58,696,1
2011-11-03,63,130,1
2011-11-03,65,450,1
2011-11-03,79,426,1
2011-11-03,87,383,1
2011-11-03,90,166,1
2011-11-03,415,875,1
2011-11-04,1,1,2
2011-11-04,1,6,1
2011-11-04,1,20,1
2011-11-04,1,40,1
2011-11-04,1,360,1
2011-11-04,2,3,1
2011-11-04,2,8,1
2011-11-04,2,14,1
2011-11-04,2,18,1
2011-11-04,2,75,1
2011-11-04,2,348,1
2011-11-04,3,3,1
2011-11-04,3,13,1
2011-11-04,3,54,1
2011-11-04,3,184,1
2011-11-04,4,8,1
2011-11-04,4,16,1
2011-11-04,4,32,1
2011-11-04,5,260,1
2011-11-04,5,324,1
2011-11-04,6,71,1
2011-11-04,7,70,1
2011-11-04,7,156,1
2011-11-04,8,85,1
2011-11-04,8,108,1
2011-11-04,8,232,1
2011-11-04,9,62,1
2011-11-04,9,108,1
2011-11-04,9,134,1
2011-11-04,10,252,1
2011-11-04,10,412,1
2011-11-04,11,566,1
2011-11-04,11,4752,1
2011-11-04,12,154,1
2011-11-04,13,131,1
2011-11-04,13,1418,1
2011-11-04,14,234,1
2011-11-04,14,1776,1
2011-11-04,15,206,1
2011-11-04,15,264,1
2011-11-04,15,268,1
2011-11-04,16,144,1
2011-11-04,16,168,1
2011-11-04,16,183,1
2011-11-04,16,328,1
2011-11-04,16,1005,1
2011-11-04,17,174,1
2011-11-04,19,184,1
2011-11-04,19,199,1
2011-11-04,19,214,1
2011-11-04,20,184,1
2011-11-04,20,393,1
2011-11-04,20,518,1
2011-11-04,21,33,1
2011-11-04,22,279,1
2011-11-04,23,198,1
2011-11-04,23,308,1
2011-11-04,23,383,1
2011-11-04,25,131,1
2011-11-04,25,250,1
2011-11-04,25,381,1
2011-11-04,26,131,1
2011-11-04,26,186,1
2011-11-04,26,302,1
2011-11-04,27,79,1
2011-11-04,27,253,1
2011-11-04,28,145,1
2011-11-04,30,350,1
2011-11-04,33,160,1
2011-11-04,34,258,1
2011-11-04,37,157,1
2011-11-04,39,67,1
2011-11-04,40,151,1
2011-11-04,42,248,1
2011-11-04,48,117,1
2011-11-04,49,533,1
2011-11-04,50,204,1
2011-11-04,54,352,1
2011-11-04,55,553,1
2011-11-04,57,147,1
2011-11-04,58,304,1
2011-11-04,58,342,1
2011-11-04,63,327,1
2011-11-04,67,270,1
2011-11-04,70,753,1
2011-11-04,73,238,1
2011-11-04,112,224,1
2011-11-04,113,1283,1
2011-11-04,135,1627,1
2011-11-04,191,736,1
2011-11-04,208,4981,1
2011-11-04,346,941,1
2011-11-06,1,2,1
2011-11-06,1,4,1
2011-11-06,1,6,1
2011-11-06,1,10,1
2011-11-06,1,20,1
2011-11-06,1,144,1
2011-11-06,1,216,1
2011-11-06,2,4,1
2011-11-06,2,12,1
2011-11-06,2,24,1
2011-11-06,2,36,1
2011-11-06,3,4,1
2011-11-06,3,22,2
2011-11-06,3,90,1
2011-11-06,3,102,1
2011-11-06,4,18,1
2011-11-06,5,34,1
2011-11-06,5,106,1
2011-11-06,6,52,1
2011-11-06,6,66,1
2011-11-06,6,92,1
2011-11-06,6,93,1
2011-11-06,7,109,1
2011-11-06,8,58,1
2011-11-06,8,86,1
2011-11-06,8,160,1
2011-11-06,10,21,1
2011-11-06,10,105,1
2011-11-06,12,376,1
2011-11-06,13,58,1
2011-11-06,13,135,1
2011-11-06,13,256,1
2011-11-06,13,520,1
2011-11-06,14,20,1
2011-11-06,14,22,1
2011-11-06,14,120,1
2011-11-06,15,81,1
2011-11-06,15,144,1
2011-11-06,15,232,1
2011-11-06,15,428,1
2011-11-06,16,111,1
2011-11-06,17,115,1
2011-11-06,17,260,1
2011-11-06,20,63,1
2011-11-06,20,72,1
2011-11-06,20,244,1
2011-11-06,20,264,1
2011-11-06,20,268,1
2011-11-06,21,167,1
2011-11-06,22,28,1
2011-11-06,22,166,2
2011-11-06,22,191,1
2011-11-06,24,94,1
2011-11-06,24,304,1
2011-11-06,25,224,1
2011-11-06,26,94,1
2011-11-06,27,259,1
2011-11-06,28,46,1
2011-11-06,29,54,1
2011-11-06,29,79,1
2011-11-06,29,139,1
2011-11-06,29,143,1
2011-11-06,30,103,1
2011-11-06,31,102,1
2011-11-06,32,97,1
2011-11-06,32,122,1
2011-11-06,33,371,1
2011-11-06,34,65,1
2011-11-06,36,197,1
2011-11-06,38,573,1
2011-11-06,44,178,1
2011-11-06,47,528,1
2011-11-06,49,233,1
2011-11-06,55,822,1
2011-11-06,56,248,1
2011-11-06,57,733,1
2011-11-06,58,228,1
2011-11-06,58,682,1
2011-11-06,61,616,1
2011-11-06,63,111,1
2011-11-06,64,131,1
2011-11-06,64,163,1
2011-11-06,66,129,1
2011-11-06,66,302,1
2011-11-06,67,196,1
2011-11-06,70,253,1
2011-11-06,71,237,1
2011-11-06,72,189,1
2011-11-06,73,292,1
2011-11-06,75,192,1
2011-11-06,78,1296,1
2011-11-06,89,843,1
2011-11-06,91,229,1
2011-11-06,95,162,1
2011-11-06,97,362,1
2011-11-06,102,584,1
2011-11-06,109,268,1
2011-11-06,131,2708,1
2011-11-06,151,458,1
2011-11-06,160,611,1
2011-11-07,1,12,1
2011-11-07,1,48,1
2011-11-07,1,192,1
2011-11-07,1,500,1
2011-11-07,2,27,1
2011-11-07,3,8,1
2011-11-07,3,22,1
2011-11-07,3,28,1
2011-11-07,3,63,1
2011-11-07,3,78,1
2011-11-07,4,29,1
2011-11-07,4,48,1
2011-11-07,4,284,1
2011-11-07,5,8,1
2011-11-07,5,33,1
2011-11-07,5,136,1
2011-11-07,5,568,1
2011-11-07,6,15,1
2011-11-07,6,21,1
2011-11-07,6,52,1
2011-11-07,6,174,1
2011-11-07,7,61,1
2011-11-07,7,118,1
2011-11-07,8,176,1
2011-11-07,8,198,1
2011-11-07,9,63,1
2011-11-07,9,112,1
2011-11-07,9,130,1
2011-11-07,9,136,1
2011-11-07,9,226,1
2011-11-07,10,68,1
2011-11-07,10,108,1
2011-11-07,11,95,1
2011-11-07,11,96,1
2011-11-07,11,128,1
2011-11-07,11,136,1
2011-11-07,11,158,1
2011-11-07,12,88,1
2011-11-07,12,119,1
2011-11-07,12,145,1
2011-11-07,12,334,1
2011-11-07,13,130,1
2011-11-07,14,65,1
2011-11-07,14,212,1
2011-11-07,14,324,1
2011-11-07,15,112,1
2011-11-07,15,115,1
2011-11-07,15,139,1
2011-11-07,15,257,1
2011-11-07,16,29,1
2011-11-07,16,112,1
2011-11-07,16,189,1
2011-11-07,17,136,1
2011-11-07,17,180,1
2011-11-07,17,258,1
2011-11-07,17,341,1
2011-11-07,17,358,1
2011-11-07,19,251,1
2011-11-07,19,398,1
2011-11-07,20,218,1
2011-11-07,21,239,1
2011-11-07,22,131,1
2011-11-07,22,162,1
2011-11-07,22,360,1
2011-11-07,22,790,1
2011-11-07,23,266,1
2011-11-07,24,52,1
2011-11-07,25,184,1
2011-11-07,28,136,1
2011-11-07,28,317,1
2011-11-07,28,601,1
2011-11-07,31,246,1
2011-11-07,31,292,1
2011-11-07,33,265,1
2011-11-07,34,373,1
2011-11-07,36,80,1
2011-11-07,37,119,1
2011-11-07,38,484,1
2011-11-07,41,55,1
2011-11-07,41,91,1
2011-11-07,44,63,1
2011-11-07,48,142,1
2011-11-07,48,168,1
2011-11-07,49,289,1
2011-11-07,57,528,1
2011-11-07,58,218,1
2011-11-07,58,388,1
2011-11-07,61,107,1
2011-11-07,76,335,1
2011-11-07,91,373,1
2011-11-07,101,14149,1
2011-11-07,182,499,1
2011-11-08,1,1,2
2011-11-08,1,96,1
2011-11-08,2,2,1
2011-11-08,2,26,1
2011-11-08,2,80,1
2011-11-08,3,3,1
2011-11-08,3,24,1
2011-11-08,3,26,1
2011-11-08,3,44,1
2011-11-08,3,300,1
2011-11-08,4,5,1
2011-11-08,4,23,1
2011-11-08,4,84,1
2011-11-08,4,576,1
2011-11-08,5,46,1
2011-11-08,5,408,1
2011-11-08,6,26,1
2011-11-08,6,54,1
2011-11-08,6,70,1
2011-11-08,6,147,1
2011-11-08,7,24,1
2011-11-08,7,50,1
2011-11-08,7,108,1
2011-11-08,8,24,1
2011-11-08,8,48,1
2011-11-08,8,56,1
2011-11-08,8,176,1
2011-11-08,9,150,1
2011-11-08,9,216,1
2011-11-08,9,228,1
2011-11-08,9,246,1
2011-11-08,10,23,1
2011-11-08,10,123,1
2011-11-08,10,124,1
2011-11-08,10,288,1
2011-11-08,10,664,1
2011-11-08,11,65,1
2011-11-08,12,78,1
2011-11-08,12,115,1
2011-11-08,13,106,1
2011-11-08,14,128,1
2011-11-08,14,147,1
2011-11-08,14,166,1
2011-11-08,15,109,1
2011-11-08,15,122,1
2011-11-08,15,168,1
2011-11-08,15,170,1
2011-11-08,15,190,1
2011-11-08,15,220,1
2011-11-08,15,392,1
2011-11-08,16,62,1
2011-11-08,16,139,1
2011-11-08,17,146,1
2011-11-08,17,242,1
2011-11-08,17,304,1
2011-11-08,18,63,1
2011-11-08,18,178,1
2011-11-08,19,233,1
2011-11-08,20,163,1
2011-11-08,20,199,1
2011-11-08,21,138,1
2011-11-08,21,161,1
2011-11-08,22,164,1
2011-11-08,22,181,1
2011-11-08,22,198,1
2011-11-08,22,287,1
2011-11-08,23,185,1
2011-11-08,23,236,1
2011-11-08,23,459,1
2011-11-08,24,264,1
2011-11-08,24,276,1
2011-11-08,24,1402,1
2011-11-08,25,89,1
2011-11-08,26,200,1
2011-11-08,26,213,1
2011-11-08,28,84,1
2011-11-08,28,94,1
2011-11-08,28,317,1
2011-11-08,30,351,1
2011-11-08,32,495,1
2011-11-08,33,388,1
2011-11-08,33,414,1
2011-11-08,34,406,1
2011-11-08,35,435,1
2011-11-08,37,989,1
2011-11-08,38,439,1
2011-11-08,40,517,1
2011-11-08,42,211,1
2011-11-08,42,592,1
2011-11-08,45,387,1
2011-11-08,46,85,1
2011-11-08,47,142,1
2011-11-08,48,245,1
2011-11-08,57,298,1
2011-11-08,62,256,1
2011-11-08,69,106,1
2011-11-08,73,143,1
2011-11-08,82,106,1
2011-11-08,83,661,1
2011-11-08,98,552,1
2011-11-08,130,450,1
2011-11-08,140,187,1
2011-11-08,225,697,1
2011-11-08,410,1033,1
2011-11-08,420,977,1
2011-11-08,517,1402,1
2011-11-09,1,1,1
2011-11-09,1,6,1
2011-11-09,1,10,1
2011-11-09,1,24,3
2011-11-09,1,40,1
2011-11-09,1,48,2
2011-11-09,1,50,1
2011-11-09,1,540,1
2011-11-09,2,5,1
2011-11-09,2,10,1
2011-11-09,2,20,1
2011-11-09,2,40,1
2011-11-09,2,110,1
2011-11-09,2,144,1
2011-11-09,2,156,1
2011-11-09,3,13,1
2011-11-09,3,19,1
2011-11-09,3,42,1
2011-11-09,3,46,1
2011-11-09,3,450,1
2011-11-09,3,560,1
2011-11-09,4,31,1
2011-11-09,4,42,1
2011-11-09,4,48,1
2011-11-09,4,106,1
2011-11-09,4,120,1
2011-11-09,4,1200,1
2011-11-09,5,44,1
2011-11-09,5,60,1
2011-11-09,5,64,1
2011-11-09,5,68,1
2011-11-09,5,72,1
2011-11-09,5,84,1
2011-11-09,5,236,1
2011-11-09,5,404,1
2011-11-09,5,788,1
2011-11-09,6,58,1
2011-11-09,6,90,1
2011-11-09,6,300,1
2011-11-09,7,101,1
2011-11-09,8,50,2
2011-11-09,8,53,1
2011-11-09,8,175,1
2011-11-09,8,252,1
2011-11-09,9,100,1
2011-11-09,9,469,1
2011-11-09,9,3684,1
2011-11-09,10,136,1
2011-11-09,10,178,1
2011-11-09,11,88,1
2011-11-09,11,154,1
2011-11-09,11,170,1
2011-11-09,11,340,1
2011-11-09,13,40,1
2011-11-09,13,121,1
2011-11-09,13,196,1
2011-11-09,14,224,1
2011-11-09,14,268,1
2011-11-09,14,1400,1
2011-11-09,15,103,1
2011-11-09,15,120,1
2011-11-09,15,150,1
2011-11-09,15,151,1
2011-11-09,15,186,1
2011-11-09,15,202,1
2011-11-09,15,215,1
2011-11-09,15,222,1
2011-11-09,16,121,1
2011-11-09,17,144,1
2011-11-09,17,172,1
2011-11-09,17,187,1
2011-11-09,17,268,1
2011-11-09,18,172,1
2011-11-09,18,175,1
2011-11-09,19,91,1
2011-11-09,19,302,1
2011-11-09,21,181,1
2011-11-09,21,188,1
2011-11-09,21,580,1
2011-11-09,22,28,1
2011-11-09,22,357,1
2011-11-09,22,364,1
2011-11-09,23,256,1
2011-11-09,23,270,1
2011-11-09,23,547,1
2011-11-09,25,322,1
2011-11-09,25,354,1
2011-11-09,25,1031,1
2011-11-09,26,199,1
2011-11-09,27,94,1
2011-11-09,29,329,1
2011-11-09,30,376,1
2011-11-09,31,439,1
2011-11-09,31,788,1
2011-11-09,32,339,1
2011-11-09,34,96,1
2011-11-09,35,230,1
2011-11-09,35,564,1
2011-11-09,36,333,1
2011-11-09,37,127,1
2011-11-09,37,341,1
2011-11-09,38,146,1
2011-11-09,39,137,1
2011-11-09,40,730,1
2011-11-09,42,181,1
2011-11-09,43,703,1
2011-11-09,44,155,1
2011-11-09,59,110,1
2011-11-09,60,593,1
2011-11-09,66,4675,1
2011-11-09,70,167,1
2011-11-09,76,480,1
2011-11-09,84,682,1
2011-11-09,189,840,1
2011-11-09,514,1250,1
2011-11-10,1,1,1
2011-11-10,1,8,1
2011-11-10,1,12,3
2011-11-10,1,32,1
2011-11-10,1,72,1
2011-11-10,1,1000,1
2011-11-10,3,7,1
2011-11-10,3,36,1
2011-11-10,3,48,1
2011-11-10,3,60,1
2011-11-10,3,72,1
2011-11-10,3,144,1
2011-11-10,4,4,1
2011-11-10,4,104,1
2011-11-10,5,58,1
2011-11-10,5,92,1
2011-11-10,5,120,1
2011-11-10,6,24,1
2011-11-10,6,60,2
2011-11-10,6,64,1
2011-11-10,6,89,1
2011-11-10,6,119,1
2011-11-10,6,266,1
2011-11-10,7,54,1
2011-11-10,7,106,1
2011-11-10,7,120,1
2011-11-10,8,43,1
2011-11-10,8,88,1
2011-11-10,8,256,1
2011-11-10,8,578,1
2011-11-10,9,34,1
2011-11-10,9,76,1
2011-11-10,9,108,1
2011-11-10,9,159,1
2011-11-10,9,162,1
2011-11-10,10,46,1
2011-11-10,10,236,1
2011-11-10,10,240,1
2011-11-10,10,1040,1
2011-11-10,11,94,1
2011-11-10,11,132,1
2011-11-10,11,154,1
2011-11-10,11,260,1
2011-11-10,11,902,1
2011-11-10,12,100,1
2011-11-10,12,133,1
2011-11-10,12,174,1
2011-11-10,12,223,1
2011-11-10,12,266,1
2011-11-10,12,336,1
2011-11-10,13,115,1
2011-11-10,13,125,1
2011-11-10,13,174,1
2011-11-10,13,206,1
2011-11-10,14,146,1
2011-11-10,14,162,1
2011-11-10,14,177,1
2011-11-10,14,183,1
2011-11-10,14,186,1
2011-11-10,14,330,1
2011-11-10,15,141,1
2011-11-10,15,217,1
2011-11-10,15,271,1
2011-11-10,16,148,1
2011-11-10,16,184,1
2011-11-10,17,262,1
2011-11-10,18,54,1
2011-11-10,18,412,1
2011-11-10,18,954,1
2011-11-10,19,24,1
2011-11-10,19,61,1
2011-11-10,19,208,1
2011-11-10,19,330,1
2011-11-10,21,191,1
2011-11-10,21,264,1
2011-11-10,21,342,1
2011-11-10,22,268,1
2011-11-10,22,275,1
2011-11-10,23,258,1
2011-11-10,24,48,1
2011-11-10,24,109,1
2011-11-10,24,369,1
2011-11-10,25,28,1
2011-11-10,26,196,1
2011-11-10,27,274,1
2011-11-10,27,392,1
2011-11-10,28,314,1
2011-11-10,28,328,1
2011-11-10,28,338,1
2011-11-10,28,461,1
2011-11-10,29,63,1
2011-11-10,29,191,1
2011-11-10,29,449,1
2011-11-10,30,361,1
2011-11-10,31,69,1
2011-11-10,31,113,1
2011-11-10,31,122,1
2011-11-10,32,84,1
2011-11-10,32,110,1
2011-11-10,32,1103,1
2011-11-10,34,305,1
2011-11-10,39,84,1
2011-11-10,41,485,1
2011-11-10,42,213,1
2011-11-10,43,150,1
2011-11-10,44,1041,1
2011-11-10,46,129,1
2011-11-10,46,392,1
2011-11-10,47,435,1
2011-11-10,47,777,1
2011-11-10,48,496,1
2011-11-10,50,250,1
2011-11-10,52,203,1
2011-11-10,52,699,1
2011-11-10,53,6712,1
2011-11-10,59,64,1
2011-11-10,60,143,1
2011-11-10,60,262,1
2011-11-10,68,786,1
2011-11-10,86,181,1
2011-11-10,87,247,1
2011-11-10,116,1690,1
2011-11-10,147,572,1
2011-11-10,376,1013,1
2011-11-11,1,1,1
2011-11-11,1,2,1
2011-11-11,1,4,1
2011-11-11,1,6,1
2011-11-11,1,96,1
2011-11-11,1,120,1
2011-11-11,1,144,1
2011-11-11,2,3,1
2011-11-11,2,13,1
2011-11-11,2,26,1
2011-11-11,2,108,1
2011-11-11,3,787,1
2011-11-11,4,396,1
2011-11-11,5,168,1
2011-11-11,5,512,1
2011-11-11,6,7,1
2011-11-11,6,42,1
2011-11-11,6,116,1
2011-11-11,7,31,1
2011-11-11,7,124,1
2011-11-11,7,136,1
2011-11-11,7,156,1
2011-11-11,7,166,1
2011-11-11,8,48,1
2011-11-11,8,58,1
2011-11-11,8,89,1
2011-11-11,8,158,1
2011-11-11,9,456,1
2011-11-11,10,65,1
2011-11-11,10,110,1
2011-11-11,11,148,1
2011-11-11,12,62,1
2011-11-11,12,120,2
2011-11-11,12,138,1
2011-11-11,13,116,1
2011-11-11,13,131,1
2011-11-11,13,217,1
2011-11-11,13,336,1
2011-11-11,14,14,1
2011-11-11,14,83,1
2011-11-11,14,260,1
2011-11-11,15,136,1
2011-11-11,15,211,1
2011-11-11,16,121,1
2011-11-11,16,152,1
2011-11-11,16,180,1
2011-11-11,16,191,1
2011-11-11,17,106,1
2011-11-11,17,140,1
2011-11-11,17,234,1
2011-11-11,18,53,1
2011-11-11,18,213,1
2011-11-11,18,322,1
2011-11-11,19,131,1
2011-11-11,19,258,1
2011-11-11,20,192,1
2011-11-11,20,219,1
2011-11-11,20,316,1
2011-11-11,21,151,1
2011-11-11,21,200,1
2011-11-11,21,466,1
2011-11-11,22,71,1
2011-11-11,22,279,1
2011-11-11,24,220,1
2011-11-11,26,124,1
2011-11-11,28,191,1
2011-11-11,29,321,1
2011-11-11,30,133,1
2011-11-11,31,67,1
2011-11-11,31,361,1
2011-11-11,31,386,1
2011-11-11,33,76,1
2011-11-11,33,498,1
2011-11-11,35,154,1
2011-11-11,35,418,1
2011-11-11,35,760,1
2011-11-11,36,124,1
2011-11-11,37,94,1
2011-11-11,37,491,1
2011-11-11,39,603,1
2011-11-11,47,840,1
2011-11-11,50,336,1
2011-11-11,52,841,1
2011-11-11,54,231,1
2011-11-11,55,307,1
2011-11-11,58,163,1
2011-11-11,60,486,1
2011-11-11,65,407,1
2011-11-11,76,262,1
2011-11-11,76,317,1
2011-11-11,80,156,1
2011-11-11,80,622,1
2011-11-11,83,2683,1
2011-11-11,84,198,1
2011-11-11,85,924,1
2011-11-11,91,266,1
2011-11-11,92,261,1
2011-11-11,100,595,1
2011-11-11,481,1286,1
2011-11-11,502,1358,1
2011-11-11,525,1225,1
2011-11-13,1,1,2
2011-11-13,1,8,1
2011-11-13,1,24,1
2011-11-13,2,4,1
2011-11-13,2,12,1
2011-11-13,2,288,1
2011-11-13,4,32,1
2011-11-13,4,35,1
2011-11-13,5,92,1
2011-11-13,6,54,1
2011-11-13,6,138,1
2011-11-13,7,10,1
2011-11-13,7,236,1
2011-11-13,8,68,1
2011-11-13,8,1200,1
2011-11-13,9,138,1
2011-11-13,9,329,1
2011-11-13,9,364,1
2011-11-13,11,115,1
2011-11-13,11,168,1
2011-11-13,11,181,1
2011-11-13,13,36,1
2011-11-13,13,158,1
2011-11-13,14,68,1
2011-11-13,15,121,1
2011-11-13,15,187,1
2011-11-13,15,193,1
2011-11-13,16,80,1
2011-11-13,16,458,1
2011-11-13,17,69,1
2011-11-13,17,154,1
2011-11-13,18,255,1
2011-11-13,19,91,1
2011-11-13,19,178,1
2011-11-13,20,127,1
2011-11-13,20,296,1
2011-11-13,21,72,1
2011-11-13,21,407,1
2011-11-13,22,198,1
2011-11-13,23,88,1
2011-11-13,23,152,1
2011-11-13,23,357,1
2011-11-13,24,57,1
2011-11-13,24,69,1
2011-11-13,24,356,1
2011-11-13,24,412,1
2011-11-13,25,93,1
2011-11-13,27,164,1
2011-11-13,27,182,1
2011-11-13,28,191,1
2011-11-13,28,325,1
2011-11-13,28,348,1
2011-11-13,29,112,1
2011-11-13,31,112,1
2011-11-13,32,147,1
2011-11-13,35,71,1
2011-11-13,36,331,1
2011-11-13,37,375,1
2011-11-13,39,126,1
2011-11-13,40,473,1
2011-11-13,41,356,1
2011-11-13,43,203,1
2011-11-13,44,124,1
2011-11-13,46,149,1
2011-11-13,46,257,1
2011-11-13,48,237,1
2011-11-13,51,59,1
2011-11-13,51,69,1
2011-11-13,52,131,1
2011-11-13,55,490,1
2011-11-13,59,169,1
2011-11-13,59,239,1
2011-11-13,65,159,1
2011-11-13,69,945,1
2011-11-13,70,385,1
2011-11-13,71,195,1
2011-11-13,83,436,1
2011-11-13,84,241,1
2011-11-13,88,206,1
2011-11-13,90,700,1
2011-11-13,93,406,1
2011-11-13,96,451,1
2011-11-13,105,924,1
2011-11-13,106,310,1
2011-11-13,131,1237,1
2011-11-13,202,573,1
2011-11-14,1,3,1
2011-11-14,1,6,2
2011-11-14,1,12,1
2011-11-14,1,24,1
2011-11-14,1,30,2
2011-11-14,1,100,1
2011-11-14,2,2,1
2011-11-14,2,12,1
2011-11-14,2,200,1
2011-11-14,3,24,1
2011-11-14,3,322,1
2011-11-14,4,26,1
2011-11-14,5,40,1
2011-11-14,5,50,1
2011-11-14,5,52,1
2011-11-14,6,46,1
2011-11-14,6,504,1
2011-11-14,7,29,1
2011-11-14,7,92,1
2011-11-14,7,106,1
2011-11-14,7,156,1
2011-11-14,7,366,1
2011-11-14,7,469,1
2011-11-14,7,656,1
2011-11-14,8,51,1
2011-11-14,8,94,1
2011-11-14,8,340,1
2011-11-14,9,70,1
2011-11-14,9,114,1
2011-11-14,9,134,1
2011-11-14,9,140,1
2011-11-14,9,249,1
2011-11-14,9,404,1
2011-11-14,9,946,1
2011-11-14,9,1376,1
2011-11-14,10,66,1
2011-11-14,10,316,1
2011-11-14,10,400,1
2011-11-14,11,146,1
2011-11-14,11,165,1
2011-11-14,11,1060,1
2011-11-14,13,99,1
2011-11-14,13,141,1
2011-11-14,13,680,1
2011-11-14,14,148,1
2011-11-14,15,124,1
2011-11-14,15,448,1
2011-11-14,16,17,1
2011-11-14,16,158,1
2011-11-14,16,194,1
2011-11-14,16,420,1
2011-11-14,16,886,1
2011-11-14,16,1600,1
2011-11-14,18,162,1
2011-11-14,18,172,1
2011-11-14,18,320,1
2011-11-14,18,2244,1
2011-11-14,19,61,1
2011-11-14,19,98,1
2011-11-14,19,110,1
2011-11-14,19,140,1
2011-11-14,19,152,1
2011-11-14,19,213,1
2011-11-14,20,193,1
2011-11-14,20,218,1
2011-11-14,20,299,1
2011-11-14,22,105,1
2011-11-14,22,205,1
2011-11-14,22,222,1
2011-11-14,22,593,1
2011-11-14,24,289,1
2011-11-14,25,315,1
2011-11-14,25,574,1
2011-11-14,27,342,1
2011-11-14,27,344,1
2011-11-14,27,405,1
2011-11-14,29,46,1
2011-11-14,30,596,1
2011-11-14,31,145,1
2011-11-14,32,339,1
2011-11-14,33,634,1
2011-11-14,37,343,1
2011-11-14,39,141,1
2011-11-14,41,53,1
2011-11-14,42,301,1
2011-11-14,44,774,1
2011-11-14,53,146,1
2011-11-14,55,225,1
2011-11-14,57,173,1
2011-11-14,58,232,1
2011-11-14,61,77,1
2011-11-14,65,292,1
2011-11-14,68,269,1
2011-11-14,73,617,1
2011-11-14,73,621,1
2011-11-14,77,253,1
2011-11-14,80,189,1
2011-11-14,82,247,1
2011-11-14,86,524,1
2011-11-14,87,279,1
2011-11-14,90,328,1
2011-11-14,99,13956,1
2011-11-14,517,1228,1
2011-11-14,541,2174,1
2011-11-15,1,2,1
2011-11-15,1,4,1
2011-11-15,1,7,1
2011-11-15,1,96,1
2011-11-15,1,240,1
2011-11-15,2,9,1
2011-11-15,2,12,1
2011-11-15,2,26,1
2011-11-15,2,106,1
2011-11-15,2,120,1
2011-11-15,2,199,1
2011-11-15,3,5,1
2011-11-15,3,34,1
2011-11-15,3,1152,1
2011-11-15,4,60,1
2011-11-15,4,90,1
2011-11-15,5,52,1
2011-11-15,5,98,1
2011-11-15,5,110,1
2011-11-15,5,112,1
2011-11-15,5,228,1
2011-11-15,6,22,1
2011-11-15,6,48,1
2011-11-15,6,55,1
2011-11-15,6,103,1
2011-11-15,6,114,1
2011-11-15,7,34,1
2011-11-15,7,43,1
2011-11-15,7,66,1
2011-11-15,7,164,1
2011-11-15,7,198,1
2011-11-15,7,1082,1
2011-11-15,8,36,1
2011-11-15,8,46,1
2011-11-15,8,52,1
2011-11-15,8,54,1
2011-11-15,8,103,1
2011-11-15,8,146,1
2011-11-15,8,230,1
2011-11-15,9,47,1
2011-11-15,10,104,1
2011-11-15,10,229,1
2011-11-15,11,278,1
2011-11-15,12,43,1
2011-11-15,12,79,1
2011-11-15,12,204,1
2011-11-15,13,65,1
2011-11-15,13,66,1
2011-11-15,13,155,1
2011-11-15,13,223,1
2011-11-15,13,226,1
2011-11-15,14,104,1
2011-11-15,14,336,1
2011-11-15,15,90,1
2011-11-15,15,178,1
2011-11-15,15,186,1
2011-11-15,15,248,1
2011-11-15,15,299,1
2011-11-15,15,336,1
2011-11-15,16,164,1
2011-11-15,17,130,1
2011-11-15,17,288,1
2011-11-15,17,533,1
2011-11-15,18,201,1
2011-11-15,18,230,1
2011-11-15,18,260,1
2011-11-15,19,124,1
2011-11-15,19,460,1
2011-11-15,19,3154,1
2011-11-15,20,186,1
2011-11-15,20,214,1
2011-11-15,20,314,1
2011-11-15,21,73,1
2011-11-15,21,202,1
2011-11-15,21,491,1
2011-11-15,22,36,1
2011-11-15,22,224,1
2011-11-15,24,90,1
2011-11-15,25,166,1
2011-11-15,26,367,1
2011-11-15,26,2890,1
2011-11-15,27,286,1
2011-11-15,28,74,1
2011-11-15,28,194,1
2011-11-15,29,439,1
2011-11-15,30,92,1
2011-11-15,31,236,1
2011-11-15,31,380,1
2011-11-15,42,536,1
2011-11-15,44,146,1
2011-11-15,44,151,1
2011-11-15,46,100,1
2011-11-15,46,682,1
2011-11-15,52,593,1
2011-11-15,57,121,1
2011-11-15,57,700,1
2011-11-15,60,218,1
2011-11-15,60,706,1
2011-11-15,62,180,1
2011-11-15,68,690,1
2011-11-15,79,222,1
2011-11-15,82,259,1
2011-11-15,94,256,1
2011-11-15,124,318,1
2011-11-15,128,281,1
2011-11-15,551,1305,1
2011-11-15,592,1543,1
2011-11-16,1,1,1
2011-11-16,1,2,1
2011-11-16,1,4,1
2011-11-16,1,5,1
2011-11-16,1,10,1
2011-11-16,1,24,2
2011-11-16,1,48,1
2011-11-16,1,720,1
2011-11-16,2,24,1
2011-11-16,2,26,1
2011-11-16,2,36,1
2011-11-16,2,72,1
2011-11-16,2,96,1
2011-11-16,2,108,1
2011-11-16,2,146,1
2011-11-16,2,288,1
2011-11-16,3,7,1
2011-11-16,3,33,1
2011-11-16,3,36,1
2011-11-16,3,44,1
2011-11-16,3,57,1
2011-11-16,3,170,1
2011-11-16,3,400,1
2011-11-16,4,54,1
2011-11-16,4,108,1
2011-11-16,4,150,1
2011-11-16,4,174,1
2011-11-16,4,300,1
2011-11-16,4,576,1
2011-11-16,5,52,1
2011-11-16,5,184,1
2011-11-16,5,210,1
2011-11-16,6,42,1
2011-11-16,6,150,1
2011-11-16,6,153,1
2011-11-16,7,67,1
2011-11-16,7,102,1
2011-11-16,8,66,1
2011-11-16,8,177,1
2011-11-16,8,216,1
2011-11-16,9,44,1
2011-11-16,9,55,1
2011-11-16,9,112,1
2011-11-16,9,161,1
2011-11-16,10,65,1
2011-11-16,10,84,1
2011-11-16,10,90,1
2011-11-16,10,160,1
2011-11-16,11,96,1
2011-11-16,11,104,1
2011-11-16,11,190,1
2011-11-16,11,412,1
2011-11-16,11,459,1
2011-11-16,11,460,1
2011-11-16,12,104,1
2011-11-16,12,121,1
2011-11-16,12,125,1
2011-11-16,12,178,1
2011-11-16,13,117,1
2011-11-16,13,166,1
2011-11-16,14,44,1
2011-11-16,14,111,1
2011-11-16,14,186,1
2011-11-16,14,226,1
2011-11-16,14,233,1
2011-11-16,14,322,1
2011-11-16,14,490,1
2011-11-16,15,141,1
2011-11-16,15,152,1
2011-11-16,16,122,1
2011-11-16,16,125,1
2011-11-16,16,231,1
2011-11-16,16,250,1
2011-11-16,17,147,1
2011-11-16,17,340,1
2011-11-16,17,397,1
2011-11-16,18,193,1
2011-11-16,19,19,1
2011-11-16,19,115,1
2011-11-16,19,155,1
2011-11-16,19,161,1
2011-11-16,19,188,1
2011-11-16,19,222,1
2011-11-16,20,170,1
2011-11-16,21,235,1
2011-11-16,22,220,1
2011-11-16,22,221,1
2011-11-16,22,262,1
2011-11-16,22,662,1
2011-11-16,23,34,1
2011-11-16,23,160,1
2011-11-16,24,165,1
2011-11-16,24,234,1
2011-11-16,24,259,1
2011-11-16,26,2900,1
2011-11-16,27,209,1
2011-11-16,27,289,1
2011-11-16,27,794,1
2011-11-16,28,34,1
2011-11-16,28,45,1
2011-11-16,28,200,1
2011-11-16,29,67,1
2011-11-16,29,143,1
2011-11-16,34,124,1
2011-11-16,35,149,1
2011-11-16,35,495,1
2011-11-16,37,194,1
2011-11-16,39,584,1
2011-11-16,40,188,1
2011-11-16,41,165,1
2011-11-16,42,254,1
2011-11-16,45,156,1
2011-11-16,48,82,1
2011-11-16,49,149,1
2011-11-16,50,597,1
2011-11-16,51,221,1
2011-11-16,57,231,1
2011-11-16,61,181,1
2011-11-16,64,106,1
2011-11-16,82,402,1
2011-11-16,83,639,1
2011-11-16,92,142,1
2011-11-16,92,930,1
2011-11-16,92,1505,1
2011-11-16,93,337,1
2011-11-16,133,756,1
2011-11-16,145,460,1
2011-11-16,233,683,1
2011-11-16,543,1331,1
2011-11-16,584,1687,1
2011-11-17,1,1,1
2011-11-17,1,4,1
2011-11-17,1,9,1
2011-11-17,1,20,3
2011-11-17,1,24,1
2011-11-17,1,100,1
2011-11-17,1,144,1
2011-11-17,1,200,1
2011-11-17,2,5,1
2011-11-17,2,8,1
2011-11-17,2,28,1
2011-11-17,2,96,1
2011-11-17,2,240,1
2011-11-17,3,22,1
2011-11-17,3,60,2
2011-11-17,3,64,1
2011-11-17,3,80,1
2011-11-17,3,82,1
2011-11-17,3,120,1
2011-11-17,3,144,1
2011-11-17,3,168,1
2011-11-17,3,562,1
2011-11-17,3,906,1
2011-11-17,4,13,1
2011-11-17,4,22,1
2011-11-17,4,37,1
2011-11-17,4,38,1
2011-11-17,4,42,1
2011-11-17,4,56,1
2011-11-17,4,92,1
2011-11-17,4,96,1
2011-11-17,5,130,1
2011-11-17,5,257,1
2011-11-17,6,25,1
2011-11-17,6,43,1
2011-11-17,6,88,1
2011-11-17,6,127,1
2011-11-17,6,144,1
2011-11-17,7,43,1
2011-11-17,7,56,1
2011-11-17,7,64,1
2011-11-17,7,90,1
2011-11-17,7,94,1
2011-11-17,7,126,1
2011-11-17,7,195,1
2011-11-17,7,228,2
2011-11-17,8,53,1
2011-11-17,8,66,1
2011-11-17,8,77,1
2011-11-17,8,122,1
2011-11-17,8,168,1
2011-11-17,8,336,1
2011-11-17,9,118,1
2011-11-17,9,131,1
2011-11-17,9,210,1
2011-11-17,10,119,1
2011-11-17,10,126,1
2011-11-17,10,191,1
2011-11-17,10,194,1
2011-11-17,11,83,1
2011-11-17,11,152,1
2011-11-17,11,179,1
2011-11-17,11,197,1
2011-11-17,12,18,1
2011-11-17,12,79,1
2011-11-17,12,102,1
2011-11-17,12,175,1
2011-11-17,13,73,1
2011-11-17,13,172,1
2011-11-17,14,188,1
2011-11-17,14,190,1
2011-11-17,14,206,1
2011-11-17,15,108,1
2011-11-17,15,143,1
2011-11-17,15,170,1
2011-11-17,15,311,1
2011-11-17,16,193,1
2011-11-17,16,200,1
2011-11-17,17,164,1
2011-11-17,17,192,1
2011-11-17,17,284,1
2011-11-17,18,150,1
2011-11-17,18,210,1
2011-11-17,19,240,1
2011-11-17,20,209,1
2011-11-17,21,418,1
2011-11-17,23,174,1
2011-11-17,23,183,1
2011-11-17,23,201,1
2011-11-17,23,217,1
2011-11-17,23,238,1
2011-11-17,23,266,1
2011-11-17,23,321,1
2011-11-17,28,311,1
2011-11-17,29,54,1
2011-11-17,29,134,1
2011-11-17,31,163,1
2011-11-17,31,510,1
2011-11-17,31,511,1
2011-11-17,31,2210,1
2011-11-17,32,192,1
2011-11-17,32,248,1
2011-11-17,33,61,1
2011-11-17,33,575,1
2011-11-17,35,348,1
2011-11-17,36,191,1
2011-11-17,36,798,1
2011-11-17,38,195,1
2011-11-17,40,384,1
2011-11-17,41,100,1
2011-11-17,41,104,1
2011-11-17,43,446,1
2011-11-17,45,383,1
2011-11-17,45,473,1
2011-11-17,46,107,1
2011-11-17,49,699,1
2011-11-17,51,150,1
2011-11-17,53,481,1
2011-11-17,55,209,1
2011-11-17,55,231,1
2011-11-17,56,1025,1
2011-11-17,58,517,1
2011-11-17,61,342,1
2011-11-17,62,346,1
2011-11-17,64,116,1
2011-11-17,65,409,1
2011-11-17,72,475,1
2011-11-17,79,316,1
2011-11-17,80,766,1
2011-11-17,91,909,1
2011-11-17,111,355,1
2011-11-17,122,272,1
2011-11-17,154,528,1
2011-11-17,571,1360,1
2011-11-18,1,1,2
2011-11-18,1,2,1
2011-11-18,1,4,1
2011-11-18,1,6,1
2011-11-18,1,32,1
2011-11-18,1,40,1
2011-11-18,1,56,1
2011-11-18,1,96,1
2011-11-18,1,200,1
2011-11-18,2,6,1
2011-11-18,2,9,1
2011-11-18,2,16,1
2011-11-18,2,40,1
2011-11-18,2,58,1
2011-11-18,2,68,1
2011-11-18,2,144,1
2011-11-18,2,516,1
2011-11-18,3,16,1
2011-11-18,3,18,1
2011-11-18,3,22,1
2011-11-18,3,30,1
2011-11-18,3,78,1
2011-11-18,3,200,1
2011-11-18,4,11,1
2011-11-18,4,30,1
2011-11-18,4,57,1
2011-11-18,4,60,1
2011-11-18,4,230,1
2011-11-18,5,106,1
2011-11-18,5,125,1
2011-11-18,5,338,1
2011-11-18,6,50,1
2011-11-18,6,665,1
2011-11-18,7,55,1
2011-11-18,7,80,1
2011-11-18,7,90,1
2011-11-18,8,102,1
2011-11-18,8,150,1
2011-11-18,9,70,1
2011-11-18,9,92,1
2011-11-18,9,154,1
2011-11-18,9,586,1
2011-11-18,10,95,1
2011-11-18,10,116,1
2011-11-18,10,214,1
2011-11-18,10,242,1
2011-11-18,10,612,1
2011-11-18,11,156,1
2011-11-18,11,204,1
2011-11-18,12,151,1
2011-11-18,13,356,1
2011-11-18,14,91,1
2011-11-18,14,141,1
2011-11-18,14,148,1
2011-11-18,14,284,1
2011-11-18,15,120,1
2011-11-18,16,47,1
2011-11-18,16,74,1
2011-11-18,16,219,1
2011-11-18,16,307,1
2011-11-18,17,120,1
2011-11-18,17,130,1
2011-11-18,17,186,1
2011-11-18,17,192,1
2011-11-18,18,171,1
2011-11-18,18,497,1
2011-11-18,19,213,1
2011-11-18,20,135,1
2011-11-18,20,488,1
2011-11-18,21,38,1
2011-11-18,22,379,1
2011-11-18,22,806,1
2011-11-18,23,298,1
2011-11-18,24,457,1
2011-11-18,25,259,1
2011-11-18,27,269,1
2011-11-18,27,315,1
2011-11-18,31,206,1
2011-11-18,31,328,1
2011-11-18,32,63,1
2011-11-18,34,236,1
2011-11-18,34,423,1
2011-11-18,35,312,1
2011-11-18,37,71,1
2011-11-18,37,422,1
2011-11-18,38,63,1
2011-11-18,40,413,1
2011-11-18,43,154,1
2011-11-18,43,441,1
2011-11-18,44,177,1
2011-11-18,44,296,1
2011-11-18,44,584,1
2011-11-18,44,669,1
2011-11-18,45,118,1
2011-11-18,45,370,1
2011-11-18,46,565,1
2011-11-18,52,95,1
2011-11-18,61,202,1
2011-11-18,64,108,1
2011-11-18,66,142,1
2011-11-18,66,149,1
2011-11-18,68,384,1
2011-11-18,87,135,1
2011-11-18,88,214,1
2011-11-18,94,1457,1
2011-11-18,100,300,1
2011-11-18,560,1620,1
2011-11-20,1,12,1
2011-11-20,1,18,1
2011-11-20,1,25,1
2011-11-20,1,36,1
2011-11-20,1,288,1
2011-11-20,2,36,1
2011-11-20,3,24,1
2011-11-20,3,28,1
2011-11-20,3,144,1
2011-11-20,3,180,1
2011-11-20,5,51,1
2011-11-20,5,396,1
2011-11-20,6,49,1
2011-11-20,6,70,1
2011-11-20,6,114,1
2011-11-20,7,38,1
2011-11-20,7,52,1
2011-11-20,7,133,1
2011-11-20,7,152,1
2011-11-20,8,50,1
2011-11-20,8,98,1
2011-11-20,8,236,1
2011-11-20,9,15,2
2011-11-20,9,63,1
2011-11-20,9,85,1
2011-11-20,9,90,1
2011-11-20,9,248,1
2011-11-20,10,126,1
2011-11-20,10,332,1
2011-11-20,11,52,1
2011-11-20,11,76,1
2011-11-20,11,93,1
2011-11-20,11,188,1
2011-11-20,11,232,1
2011-11-20,12,45,1
2011-11-20,13,77,1
2011-11-20,14,123,1
2011-11-20,17,70,1
2011-11-20,17,276,1
2011-11-20,17,282,1
2011-11-20,17,316,1
2011-11-20,19,136,1
2011-11-20,19,279,1
2011-11-20,20,182,1
2011-11-20,20,318,1
2011-11-20,21,196,1
2011-11-20,22,97,1
2011-11-20,23,71,1
2011-11-20,23,258,1
2011-11-20,23,463,1
2011-11-20,24,39,1
2011-11-20,24,43,1
2011-11-20,24,62,1
2011-11-20,24,502,1
2011-11-20,25,94,1
2011-11-20,26,221,1
2011-11-20,26,397,1
2011-11-20,27,181,1
2011-11-20,27,392,1
2011-11-20,30,124,1
2011-11-20,30,263,1
2011-11-20,30,318,1
2011-11-20,32,233,1
2011-11-20,33,75,1
2011-11-20,33,164,1
2011-11-20,34,109,1
2011-11-20,34,187,1
2011-11-20,36,484,1
2011-11-20,39,106,1
2011-11-20,41,440,1
2011-11-20,42,105,1
2011-11-20,46,86,1
2011-11-20,46,146,1
2011-11-20,49,87,1
2011-11-20,50,60,1
2011-11-20,50,159,1
2011-11-20,51,320,1
2011-11-20,52,158,1
2011-11-20,55,240,1
2011-11-20,55,282,1
2011-11-20,56,89,1
2011-11-20,56,272,1
2011-11-20,57,193,1
2011-11-20,58,132,1
2011-11-20,58,298,1
2011-11-20,65,121,1
2011-11-20,66,539,1
2011-11-20,66,726,1
2011-11-20,67,198,1
2011-11-20,71,353,1
2011-11-20,78,261,1
2011-11-20,84,245,1
2011-11-20,86,215,1
2011-11-20,93,368,1
2011-11-20,94,226,1
2011-11-20,94,303,1
2011-11-20,147,423,1
2011-11-20,197,607,1
2011-11-20,198,725,1
2011-11-21,1,1,1
2011-11-21,1,10,2
2011-11-21,1,12,2
2011-11-21,1,20,1
2011-11-21,1,312,1
2011-11-21,2,7,1
2011-11-21,2,20,1
2011-11-21,2,224,1
2011-11-21,3,3,1
2011-11-21,3,14,1
2011-11-21,3,32,1
2011-11-21,3,40,1
2011-11-21,3,54,1
2011-11-21,4,4,1
2011-11-21,4,26,1
2011-11-21,4,54,1
2011-11-21,5,265,1
2011-11-21,5,408,1
2011-11-21,6,70,1
2011-11-21,6,90,1
2011-11-21,7,129,1
2011-11-21,7,223,1
2011-11-21,8,8,1
2011-11-21,8,14,1
2011-11-21,8,147,1
2011-11-21,8,530,1
2011-11-21,9,69,1
2011-11-21,9,298,1
2011-11-21,9,414,1
2011-11-21,10,44,1
2011-11-21,10,104,1
2011-11-21,11,66,1
2011-11-21,11,92,1
2011-11-21,11,118,1
2011-11-21,11,122,1
2011-11-21,11,316,1
2011-11-21,11,428,1
2011-11-21,12,66,1
2011-11-21,12,100,1
2011-11-21,12,202,1
2011-11-21,12,481,1
2011-11-21,13,64,1
2011-11-21,14,114,1
2011-11-21,14,126,1
2011-11-21,14,308,1
2011-11-21,14,1182,1
2011-11-21,15,135,1
2011-11-21,15,268,1
2011-11-21,16,175,1
2011-11-21,17,64,1
2011-11-21,18,43,1
2011-11-21,18,82,1
2011-11-21,18,256,1
2011-11-21,18,404,1
2011-11-21,19,138,1
2011-11-21,19,234,1
2011-11-21,20,33,1
2011-11-21,20,195,1
2011-11-21,20,318,1
2011-11-21,21,157,1
2011-11-21,21,209,1
2011-11-21,21,246,1
2011-11-21,22,201,1
2011-11-21,22,272,1
2011-11-21,22,536,1
2011-11-21,24,64,1
2011-11-21,24,67,1
2011-11-21,25,377,1
2011-11-21,26,56,1
2011-11-21,33,92,1
2011-11-21,34,318,1
2011-11-21,34,422,1
2011-11-21,34,1524,1
2011-11-21,35,317,1
2011-11-21,35,1644,1
2011-11-21,36,670,1
2011-11-21,40,94,1
2011-11-21,40,137,1
2011-11-21,40,444,1
2011-11-21,41,299,1
2011-11-21,43,145,1
2011-11-21,46,274,1
2011-11-21,47,110,1
2011-11-21,48,403,1
2011-11-21,49,828,1
2011-11-21,50,614,1
2011-11-21,51,255,1
2011-11-21,53,532,1
2011-11-21,56,209,1
2011-11-21,58,449,1
2011-11-21,60,200,1
2011-11-21,62,122,1
2011-11-21,63,793,1
2011-11-21,65,78,1
2011-11-21,72,224,1
2011-11-21,72,630,1
2011-11-21,79,299,1
2011-11-21,85,132,1
2011-11-21,92,351,1
2011-11-21,525,1197,1
2011-11-22,1,1,1
2011-11-22,1,6,1
2011-11-22,1,9,1
2011-11-22,1,10,1
2011-11-22,1,12,1
2011-11-22,1,24,1
2011-11-22,1,36,1
2011-11-22,1,48,2
2011-11-22,1,50,1
2011-11-22,1,100,1
2011-11-22,1,374,1
2011-11-22,1,480,1
2011-11-22,1,1000,1
2011-11-22,2,32,2
2011-11-22,2,63,1
2011-11-22,2,216,1
2011-11-22,2,1600,1
2011-11-22,3,44,1
2011-11-22,4,49,1
2011-11-22,4,124,1
2011-11-22,4,372,1
2011-11-22,5,26,1
2011-11-22,5,30,1
2011-11-22,5,88,1
2011-11-22,5,96,1
2011-11-22,5,116,1
2011-11-22,5,120,1
2011-11-22,6,86,1
2011-11-22,6,128,1
2011-11-22,6,248,1
2011-11-22,6,336,1
2011-11-22,6,396,1
2011-11-22,7,344,1
2011-11-22,7,658,1
2011-11-22,8,128,1
2011-11-22,8,140,1
2011-11-22,8,177,1
2011-11-22,9,9,1
2011-11-22,9,36,1
2011-11-22,9,58,1
2011-11-22,9,117,1
2011-11-22,9,122,1
2011-11-22,9,186,1
2011-11-22,9,238,1
2011-11-22,10,44,1
2011-11-22,10,59,1
2011-11-22,10,151,1
2011-11-22,10,195,1
2011-11-22,10,240,1
2011-11-22,10,408,1
2011-11-22,10,1600,1
2011-11-22,11,79,1
2011-11-22,11,83,1
2011-11-22,11,88,1
2011-11-22,11,97,1
2011-11-22,11,146,1
2011-11-22,11,200,1
2011-11-22,12,138,1
2011-11-22,12,154,1
2011-11-22,12,165,1
2011-11-22,12,182,1
2011-11-22,12,189,1
2011-11-22,12,194,1
2011-11-22,13,63,1
2011-11-22,13,87,1
2011-11-22,13,136,1
2011-11-22,13,144,1
2011-11-22,13,430,1
2011-11-22,14,132,1
2011-11-22,14,156,1
2011-11-22,14,179,1
2011-11-22,15,51,1
2011-11-22,15,99,1
2011-11-22,15,548,1
2011-11-22,16,114,1
2011-11-22,16,194,1
2011-11-22,16,327,1
2011-11-22,16,375,1
2011-11-22,17,27,1
2011-11-22,18,80,1
2011-11-22,18,113,1
2011-11-22,18,393,1
2011-11-22,19,58,1
2011-11-22,19,190,1
2011-11-22,20,183,1
2011-11-22,20,204,1
2011-11-22,20,254,1
2011-11-22,20,266,1
2011-11-22,20,307,1
2011-11-22,21,111,1
2011-11-22,21,236,1
2011-11-22,22,124,1
2011-11-22,22,219,1
2011-11-22,22,585,1
2011-11-22,23,64,1
2011-11-22,23,198,1
2011-11-22,24,63,1
2011-11-22,24,285,1
2011-11-22,25,117,1
2011-11-22,26,53,1
2011-11-22,26,458,1
2011-11-22,27,171,1
2011-11-22,28,129,1
2011-11-22,28,325,1
2011-11-22,28,394,1
2011-11-22,28,864,1
2011-11-22,31,206,1
2011-11-22,32,113,1
2011-11-22,33,127,1
2011-11-22,33,177,1
2011-11-22,34,192,1
2011-11-22,34,431,1
2011-11-22,35,158,1
2011-11-22,36,341,1
2011-11-22,37,318,1
2011-11-22,37,706,1
2011-11-22,39,162,1
2011-11-22,40,55,1
2011-11-22,40,261,1
2011-11-22,51,67,1
2011-11-22,60,119,1
2011-11-22,62,85,1
2011-11-22,63,870,1
2011-11-22,72,257,1
2011-11-22,77,224,1
2011-11-22,77,631,1
2011-11-22,85,1242,1
2011-11-22,106,658,1
2011-11-22,109,175,1
2011-11-22,119,329,1
2011-11-22,127,478,1
2011-11-22,183,774,1
2011-11-22,485,1084,1
2011-11-22,493,1377,1
2011-11-23,1,1,3
2011-11-23,1,3,1
2011-11-23,1,10,2
2011-11-23,1,12,3
2011-11-23,1,24,1
2011-11-23,1,48,1
2011-11-23,1,72,1
2011-11-23,1,100,1
2011-11-23,1,120,1
2011-11-23,1,200,1
2011-11-23,1,312,1
2011-11-23,2,22,1
2011-11-23,2,24,1
2011-11-23,2,144,1
2011-11-23,3,7,1
2011-11-23,3,60,1
2011-11-23,4,28,1
2011-11-23,4,32,1
2011-11-23,4,34,1
2011-11-23,4,56,1
2011-11-23,4,73,1
2011-11-23,4,168,1
2011-11-23,4,920,1
2011-11-23,5,31,1
2011-11-23,5,66,1
2011-11-23,5,98,1
2011-11-23,5,124,1
2011-11-23,5,214,1
2011-11-23,5,228,1
2011-11-23,6,72,1
2011-11-23,6,162,1
2011-11-23,6,174,1
2011-11-23,6,268,1
2011-11-23,7,7,1
2011-11-23,7,51,1
2011-11-23,7,59,1
2011-11-23,7,116,1
2011-11-23,7,131,1
2011-11-23,7,180,1
2011-11-23,7,190,1
2011-11-23,7,224,1
2011-11-23,7,285,1
2011-11-23,8,90,1
2011-11-23,8,146,1
2011-11-23,8,156,1
2011-11-23,9,120,1
2011-11-23,9,154,1
2011-11-23,9,156,1
2011-11-23,9,228,1
2011-11-23,10,60,1
2011-11-23,10,78,1
2011-11-23,10,210,1
2011-11-23,10,223,1
2011-11-23,11,111,1
2011-11-23,11,150,1
2011-11-23,11,1284,1
2011-11-23,12,107,1
2011-11-23,12,119,1
2011-11-23,12,126,1
2011-11-23,13,126,1
2011-11-23,13,526,1
2011-11-23,14,27,1
2011-11-23,14,134,1
2011-11-23,14,188,1
2011-11-23,14,256,1
2011-11-23,15,74,1
2011-11-23,15,90,1
2011-11-23,16,207,1
2011-11-23,16,458,1
2011-11-23,16,504,1
2011-11-23,17,130,1
2011-11-23,17,172,1
2011-11-23,17,217,1
2011-11-23,18,236,1
2011-11-23,18,241,1
2011-11-23,19,167,1
2011-11-23,19,169,1
2011-11-23,19,187,1
2011-11-23,20,102,1
2011-11-23,20,181,1
2011-11-23,21,39,1
2011-11-23,21,109,1
2011-11-23,21,160,1
2011-11-23,21,247,1
2011-11-23,21,252,1
2011-11-23,21,261,1
2011-11-23,23,50,1
2011-11-23,24,66,1
2011-11-23,25,212,1
2011-11-23,27,93,1
2011-11-23,27,103,1
2011-11-23,28,31,1
2011-11-23,29,620,1
2011-11-23,31,770,1
2011-11-23,33,99,1
2011-11-23,33,364,1
2011-11-23,33,452,1
2011-11-23,34,155,1
2011-11-23,37,481,1
2011-11-23,38,243,1
2011-11-23,38,306,1
2011-11-23,38,394,1
2011-11-23,39,438,1
2011-11-23,41,66,1
2011-11-23,42,5760,1
2011-11-23,45,3806,1
2011-11-23,46,437,1
2011-11-23,47,136,1
2011-11-23,48,441,1
2011-11-23,49,123,1
2011-11-23,50,56,1
2011-11-23,51,73,1
2011-11-23,51,191,1
2011-11-23,53,276,1
2011-11-23,59,343,1
2011-11-23,60,261,1
2011-11-23,72,425,1
2011-11-23,78,361,1
2011-11-23,102,341,1
2011-11-23,107,251,1
2011-11-23,132,2111,1
2011-11-23,136,400,1
2011-11-23,212,1699,1
2011-11-23,281,1007,1
2011-11-23,441,1800,1
2011-11-24,1,3,1
2011-11-24,1,12,1
2011-11-24,1,40,1
2011-11-24,1,48,1
2011-11-24,1,60,1
2011-11-24,2,8,1
2011-11-24,2,36,1
2011-11-24,2,64,1
2011-11-24,2,384,1
2011-11-24,2,438,1
2011-11-24,3,58,1
2011-11-24,3,60,2
2011-11-24,3,103,1
2011-11-24,3,120,1
2011-11-24,3,132,1
2011-11-24,3,252,2
2011-11-24,5,32,1
2011-11-24,5,201,1
2011-11-24,5,232,1
2011-11-24,5,300,1
2011-11-24,6,50,1
2011-11-24,6,59,1
2011-11-24,6,64,1
2011-11-24,6,82,1
2011-11-24,6,102,1
2011-11-24,6,600,1
2011-11-24,7,90,1
2011-11-24,7,98,1
2011-11-24,7,108,1
2011-11-24,8,14,1
2011-11-24,8,30,1
2011-11-24,8,76,1
2011-11-24,8,93,1
2011-11-24,8,156,1
2011-11-24,8,224,1
2011-11-24,9,142,1
2011-11-24,9,248,1
2011-11-24,10,130,1
2011-11-24,10,132,1
2011-11-24,10,138,1
2011-11-24,10,150,1
2011-11-24,11,43,1
2011-11-24,11,200,1
2011-11-24,11,208,1
2011-11-24,12,187,1
2011-11-24,12,242,1
2011-11-24,12,256,1
2011-11-24,12,794,1
2011-11-24,12,948,1
2011-11-24,13,98,1
2011-11-24,13,102,1
2011-11-24,13,268,1
2011-11-24,14,205,1
2011-11-24,15,158,1
2011-11-24,15,358,1
2011-11-24,16,94,1
2011-11-24,16,150,1
2011-11-24,18,180,1
2011-11-24,18,258,1
2011-11-24,18,322,1
2011-11-24,18,346,1
2011-11-24,19,41,1
2011-11-24,19,135,1
2011-11-24,20,59,1
2011-11-24,21,128,1
2011-11-24,21,286,1
2011-11-24,22,260,1
2011-11-24,22,318,1
2011-11-24,22,551,1
2011-11-24,23,41,1
2011-11-24,23,176,1
2011-11-24,23,232,1
2011-11-24,24,248,1
2011-11-24,25,121,1
2011-11-24,25,375,1
2011-11-24,26,91,1
2011-11-24,26,244,1
2011-11-24,27,104,1
2011-11-24,29,73,1
2011-11-24,30,66,1
2011-11-24,30,191,1
2011-11-24,31,83,1
2011-11-24,32,221,1
2011-11-24,33,516,1
2011-11-24,34,453,1
2011-11-24,38,95,1
2011-11-24,38,416,1
2011-11-24,38,796,1
2011-11-24,40,69,1
2011-11-24,40,102,1
2011-11-24,43,85,1
2011-11-24,46,110,1
2011-11-24,47,214,1
2011-11-24,52,168,1
2011-11-24,54,170,1
2011-11-24,54,351,1
2011-11-24,55,106,1
2011-11-24,55,151,1
2011-11-24,55,551,1
2011-11-24,58,298,1
2011-11-24,58,582,1
2011-11-24,60,486,1
2011-11-24,66,206,1
2011-11-24,66,645,1
2011-11-24,67,205,1
2011-11-24,91,220,1
2011-11-24,97,399,1
2011-11-24,126,825,1
2011-11-24,605,1513,1
2011-11-24,621,1602,1
2011-11-25,1,1,4
2011-11-25,1,6,1
2011-11-25,1,18,1
2011-11-25,1,12540,1
2011-11-25,2,2,1
2011-11-25,2,4,1
2011-11-25,2,12,1
2011-11-25,2,21,1
2011-11-25,2,126,1
2011-11-25,2,160,2
2011-11-25,3,22,1
2011-11-25,3,80,1
2011-11-25,3,86,1
2011-11-25,4,68,1
2011-11-25,4,92,1
2011-11-25,4,152,1
2011-11-25,4,177,1
2011-11-25,4,186,1
2011-11-25,5,70,1
2011-11-25,5,91,1
2011-11-25,5,104,1
2011-11-25,5,256,1
2011-11-25,6,230,1
2011-11-25,7,56,1
2011-11-25,7,216,1
2011-11-25,8,114,1
2011-11-25,9,41,1
2011-11-25,9,53,1
2011-11-25,10,11,1
2011-11-25,10,96,1
2011-11-25,10,528,1
2011-11-25,10,568,1
2011-11-25,11,508,1
2011-11-25,12,86,1
2011-11-25,13,146,1
2011-11-25,13,226,1
2011-11-25,13,234,1
2011-11-25,14,130,1
2011-11-25,14,310,1
2011-11-25,15,86,1
2011-11-25,15,102,1
2011-11-25,17,37,1
2011-11-25,17,45,1
2011-11-25,17,75,1
2011-11-25,17,110,1
2011-11-25,19,105,1
2011-11-25,20,235,1
2011-11-25,20,295,1
2011-11-25,20,312,1
2011-11-25,21,125,1
2011-11-25,21,179,1
2011-11-25,22,183,1
2011-11-25,22,281,1
2011-11-25,22,396,1
2011-11-25,23,117,1
2011-11-25,25,242,1
2011-11-25,30,281,1
2011-11-25,31,74,1
2011-11-25,31,183,1
2011-11-25,32,336,1
2011-11-25,33,57,1
2011-11-25,34,439,1
2011-11-25,37,380,1
2011-11-25,38,175,1
2011-11-25,38,187,1
2011-11-25,40,235,1
2011-11-25,47,201,1
2011-11-25,48,586,1
2011-11-25,49,299,1
2011-11-25,52,551,1
2011-11-25,56,707,1
2011-11-25,59,123,1
2011-11-25,68,128,1
2011-11-25,70,231,1
2011-11-25,78,1402,1
2011-11-25,87,207,1
2011-11-25,124,254,1
2011-11-25,127,211,1
2011-11-25,246,912,1
2011-11-25,519,1255,1
2011-11-25,526,1183,1
2011-11-27,1,1,1
2011-11-27,1,12,1
2011-11-27,2,3,1
2011-11-27,2,22,1
2011-11-27,3,14,1
2011-11-27,8,277,1
2011-11-27,9,20,1
2011-11-27,9,66,2
2011-11-27,11,47,1
2011-11-27,13,186,1
2011-11-27,14,82,1
2011-11-27,14,145,1
2011-11-27,15,96,1
2011-11-27,16,78,1
2011-11-27,17,52,1
2011-11-27,19,71,1
2011-11-27,19,291,1
2011-11-27,20,36,1
2011-11-27,21,50,1
2011-11-27,21,150,1
2011-11-27,21,215,1
2011-11-27,22,225,2
2011-11-27,24,172,1
2011-11-27,28,165,1
2011-11-27,31,172,1
2011-11-27,32,74,1
2011-11-27,33,73,1
2011-11-27,38,144,1
2011-11-27,39,359,1
2011-11-27,40,290,1
2011-11-27,47,87,1
2011-11-27,48,71,1
2011-11-27,48,187,1
2011-11-27,49,144,1
2011-11-27,51,438,1
2011-11-27,52,104,1
2011-11-27,52,117,1
2011-11-27,54,182,1
2011-11-27,59,283,1
2011-11-27,62,378,1
2011-11-27,64,167,1
2011-11-27,65,278,1
2011-11-27,69,142,1
2011-11-27,71,635,1
2011-11-27,75,437,1
2011-11-27,77,102,1
2011-11-27,82,790,1
2011-11-27,85,127,1
2011-11-27,85,228,1
2011-11-27,92,135,1
2011-11-27,100,460,1
2011-11-27,100,589,1
2011-11-27,105,406,1
2011-11-27,107,271,1
2011-11-27,109,301,1
2011-11-27,148,214,1
2011-11-28,1,10,1
2011-11-28,1,12,1
2011-11-28,1,16,1
2011-11-28,1,24,2
2011-11-28,1,72,1
2011-11-28,1,96,1
2011-11-28,1,144,1
2011-11-28,1,192,1
2011-11-28,1,600,1
2011-11-28,2,24,1
2011-11-28,2,25,1
2011-11-28,2,96,2
2011-11-28,2,132,1
2011-11-28,2,432,1
2011-11-28,2,480,1
2011-11-28,2,528,1
2011-11-28,3,51,1
2011-11-28,3,204,1
2011-11-28,3,1456,1
2011-11-28,4,50,1
2011-11-28,4,60,1
2011-11-28,4,62,1
2011-11-28,4,69,1
2011-11-28,4,128,1
2011-11-28,4,166,1
2011-11-28,4,168,1
2011-11-28,4,265,1
2011-11-28,4,344,1
2011-11-28,4,432,1
2011-11-28,5,102,1
2011-11-28,6,366,1
2011-11-28,7,26,1
2011-11-28,7,198,1
2011-11-28,8,15,1
2011-11-28,8,49,1
2011-11-28,8,55,1
2011-11-28,8,82,1
2011-11-28,8,250,1
2011-11-28,8,364,1
2011-11-28,8,386,2
2011-11-28,9,105,1
2011-11-28,9,110,1
2011-11-28,9,172,1
2011-11-28,9,223,1
2011-11-28,10,13,1
2011-11-28,10,152,1
2011-11-28,10,166,1
2011-11-28,10,340,1
2011-11-28,11,93,1
2011-11-28,11,153,1
2011-11-28,11,172,1
2011-11-28,11,193,1
2011-11-28,12,121,1
2011-11-28,12,126,1
2011-11-28,13,86,1
2011-11-28,13,109,1
2011-11-28,13,110,1
2011-11-28,13,140,1
2011-11-28,13,143,1
2011-11-28,14,91,1
2011-11-28,15,152,1
2011-11-28,15,161,1
2011-11-28,15,200,1
2011-11-28,15,315,1
2011-11-28,15,397,1
2011-11-28,15,544,1
2011-11-28,16,38,1
2011-11-28,16,97,1
2011-11-28,16,151,1
2011-11-28,17,255,1
2011-11-28,19,209,1
2011-11-28,20,196,1
2011-11-28,21,342,1
2011-11-28,22,330,1
2011-11-28,24,165,1
2011-11-28,25,352,1
2011-11-28,26,44,1
2011-11-28,26,110,1
2011-11-28,26,424,1
2011-11-28,27,422,1
2011-11-28,28,63,1
2011-11-28,28,511,1
2011-11-28,30,121,1
2011-11-28,30,136,1
2011-11-28,30,382,1
2011-11-28,32,58,1
2011-11-28,32,63,1
2011-11-28,32,116,1
2011-11-28,33,128,1
2011-11-28,36,210,1
2011-11-28,37,292,1
2011-11-28,39,190,1
2011-11-28,39,290,1
2011-11-28,40,191,1
2011-11-28,43,340,1
2011-11-28,43,727,1
2011-11-28,44,176,1
2011-11-28,51,218,1
2011-11-28,51,576,1
2011-11-28,52,193,1
2011-11-28,52,459,1
2011-11-28,53,221,1
2011-11-28,55,109,1
2011-11-28,59,605,1
2011-11-28,63,1322,1
2011-11-28,76,169,1
2011-11-28,83,663,1
2011-11-28,91,409,1
2011-11-28,164,540,1
2011-11-28,532,2105,1
2011-11-28,540,1401,1
2011-11-29,1,1,2
2011-11-29,1,6,1
2011-11-29,1,12,2
2011-11-29,1,24,1
2011-11-29,1,36,1
2011-11-29,1,48,2
2011-11-29,1,100,1
2011-11-29,1,774,1
2011-11-29,1,2040,1
2011-11-29,2,2,1
2011-11-29,2,5,1
2011-11-29,2,6,1
2011-11-29,2,18,1
2011-11-29,2,48,1
2011-11-29,2,60,1
2011-11-29,2,72,1
2011-11-29,2,200,1
2011-11-29,2,338,1
2011-11-29,3,4,1
2011-11-29,3,36,1
2011-11-29,3,70,1
2011-11-29,3,72,1
2011-11-29,3,127,1
2011-11-29,3,136,1
2011-11-29,3,167,1
2011-11-29,4,5,1
2011-11-29,4,17,1
2011-11-29,4,48,1
2011-11-29,4,99,1
2011-11-29,5,5,1
2011-11-29,5,73,1
2011-11-29,5,90,1
2011-11-29,5,148,1
2011-11-29,6,18,1
2011-11-29,6,34,1
2011-11-29,6,48,1
2011-11-29,7,16,1
2011-11-29,7,54,1
2011-11-29,7,58,1
2011-11-29,7,77,1
2011-11-29,7,120,1
2011-11-29,7,152,1
2011-11-29,7,157,1
2011-11-29,7,168,1
2011-11-29,7,407,1
2011-11-29,7,1024,1
2011-11-29,8,24,1
2011-11-29,8,143,1
2011-11-29,8,162,1
2011-11-29,8,180,1
2011-11-29,9,47,1
2011-11-29,9,90,1
2011-11-29,9,112,1
2011-11-29,9,158,1
2011-11-29,9,180,1
2011-11-29,10,27,1
2011-11-29,10,104,1
2011-11-29,10,139,1
2011-11-29,10,255,1
2011-11-29,10,649,1
2011-11-29,11,29,1
2011-11-29,11,81,1
2011-11-29,11,119,1
2011-11-29,11,228,1
2011-11-29,12,64,1
2011-11-29,12,120,1
2011-11-29,13,300,1
2011-11-29,13,308,1
2011-11-29,13,380,1
2011-11-29,14,35,1
2011-11-29,14,150,1
2011-11-29,14,158,1
2011-11-29,14,212,1
2011-11-29,15,46,1
2011-11-29,15,88,1
2011-11-29,15,109,1
2011-11-29,15,224,1
2011-11-29,16,120,1
2011-11-29,16,287,1
2011-11-29,17,267,1
2011-11-29,17,515,1
2011-11-29,18,168,1
2011-11-29,18,173,1
2011-11-29,18,220,1
2011-11-29,19,221,1
2011-11-29,19,238,1
2011-11-29,19,286,1
2011-11-29,19,368,1
2011-11-29,20,158,1
2011-11-29,20,187,1
2011-11-29,20,217,1
2011-11-29,21,67,1
2011-11-29,21,1619,1
2011-11-29,22,187,1
2011-11-29,22,338,1
2011-11-29,23,96,1
2011-11-29,23,182,1
2011-11-29,23,202,1
2011-11-29,24,279,1
2011-11-29,27,445,1
2011-11-29,28,306,1
2011-11-29,29,281,1
2011-11-29,29,378,1
2011-11-29,29,625,1
2011-11-29,31,86,1
2011-11-29,31,117,1
2011-11-29,32,73,1
2011-11-29,32,368,1
2011-11-29,32,453,1
2011-11-29,34,77,1
2011-11-29,35,114,1
2011-11-29,38,457,1
2011-11-29,45,132,1
2011-11-29,47,68,1
2011-11-29,47,218,1
2011-11-29,48,53,1
2011-11-29,48,532,1
2011-11-29,49,86,1
2011-11-29,50,213,1
2011-11-29,64,184,1
2011-11-29,67,955,1
2011-11-29,74,156,1
2011-11-29,88,167,1
2011-11-29,96,258,1
2011-11-29,105,262,1
2011-11-29,126,168,1
2011-11-29,126,180,1
2011-11-29,158,357,1
2011-11-29,165,403,1
2011-11-29,194,588,1
2011-11-29,237,661,1
2011-11-29,502,1344,1
2011-11-29,577,1516,1
2011-11-30,1,1,1
2011-11-30,1,24,3
2011-11-30,1,36,1
2011-11-30,2,3,1
2011-11-30,2,60,1
2011-11-30,3,29,1
2011-11-30,3,50,1
2011-11-30,3,88,1
2011-11-30,3,108,1
2011-11-30,3,244,1
2011-11-30,4,36,1
2011-11-30,4,51,1
2011-11-30,5,5,1
2011-11-30,5,39,1
2011-11-30,5,70,1
2011-11-30,6,132,1
2011-11-30,7,66,1
2011-11-30,7,67,1
2011-11-30,7,204,1
2011-11-30,7,240,1
2011-11-30,8,42,1
2011-11-30,8,132,1
2011-11-30,8,140,1
2011-11-30,8,936,1
2011-11-30,9,144,1
2011-11-30,10,63,1
2011-11-30,10,75,1
2011-11-30,10,92,1
2011-11-30,10,100,1
2011-11-30,10,404,1
2011-11-30,11,91,1
2011-11-30,11,147,1
2011-11-30,11,148,1
2011-11-30,12,135,1
2011-11-30,12,146,1
2011-11-30,12,196,1
2011-11-30,12,204,1
2011-11-30,12,418,1
2011-11-30,13,13,1
2011-11-30,13,75,1
2011-11-30,13,97,1
2011-11-30,13,183,1
2011-11-30,14,29,1
2011-11-30,14,138,1
2011-11-30,14,1390,1
2011-11-30,15,111,1
2011-11-30,15,160,1
2011-11-30,15,205,1
2011-11-30,16,129,1
2011-11-30,16,150,1
2011-11-30,17,52,1
2011-11-30,17,84,1
2011-11-30,17,99,1
2011-11-30,17,134,1
2011-11-30,17,239,1
2011-11-30,17,440,1
2011-11-30,18,193,1
2011-11-30,18,194,1
2011-11-30,18,236,1
2011-11-30,18,270,1
2011-11-30,18,515,1
2011-11-30,19,154,1
2011-11-30,19,236,1
2011-11-30,20,274,1
2011-11-30,21,228,1
2011-11-30,22,172,1
2011-11-30,22,223,1
2011-11-30,22,406,1
2011-11-30,23,122,1
2011-11-30,24,83,1
2011-11-30,24,950,1
2011-11-30,26,255,1
2011-11-30,26,267,1
2011-11-30,27,512,1
2011-11-30,27,640,1
2011-11-30,28,148,1
2011-11-30,28,184,1
2011-11-30,28,227,1
2011-11-30,28,261,1
2011-11-30,30,307,1
2011-11-30,30,368,1
2011-11-30,30,1386,1
2011-11-30,31,354,1
2011-11-30,33,71,1
2011-11-30,33,454,1
2011-11-30,34,366,1
2011-11-30,37,63,1
2011-11-30,39,223,1
2011-11-30,44,93,1
2011-11-30,46,134,1
2011-11-30,51,268,1
2011-11-30,52,134,1
2011-11-30,57,100,1
2011-11-30,59,600,1
2011-11-30,60,674,1
2011-11-30,67,124,1
2011-11-30,67,806,1
2011-11-30,68,95,1
2011-11-30,68,2299,1
2011-11-30,73,138,1
2011-11-30,112,357,1
2011-11-30,147,572,1
2011-11-30,150,393,1
2011-11-30,176,523,1
2011-11-30,686,1762,1
2011-12-01,1,2,1
2011-12-01,1,5,1
2011-12-01,1,24,2
2011-12-01,1,1200,1
2011-12-01,2,18,1
2011-12-01,2,90,1
2011-12-01,2,360,1
2011-12-01,3,72,1
2011-12-01,3,216,1
2011-12-01,3,276,1
2011-12-01,4,42,1
2011-12-01,4,68,1
2011-12-01,4,207,1
2011-12-01,4,384,1
2011-12-01,5,14,1
2011-12-01,5,32,1
2011-12-01,5,33,1
2011-12-01,5,45,1
2011-12-01,5,62,1
2011-12-01,5,68,1
2011-12-01,5,78,1
2011-12-01,5,135,1
2011-12-01,5,204,2
2011-12-01,5,224,1
2011-12-01,5,720,1
2011-12-01,6,54,1
2011-12-01,6,66,1
2011-12-01,6,110,1
2011-12-01,6,124,1
2011-12-01,6,136,1
2011-12-01,6,254,1
2011-12-01,7,112,1
2011-12-01,7,216,1
2011-12-01,8,21,1
2011-12-01,8,46,1
2011-12-01,8,106,1
2011-12-01,8,130,1
2011-12-01,8,136,1
2011-12-01,8,250,1
2011-12-01,9,85,1
2011-12-01,9,117,1
2011-12-01,9,168,1
2011-12-01,9,232,1
2011-12-01,9,246,1
2011-12-01,10,85,1
2011-12-01,10,116,1
2011-12-01,10,126,1
2011-12-01,10,153,1
2011-12-01,11,93,1
2011-12-01,11,109,1
2011-12-01,12,97,1
2011-12-01,12,121,1
2011-12-01,12,137,1
2011-12-01,12,716,1
2011-12-01,13,63,1
2011-12-01,13,70,1
2011-12-01,13,175,1
2011-12-01,14,30,1
2011-12-01,14,131,1
2011-12-01,14,134,1
2011-12-01,14,207,1
2011-12-01,14,228,1
2011-12-01,14,240,1
2011-12-01,14,360,1
2011-12-01,14,1167,1
2011-12-01,15,194,1
2011-12-01,15,198,1
2011-12-01,15,210,1
2011-12-01,15,497,1
2011-12-01,16,73,1
2011-12-01,16,120,1
2011-12-01,16,705,1
2011-12-01,17,127,1
2011-12-01,18,79,1
2011-12-01,18,149,1
2011-12-01,18,172,1
2011-12-01,18,253,1
2011-12-01,18,256,1
2011-12-01,19,36,1
2011-12-01,19,139,1
2011-12-01,19,1101,1
2011-12-01,20,128,1
2011-12-01,20,248,1
2011-12-01,21,150,1
2011-12-01,21,180,1
2011-12-01,21,195,1
2011-12-01,21,202,1
2011-12-01,21,215,1
2011-12-01,21,320,1
2011-12-01,22,188,1
2011-12-01,23,49,1
2011-12-01,23,76,1
2011-12-01,23,156,1
2011-12-01,23,194,1
2011-12-01,23,252,1
2011-12-01,23,333,1
2011-12-01,24,327,1
2011-12-01,24,379,1
2011-12-01,25,201,1
2011-12-01,26,63,1
2011-12-01,26,386,1
2011-12-01,27,76,1
2011-12-01,30,84,1
2011-12-01,34,165,1
2011-12-01,37,447,1
2011-12-01,39,265,1
2011-12-01,40,66,1
2011-12-01,42,306,1
2011-12-01,43,152,1
2011-12-01,47,86,1
2011-12-01,49,110,1
2011-12-01,51,99,1
2011-12-01,61,586,1
2011-12-01,68,507,1
2011-12-01,73,660,1
2011-12-01,82,343,1
2011-12-01,87,226,1
2011-12-01,125,336,1
2011-12-01,644,1987,1
2011-12-02,1,1,2
2011-12-02,1,2,2
2011-12-02,1,9,1
2011-12-02,1,12,3
2011-12-02,1,24,3
2011-12-02,1,48,3
2011-12-02,1,50,3
2011-12-02,1,160,1
2011-12-02,1,288,1
2011-12-02,1,1000,1
2011-12-02,1,1120,1
2011-12-02,1,1500,1
2011-12-02,2,3,1
2011-12-02,2,12,1
2011-12-02,2,24,2
2011-12-02,2,38,1
2011-12-02,3,8,1
2011-12-02,3,14,1
2011-12-02,3,15,1
2011-12-02,3,22,1
2011-12-02,3,50,1
2011-12-02,3,60,1
2011-12-02,3,120,1
2011-12-02,4,80,1
2011-12-02,4,84,1
2011-12-02,5,28,1
2011-12-02,5,47,1
2011-12-02,5,51,1
2011-12-02,5,70,1
2011-12-02,5,76,1
2011-12-02,5,84,1
2011-12-02,5,109,1
2011-12-02,6,55,1
2011-12-02,6,184,1
2011-12-02,6,214,1
2011-12-02,6,514,1
2011-12-02,7,10,1
2011-12-02,7,79,1
2011-12-02,7,126,1
2011-12-02,7,276,1
2011-12-02,8,57,1
2011-12-02,8,110,1
2011-12-02,8,1744,1
2011-12-02,9,48,1
2011-12-02,9,146,1
2011-12-02,10,91,1
2011-12-02,10,124,1
2011-12-02,11,74,1
2011-12-02,11,124,1
2011-12-02,11,196,1
2011-12-02,11,304,1
2011-12-02,12,19,1
2011-12-02,12,77,1
2011-12-02,12,192,1
2011-12-02,13,76,1
2011-12-02,13,86,1
2011-12-02,13,118,1
2011-12-02,13,172,1
2011-12-02,14,338,1
2011-12-02,15,138,1
2011-12-02,15,160,1
2011-12-02,15,183,1
2011-12-02,15,228,1
2011-12-02,16,52,1
2011-12-02,16,316,1
2011-12-02,16,988,1
2011-12-02,17,880,1
2011-12-02,18,146,1
2011-12-02,19,59,1
2011-12-02,19,213,1
2011-12-02,19,314,1
2011-12-02,20,252,1
2011-12-02,21,137,1
2011-12-02,21,168,1
2011-12-02,21,292,1
2011-12-02,22,39,1
2011-12-02,22,196,1
2011-12-02,23,73,1
2011-12-02,24,268,1
2011-12-02,25,71,1
2011-12-02,25,278,1
2011-12-02,26,501,1
2011-12-02,26,544,1
2011-12-02,27,278,1
2011-12-02,29,52,1
2011-12-02,31,469,1
2011-12-02,32,457,1
2011-12-02,33,64,1
2011-12-02,33,173,1
2011-12-02,34,295,1
2011-12-02,41,410,1
2011-12-02,42,421,1
2011-12-02,44,84,1
2011-12-02,46,254,1
2011-12-02,47,212,1
2011-12-02,47,369,1
2011-12-02,47,1027,1
2011-12-02,48,145,1
2011-12-02,49,126,1
2011-12-02,50,182,1
2011-12-02,53,157,1
2011-12-02,53,686,1
2011-12-02,55,460,1
2011-12-02,56,694,1
2011-12-02,68,113,1
2011-12-02,72,1086,1
2011-12-02,80,510,1
2011-12-02,95,392,1
2011-12-02,127,250,1
2011-12-02,649,1871,1
2011-12-04,1,1,3
2011-12-04,1,18,1
2011-12-04,3,33,1
2011-12-04,3,44,1
2011-12-04,3,120,1
2011-12-04,4,120,1
2011-12-04,5,47,1
2011-12-04,5,90,1
2011-12-04,5,111,1
2011-12-04,6,41,1
2011-12-04,6,152,1
2011-12-04,6,248,1
2011-12-04,7,43,1
2011-12-04,7,73,1
2011-12-04,7,74,1
2011-12-04,9,44,1
2011-12-04,9,128,1
2011-12-04,10,16,1
2011-12-04,10,50,1
2011-12-04,10,311,1
2011-12-04,11,90,1
2011-12-04,12,84,1
2011-12-04,13,114,1
2011-12-04,13,268,1
2011-12-04,14,298,1
2011-12-04,15,20,1
2011-12-04,15,24,1
2011-12-04,15,72,1
2011-12-04,15,86,1
2011-12-04,15,200,1
2011-12-04,15,229,1
2011-12-04,15,418,1
2011-12-04,17,149,1
2011-12-04,18,119,1
2011-12-04,18,178,1
2011-12-04,18,192,1
2011-12-04,18,294,1
2011-12-04,20,95,1
2011-12-04,20,210,1
2011-12-04,21,51,1
2011-12-04,24,40,1
2011-12-04,24,65,1
2011-12-04,25,252,1
2011-12-04,26,159,1
2011-12-04,27,286,1
2011-12-04,30,534,1
2011-12-04,31,356,1
2011-12-04,36,69,1
2011-12-04,37,258,1
2011-12-04,38,84,1
2011-12-04,38,336,1
2011-12-04,43,143,1
2011-12-04,55,94,1
2011-12-04,60,418,1
2011-12-04,64,286,1
2011-12-04,64,938,1
2011-12-04,65,280,1
2011-12-04,73,206,1
2011-12-04,73,235,1
2011-12-04,77,262,1
2011-12-04,82,333,1
2011-12-04,100,220,1
2011-12-04,115,269,1
2011-12-04,117,534,1
2011-12-04,127,253,1
2011-12-04,139,532,1
2011-12-05,1,1,1
2011-12-05,1,4,2
2011-12-05,1,5,1
2011-12-05,1,10,1
2011-12-05,1,24,1
2011-12-05,1,32,1
2011-12-05,1,40,1
2011-12-05,1,800,1
2011-12-05,2,2,4
2011-12-05,2,18,1
2011-12-05,2,32,1
2011-12-05,2,34,1
2011-12-05,2,44,1
2011-12-05,2,88,1
2011-12-05,2,878,1
2011-12-05,3,6,1
2011-12-05,3,7,1
2011-12-05,3,18,1
2011-12-05,4,4,1
2011-12-05,4,16,1
2011-12-05,4,25,1
2011-12-05,4,34,1
2011-12-05,4,44,1
2011-12-05,5,21,1
2011-12-05,5,60,1
2011-12-05,5,74,1
2011-12-05,5,122,1
2011-12-05,6,81,1
2011-12-05,6,91,1
2011-12-05,6,125,1
2011-12-05,6,170,1
2011-12-05,6,264,1
2011-12-05,7,78,1
2011-12-05,7,140,1
2011-12-05,7,156,1
2011-12-05,7,184,1
2011-12-05,7,334,1
2011-12-05,8,123,1
2011-12-05,8,128,1
2011-12-05,8,202,1
2011-12-05,9,96,1
2011-12-05,9,97,1
2011-12-05,9,156,1
2011-12-05,9,170,1
2011-12-05,9,192,1
2011-12-05,10,84,1
2011-12-05,10,85,1
2011-12-05,10,94,1
2011-12-05,10,172,1
2011-12-05,11,204,1
2011-12-05,12,43,1
2011-12-05,12,146,1
2011-12-05,12,184,1
2011-12-05,13,127,1
2011-12-05,13,523,1
2011-12-05,14,191,1
2011-12-05,15,134,1
2011-12-05,15,207,1
2011-12-05,15,305,1
2011-12-05,16,216,1
2011-12-05,16,228,1
2011-12-05,17,53,1
2011-12-05,17,161,1
2011-12-05,17,226,1
2011-12-05,18,90,1
2011-12-05,18,283,1
2011-12-05,19,348,1
2011-12-05,19,444,1
2011-12-05,20,41,1
2011-12-05,20,93,1
2011-12-05,20,156,1
2011-12-05,20,163,1
2011-12-05,20,191,1
2011-12-05,20,394,1
2011-12-05,21,322,1
2011-12-05,21,408,1
2011-12-05,22,81,1
2011-12-05,22,224,1
2011-12-05,22,242,1
2011-12-05,22,267,1
2011-12-05,22,283,1
2011-12-05,23,286,1
2011-12-05,25,170,1
2011-12-05,25,238,1
2011-12-05,25,458,1
2011-12-05,28,147,1
2011-12-05,29,4732,1
2011-12-05,30,448,1
2011-12-05,31,472,1
2011-12-05,33,56,1
2011-12-05,33,128,1
2011-12-05,33,407,1
2011-12-05,33,467,1
2011-12-05,33,3920,1
2011-12-05,35,95,1
2011-12-05,36,654,1
2011-12-05,38,608,1
2011-12-05,39,618,1
2011-12-05,41,598,1
2011-12-05,42,239,1
2011-12-05,43,138,1
2011-12-05,44,397,1
2011-12-05,45,748,1
2011-12-05,46,157,1
2011-12-05,50,322,1
2011-12-05,51,150,1
2011-12-05,53,632,1
2011-12-05,57,101,1
2011-12-05,68,165,1
2011-12-05,71,1892,1
2011-12-05,72,321,1
2011-12-05,78,1005,1
2011-12-05,83,236,1
2011-12-05,88,353,1
2011-12-05,92,147,1
2011-12-05,107,283,1
2011-12-05,115,228,1
2011-12-05,121,292,1
2011-12-05,143,497,1
2011-12-05,252,851,1
2011-12-05,270,947,1
2011-12-05,528,2192,1
2011-12-05,661,1857,1
2011-12-05,720,2455,1
2011-12-06,1,20,1
2011-12-06,1,24,2
2011-12-06,1,72,1
2011-12-06,1,96,2
2011-12-06,1,100,1
2011-12-06,2,2,1
2011-12-06,2,5,1
2011-12-06,2,16,1
2011-12-06,2,42,1
2011-12-06,2,192,1
2011-12-06,3,17,1
2011-12-06,3,38,1
2011-12-06,3,176,1
2011-12-06,3,180,1
2011-12-06,4,5,1
2011-12-06,4,15,1
2011-12-06,4,24,1
2011-12-06,4,28,1
2011-12-06,4,40,1
2011-12-06,4,64,1
2011-12-06,4,108,1
2011-12-06,4,188,1
2011-12-06,5,26,1
2011-12-06,5,93,1
2011-12-06,5,336,1
2011-12-06,5,344,1
2011-12-06,5,700,1
2011-12-06,6,60,1
2011-12-06,6,72,1
2011-12-06,6,79,1
2011-12-06,6,99,1
2011-12-06,6,240,1
2011-12-06,7,82,1
2011-12-06,7,92,1
2011-12-06,7,864,1
2011-12-06,8,45,1
2011-12-06,8,138,1
2011-12-06,9,9,1
2011-12-06,9,12,1
2011-12-06,9,74,1
2011-12-06,9,552,1
2011-12-06,10,102,1
2011-12-06,11,95,1
2011-12-06,11,126,1
2011-12-06,11,181,1
2011-12-06,11,231,1
2011-12-06,12,115,1
2011-12-06,12,206,1
2011-12-06,13,145,1
2011-12-06,14,58,1
2011-12-06,14,158,1
2011-12-06,15,217,1
2011-12-06,15,1410,1
2011-12-06,16,160,1
2011-12-06,16,234,1
2011-12-06,17,171,1
2011-12-06,17,215,1
2011-12-06,17,1160,1
2011-12-06,17,1640,1
2011-12-06,19,172,1
2011-12-06,19,250,1
2011-12-06,21,227,1
2011-12-06,21,263,1
2011-12-06,21,268,1
2011-12-06,21,282,1
2011-12-06,22,75,1
2011-12-06,22,626,1
2011-12-06,23,203,1
2011-12-06,23,204,1
2011-12-06,24,240,1
2011-12-06,24,299,1
2011-12-06,24,461,1
2011-12-06,25,80,1
2011-12-06,25,96,1
2011-12-06,26,209,1
2011-12-06,26,294,1
2011-12-06,26,758,1
2011-12-06,29,218,1
2011-12-06,29,300,1
2011-12-06,30,336,1
2011-12-06,31,66,1
2011-12-06,31,180,1
2011-12-06,32,321,1
2011-12-06,33,76,1
2011-12-06,33,642,1
2011-12-06,34,98,1
2011-12-06,34,385,1
2011-12-06,35,233,1
2011-12-06,36,71,1
2011-12-06,36,482,1
2011-12-06,37,44,1
2011-12-06,39,227,1
2011-12-06,39,694,1
2011-12-06,41,276,1
2011-12-06,45,96,1
2011-12-06,47,177,1
2011-12-06,48,840,1
2011-12-06,49,128,1
2011-12-06,49,1152,1
2011-12-06,50,142,1
2011-12-06,55,121,1
2011-12-06,61,452,1
2011-12-06,61,789,1
2011-12-06,64,116,1
2011-12-06,64,171,1
2011-12-06,68,107,1
2011-12-06,71,325,1
2011-12-06,72,979,1
2011-12-06,80,473,1
2011-12-06,125,252,1
2011-12-06,183,698,1
2011-12-06,628,1650,1
2011-12-07,1,6,1
2011-12-07,1,20,1
2011-12-07,1,150,1
2011-12-07,1,600,1
2011-12-07,1,620,1
2011-12-07,1,1404,1
2011-12-07,2,32,1
2011-12-07,2,88,2
2011-12-07,2,156,1
2011-12-07,3,38,1
2011-12-07,3,72,1
2011-12-07,4,22,1
2011-12-07,4,32,1
2011-12-07,4,57,1
2011-12-07,4,500,1
2011-12-07,5,67,1
2011-12-07,5,177,1
2011-12-07,6,86,1
2011-12-07,6,176,1
2011-12-07,6,284,1
2011-12-07,7,56,1
2011-12-07,7,63,1
2011-12-07,7,122,1
2011-12-07,7,152,1
2011-12-07,7,360,1
2011-12-07,7,516,1
2011-12-07,7,4340,1
2011-12-07,8,12,1
2011-12-07,8,13,1
2011-12-07,8,80,1
2011-12-07,8,85,1
2011-12-07,8,120,1
2011-12-07,8,452,1
2011-12-07,9,102,1
2011-12-07,9,134,1
2011-12-07,9,342,1
2011-12-07,9,418,1
2011-12-07,10,77,1
2011-12-07,10,86,1
2011-12-07,10,238,1
2011-12-07,11,192,1
2011-12-07,11,292,1
2011-12-07,12,78,1
2011-12-07,12,139,1
2011-12-07,12,154,1
2011-12-07,13,126,1
2011-12-07,13,158,1
2011-12-07,13,424,1
2011-12-07,14,180,1
2011-12-07,14,210,1
2011-12-07,14,211,1
2011-12-07,14,324,1
2011-12-07,15,83,1
2011-12-07,15,114,1
2011-12-07,15,153,1
2011-12-07,15,246,1
2011-12-07,15,273,1
2011-12-07,15,275,1
2011-12-07,16,138,1
2011-12-07,16,144,1
2011-12-07,16,148,1
2011-12-07,17,180,1
2011-12-07,18,163,1
2011-12-07,18,309,1
2011-12-07,18,322,1
2011-12-07,18,324,1
2011-12-07,18,434,1
2011-12-07,19,65,1
2011-12-07,19,93,1
2011-12-07,19,205,1
2011-12-07,19,247,1
2011-12-07,20,174,1
2011-12-07,20,234,1
2011-12-07,20,315,1
2011-12-07,22,140,1
2011-12-07,22,180,1
2011-12-07,23,254,1
2011-12-07,24,201,1
2011-12-07,29,151,1
2011-12-07,29,264,1
2011-12-07,31,60,1
2011-12-07,31,487,1
2011-12-07,36,450,1
2011-12-07,37,889,1
2011-12-07,40,3295,1
2011-12-07,42,175,1
2011-12-07,43,673,1
2011-12-07,44,82,1
2011-12-07,47,1016,1
2011-12-07,47,1392,1
2011-12-07,50,136,1
2011-12-07,50,279,1
2011-12-07,51,572,1
2011-12-07,52,609,1
2011-12-07,53,92,1
2011-12-07,57,248,1
2011-12-07,59,147,1
2011-12-07,63,817,1
2011-12-07,69,251,1
2011-12-07,77,266,1
2011-12-07,77,7366,1
2011-12-07,81,128,1
2011-12-07,120,902,1
2011-12-07,214,765,1
2011-12-08,1,4,2
2011-12-08,1,140,1
2011-12-08,1,1200,1
2011-12-08,1,1500,1
2011-12-08,2,2,1
2011-12-08,2,12,2
2011-12-08,2,18,1
2011-12-08,2,96,1
2011-12-08,2,540,1
2011-12-08,3,46,1
2011-12-08,3,90,1
2011-12-08,4,48,1
2011-12-08,4,84,1
2011-12-08,4,272,1
2011-12-08,5,21,1
2011-12-08,5,42,1
2011-12-08,6,28,1
2011-12-08,6,52,1
2011-12-08,6,70,1
2011-12-08,6,78,1
2011-12-08,6,102,1
2011-12-08,6,144,1
2011-12-08,6,265,1
2011-12-08,7,14,1
2011-12-08,7,27,1
2011-12-08,7,62,1
2011-12-08,7,77,1
2011-12-08,7,88,1
2011-12-08,8,86,1
2011-12-08,8,109,1
2011-12-08,8,110,1
2011-12-08,8,272,1
2011-12-08,9,48,1
2011-12-08,9,59,1
2011-12-08,9,63,1
2011-12-08,9,111,1
2011-12-08,9,122,1
2011-12-08,9,186,1
2011-12-08,10,91,1
2011-12-08,10,149,1
2011-12-08,10,224,1
2011-12-08,11,52,1
2011-12-08,11,140,1
2011-12-08,11,2414,1
2011-12-08,12,70,1
2011-12-08,12,76,1
2011-12-08,12,79,1
2011-12-08,12,101,1
2011-12-08,12,146,1
2011-12-08,12,152,1
2011-12-08,12,174,1
2011-12-08,12,214,1
2011-12-08,12,226,1
2011-12-08,12,268,1
2011-12-08,12,1056,1
2011-12-08,13,154,1
2011-12-08,13,191,1
2011-12-08,14,151,1
2011-12-08,14,164,1
2011-12-08,14,198,1
2011-12-08,14,492,1
2011-12-08,15,134,1
2011-12-08,15,189,1
2011-12-08,15,278,1
2011-12-08,16,131,1
2011-12-08,16,254,1
2011-12-08,17,92,1
2011-12-08,17,139,1
2011-12-08,18,188,1
2011-12-08,18,314,1
2011-12-08,18,324,1
2011-12-08,19,22,1
2011-12-08,19,28,1
2011-12-08,19,444,1
2011-12-08,19,454,1
2011-12-08,20,35,1
2011-12-08,20,196,1
2011-12-08,20,223,1
2011-12-08,21,254,1
2011-12-08,23,93,1
2011-12-08,23,104,1
2011-12-08,24,24,1
2011-12-08,24,161,1
2011-12-08,24,468,1
2011-12-08,25,132,1
2011-12-08,25,1069,1
2011-12-08,26,256,1
2011-12-08,27,76,1
2011-12-08,27,642,1
2011-12-08,27,740,1
2011-12-08,30,64,1
2011-12-08,30,67,1
2011-12-08,32,55,1
2011-12-08,32,476,1
2011-12-08,33,64,1
2011-12-08,34,494,1
2011-12-08,35,432,1
2011-12-08,36,186,1
2011-12-08,39,170,1
2011-12-08,46,102,1
2011-12-08,48,123,1
2011-12-08,49,256,1
2011-12-08,52,190,1
2011-12-08,54,253,1
2011-12-08,55,181,1
2011-12-08,56,987,1
2011-12-08,62,1074,1
2011-12-08,63,324,1
2011-12-08,71,184,1
2011-12-08,72,92,1
2011-12-08,72,806,1
2011-12-08,88,367,1
2011-12-08,115,694,1
2011-12-08,133,475,1
2011-12-08,182,300,1
2011-12-08,203,691,1
2011-12-08,634,1747,1
2011-12-08,674,1851,1
2011-12-08,748,2150,1
2011-12-09,1,10,1
2011-12-09,1,12,1
2011-12-09,1,120,1
2011-12-09,1,144,1
2011-12-09,1,80995,1
2011-12-09,2,18,1
2011-12-09,2,72,1
2011-12-09,2,76,1
2011-12-09,2,120,1
2011-12-09,3,10,1
2011-12-09,3,22,1
2011-12-09,3,56,1
2011-12-09,3,114,1
2011-12-09,4,60,1
2011-12-09,4,66,1
2011-12-09,6,228,1
2011-12-09,9,84,1
2011-12-09,10,144,1
2011-12-09,12,86,1
2011-12-09,12,95,1
2011-12-09,12,365,1
2011-12-09,15,105,1
2011-12-09,15,179,1
2011-12-09,15,276,1
2011-12-09,16,202,1
2011-12-09,16,218,1
2011-12-09,16,234,1
2011-12-09,17,186,1
2011-12-09,18,226,1
2011-12-09,19,352,1
2011-12-09,20,158,1
2011-12-09,20,270,1
2011-12-09,21,278,1
2011-12-09,24,82,1
2011-12-09,24,405,1
2011-12-09,24,692,1
2011-12-09,30,476,1
2011-12-09,32,496,1
2011-12-09,37,505,1
2011-12-09,59,654,1
2011-12-09,65,2215,1
2011-12-09,74,121,1
2011-12-09,217,731,1
2011-12-09,730,2010,1
