case_key,period,policy,basis,lead_days,demand_start,demand_end,cost_end,target_share,evidence,workers,absent,present_workers,rate,service_days,arrivals,completed_on_time,completed_late,overdue_unfinished,pending_not_due,on_time_unit_share,target_met,peak_backlog,backlog_unit_days,total_cost
full|extra0_ot0_temps0|retained|30.0|0|1,full,extra0_ot0_temps0,retained,1,2023-01-05,2023-10-19,2023-11-16,0.95,Hypothetical historical replay,6,0,6,30.0,2,228195,129428,98767,0,0,0.5671815771598852,False,4687,413524,238656.0
full|extra0_ot0_temps0|retained|30.0|0|3,full,extra0_ot0_temps0,retained,3,2023-01-05,2023-10-19,2023-11-16,0.95,Hypothetical historical replay,6,0,6,30.0,2,228195,129428,98767,0,0,0.5671815771598852,False,4687,413524,238656.0
full|extra0_ot0_temps0|retained|30.0|1|1,full,extra0_ot0_temps0,retained,1,2023-01-05,2023-10-19,2023-11-16,0.95,Hypothetical historical replay,6,1,5,30.0,2,228195,3704,224491,0,0,0.016231731633033153,False,20214,3777723,238656.0
full|extra0_ot0_temps0|retained|30.0|1|3,full,extra0_ot0_temps0,retained,3,2023-01-05,2023-10-19,2023-11-16,0.95,Hypothetical historical replay,6,1,5,30.0,2,228195,3704,224491,0,0,0.016231731633033153,False,20214,3777723,238656.0
full|extra0_ot0_temps0|retained|30.0|2|1,full,extra0_ot0_temps0,retained,1,2023-01-05,2023-10-19,2023-11-16,0.95,Hypothetical historical replay,6,2,4,30.0,2,228195,1826,182590,43779,0,0.008001928175463966,False,60481,11062932,238656.0
full|extra0_ot0_temps0|retained|30.0|2|3,full,extra0_ot0_temps0,retained,3,2023-01-05,2023-10-19,2023-11-16,0.95,Hypothetical historical replay,6,2,4,30.0,2,228195,1826,182590,43779,0,0.008001928175463966,False,60481,11062932,238656.0
full|extra0_ot0_temps0|retained|40.0|0|1,full,extra0_ot0_temps0,retained,1,2023-01-05,2023-10-19,2023-11-16,0.95,Hypothetical historical replay,6,0,6,40.0,2,228195,218629,9566,0,0,0.9580797125265672,True,4279,93937,238656.0
full|extra0_ot0_temps0|retained|40.0|0|3,full,extra0_ot0_temps0,retained,3,2023-01-05,2023-10-19,2023-11-16,0.95,Hypothetical historical replay,6,0,6,40.0,2,228195,218629,9566,0,0,0.9580797125265672,True,4279,93937,238656.0
full|extra0_ot0_temps0|retained|40.0|1|1,full,extra0_ot0_temps0,retained,1,2023-01-05,2023-10-19,2023-11-16,0.95,Hypothetical historical replay,6,1,5,40.0,2,228195,192393,35802,0,0,0.8431078682705581,False,4551,219978,238656.0
full|extra0_ot0_temps0|retained|40.0|1|3,full,extra0_ot0_temps0,retained,3,2023-01-05,2023-10-19,2023-11-16,0.95,Hypothetical historical replay,6,1,5,40.0,2,228195,192393,35802,0,0,0.8431078682705581,False,4551,219978,238656.0
full|extra0_ot0_temps0|retained|40.0|2|1,full,extra0_ot0_temps0,retained,1,2023-01-05,2023-10-19,2023-11-16,0.95,Hypothetical historical replay,6,2,4,40.0,2,228195,26533,201662,0,0,0.11627336269418699,False,12168,1598176,238656.0
full|extra0_ot0_temps0|retained|40.0|2|3,full,extra0_ot0_temps0,retained,3,2023-01-05,2023-10-19,2023-11-16,0.95,Hypothetical historical replay,6,2,4,40.0,2,228195,26533,201662,0,0,0.11627336269418699,False,12168,1598176,238656.0
full|extra0_ot0_temps0|retained|50.0|0|1,full,extra0_ot0_temps0,retained,1,2023-01-05,2023-10-19,2023-11-16,0.95,Hypothetical historical replay,6,0,6,50.0,2,228195,224578,3617,0,0,0.9841495212427968,True,3871,39504,238656.0
full|extra0_ot0_temps0|retained|50.0|0|3,full,extra0_ot0_temps0,retained,3,2023-01-05,2023-10-19,2023-11-16,0.95,Hypothetical historical replay,6,0,6,50.0,2,228195,224578,3617,0,0,0.9841495212427968,True,3871,39504,238656.0
full|extra0_ot0_temps0|retained|50.0|1|1,full,extra0_ot0_temps0,retained,1,2023-01-05,2023-10-19,2023-11-16,0.95,Hypothetical historical replay,6,1,5,50.0,2,228195,220533,7662,0,0,0.966423453625189,True,4211,77716,238656.0
full|extra0_ot0_temps0|retained|50.0|1|3,full,extra0_ot0_temps0,retained,3,2023-01-05,2023-10-19,2023-11-16,0.95,Hypothetical historical replay,6,1,5,50.0,2,228195,220533,7662,0,0,0.966423453625189,True,4211,77716,238656.0
full|extra0_ot0_temps0|retained|50.0|2|1,full,extra0_ot0_temps0,retained,1,2023-01-05,2023-10-19,2023-11-16,0.95,Hypothetical historical replay,6,2,4,50.0,2,228195,192393,35802,0,0,0.8431078682705581,False,4551,219978,238656.0
full|extra0_ot0_temps0|retained|50.0|2|3,full,extra0_ot0_temps0,retained,3,2023-01-05,2023-10-19,2023-11-16,0.95,Hypothetical historical replay,6,2,4,50.0,2,228195,192393,35802,0,0,0.8431078682705581,False,4551,219978,238656.0
full|extra0_ot0_temps0|deduplicated_sensitivity|30.0|0|1,full,extra0_ot0_temps0,deduplicated_sensitivity,1,2023-01-05,2023-10-19,2023-11-16,0.95,Hypothetical historical replay,6,0,6,30.0,2,215460,164243,51217,0,0,0.7622899842198088,False,4686,265470,238656.0
full|extra0_ot0_temps0|deduplicated_sensitivity|30.0|0|3,full,extra0_ot0_temps0,deduplicated_sensitivity,3,2023-01-05,2023-10-19,2023-11-16,0.95,Hypothetical historical replay,6,0,6,30.0,2,215460,164243,51217,0,0,0.7622899842198088,False,4686,265470,238656.0
full|extra0_ot0_temps0|deduplicated_sensitivity|30.0|1|1,full,extra0_ot0_temps0,deduplicated_sensitivity,1,2023-01-05,2023-10-19,2023-11-16,0.95,Hypothetical historical replay,6,1,5,30.0,2,215460,19332,196128,0,0,0.08972431077694236,False,12786,1774507,238656.0
full|extra0_ot0_temps0|deduplicated_sensitivity|30.0|1|3,full,extra0_ot0_temps0,deduplicated_sensitivity,3,2023-01-05,2023-10-19,2023-11-16,0.95,Hypothetical historical replay,6,1,5,30.0,2,215460,19332,196128,0,0,0.08972431077694236,False,12786,1774507,238656.0
full|extra0_ot0_temps0|deduplicated_sensitivity|30.0|2|1,full,extra0_ot0_temps0,deduplicated_sensitivity,1,2023-01-05,2023-10-19,2023-11-16,0.95,Hypothetical historical replay,6,2,4,30.0,2,215460,1826,182590,31044,0,0.008474890931031282,False,47746,8909551,238656.0
full|extra0_ot0_temps0|deduplicated_sensitivity|30.0|2|3,full,extra0_ot0_temps0,deduplicated_sensitivity,3,2023-01-05,2023-10-19,2023-11-16,0.95,Hypothetical historical replay,6,2,4,30.0,2,215460,1826,182590,31044,0,0.008474890931031282,False,47746,8909551,238656.0
full|extra0_ot0_temps0|deduplicated_sensitivity|40.0|0|1,full,extra0_ot0_temps0,deduplicated_sensitivity,1,2023-01-05,2023-10-19,2023-11-16,0.95,Hypothetical historical replay,6,0,6,40.0,2,215460,207265,8195,0,0,0.9619650979300102,True,4278,71957,238656.0
full|extra0_ot0_temps0|deduplicated_sensitivity|40.0|0|3,full,extra0_ot0_temps0,deduplicated_sensitivity,3,2023-01-05,2023-10-19,2023-11-16,0.95,Hypothetical historical replay,6,0,6,40.0,2,215460,207265,8195,0,0,0.9619650979300102,True,4278,71957,238656.0
full|extra0_ot0_temps0|deduplicated_sensitivity|40.0|1|1,full,extra0_ot0_temps0,deduplicated_sensitivity,1,2023-01-05,2023-10-19,2023-11-16,0.95,Hypothetical historical replay,6,1,5,40.0,2,215460,191261,24199,0,0,0.8876868096166342,False,4550,160617,238656.0
full|extra0_ot0_temps0|deduplicated_sensitivity|40.0|1|3,full,extra0_ot0_temps0,deduplicated_sensitivity,3,2023-01-05,2023-10-19,2023-11-16,0.95,Hypothetical historical replay,6,1,5,40.0,2,215460,191261,24199,0,0,0.8876868096166342,False,4550,160617,238656.0
full|extra0_ot0_temps0|deduplicated_sensitivity|40.0|2|1,full,extra0_ot0_temps0,deduplicated_sensitivity,1,2023-01-05,2023-10-19,2023-11-16,0.95,Hypothetical historical replay,6,2,4,40.0,2,215460,53696,161764,0,0,0.24921563167177202,False,7602,839713,238656.0
full|extra0_ot0_temps0|deduplicated_sensitivity|40.0|2|3,full,extra0_ot0_temps0,deduplicated_sensitivity,3,2023-01-05,2023-10-19,2023-11-16,0.95,Hypothetical historical replay,6,2,4,40.0,2,215460,53696,161764,0,0,0.24921563167177202,False,7602,839713,238656.0
full|extra0_ot0_temps0|deduplicated_sensitivity|50.0|0|1,full,extra0_ot0_temps0,deduplicated_sensitivity,1,2023-01-05,2023-10-19,2023-11-16,0.95,Hypothetical historical replay,6,0,6,50.0,2,215460,211844,3616,0,0,0.9832173025155482,True,3870,30205,238656.0
full|extra0_ot0_temps0|deduplicated_sensitivity|50.0|0|3,full,extra0_ot0_temps0,deduplicated_sensitivity,3,2023-01-05,2023-10-19,2023-11-16,0.95,Hypothetical historical replay,6,0,6,50.0,2,215460,211844,3616,0,0,0.9832173025155482,True,3870,30205,238656.0
full|extra0_ot0_temps0|deduplicated_sensitivity|50.0|1|1,full,extra0_ot0_temps0,deduplicated_sensitivity,1,2023-01-05,2023-10-19,2023-11-16,0.95,Hypothetical historical replay,6,1,5,50.0,2,215460,208569,6891,0,0,0.9680172653856864,True,4210,59773,238656.0
full|extra0_ot0_temps0|deduplicated_sensitivity|50.0|1|3,full,extra0_ot0_temps0,deduplicated_sensitivity,3,2023-01-05,2023-10-19,2023-11-16,0.95,Hypothetical historical replay,6,1,5,50.0,2,215460,208569,6891,0,0,0.9680172653856864,True,4210,59773,238656.0
full|extra0_ot0_temps0|deduplicated_sensitivity|50.0|2|1,full,extra0_ot0_temps0,deduplicated_sensitivity,1,2023-01-05,2023-10-19,2023-11-16,0.95,Hypothetical historical replay,6,2,4,50.0,2,215460,191261,24199,0,0,0.8876868096166342,False,4550,160617,238656.0
full|extra0_ot0_temps0|deduplicated_sensitivity|50.0|2|3,full,extra0_ot0_temps0,deduplicated_sensitivity,3,2023-01-05,2023-10-19,2023-11-16,0.95,Hypothetical historical replay,6,2,4,50.0,2,215460,191261,24199,0,0,0.8876868096166342,False,4550,160617,238656.0
full|extra0_ot0_temps2|retained|30.0|0|1,full,extra0_ot0_temps2,retained,1,2023-01-05,2023-10-19,2023-11-16,0.95,Hypothetical historical replay,6,0,6,30.0,2,228195,203557,24638,0,0,0.8920309384517627,False,4687,210208,262416.0
full|extra0_ot0_temps2|retained|30.0|0|3,full,extra0_ot0_temps2,retained,3,2023-01-05,2023-10-19,2023-11-16,0.95,Hypothetical historical replay,6,0,6,30.0,2,228195,140535,87660,0,0,0.6158548609741669,False,4687,372366,241296.0
full|extra0_ot0_temps2|retained|30.0|1|1,full,extra0_ot0_temps2,retained,1,2023-01-05,2023-10-19,2023-11-16,0.95,Hypothetical historical replay,6,1,5,30.0,2,228195,154910,73285,0,0,0.6788492298253687,False,4891,351413,286896.0
full|extra0_ot0_temps2|retained|30.0|1|3,full,extra0_ot0_temps2,retained,3,2023-01-05,2023-10-19,2023-11-16,0.95,Hypothetical historical replay,6,1,5,30.0,2,228195,38895,189300,0,0,0.17044632879773877,False,6560,772758,272976.0
full|extra0_ot0_temps2|retained|30.0|2|1,full,extra0_ot0_temps2,retained,1,2023-01-05,2023-10-19,2023-11-16,0.95,Hypothetical historical replay,6,2,4,30.0,2,228195,34445,193750,0,0,0.15094546330988848,False,8790,1123124,327936.0
full|extra0_ot0_temps2|retained|30.0|2|3,full,extra0_ot0_temps2,retained,3,2023-01-05,2023-10-19,2023-11-16,0.95,Hypothetical historical replay,6,2,4,30.0,2,228195,9021,219174,0,0,0.039531979228291596,False,11072,1646477,322656.0
full|extra0_ot0_temps2|retained|40.0|0|1,full,extra0_ot0_temps2,retained,1,2023-01-05,2023-10-19,2023-11-16,0.95,Hypothetical historical replay,6,0,6,40.0,2,228195,222881,5314,0,0,0.9767128990556323,True,4279,75230,243456.0
full|extra0_ot0_temps2|retained|40.0|0|3,full,extra0_ot0_temps2,retained,3,2023-01-05,2023-10-19,2023-11-16,0.95,Hypothetical historical replay,6,0,6,40.0,2,228195,218629,9566,0,0,0.9580797125265672,True,4279,93937,238656.0
full|extra0_ot0_temps2|retained|40.0|1|1,full,extra0_ot0_temps2,retained,1,2023-01-05,2023-10-19,2023-11-16,0.95,Hypothetical historical replay,6,1,5,40.0,2,228195,217294,10901,0,0,0.9522294528802121,True,4551,147824,250176.0
full|extra0_ot0_temps2|retained|40.0|1|3,full,extra0_ot0_temps2,retained,3,2023-01-05,2023-10-19,2023-11-16,0.95,Hypothetical historical replay,6,1,5,40.0,2,228195,193216,34979,0,0,0.8467144328315694,False,4551,218238,239136.0
full|extra0_ot0_temps2|retained|40.0|2|1,full,extra0_ot0_temps2,retained,1,2023-01-05,2023-10-19,2023-11-16,0.95,Hypothetical historical replay,6,2,4,40.0,2,228195,195415,32780,0,0,0.856350927934442,False,4823,249447,271296.0
full|extra0_ot0_temps2|retained|40.0|2|3,full,extra0_ot0_temps2,retained,3,2023-01-05,2023-10-19,2023-11-16,0.95,Hypothetical historical replay,6,2,4,40.0,2,228195,74688,153507,0,0,0.32729902057450866,False,5920,611223,253056.0
full|extra0_ot0_temps2|retained|50.0|0|1,full,extra0_ot0_temps2,retained,1,2023-01-05,2023-10-19,2023-11-16,0.95,Hypothetical historical replay,6,0,6,50.0,2,228195,226185,2010,0,0,0.9911917439032406,True,3871,37328,240096.0
full|extra0_ot0_temps2|retained|50.0|0|3,full,extra0_ot0_temps2,retained,3,2023-01-05,2023-10-19,2023-11-16,0.95,Hypothetical historical replay,6,0,6,50.0,2,228195,224578,3617,0,0,0.9841495212427968,True,3871,39504,238656.0
full|extra0_ot0_temps2|retained|50.0|1|1,full,extra0_ot0_temps2,retained,1,2023-01-05,2023-10-19,2023-11-16,0.95,Hypothetical historical replay,6,1,5,50.0,2,228195,224170,4025,0,0,0.9823615767216635,True,4211,63051,242256.0
full|extra0_ot0_temps2|retained|50.0|1|3,full,extra0_ot0_temps2,retained,3,2023-01-05,2023-10-19,2023-11-16,0.95,Hypothetical historical replay,6,1,5,50.0,2,228195,220533,7662,0,0,0.966423453625189,True,4211,77716,238656.0
full|extra0_ot0_temps2|retained|50.0|2|1,full,extra0_ot0_temps2,retained,1,2023-01-05,2023-10-19,2023-11-16,0.95,Hypothetical historical replay,6,2,4,50.0,2,228195,218629,9566,0,0,0.9580797125265672,True,4551,141060,249216.0
full|extra0_ot0_temps2|retained|50.0|2|3,full,extra0_ot0_temps2,retained,3,2023-01-05,2023-10-19,2023-11-16,0.95,Hypothetical historical replay,6,2,4,50.0,2,228195,193271,34924,0,0,0.8469554547645654,False,4551,217964,239136.0
full|extra0_ot0_temps2|deduplicated_sensitivity|30.0|0|1,full,extra0_ot0_temps2,deduplicated_sensitivity,1,2023-01-05,2023-10-19,2023-11-16,0.95,Hypothetical historical replay,6,0,6,30.0,2,215460,198608,16852,0,0,0.9217859463473499,False,4686,167225,255216.0
full|extra0_ot0_temps2|deduplicated_sensitivity|30.0|0|3,full,extra0_ot0_temps2,deduplicated_sensitivity,3,2023-01-05,2023-10-19,2023-11-16,0.95,Hypothetical historical replay,6,0,6,30.0,2,215460,166827,48633,0,0,0.7742829295460875,False,4686,254712,240096.0
full|extra0_ot0_temps2|deduplicated_sensitivity|30.0|1|1,full,extra0_ot0_temps2,deduplicated_sensitivity,1,2023-01-05,2023-10-19,2023-11-16,0.95,Hypothetical historical replay,6,1,5,30.0,2,215460,168950,46510,0,0,0.784136266592407,False,4890,270830,277536.0
full|extra0_ot0_temps2|deduplicated_sensitivity|30.0|1|3,full,extra0_ot0_temps2,deduplicated_sensitivity,3,2023-01-05,2023-10-19,2023-11-16,0.95,Hypothetical historical replay,6,1,5,30.0,2,215460,77239,138221,0,0,0.3584841733964541,False,6138,568682,259296.0
full|extra0_ot0_temps2|deduplicated_sensitivity|30.0|2|1,full,extra0_ot0_temps2,deduplicated_sensitivity,1,2023-01-05,2023-10-19,2023-11-16,0.95,Hypothetical historical replay,6,2,4,30.0,2,215460,75319,140141,0,0,0.34957300659055046,False,5910,606728,314016.0
full|extra0_ot0_temps2|deduplicated_sensitivity|30.0|2|3,full,extra0_ot0_temps2,deduplicated_sensitivity,3,2023-01-05,2023-10-19,2023-11-16,0.95,Hypothetical historical replay,6,2,4,30.0,2,215460,15967,199493,0,0,0.07410656270305394,False,7866,1091017,307536.0
full|extra0_ot0_temps2|deduplicated_sensitivity|40.0|0|1,full,extra0_ot0_temps2,deduplicated_sensitivity,1,2023-01-05,2023-10-19,2023-11-16,0.95,Hypothetical historical replay,6,0,6,40.0,2,215460,210574,4886,0,0,0.9773229369720597,True,4278,56754,242736.0
full|extra0_ot0_temps2|deduplicated_sensitivity|40.0|0|3,full,extra0_ot0_temps2,deduplicated_sensitivity,3,2023-01-05,2023-10-19,2023-11-16,0.95,Hypothetical historical replay,6,0,6,40.0,2,215460,207265,8195,0,0,0.9619650979300102,True,4278,71957,238656.0
full|extra0_ot0_temps2|deduplicated_sensitivity|40.0|1|1,full,extra0_ot0_temps2,deduplicated_sensitivity,1,2023-01-05,2023-10-19,2023-11-16,0.95,Hypothetical historical replay,6,1,5,40.0,2,215460,206422,9038,0,0,0.9580525387542932,True,4550,119738,245856.0
full|extra0_ot0_temps2|deduplicated_sensitivity|40.0|1|3,full,extra0_ot0_temps2,deduplicated_sensitivity,3,2023-01-05,2023-10-19,2023-11-16,0.95,Hypothetical historical replay,6,1,5,40.0,2,215460,192083,23377,0,0,0.8915019029054116,False,4550,158877,239136.0
full|extra0_ot0_temps2|deduplicated_sensitivity|40.0|2|1,full,extra0_ot0_temps2,deduplicated_sensitivity,1,2023-01-05,2023-10-19,2023-11-16,0.95,Hypothetical historical replay,6,2,4,40.0,2,215460,193582,21878,0,0,0.8984591107398124,False,4822,200828,264336.0
full|extra0_ot0_temps2|deduplicated_sensitivity|40.0|2|3,full,extra0_ot0_temps2,deduplicated_sensitivity,3,2023-01-05,2023-10-19,2023-11-16,0.95,Hypothetical historical replay,6,2,4,40.0,2,215460,96971,118489,0,0,0.45006497725795974,False,5892,472957,246576.0
full|extra0_ot0_temps2|deduplicated_sensitivity|50.0|0|1,full,extra0_ot0_temps2,deduplicated_sensitivity,1,2023-01-05,2023-10-19,2023-11-16,0.95,Hypothetical historical replay,6,0,6,50.0,2,215460,213451,2009,0,0,0.9906757634827811,True,3870,28029,240096.0
full|extra0_ot0_temps2|deduplicated_sensitivity|50.0|0|3,full,extra0_ot0_temps2,deduplicated_sensitivity,3,2023-01-05,2023-10-19,2023-11-16,0.95,Hypothetical historical replay,6,0,6,50.0,2,215460,211844,3616,0,0,0.9832173025155482,True,3870,30205,238656.0
full|extra0_ot0_temps2|deduplicated_sensitivity|50.0|1|1,full,extra0_ot0_temps2,deduplicated_sensitivity,1,2023-01-05,2023-10-19,2023-11-16,0.95,Hypothetical historical replay,6,1,5,50.0,2,215460,211436,4024,0,0,0.9813236795692936,True,4210,48398,241296.0
full|extra0_ot0_temps2|deduplicated_sensitivity|50.0|1|3,full,extra0_ot0_temps2,deduplicated_sensitivity,3,2023-01-05,2023-10-19,2023-11-16,0.95,Hypothetical historical replay,6,1,5,50.0,2,215460,208569,6891,0,0,0.9680172653856864,True,4210,59773,238656.0
full|extra0_ot0_temps2|deduplicated_sensitivity|50.0|2|1,full,extra0_ot0_temps2,deduplicated_sensitivity,1,2023-01-05,2023-10-19,2023-11-16,0.95,Hypothetical historical replay,6,2,4,50.0,2,215460,207753,7707,0,0,0.9642300194931774,True,4550,112983,245376.0
full|extra0_ot0_temps2|deduplicated_sensitivity|50.0|2|3,full,extra0_ot0_temps2,deduplicated_sensitivity,3,2023-01-05,2023-10-19,2023-11-16,0.95,Hypothetical historical replay,6,2,4,50.0,2,215460,192137,23323,0,0,0.8917525294718277,False,4550,158606,239136.0
full|extra0_ot0_temps4|retained|30.0|0|1,full,extra0_ot0_temps4,retained,1,2023-01-05,2023-10-19,2023-11-16,0.95,Hypothetical historical replay,6,0,6,30.0,2,228195,216355,11840,0,0,0.9481145511514275,False,4687,173442,268896.0
full|extra0_ot0_temps4|retained|30.0|0|3,full,extra0_ot0_temps4,retained,3,2023-01-05,2023-10-19,2023-11-16,0.95,Hypothetical historical replay,6,0,6,30.0,2,228195,142338,85857,0,0,0.6237559981594689,False,4687,365520,242016.0
full|extra0_ot0_temps4|retained|30.0|1|1,full,extra0_ot0_temps4,retained,1,2023-01-05,2023-10-19,2023-11-16,0.95,Hypothetical historical replay,6,1,5,30.0,2,228195,201878,26317,0,0,0.8846731961699423,False,4891,244152,297216.0
full|extra0_ot0_temps4|retained|30.0|1|3,full,extra0_ot0_temps4,retained,3,2023-01-05,2023-10-19,2023-11-16,0.95,Hypothetical historical replay,6,1,5,30.0,2,228195,42785,185410,0,0,0.18749315278599443,False,5853,704258,273696.0
full|extra0_ot0_temps4|retained|30.0|2|1,full,extra0_ot0_temps4,retained,1,2023-01-05,2023-10-19,2023-11-16,0.95,Hypothetical historical replay,6,2,4,30.0,2,228195,174163,54032,0,0,0.7632200530248252,False,5095,331493,340176.0
full|extra0_ot0_temps4|retained|30.0|2|3,full,extra0_ot0_temps4,retained,3,2023-01-05,2023-10-19,2023-11-16,0.95,Hypothetical historical replay,6,2,4,30.0,2,228195,21627,206568,0,0,0.09477420627095247,False,6804,884329,327216.0
full|extra0_ot0_temps4|retained|40.0|0|1,full,extra0_ot0_temps4,retained,1,2023-01-05,2023-10-19,2023-11-16,0.95,Hypothetical historical replay,6,0,6,40.0,2,228195,224740,3455,0,0,0.9848594403908938,True,4279,71123,244896.0
full|extra0_ot0_temps4|retained|40.0|0|3,full,extra0_ot0_temps4,retained,3,2023-01-05,2023-10-19,2023-11-16,0.95,Hypothetical historical replay,6,0,6,40.0,2,228195,218629,9566,0,0,0.9580797125265672,True,4279,93937,238656.0
full|extra0_ot0_temps4|retained|40.0|1|1,full,extra0_ot0_temps4,retained,1,2023-01-05,2023-10-19,2023-11-16,0.95,Hypothetical historical replay,6,1,5,40.0,2,228195,221846,6349,0,0,0.9721773044983457,True,4551,129790,253536.0
full|extra0_ot0_temps4|retained|40.0|1|3,full,extra0_ot0_temps4,retained,3,2023-01-05,2023-10-19,2023-11-16,0.95,Hypothetical historical replay,6,1,5,40.0,2,228195,193271,34924,0,0,0.8469554547645654,False,4551,217856,239376.0
full|extra0_ot0_temps4|retained|40.0|2|1,full,extra0_ot0_temps4,retained,1,2023-01-05,2023-10-19,2023-11-16,0.95,Hypothetical historical replay,6,2,4,40.0,2,228195,214640,13555,0,0,0.9405990490589189,False,4823,199025,276816.0
full|extra0_ot0_temps4|retained|40.0|2|3,full,extra0_ot0_temps4,retained,3,2023-01-05,2023-10-19,2023-11-16,0.95,Hypothetical historical replay,6,2,4,40.0,2,228195,79030,149165,0,0,0.34632660663029424,False,5847,574305,254256.0
full|extra0_ot0_temps4|retained|50.0|0|1,full,extra0_ot0_temps4,retained,1,2023-01-05,2023-10-19,2023-11-16,0.95,Hypothetical historical replay,6,0,6,50.0,2,228195,227273,922,0,0,0.9959595959595959,True,3871,36240,241056.0
full|extra0_ot0_temps4|retained|50.0|0|3,full,extra0_ot0_temps4,retained,3,2023-01-05,2023-10-19,2023-11-16,0.95,Hypothetical historical replay,6,0,6,50.0,2,228195,224578,3617,0,0,0.9841495212427968,True,3871,39504,238656.0
full|extra0_ot0_temps4|retained|50.0|1|1,full,extra0_ot0_temps4,retained,1,2023-01-05,2023-10-19,2023-11-16,0.95,Hypothetical historical replay,6,1,5,50.0,2,228195,225802,2393,0,0,0.9895133548061965,True,4211,60875,243216.0
full|extra0_ot0_temps4|retained|50.0|1|3,full,extra0_ot0_temps4,retained,3,2023-01-05,2023-10-19,2023-11-16,0.95,Hypothetical historical replay,6,1,5,50.0,2,228195,220533,7662,0,0,0.966423453625189,True,4211,77716,238656.0
full|extra0_ot0_temps4|retained|50.0|2|1,full,extra0_ot0_temps4,retained,1,2023-01-05,2023-10-19,2023-11-16,0.95,Hypothetical historical replay,6,2,4,50.0,2,228195,223361,4834,0,0,0.9788163631981419,True,4551,122686,251376.0
full|extra0_ot0_temps4|retained|50.0|2|3,full,extra0_ot0_temps4,retained,3,2023-01-05,2023-10-19,2023-11-16,0.95,Hypothetical historical replay,6,2,4,50.0,2,228195,193271,34924,0,0,0.8469554547645654,False,4551,217964,239136.0
full|extra0_ot0_temps4|deduplicated_sensitivity|30.0|0|1,full,extra0_ot0_temps4,deduplicated_sensitivity,1,2023-01-05,2023-10-19,2023-11-16,0.95,Hypothetical historical replay,6,0,6,30.0,2,215460,206251,9209,0,0,0.9572588879606424,True,4686,142890,259536.0
full|extra0_ot0_temps4|deduplicated_sensitivity|30.0|0|3,full,extra0_ot0_temps4,deduplicated_sensitivity,3,2023-01-05,2023-10-19,2023-11-16,0.95,Hypothetical historical replay,6,0,6,30.0,2,215460,168636,46824,0,0,0.7826789195210248,False,4686,249170,240816.0
full|extra0_ot0_temps4|deduplicated_sensitivity|30.0|1|1,full,extra0_ot0_temps4,deduplicated_sensitivity,1,2023-01-05,2023-10-19,2023-11-16,0.95,Hypothetical historical replay,6,1,5,30.0,2,215460,196798,18662,0,0,0.9133853151397011,False,4890,204020,284736.0
full|extra0_ot0_temps4|deduplicated_sensitivity|30.0|1|3,full,extra0_ot0_temps4,deduplicated_sensitivity,3,2023-01-05,2023-10-19,2023-11-16,0.95,Hypothetical historical replay,6,1,5,30.0,2,215460,82413,133047,0,0,0.3824979114452799,False,5812,527707,260496.0
full|extra0_ot0_temps4|deduplicated_sensitivity|30.0|2|1,full,extra0_ot0_temps4,deduplicated_sensitivity,1,2023-01-05,2023-10-19,2023-11-16,0.95,Hypothetical historical replay,6,2,4,30.0,2,215460,177802,37658,0,0,0.8252204585537919,False,5094,278905,324576.0
full|extra0_ot0_temps4|deduplicated_sensitivity|30.0|2|3,full,extra0_ot0_temps4,deduplicated_sensitivity,3,2023-01-05,2023-10-19,2023-11-16,0.95,Hypothetical historical replay,6,2,4,30.0,2,215460,25566,189894,0,0,0.11865775549986077,False,6725,777568,308496.0
full|extra0_ot0_temps4|deduplicated_sensitivity|40.0|0|1,full,extra0_ot0_temps4,deduplicated_sensitivity,1,2023-01-05,2023-10-19,2023-11-16,0.95,Hypothetical historical replay,6,0,6,40.0,2,215460,212006,3454,0,0,0.9839691822147962,True,4278,54074,243456.0
full|extra0_ot0_temps4|deduplicated_sensitivity|40.0|0|3,full,extra0_ot0_temps4,deduplicated_sensitivity,3,2023-01-05,2023-10-19,2023-11-16,0.95,Hypothetical historical replay,6,0,6,40.0,2,215460,207265,8195,0,0,0.9619650979300102,True,4278,71957,238656.0
full|extra0_ot0_temps4|deduplicated_sensitivity|40.0|1|1,full,extra0_ot0_temps4,deduplicated_sensitivity,1,2023-01-05,2023-10-19,2023-11-16,0.95,Hypothetical historical replay,6,1,5,40.0,2,215460,210016,5444,0,0,0.974733129119094,True,4550,104556,248256.0
full|extra0_ot0_temps4|deduplicated_sensitivity|40.0|1|3,full,extra0_ot0_temps4,deduplicated_sensitivity,3,2023-01-05,2023-10-19,2023-11-16,0.95,Hypothetical historical replay,6,1,5,40.0,2,215460,192137,23323,0,0,0.8917525294718277,False,4550,158498,239376.0
full|extra0_ot0_temps4|deduplicated_sensitivity|40.0|2|1,full,extra0_ot0_temps4,deduplicated_sensitivity,1,2023-01-05,2023-10-19,2023-11-16,0.95,Hypothetical historical replay,6,2,4,40.0,2,215460,205706,9754,0,0,0.954729416132925,True,4822,165934,268416.0
full|extra0_ot0_temps4|deduplicated_sensitivity|40.0|2|3,full,extra0_ot0_temps4,deduplicated_sensitivity,3,2023-01-05,2023-10-19,2023-11-16,0.95,Hypothetical historical replay,6,2,4,40.0,2,215460,100500,114960,0,0,0.46644388749651905,False,5892,454956,247056.0
full|extra0_ot0_temps4|deduplicated_sensitivity|50.0|0|1,full,extra0_ot0_temps4,deduplicated_sensitivity,1,2023-01-05,2023-10-19,2023-11-16,0.95,Hypothetical historical replay,6,0,6,50.0,2,215460,214539,921,0,0,0.9957254246727931,True,3870,26941,241056.0
full|extra0_ot0_temps4|deduplicated_sensitivity|50.0|0|3,full,extra0_ot0_temps4,deduplicated_sensitivity,3,2023-01-05,2023-10-19,2023-11-16,0.95,Hypothetical historical replay,6,0,6,50.0,2,215460,211844,3616,0,0,0.9832173025155482,True,3870,30205,238656.0
full|extra0_ot0_temps4|deduplicated_sensitivity|50.0|1|1,full,extra0_ot0_temps4,deduplicated_sensitivity,1,2023-01-05,2023-10-19,2023-11-16,0.95,Hypothetical historical replay,6,1,5,50.0,2,215460,213068,2392,0,0,0.9888981713543117,True,4210,46222,242256.0
full|extra0_ot0_temps4|deduplicated_sensitivity|50.0|1|3,full,extra0_ot0_temps4,deduplicated_sensitivity,3,2023-01-05,2023-10-19,2023-11-16,0.95,Hypothetical historical replay,6,1,5,50.0,2,215460,208569,6891,0,0,0.9680172653856864,True,4210,59773,238656.0
full|extra0_ot0_temps4|deduplicated_sensitivity|50.0|2|1,full,extra0_ot0_temps4,deduplicated_sensitivity,1,2023-01-05,2023-10-19,2023-11-16,0.95,Hypothetical historical replay,6,2,4,50.0,2,215460,211028,4432,0,0,0.9794300566230391,True,4550,100631,247056.0
full|extra0_ot0_temps4|deduplicated_sensitivity|50.0|2|3,full,extra0_ot0_temps4,deduplicated_sensitivity,3,2023-01-05,2023-10-19,2023-11-16,0.95,Hypothetical historical replay,6,2,4,50.0,2,215460,192137,23323,0,0,0.8917525294718277,False,4550,158606,239136.0
full|extra0_ot2_temps0|retained|30.0|0|1,full,extra0_ot2_temps0,retained,1,2023-01-05,2023-10-19,2023-11-16,0.95,Hypothetical historical replay,6,0,6,30.0,2,228195,201878,26317,0,0,0.8846731961699423,False,4687,215695,258423.0
full|extra0_ot2_temps0|retained|30.0|0|3,full,extra0_ot2_temps0,retained,3,2023-01-05,2023-10-19,2023-11-16,0.95,Hypothetical historical replay,6,0,6,30.0,2,228195,201878,26317,0,0,0.8846731961699423,False,4687,215695,258423.0
full|extra0_ot2_temps0|retained|30.0|1|1,full,extra0_ot2_temps0,retained,1,2023-01-05,2023-10-19,2023-11-16,0.95,Hypothetical historical replay,6,1,5,30.0,2,228195,130398,97797,0,0,0.5714323276145402,False,4891,426916,276804.0
full|extra0_ot2_temps0|retained|30.0|1|3,full,extra0_ot2_temps0,retained,3,2023-01-05,2023-10-19,2023-11-16,0.95,Hypothetical historical replay,6,1,5,30.0,2,228195,130398,97797,0,0,0.5714323276145402,False,4891,426916,276804.0
full|extra0_ot2_temps0|retained|30.0|2|1,full,extra0_ot2_temps0,retained,1,2023-01-05,2023-10-19,2023-11-16,0.95,Hypothetical historical replay,6,2,4,30.0,2,228195,2740,225455,0,0,0.012007274480159513,False,20418,3841575,297429.0
full|extra0_ot2_temps0|retained|30.0|2|3,full,extra0_ot2_temps0,retained,3,2023-01-05,2023-10-19,2023-11-16,0.95,Hypothetical historical replay,6,2,4,30.0,2,228195,2740,225455,0,0,0.012007274480159513,False,20418,3841575,297429.0
full|extra0_ot2_temps0|retained|40.0|0|1,full,extra0_ot2_temps0,retained,1,2023-01-05,2023-10-19,2023-11-16,0.95,Hypothetical historical replay,6,0,6,40.0,2,228195,222692,5503,0,0,0.975884660049519,True,4279,76181,242253.0
full|extra0_ot2_temps0|retained|40.0|0|3,full,extra0_ot2_temps0,retained,3,2023-01-05,2023-10-19,2023-11-16,0.95,Hypothetical historical replay,6,0,6,40.0,2,228195,222692,5503,0,0,0.975884660049519,True,4279,76181,242253.0
full|extra0_ot2_temps0|retained|40.0|1|1,full,extra0_ot2_temps0,retained,1,2023-01-05,2023-10-19,2023-11-16,0.95,Hypothetical historical replay,6,1,5,40.0,2,228195,214865,13330,0,0,0.9415850478757203,False,4551,159239,246675.0
full|extra0_ot2_temps0|retained|40.0|1|3,full,extra0_ot2_temps0,retained,3,2023-01-05,2023-10-19,2023-11-16,0.95,Hypothetical historical replay,6,1,5,40.0,2,228195,214865,13330,0,0,0.9415850478757203,False,4551,159239,246675.0
full|extra0_ot2_temps0|retained|40.0|2|1,full,extra0_ot2_temps0,retained,1,2023-01-05,2023-10-19,2023-11-16,0.95,Hypothetical historical replay,6,2,4,40.0,2,228195,165858,62337,0,0,0.7268257411424439,False,4823,318579,262647.0
full|extra0_ot2_temps0|retained|40.0|2|3,full,extra0_ot2_temps0,retained,3,2023-01-05,2023-10-19,2023-11-16,0.95,Hypothetical historical replay,6,2,4,40.0,2,228195,165858,62337,0,0,0.7268257411424439,False,4823,318579,262647.0
full|extra0_ot2_temps0|retained|50.0|0|1,full,extra0_ot2_temps0,retained,1,2023-01-05,2023-10-19,2023-11-16,0.95,Hypothetical historical replay,6,0,6,50.0,2,228195,226108,2087,0,0,0.9908543131970464,True,3871,37464,239844.0
full|extra0_ot2_temps0|retained|50.0|0|3,full,extra0_ot2_temps0,retained,3,2023-01-05,2023-10-19,2023-11-16,0.95,Hypothetical historical replay,6,0,6,50.0,2,228195,226108,2087,0,0,0.9908543131970464,True,3871,37464,239844.0
full|extra0_ot2_temps0|retained|50.0|1|1,full,extra0_ot2_temps0,retained,1,2023-01-05,2023-10-19,2023-11-16,0.95,Hypothetical historical replay,6,1,5,50.0,2,228195,223783,4412,0,0,0.980665658756765,True,4211,63907,241131.0
full|extra0_ot2_temps0|retained|50.0|1|3,full,extra0_ot2_temps0,retained,3,2023-01-05,2023-10-19,2023-11-16,0.95,Hypothetical historical replay,6,1,5,50.0,2,228195,223783,4412,0,0,0.980665658756765,True,4211,63907,241131.0
full|extra0_ot2_temps0|retained|50.0|2|1,full,extra0_ot2_temps0,retained,1,2023-01-05,2023-10-19,2023-11-16,0.95,Hypothetical historical replay,6,2,4,50.0,2,228195,214814,13381,0,0,0.9413615548105787,False,4551,159388,245058.0
full|extra0_ot2_temps0|retained|50.0|2|3,full,extra0_ot2_temps0,retained,3,2023-01-05,2023-10-19,2023-11-16,0.95,Hypothetical historical replay,6,2,4,50.0,2,228195,214814,13381,0,0,0.9413615548105787,False,4551,159388,245058.0
full|extra0_ot2_temps0|deduplicated_sensitivity|30.0|0|1,full,extra0_ot2_temps0,deduplicated_sensitivity,1,2023-01-05,2023-10-19,2023-11-16,0.95,Hypothetical historical replay,6,0,6,30.0,2,215460,197757,17703,0,0,0.9178362573099416,False,4686,171237,252219.0
full|extra0_ot2_temps0|deduplicated_sensitivity|30.0|0|3,full,extra0_ot2_temps0,deduplicated_sensitivity,3,2023-01-05,2023-10-19,2023-11-16,0.95,Hypothetical historical replay,6,0,6,30.0,2,215460,197757,17703,0,0,0.9178362573099416,False,4686,171237,252219.0
full|extra0_ot2_temps0|deduplicated_sensitivity|30.0|1|1,full,extra0_ot2_temps0,deduplicated_sensitivity,1,2023-01-05,2023-10-19,2023-11-16,0.95,Hypothetical historical replay,6,1,5,30.0,2,215460,154445,61015,0,0,0.7168151861134318,False,4890,309541,268686.0
full|extra0_ot2_temps0|deduplicated_sensitivity|30.0|1|3,full,extra0_ot2_temps0,deduplicated_sensitivity,3,2023-01-05,2023-10-19,2023-11-16,0.95,Hypothetical historical replay,6,1,5,30.0,2,215460,154445,61015,0,0,0.7168151861134318,False,4890,309541,268686.0
full|extra0_ot2_temps0|deduplicated_sensitivity|30.0|2|1,full,extra0_ot2_temps0,deduplicated_sensitivity,1,2023-01-05,2023-10-19,2023-11-16,0.95,Hypothetical historical replay,6,2,4,30.0,2,215460,12905,202555,0,0,0.05989510814072217,False,13449,1950304,293634.0
full|extra0_ot2_temps0|deduplicated_sensitivity|30.0|2|3,full,extra0_ot2_temps0,deduplicated_sensitivity,3,2023-01-05,2023-10-19,2023-11-16,0.95,Hypothetical historical replay,6,2,4,30.0,2,215460,12905,202555,0,0,0.05989510814072217,False,13449,1950304,293634.0
full|extra0_ot2_temps0|deduplicated_sensitivity|40.0|0|1,full,extra0_ot2_temps0,deduplicated_sensitivity,1,2023-01-05,2023-10-19,2023-11-16,0.95,Hypothetical historical replay,6,0,6,40.0,2,215460,210439,5021,0,0,0.9766963705560197,True,4278,57430,241626.0
full|extra0_ot2_temps0|deduplicated_sensitivity|40.0|0|3,full,extra0_ot2_temps0,deduplicated_sensitivity,3,2023-01-05,2023-10-19,2023-11-16,0.95,Hypothetical historical replay,6,0,6,40.0,2,215460,210439,5021,0,0,0.9766963705560197,True,4278,57430,241626.0
full|extra0_ot2_temps0|deduplicated_sensitivity|40.0|1|1,full,extra0_ot2_temps0,deduplicated_sensitivity,1,2023-01-05,2023-10-19,2023-11-16,0.95,Hypothetical historical replay,6,1,5,40.0,2,215460,205193,10267,0,0,0.9523484637519726,True,4550,125868,243903.0
full|extra0_ot2_temps0|deduplicated_sensitivity|40.0|1|3,full,extra0_ot2_temps0,deduplicated_sensitivity,3,2023-01-05,2023-10-19,2023-11-16,0.95,Hypothetical historical replay,6,1,5,40.0,2,215460,205193,10267,0,0,0.9523484637519726,True,4550,125868,243903.0
full|extra0_ot2_temps0|deduplicated_sensitivity|40.0|2|1,full,extra0_ot2_temps0,deduplicated_sensitivity,1,2023-01-05,2023-10-19,2023-11-16,0.95,Hypothetical historical replay,6,2,4,40.0,2,215460,174396,41064,0,0,0.8094124199387357,False,4822,248119,257037.0
full|extra0_ot2_temps0|deduplicated_sensitivity|40.0|2|3,full,extra0_ot2_temps0,deduplicated_sensitivity,3,2023-01-05,2023-10-19,2023-11-16,0.95,Hypothetical historical replay,6,2,4,40.0,2,215460,174396,41064,0,0,0.8094124199387357,False,4822,248119,257037.0
full|extra0_ot2_temps0|deduplicated_sensitivity|50.0|0|1,full,extra0_ot2_temps0,deduplicated_sensitivity,1,2023-01-05,2023-10-19,2023-11-16,0.95,Hypothetical historical replay,6,0,6,50.0,2,215460,213374,2086,0,0,0.9903183885640026,True,3870,28165,239844.0
full|extra0_ot2_temps0|deduplicated_sensitivity|50.0|0|3,full,extra0_ot2_temps0,deduplicated_sensitivity,3,2023-01-05,2023-10-19,2023-11-16,0.95,Hypothetical historical replay,6,0,6,50.0,2,215460,213374,2086,0,0,0.9903183885640026,True,3870,28165,239844.0
full|extra0_ot2_temps0|deduplicated_sensitivity|50.0|1|1,full,extra0_ot2_temps0,deduplicated_sensitivity,1,2023-01-05,2023-10-19,2023-11-16,0.95,Hypothetical historical replay,6,1,5,50.0,2,215460,211079,4381,0,0,0.9796667594913209,True,4210,48964,240570.0
full|extra0_ot2_temps0|deduplicated_sensitivity|50.0|1|3,full,extra0_ot2_temps0,deduplicated_sensitivity,3,2023-01-05,2023-10-19,2023-11-16,0.95,Hypothetical historical replay,6,1,5,50.0,2,215460,211079,4381,0,0,0.9796667594913209,True,4210,48964,240570.0
full|extra0_ot2_temps0|deduplicated_sensitivity|50.0|2|1,full,extra0_ot2_temps0,deduplicated_sensitivity,1,2023-01-05,2023-10-19,2023-11-16,0.95,Hypothetical historical replay,6,2,4,50.0,2,215460,205159,10301,0,0,0.9521906618397846,True,4550,126174,242814.0
full|extra0_ot2_temps0|deduplicated_sensitivity|50.0|2|3,full,extra0_ot2_temps0,deduplicated_sensitivity,3,2023-01-05,2023-10-19,2023-11-16,0.95,Hypothetical historical replay,6,2,4,50.0,2,215460,205159,10301,0,0,0.9521906618397846,True,4550,126174,242814.0
full|extra0_ot2_temps2|retained|30.0|0|1,full,extra0_ot2_temps2,retained,1,2023-01-05,2023-10-19,2023-11-16,0.95,Hypothetical historical replay,6,0,6,30.0,2,228195,215465,12730,0,0,0.9442143780538574,False,4687,177910,266832.0
full|extra0_ot2_temps2|retained|30.0|0|3,full,extra0_ot2_temps2,retained,3,2023-01-05,2023-10-19,2023-11-16,0.95,Hypothetical historical replay,6,0,6,30.0,2,228195,202448,25747,0,0,0.8871710598391727,False,4687,214138,258921.0
full|extra0_ot2_temps2|retained|30.0|1|1,full,extra0_ot2_temps2,retained,1,2023-01-05,2023-10-19,2023-11-16,0.95,Hypothetical historical replay,6,1,5,30.0,2,228195,197656,30539,0,0,0.8661714761497842,False,4891,258145,292809.0
full|extra0_ot2_temps2|retained|30.0|1|3,full,extra0_ot2_temps2,retained,3,2023-01-05,2023-10-19,2023-11-16,0.95,Hypothetical historical replay,6,1,5,30.0,2,228195,145548,82647,0,0,0.6378229146125025,False,4891,375511,279429.0
full|extra0_ot2_temps2|retained|30.0|2|1,full,extra0_ot2_temps2,retained,1,2023-01-05,2023-10-19,2023-11-16,0.95,Hypothetical historical replay,6,2,4,30.0,2,228195,139221,88974,0,0,0.6100966278840465,False,5095,413586,331644.0
full|extra0_ot2_temps2|retained|30.0|2|3,full,extra0_ot2_temps2,retained,3,2023-01-05,2023-10-19,2023-11-16,0.95,Hypothetical historical replay,6,2,4,30.0,2,228195,54324,173871,0,0,0.23805955432853482,False,5964,690980,323670.0
full|extra0_ot2_temps2|retained|40.0|0|1,full,extra0_ot2_temps2,retained,1,2023-01-05,2023-10-19,2023-11-16,0.95,Hypothetical historical replay,6,0,6,40.0,2,228195,224659,3536,0,0,0.9845044808168453,True,4279,71231,244527.0
full|extra0_ot2_temps2|retained|40.0|0|3,full,extra0_ot2_temps2,retained,3,2023-01-05,2023-10-19,2023-11-16,0.95,Hypothetical historical replay,6,0,6,40.0,2,228195,222692,5503,0,0,0.975884660049519,True,4279,76181,242253.0
full|extra0_ot2_temps2|retained|40.0|1|1,full,extra0_ot2_temps2,retained,1,2023-01-05,2023-10-19,2023-11-16,0.95,Hypothetical historical replay,6,1,5,40.0,2,228195,221181,7014,0,0,0.969263130217577,True,4551,132595,251811.0
full|extra0_ot2_temps2|retained|40.0|1|3,full,extra0_ot2_temps2,retained,3,2023-01-05,2023-10-19,2023-11-16,0.95,Hypothetical historical replay,6,1,5,40.0,2,228195,214865,13330,0,0,0.9415850478757203,False,4551,158804,247155.0
full|extra0_ot2_temps2|retained|40.0|2|1,full,extra0_ot2_temps2,retained,1,2023-01-05,2023-10-19,2023-11-16,0.95,Hypothetical historical replay,6,2,4,40.0,2,228195,210224,17971,0,0,0.9212471789478297,False,4823,212660,273951.0
full|extra0_ot2_temps2|retained|40.0|2|3,full,extra0_ot2_temps2,retained,3,2023-01-05,2023-10-19,2023-11-16,0.95,Hypothetical historical replay,6,2,4,40.0,2,228195,175250,52945,0,0,0.767983522864217,False,4823,295532,263661.0
full|extra0_ot2_temps2|retained|50.0|0|1,full,extra0_ot2_temps2,retained,1,2023-01-05,2023-10-19,2023-11-16,0.95,Hypothetical historical replay,6,0,6,50.0,2,228195,227205,990,0,0,0.9956616052060737,True,3871,36308,240888.0
full|extra0_ot2_temps2|retained|50.0|0|3,full,extra0_ot2_temps2,retained,3,2023-01-05,2023-10-19,2023-11-16,0.95,Hypothetical historical replay,6,0,6,50.0,2,228195,226108,2087,0,0,0.9908543131970464,True,3871,37464,239844.0
full|extra0_ot2_temps2|retained|50.0|1|1,full,extra0_ot2_temps2,retained,1,2023-01-05,2023-10-19,2023-11-16,0.95,Hypothetical historical replay,6,1,5,50.0,2,228195,225445,2750,0,0,0.9879489033502049,True,4211,61351,242766.0
full|extra0_ot2_temps2|retained|50.0|1|3,full,extra0_ot2_temps2,retained,3,2023-01-05,2023-10-19,2023-11-16,0.95,Hypothetical historical replay,6,1,5,50.0,2,228195,223783,4412,0,0,0.980665658756765,True,4211,63907,241131.0
full|extra0_ot2_temps2|retained|50.0|2|1,full,extra0_ot2_temps2,retained,1,2023-01-05,2023-10-19,2023-11-16,0.95,Hypothetical historical replay,6,2,4,50.0,2,228195,221944,6251,0,0,0.9726067617607748,True,4551,127734,250251.0
full|extra0_ot2_temps2|retained|50.0|2|3,full,extra0_ot2_temps2,retained,3,2023-01-05,2023-10-19,2023-11-16,0.95,Hypothetical historical replay,6,2,4,50.0,2,228195,214814,13381,0,0,0.9413615548105787,False,4551,158844,245538.0
full|extra0_ot2_temps2|deduplicated_sensitivity|30.0|0|1,full,extra0_ot2_temps2,deduplicated_sensitivity,1,2023-01-05,2023-10-19,2023-11-16,0.95,Hypothetical historical replay,6,0,6,30.0,2,215460,205767,9693,0,0,0.9550125313283208,True,4686,145746,258318.0
full|extra0_ot2_temps2|deduplicated_sensitivity|30.0|0|3,full,extra0_ot2_temps2,deduplicated_sensitivity,3,2023-01-05,2023-10-19,2023-11-16,0.95,Hypothetical historical replay,6,0,6,30.0,2,215460,198326,17134,0,0,0.9204771187227327,False,4686,169709,252717.0
full|extra0_ot2_temps2|deduplicated_sensitivity|30.0|1|1,full,extra0_ot2_temps2,deduplicated_sensitivity,1,2023-01-05,2023-10-19,2023-11-16,0.95,Hypothetical historical replay,6,1,5,30.0,2,215460,194574,20886,0,0,0.9030632135895293,False,4890,212415,281502.0
full|extra0_ot2_temps2|deduplicated_sensitivity|30.0|1|3,full,extra0_ot2_temps2,deduplicated_sensitivity,3,2023-01-05,2023-10-19,2023-11-16,0.95,Hypothetical historical replay,6,1,5,30.0,2,215460,159641,55819,0,0,0.7409310312819085,False,4890,290031,270510.0
full|extra0_ot2_temps2|deduplicated_sensitivity|30.0|2|1,full,extra0_ot2_temps2,deduplicated_sensitivity,1,2023-01-05,2023-10-19,2023-11-16,0.95,Hypothetical historical replay,6,2,4,30.0,2,215460,158041,57419,0,0,0.7335050589436555,False,5094,326116,317268.0
full|extra0_ot2_temps2|deduplicated_sensitivity|30.0|2|3,full,extra0_ot2_temps2,deduplicated_sensitivity,3,2023-01-05,2023-10-19,2023-11-16,0.95,Hypothetical historical replay,6,2,4,30.0,2,215460,78597,136863,0,0,0.3647869674185464,False,5817,545731,307758.0
full|extra0_ot2_temps2|deduplicated_sensitivity|40.0|0|1,full,extra0_ot2_temps2,deduplicated_sensitivity,1,2023-01-05,2023-10-19,2023-11-16,0.95,Hypothetical historical replay,6,0,6,40.0,2,215460,211925,3535,0,0,0.9835932423651722,True,4278,54182,243204.0
full|extra0_ot2_temps2|deduplicated_sensitivity|40.0|0|3,full,extra0_ot2_temps2,deduplicated_sensitivity,3,2023-01-05,2023-10-19,2023-11-16,0.95,Hypothetical historical replay,6,0,6,40.0,2,215460,210439,5021,0,0,0.9766963705560197,True,4278,57430,241626.0
full|extra0_ot2_temps2|deduplicated_sensitivity|40.0|1|1,full,extra0_ot2_temps2,deduplicated_sensitivity,1,2023-01-05,2023-10-19,2023-11-16,0.95,Hypothetical historical replay,6,1,5,40.0,2,215460,209446,6014,0,0,0.9720876264735914,True,4550,106723,247254.0
full|extra0_ot2_temps2|deduplicated_sensitivity|40.0|1|3,full,extra0_ot2_temps2,deduplicated_sensitivity,3,2023-01-05,2023-10-19,2023-11-16,0.95,Hypothetical historical replay,6,1,5,40.0,2,215460,205193,10267,0,0,0.9523484637519726,True,4550,125433,244383.0
full|extra0_ot2_temps2|deduplicated_sensitivity|40.0|2|1,full,extra0_ot2_temps2,deduplicated_sensitivity,1,2023-01-05,2023-10-19,2023-11-16,0.95,Hypothetical historical replay,6,2,4,40.0,2,215460,202545,12915,0,0,0.9400584795321637,False,4822,178294,266145.0
full|extra0_ot2_temps2|deduplicated_sensitivity|40.0|2|3,full,extra0_ot2_temps2,deduplicated_sensitivity,3,2023-01-05,2023-10-19,2023-11-16,0.95,Hypothetical historical replay,6,2,4,40.0,2,215460,180519,34941,0,0,0.8378306878306878,False,4822,233485,257793.0
full|extra0_ot2_temps2|deduplicated_sensitivity|50.0|0|1,full,extra0_ot2_temps2,deduplicated_sensitivity,1,2023-01-05,2023-10-19,2023-11-16,0.95,Hypothetical historical replay,6,0,6,50.0,2,215460,214471,989,0,0,0.9954098208484173,True,3870,27009,240888.0
full|extra0_ot2_temps2|deduplicated_sensitivity|50.0|0|3,full,extra0_ot2_temps2,deduplicated_sensitivity,3,2023-01-05,2023-10-19,2023-11-16,0.95,Hypothetical historical replay,6,0,6,50.0,2,215460,213374,2086,0,0,0.9903183885640026,True,3870,28165,239844.0
full|extra0_ot2_temps2|deduplicated_sensitivity|50.0|1|1,full,extra0_ot2_temps2,deduplicated_sensitivity,1,2023-01-05,2023-10-19,2023-11-16,0.95,Hypothetical historical replay,6,1,5,50.0,2,215460,212711,2749,0,0,0.987241251276339,True,4210,46698,241806.0
full|extra0_ot2_temps2|deduplicated_sensitivity|50.0|1|3,full,extra0_ot2_temps2,deduplicated_sensitivity,3,2023-01-05,2023-10-19,2023-11-16,0.95,Hypothetical historical replay,6,1,5,50.0,2,215460,211079,4381,0,0,0.9796667594913209,True,4210,48964,240570.0
full|extra0_ot2_temps2|deduplicated_sensitivity|50.0|2|1,full,extra0_ot2_temps2,deduplicated_sensitivity,1,2023-01-05,2023-10-19,2023-11-16,0.95,Hypothetical historical replay,6,2,4,50.0,2,215460,210099,5361,0,0,0.9751183514341409,True,4550,103346,246156.0
full|extra0_ot2_temps2|deduplicated_sensitivity|50.0|2|3,full,extra0_ot2_temps2,deduplicated_sensitivity,3,2023-01-05,2023-10-19,2023-11-16,0.95,Hypothetical historical replay,6,2,4,50.0,2,215460,205159,10301,0,0,0.9521906618397846,True,4550,125630,243294.0
full|extra0_ot2_temps4|retained|30.0|0|1,full,extra0_ot2_temps4,retained,1,2023-01-05,2023-10-19,2023-11-16,0.95,Hypothetical historical replay,6,0,6,30.0,2,228195,220005,8190,0,0,0.9641096430684283,True,4687,161490,270429.0
full|extra0_ot2_temps4|retained|30.0|0|3,full,extra0_ot2_temps4,retained,3,2023-01-05,2023-10-19,2023-11-16,0.95,Hypothetical historical replay,6,0,6,30.0,2,228195,202853,25342,0,0,0.8889458577094151,False,4687,212862,259443.0
full|extra0_ot2_temps4|retained|30.0|1|1,full,extra0_ot2_temps4,retained,1,2023-01-05,2023-10-19,2023-11-16,0.95,Hypothetical historical replay,6,1,5,30.0,2,228195,212132,16063,0,0,0.9296084489143057,False,4891,218879,299406.0
full|extra0_ot2_temps4|retained|30.0|1|3,full,extra0_ot2_temps4,retained,3,2023-01-05,2023-10-19,2023-11-16,0.95,Hypothetical historical replay,6,1,5,30.0,2,228195,148815,79380,0,0,0.6521396174324591,False,4891,364696,280191.0
full|extra0_ot2_temps4|retained|30.0|2|1,full,extra0_ot2_temps4,retained,1,2023-01-05,2023-10-19,2023-11-16,0.95,Hypothetical historical replay,6,2,4,30.0,2,228195,196463,31732,0,0,0.8609434913122549,False,5095,285836,340878.0
full|extra0_ot2_temps4|retained|30.0|2|3,full,extra0_ot2_temps4,retained,3,2023-01-05,2023-10-19,2023-11-16,0.95,Hypothetical historical replay,6,2,4,30.0,2,228195,65383,162812,0,0,0.2865224917285655,False,5493,604884,325560.0
full|extra0_ot2_temps4|retained|40.0|0|1,full,extra0_ot2_temps4,retained,1,2023-01-05,2023-10-19,2023-11-16,0.95,Hypothetical historical replay,6,0,6,40.0,2,228195,225964,2231,0,0,0.9902232739542934,True,4279,69491,245604.0
full|extra0_ot2_temps4|retained|40.0|0|3,full,extra0_ot2_temps4,retained,3,2023-01-05,2023-10-19,2023-11-16,0.95,Hypothetical historical replay,6,0,6,40.0,2,228195,222692,5503,0,0,0.975884660049519,True,4279,76181,242253.0
full|extra0_ot2_temps4|retained|40.0|1|1,full,extra0_ot2_temps4,retained,1,2023-01-05,2023-10-19,2023-11-16,0.95,Hypothetical historical replay,6,1,5,40.0,2,228195,223863,4332,0,0,0.98101623611385,True,4551,123541,253746.0
full|extra0_ot2_temps4|retained|40.0|1|3,full,extra0_ot2_temps4,retained,3,2023-01-05,2023-10-19,2023-11-16,0.95,Hypothetical historical replay,6,1,5,40.0,2,228195,214865,13330,0,0,0.9415850478757203,False,4551,158587,247395.0
full|extra0_ot2_temps4|retained|40.0|2|1,full,extra0_ot2_temps4,retained,1,2023-01-05,2023-10-19,2023-11-16,0.95,Hypothetical historical replay,6,2,4,40.0,2,228195,218758,9437,0,0,0.9586450185148667,True,4823,186652,277806.0
full|extra0_ot2_temps4|retained|40.0|2|3,full,extra0_ot2_temps4,retained,3,2023-01-05,2023-10-19,2023-11-16,0.95,Hypothetical historical replay,6,2,4,40.0,2,228195,177011,51184,0,0,0.7757006069370495,False,4823,291496,264069.0
full|extra0_ot2_temps4|retained|50.0|0|1,full,extra0_ot2_temps4,retained,1,2023-01-05,2023-10-19,2023-11-16,0.95,Hypothetical historical replay,6,0,6,50.0,2,228195,227962,233,0,0,0.99897894344749,True,3871,35518,241617.0
full|extra0_ot2_temps4|retained|50.0|0|3,full,extra0_ot2_temps4,retained,3,2023-01-05,2023-10-19,2023-11-16,0.95,Hypothetical historical replay,6,0,6,50.0,2,228195,226108,2087,0,0,0.9908543131970464,True,3871,37464,239844.0
full|extra0_ot2_temps4|retained|50.0|1|1,full,extra0_ot2_temps4,retained,1,2023-01-05,2023-10-19,2023-11-16,0.95,Hypothetical historical replay,6,1,5,50.0,2,228195,226763,1432,0,0,0.9937246653081794,True,4211,59771,243975.0
full|extra0_ot2_temps4|retained|50.0|1|3,full,extra0_ot2_temps4,retained,3,2023-01-05,2023-10-19,2023-11-16,0.95,Hypothetical historical replay,6,1,5,50.0,2,228195,223783,4412,0,0,0.980665658756765,True,4211,63907,241131.0
full|extra0_ot2_temps4|retained|50.0|2|1,full,extra0_ot2_temps4,retained,1,2023-01-05,2023-10-19,2023-11-16,0.95,Hypothetical historical replay,6,2,4,50.0,2,228195,224735,3460,0,0,0.9848375293060759,True,4551,120751,251265.0
full|extra0_ot2_temps4|retained|50.0|2|3,full,extra0_ot2_temps4,retained,3,2023-01-05,2023-10-19,2023-11-16,0.95,Hypothetical historical replay,6,2,4,50.0,2,228195,214814,13381,0,0,0.9413615548105787,False,4551,158844,245538.0
full|extra0_ot2_temps4|deduplicated_sensitivity|30.0|0|1,full,extra0_ot2_temps4,deduplicated_sensitivity,1,2023-01-05,2023-10-19,2023-11-16,0.95,Hypothetical historical replay,6,0,6,30.0,2,215460,208916,6544,0,0,0.969627773136545,True,4686,132742,261048.0
full|extra0_ot2_temps4|deduplicated_sensitivity|30.0|0|3,full,extra0_ot2_temps4,deduplicated_sensitivity,3,2023-01-05,2023-10-19,2023-11-16,0.95,Hypothetical historical replay,6,0,6,30.0,2,215460,198731,16729,0,0,0.922356817970853,False,4686,168407,253239.0
full|extra0_ot2_temps4|deduplicated_sensitivity|30.0|1|1,full,extra0_ot2_temps4,deduplicated_sensitivity,1,2023-01-05,2023-10-19,2023-11-16,0.95,Hypothetical historical replay,6,1,5,30.0,2,215460,203678,11782,0,0,0.9453169961941892,False,4890,186646,287289.0
full|extra0_ot2_temps4|deduplicated_sensitivity|30.0|1|3,full,extra0_ot2_temps4,deduplicated_sensitivity,3,2023-01-05,2023-10-19,2023-11-16,0.95,Hypothetical historical replay,6,1,5,30.0,2,215460,160796,54664,0,0,0.7462916550635849,False,4890,285793,270990.0
full|extra0_ot2_temps4|deduplicated_sensitivity|30.0|2|1,full,extra0_ot2_temps4,deduplicated_sensitivity,1,2023-01-05,2023-10-19,2023-11-16,0.95,Hypothetical historical replay,6,2,4,30.0,2,215460,193020,22440,0,0,0.8958507379560011,False,5094,244674,324942.0
full|extra0_ot2_temps4|deduplicated_sensitivity|30.0|2|3,full,extra0_ot2_temps4,deduplicated_sensitivity,3,2023-01-05,2023-10-19,2023-11-16,0.95,Hypothetical historical replay,6,2,4,30.0,2,215460,89854,125606,0,0,0.4170333240508679,False,5446,492588,309642.0
full|extra0_ot2_temps4|deduplicated_sensitivity|40.0|0|1,full,extra0_ot2_temps4,deduplicated_sensitivity,1,2023-01-05,2023-10-19,2023-11-16,0.95,Hypothetical historical replay,6,0,6,40.0,2,215460,213230,2230,0,0,0.9896500510535599,True,4278,52442,244164.0
full|extra0_ot2_temps4|deduplicated_sensitivity|40.0|0|3,full,extra0_ot2_temps4,deduplicated_sensitivity,3,2023-01-05,2023-10-19,2023-11-16,0.95,Hypothetical historical replay,6,0,6,40.0,2,215460,210439,5021,0,0,0.9766963705560197,True,4278,57430,241626.0
full|extra0_ot2_temps4|deduplicated_sensitivity|40.0|1|1,full,extra0_ot2_temps4,deduplicated_sensitivity,1,2023-01-05,2023-10-19,2023-11-16,0.95,Hypothetical historical replay,6,1,5,40.0,2,215460,211394,4066,0,0,0.9811287477954145,True,4550,100925,248352.0
full|extra0_ot2_temps4|deduplicated_sensitivity|40.0|1|3,full,extra0_ot2_temps4,deduplicated_sensitivity,3,2023-01-05,2023-10-19,2023-11-16,0.95,Hypothetical historical replay,6,1,5,40.0,2,215460,205193,10267,0,0,0.9523484637519726,True,4550,125216,244623.0
full|extra0_ot2_temps4|deduplicated_sensitivity|40.0|2|1,full,extra0_ot2_temps4,deduplicated_sensitivity,1,2023-01-05,2023-10-19,2023-11-16,0.95,Hypothetical historical replay,6,2,4,40.0,2,215460,208484,6976,0,0,0.9676227606052168,True,4822,155231,269004.0
full|extra0_ot2_temps4|deduplicated_sensitivity|40.0|2|3,full,extra0_ot2_temps4,deduplicated_sensitivity,3,2023-01-05,2023-10-19,2023-11-16,0.95,Hypothetical historical replay,6,2,4,40.0,2,215460,181368,34092,0,0,0.8417710944026734,False,4822,231474,258126.0
full|extra0_ot2_temps4|deduplicated_sensitivity|50.0|0|1,full,extra0_ot2_temps4,deduplicated_sensitivity,1,2023-01-05,2023-10-19,2023-11-16,0.95,Hypothetical historical replay,6,0,6,50.0,2,215460,215228,232,0,0,0.9989232340109533,True,3870,26219,241617.0
full|extra0_ot2_temps4|deduplicated_sensitivity|50.0|0|3,full,extra0_ot2_temps4,deduplicated_sensitivity,3,2023-01-05,2023-10-19,2023-11-16,0.95,Hypothetical historical replay,6,0,6,50.0,2,215460,213374,2086,0,0,0.9903183885640026,True,3870,28165,239844.0
full|extra0_ot2_temps4|deduplicated_sensitivity|50.0|1|1,full,extra0_ot2_temps4,deduplicated_sensitivity,1,2023-01-05,2023-10-19,2023-11-16,0.95,Hypothetical historical replay,6,1,5,50.0,2,215460,214029,1431,0,0,0.9933583959899749,True,4210,45118,243015.0
full|extra0_ot2_temps4|deduplicated_sensitivity|50.0|1|3,full,extra0_ot2_temps4,deduplicated_sensitivity,3,2023-01-05,2023-10-19,2023-11-16,0.95,Hypothetical historical replay,6,1,5,50.0,2,215460,211079,4381,0,0,0.9796667594913209,True,4210,48964,240570.0
full|extra0_ot2_temps4|deduplicated_sensitivity|50.0|2|1,full,extra0_ot2_temps4,deduplicated_sensitivity,1,2023-01-05,2023-10-19,2023-11-16,0.95,Hypothetical historical replay,6,2,4,50.0,2,215460,212048,3412,0,0,0.9841641139886754,True,4550,99446,246888.0
full|extra0_ot2_temps4|deduplicated_sensitivity|50.0|2|3,full,extra0_ot2_temps4,deduplicated_sensitivity,3,2023-01-05,2023-10-19,2023-11-16,0.95,Hypothetical historical replay,6,2,4,50.0,2,215460,205159,10301,0,0,0.9521906618397846,True,4550,125630,243294.0
full|extra1_ot0_temps0|retained|30.0|0|1,full,extra1_ot0_temps0,retained,1,2023-01-05,2023-10-19,2023-11-16,0.95,Hypothetical historical replay,7,0,7,30.0,2,228195,204541,23654,0,0,0.8963430399439076,False,4483,171981,278432.0
full|extra1_ot0_temps0|retained|30.0|0|3,full,extra1_ot0_temps0,retained,3,2023-01-05,2023-10-19,2023-11-16,0.95,Hypothetical historical replay,7,0,7,30.0,2,228195,204541,23654,0,0,0.8963430399439076,False,4483,171981,278432.0
full|extra1_ot0_temps0|retained|30.0|1|1,full,extra1_ot0_temps0,retained,1,2023-01-05,2023-10-19,2023-11-16,0.95,Hypothetical historical replay,7,1,6,30.0,2,228195,129428,98767,0,0,0.5671815771598852,False,4687,413524,278432.0
full|extra1_ot0_temps0|retained|30.0|1|3,full,extra1_ot0_temps0,retained,3,2023-01-05,2023-10-19,2023-11-16,0.95,Hypothetical historical replay,7,1,6,30.0,2,228195,129428,98767,0,0,0.5671815771598852,False,4687,413524,278432.0
full|extra1_ot0_temps0|retained|30.0|2|1,full,extra1_ot0_temps0,retained,1,2023-01-05,2023-10-19,2023-11-16,0.95,Hypothetical historical replay,7,2,5,30.0,2,228195,3704,224491,0,0,0.016231731633033153,False,20214,3777723,278432.0
full|extra1_ot0_temps0|retained|30.0|2|3,full,extra1_ot0_temps0,retained,3,2023-01-05,2023-10-19,2023-11-16,0.95,Hypothetical historical replay,7,2,5,30.0,2,228195,3704,224491,0,0,0.016231731633033153,False,20214,3777723,278432.0
full|extra1_ot0_temps0|retained|40.0|0|1,full,extra1_ot0_temps0,retained,1,2023-01-05,2023-10-19,2023-11-16,0.95,Hypothetical historical replay,7,0,7,40.0,2,228195,223748,4447,0,0,0.9805122811630403,True,4007,46676,278432.0
full|extra1_ot0_temps0|retained|40.0|0|3,full,extra1_ot0_temps0,retained,3,2023-01-05,2023-10-19,2023-11-16,0.95,Hypothetical historical replay,7,0,7,40.0,2,228195,223748,4447,0,0,0.9805122811630403,True,4007,46676,278432.0
full|extra1_ot0_temps0|retained|40.0|1|1,full,extra1_ot0_temps0,retained,1,2023-01-05,2023-10-19,2023-11-16,0.95,Hypothetical historical replay,7,1,6,40.0,2,228195,218629,9566,0,0,0.9580797125265672,True,4279,93937,278432.0
full|extra1_ot0_temps0|retained|40.0|1|3,full,extra1_ot0_temps0,retained,3,2023-01-05,2023-10-19,2023-11-16,0.95,Hypothetical historical replay,7,1,6,40.0,2,228195,218629,9566,0,0,0.9580797125265672,True,4279,93937,278432.0
full|extra1_ot0_temps0|retained|40.0|2|1,full,extra1_ot0_temps0,retained,1,2023-01-05,2023-10-19,2023-11-16,0.95,Hypothetical historical replay,7,2,5,40.0,2,228195,192393,35802,0,0,0.8431078682705581,False,4551,219978,278432.0
full|extra1_ot0_temps0|retained|40.0|2|3,full,extra1_ot0_temps0,retained,3,2023-01-05,2023-10-19,2023-11-16,0.95,Hypothetical historical replay,7,2,5,40.0,2,228195,192393,35802,0,0,0.8431078682705581,False,4551,219978,278432.0
full|extra1_ot0_temps0|retained|50.0|0|1,full,extra1_ot0_temps0,retained,1,2023-01-05,2023-10-19,2023-11-16,0.95,Hypothetical historical replay,7,0,7,50.0,2,228195,226457,1738,0,0,0.9923837069173295,True,3531,27462,278432.0
full|extra1_ot0_temps0|retained|50.0|0|3,full,extra1_ot0_temps0,retained,3,2023-01-05,2023-10-19,2023-11-16,0.95,Hypothetical historical replay,7,0,7,50.0,2,228195,226457,1738,0,0,0.9923837069173295,True,3531,27462,278432.0
full|extra1_ot0_temps0|retained|50.0|1|1,full,extra1_ot0_temps0,retained,1,2023-01-05,2023-10-19,2023-11-16,0.95,Hypothetical historical replay,7,1,6,50.0,2,228195,224578,3617,0,0,0.9841495212427968,True,3871,39504,278432.0
full|extra1_ot0_temps0|retained|50.0|1|3,full,extra1_ot0_temps0,retained,3,2023-01-05,2023-10-19,2023-11-16,0.95,Hypothetical historical replay,7,1,6,50.0,2,228195,224578,3617,0,0,0.9841495212427968,True,3871,39504,278432.0
full|extra1_ot0_temps0|retained|50.0|2|1,full,extra1_ot0_temps0,retained,1,2023-01-05,2023-10-19,2023-11-16,0.95,Hypothetical historical replay,7,2,5,50.0,2,228195,220533,7662,0,0,0.966423453625189,True,4211,77716,278432.0
full|extra1_ot0_temps0|retained|50.0|2|3,full,extra1_ot0_temps0,retained,3,2023-01-05,2023-10-19,2023-11-16,0.95,Hypothetical historical replay,7,2,5,50.0,2,228195,220533,7662,0,0,0.966423453625189,True,4211,77716,278432.0
full|extra1_ot0_temps0|deduplicated_sensitivity|30.0|0|1,full,extra1_ot0_temps0,deduplicated_sensitivity,1,2023-01-05,2023-10-19,2023-11-16,0.95,Hypothetical historical replay,7,0,7,30.0,2,215460,197457,18003,0,0,0.9164438874965191,False,4482,132310,278432.0
full|extra1_ot0_temps0|deduplicated_sensitivity|30.0|0|3,full,extra1_ot0_temps0,deduplicated_sensitivity,3,2023-01-05,2023-10-19,2023-11-16,0.95,Hypothetical historical replay,7,0,7,30.0,2,215460,197457,18003,0,0,0.9164438874965191,False,4482,132310,278432.0
full|extra1_ot0_temps0|deduplicated_sensitivity|30.0|1|1,full,extra1_ot0_temps0,deduplicated_sensitivity,1,2023-01-05,2023-10-19,2023-11-16,0.95,Hypothetical historical replay,7,1,6,30.0,2,215460,164243,51217,0,0,0.7622899842198088,False,4686,265470,278432.0
full|extra1_ot0_temps0|deduplicated_sensitivity|30.0|1|3,full,extra1_ot0_temps0,deduplicated_sensitivity,3,2023-01-05,2023-10-19,2023-11-16,0.95,Hypothetical historical replay,7,1,6,30.0,2,215460,164243,51217,0,0,0.7622899842198088,False,4686,265470,278432.0
full|extra1_ot0_temps0|deduplicated_sensitivity|30.0|2|1,full,extra1_ot0_temps0,deduplicated_sensitivity,1,2023-01-05,2023-10-19,2023-11-16,0.95,Hypothetical historical replay,7,2,5,30.0,2,215460,19332,196128,0,0,0.08972431077694236,False,12786,1774507,278432.0
full|extra1_ot0_temps0|deduplicated_sensitivity|30.0|2|3,full,extra1_ot0_temps0,deduplicated_sensitivity,3,2023-01-05,2023-10-19,2023-11-16,0.95,Hypothetical historical replay,7,2,5,30.0,2,215460,19332,196128,0,0,0.08972431077694236,False,12786,1774507,278432.0
full|extra1_ot0_temps0|deduplicated_sensitivity|40.0|0|1,full,extra1_ot0_temps0,deduplicated_sensitivity,1,2023-01-05,2023-10-19,2023-11-16,0.95,Hypothetical historical replay,7,0,7,40.0,2,215460,211028,4432,0,0,0.9794300566230391,True,4006,36126,278432.0
full|extra1_ot0_temps0|deduplicated_sensitivity|40.0|0|3,full,extra1_ot0_temps0,deduplicated_sensitivity,3,2023-01-05,2023-10-19,2023-11-16,0.95,Hypothetical historical replay,7,0,7,40.0,2,215460,211028,4432,0,0,0.9794300566230391,True,4006,36126,278432.0
full|extra1_ot0_temps0|deduplicated_sensitivity|40.0|1|1,full,extra1_ot0_temps0,deduplicated_sensitivity,1,2023-01-05,2023-10-19,2023-11-16,0.95,Hypothetical historical replay,7,1,6,40.0,2,215460,207265,8195,0,0,0.9619650979300102,True,4278,71957,278432.0
full|extra1_ot0_temps0|deduplicated_sensitivity|40.0|1|3,full,extra1_ot0_temps0,deduplicated_sensitivity,3,2023-01-05,2023-10-19,2023-11-16,0.95,Hypothetical historical replay,7,1,6,40.0,2,215460,207265,8195,0,0,0.9619650979300102,True,4278,71957,278432.0
full|extra1_ot0_temps0|deduplicated_sensitivity|40.0|2|1,full,extra1_ot0_temps0,deduplicated_sensitivity,1,2023-01-05,2023-10-19,2023-11-16,0.95,Hypothetical historical replay,7,2,5,40.0,2,215460,191261,24199,0,0,0.8876868096166342,False,4550,160617,278432.0
full|extra1_ot0_temps0|deduplicated_sensitivity|40.0|2|3,full,extra1_ot0_temps0,deduplicated_sensitivity,3,2023-01-05,2023-10-19,2023-11-16,0.95,Hypothetical historical replay,7,2,5,40.0,2,215460,191261,24199,0,0,0.8876868096166342,False,4550,160617,278432.0
full|extra1_ot0_temps0|deduplicated_sensitivity|50.0|0|1,full,extra1_ot0_temps0,deduplicated_sensitivity,1,2023-01-05,2023-10-19,2023-11-16,0.95,Hypothetical historical replay,7,0,7,50.0,2,215460,213723,1737,0,0,0.991938178780284,True,3530,19719,278432.0
full|extra1_ot0_temps0|deduplicated_sensitivity|50.0|0|3,full,extra1_ot0_temps0,deduplicated_sensitivity,3,2023-01-05,2023-10-19,2023-11-16,0.95,Hypothetical historical replay,7,0,7,50.0,2,215460,213723,1737,0,0,0.991938178780284,True,3530,19719,278432.0
full|extra1_ot0_temps0|deduplicated_sensitivity|50.0|1|1,full,extra1_ot0_temps0,deduplicated_sensitivity,1,2023-01-05,2023-10-19,2023-11-16,0.95,Hypothetical historical replay,7,1,6,50.0,2,215460,211844,3616,0,0,0.9832173025155482,True,3870,30205,278432.0
full|extra1_ot0_temps0|deduplicated_sensitivity|50.0|1|3,full,extra1_ot0_temps0,deduplicated_sensitivity,3,2023-01-05,2023-10-19,2023-11-16,0.95,Hypothetical historical replay,7,1,6,50.0,2,215460,211844,3616,0,0,0.9832173025155482,True,3870,30205,278432.0
full|extra1_ot0_temps0|deduplicated_sensitivity|50.0|2|1,full,extra1_ot0_temps0,deduplicated_sensitivity,1,2023-01-05,2023-10-19,2023-11-16,0.95,Hypothetical historical replay,7,2,5,50.0,2,215460,208569,6891,0,0,0.9680172653856864,True,4210,59773,278432.0
full|extra1_ot0_temps0|deduplicated_sensitivity|50.0|2|3,full,extra1_ot0_temps0,deduplicated_sensitivity,3,2023-01-05,2023-10-19,2023-11-16,0.95,Hypothetical historical replay,7,2,5,50.0,2,215460,208569,6891,0,0,0.9680172653856864,True,4210,59773,278432.0
full|extra1_ot0_temps2|retained|30.0|0|1,full,extra1_ot0_temps2,retained,1,2023-01-05,2023-10-19,2023-11-16,0.95,Hypothetical historical replay,7,0,7,30.0,2,228195,217264,10931,0,0,0.9520979863713053,True,4483,135453,287552.0
full|extra1_ot0_temps2|retained|30.0|0|3,full,extra1_ot0_temps2,retained,3,2023-01-05,2023-10-19,2023-11-16,0.95,Hypothetical historical replay,7,0,7,30.0,2,228195,204739,23456,0,0,0.8972107189026929,False,4483,171205,278912.0
full|extra1_ot0_temps2|retained|30.0|1|1,full,extra1_ot0_temps2,retained,1,2023-01-05,2023-10-19,2023-11-16,0.95,Hypothetical historical replay,7,1,6,30.0,2,228195,203557,24638,0,0,0.8920309384517627,False,4687,210208,302192.0
full|extra1_ot0_temps2|retained|30.0|1|3,full,extra1_ot0_temps2,retained,3,2023-01-05,2023-10-19,2023-11-16,0.95,Hypothetical historical replay,7,1,6,30.0,2,228195,140535,87660,0,0,0.6158548609741669,False,4687,372366,281072.0
full|extra1_ot0_temps2|retained|30.0|2|1,full,extra1_ot0_temps2,retained,1,2023-01-05,2023-10-19,2023-11-16,0.95,Hypothetical historical replay,7,2,5,30.0,2,228195,154910,73285,0,0,0.6788492298253687,False,4891,351413,326672.0
full|extra1_ot0_temps2|retained|30.0|2|3,full,extra1_ot0_temps2,retained,3,2023-01-05,2023-10-19,2023-11-16,0.95,Hypothetical historical replay,7,2,5,30.0,2,228195,38895,189300,0,0,0.17044632879773877,False,6560,772758,312752.0
full|extra1_ot0_temps2|retained|40.0|0|1,full,extra1_ot0_temps2,retained,1,2023-01-05,2023-10-19,2023-11-16,0.95,Hypothetical historical replay,7,0,7,40.0,2,228195,225067,3128,0,0,0.9862924253379785,True,4007,44311,280112.0
full|extra1_ot0_temps2|retained|40.0|0|3,full,extra1_ot0_temps2,retained,3,2023-01-05,2023-10-19,2023-11-16,0.95,Hypothetical historical replay,7,0,7,40.0,2,228195,223748,4447,0,0,0.9805122811630403,True,4007,46676,278432.0
full|extra1_ot0_temps2|retained|40.0|1|1,full,extra1_ot0_temps2,retained,1,2023-01-05,2023-10-19,2023-11-16,0.95,Hypothetical historical replay,7,1,6,40.0,2,228195,222881,5314,0,0,0.9767128990556323,True,4279,75230,283232.0
full|extra1_ot0_temps2|retained|40.0|1|3,full,extra1_ot0_temps2,retained,3,2023-01-05,2023-10-19,2023-11-16,0.95,Hypothetical historical replay,7,1,6,40.0,2,228195,218629,9566,0,0,0.9580797125265672,True,4279,93937,278432.0
full|extra1_ot0_temps2|retained|40.0|2|1,full,extra1_ot0_temps2,retained,1,2023-01-05,2023-10-19,2023-11-16,0.95,Hypothetical historical replay,7,2,5,40.0,2,228195,217294,10901,0,0,0.9522294528802121,True,4551,147824,289952.0
full|extra1_ot0_temps2|retained|40.0|2|3,full,extra1_ot0_temps2,retained,3,2023-01-05,2023-10-19,2023-11-16,0.95,Hypothetical historical replay,7,2,5,40.0,2,228195,193216,34979,0,0,0.8467144328315694,False,4551,218238,278912.0
full|extra1_ot0_temps2|retained|50.0|0|1,full,extra1_ot0_temps2,retained,1,2023-01-05,2023-10-19,2023-11-16,0.95,Hypothetical historical replay,7,0,7,50.0,2,228195,227545,650,0,0,0.9971515589736848,True,3531,26374,279392.0
full|extra1_ot0_temps2|retained|50.0|0|3,full,extra1_ot0_temps2,retained,3,2023-01-05,2023-10-19,2023-11-16,0.95,Hypothetical historical replay,7,0,7,50.0,2,228195,226457,1738,0,0,0.9923837069173295,True,3531,27462,278432.0
full|extra1_ot0_temps2|retained|50.0|1|1,full,extra1_ot0_temps2,retained,1,2023-01-05,2023-10-19,2023-11-16,0.95,Hypothetical historical replay,7,1,6,50.0,2,228195,226185,2010,0,0,0.9911917439032406,True,3871,37328,279872.0
full|extra1_ot0_temps2|retained|50.0|1|3,full,extra1_ot0_temps2,retained,3,2023-01-05,2023-10-19,2023-11-16,0.95,Hypothetical historical replay,7,1,6,50.0,2,228195,224578,3617,0,0,0.9841495212427968,True,3871,39504,278432.0
full|extra1_ot0_temps2|retained|50.0|2|1,full,extra1_ot0_temps2,retained,1,2023-01-05,2023-10-19,2023-11-16,0.95,Hypothetical historical replay,7,2,5,50.0,2,228195,224170,4025,0,0,0.9823615767216635,True,4211,63051,282032.0
full|extra1_ot0_temps2|retained|50.0|2|3,full,extra1_ot0_temps2,retained,3,2023-01-05,2023-10-19,2023-11-16,0.95,Hypothetical historical replay,7,2,5,50.0,2,228195,220533,7662,0,0,0.966423453625189,True,4211,77716,278432.0
full|extra1_ot0_temps2|deduplicated_sensitivity|30.0|0|1,full,extra1_ot0_temps2,deduplicated_sensitivity,1,2023-01-05,2023-10-19,2023-11-16,0.95,Hypothetical historical replay,7,0,7,30.0,2,215460,206665,8795,0,0,0.9591803583031653,True,4482,105272,284912.0
full|extra1_ot0_temps2|deduplicated_sensitivity|30.0|0|3,full,extra1_ot0_temps2,deduplicated_sensitivity,3,2023-01-05,2023-10-19,2023-11-16,0.95,Hypothetical historical replay,7,0,7,30.0,2,215460,197653,17807,0,0,0.9173535691079551,False,4482,131537,278912.0
full|extra1_ot0_temps2|deduplicated_sensitivity|30.0|1|1,full,extra1_ot0_temps2,deduplicated_sensitivity,1,2023-01-05,2023-10-19,2023-11-16,0.95,Hypothetical historical replay,7,1,6,30.0,2,215460,198608,16852,0,0,0.9217859463473499,False,4686,167225,294992.0
full|extra1_ot0_temps2|deduplicated_sensitivity|30.0|1|3,full,extra1_ot0_temps2,deduplicated_sensitivity,3,2023-01-05,2023-10-19,2023-11-16,0.95,Hypothetical historical replay,7,1,6,30.0,2,215460,166827,48633,0,0,0.7742829295460875,False,4686,254712,279872.0
full|extra1_ot0_temps2|deduplicated_sensitivity|30.0|2|1,full,extra1_ot0_temps2,deduplicated_sensitivity,1,2023-01-05,2023-10-19,2023-11-16,0.95,Hypothetical historical replay,7,2,5,30.0,2,215460,168950,46510,0,0,0.784136266592407,False,4890,270830,317312.0
full|extra1_ot0_temps2|deduplicated_sensitivity|30.0|2|3,full,extra1_ot0_temps2,deduplicated_sensitivity,3,2023-01-05,2023-10-19,2023-11-16,0.95,Hypothetical historical replay,7,2,5,30.0,2,215460,77239,138221,0,0,0.3584841733964541,False,6138,568682,299072.0
full|extra1_ot0_temps2|deduplicated_sensitivity|40.0|0|1,full,extra1_ot0_temps2,deduplicated_sensitivity,1,2023-01-05,2023-10-19,2023-11-16,0.95,Hypothetical historical replay,7,0,7,40.0,2,215460,212333,3127,0,0,0.9854868653114267,True,4006,33792,279872.0
full|extra1_ot0_temps2|deduplicated_sensitivity|40.0|0|3,full,extra1_ot0_temps2,deduplicated_sensitivity,3,2023-01-05,2023-10-19,2023-11-16,0.95,Hypothetical historical replay,7,0,7,40.0,2,215460,211028,4432,0,0,0.9794300566230391,True,4006,36126,278432.0
full|extra1_ot0_temps2|deduplicated_sensitivity|40.0|1|1,full,extra1_ot0_temps2,deduplicated_sensitivity,1,2023-01-05,2023-10-19,2023-11-16,0.95,Hypothetical historical replay,7,1,6,40.0,2,215460,210574,4886,0,0,0.9773229369720597,True,4278,56754,282512.0
full|extra1_ot0_temps2|deduplicated_sensitivity|40.0|1|3,full,extra1_ot0_temps2,deduplicated_sensitivity,3,2023-01-05,2023-10-19,2023-11-16,0.95,Hypothetical historical replay,7,1,6,40.0,2,215460,207265,8195,0,0,0.9619650979300102,True,4278,71957,278432.0
full|extra1_ot0_temps2|deduplicated_sensitivity|40.0|2|1,full,extra1_ot0_temps2,deduplicated_sensitivity,1,2023-01-05,2023-10-19,2023-11-16,0.95,Hypothetical historical replay,7,2,5,40.0,2,215460,206422,9038,0,0,0.9580525387542932,True,4550,119738,285632.0
full|extra1_ot0_temps2|deduplicated_sensitivity|40.0|2|3,full,extra1_ot0_temps2,deduplicated_sensitivity,3,2023-01-05,2023-10-19,2023-11-16,0.95,Hypothetical historical replay,7,2,5,40.0,2,215460,192083,23377,0,0,0.8915019029054116,False,4550,158877,278912.0
full|extra1_ot0_temps2|deduplicated_sensitivity|50.0|0|1,full,extra1_ot0_temps2,deduplicated_sensitivity,1,2023-01-05,2023-10-19,2023-11-16,0.95,Hypothetical historical replay,7,0,7,50.0,2,215460,214811,649,0,0,0.9969878399702962,True,3530,18631,279392.0
full|extra1_ot0_temps2|deduplicated_sensitivity|50.0|0|3,full,extra1_ot0_temps2,deduplicated_sensitivity,3,2023-01-05,2023-10-19,2023-11-16,0.95,Hypothetical historical replay,7,0,7,50.0,2,215460,213723,1737,0,0,0.991938178780284,True,3530,19719,278432.0
full|extra1_ot0_temps2|deduplicated_sensitivity|50.0|1|1,full,extra1_ot0_temps2,deduplicated_sensitivity,1,2023-01-05,2023-10-19,2023-11-16,0.95,Hypothetical historical replay,7,1,6,50.0,2,215460,213451,2009,0,0,0.9906757634827811,True,3870,28029,279872.0
full|extra1_ot0_temps2|deduplicated_sensitivity|50.0|1|3,full,extra1_ot0_temps2,deduplicated_sensitivity,3,2023-01-05,2023-10-19,2023-11-16,0.95,Hypothetical historical replay,7,1,6,50.0,2,215460,211844,3616,0,0,0.9832173025155482,True,3870,30205,278432.0
full|extra1_ot0_temps2|deduplicated_sensitivity|50.0|2|1,full,extra1_ot0_temps2,deduplicated_sensitivity,1,2023-01-05,2023-10-19,2023-11-16,0.95,Hypothetical historical replay,7,2,5,50.0,2,215460,211436,4024,0,0,0.9813236795692936,True,4210,48398,281072.0
full|extra1_ot0_temps2|deduplicated_sensitivity|50.0|2|3,full,extra1_ot0_temps2,deduplicated_sensitivity,3,2023-01-05,2023-10-19,2023-11-16,0.95,Hypothetical historical replay,7,2,5,50.0,2,215460,208569,6891,0,0,0.9680172653856864,True,4210,59773,278432.0
full|extra1_ot0_temps4|retained|30.0|0|1,full,extra1_ot0_temps4,retained,1,2023-01-05,2023-10-19,2023-11-16,0.95,Hypothetical historical replay,7,0,7,30.0,2,228195,221340,6855,0,0,0.9699599027147834,True,4483,117485,292592.0
full|extra1_ot0_temps4|retained|30.0|0|3,full,extra1_ot0_temps4,retained,3,2023-01-05,2023-10-19,2023-11-16,0.95,Hypothetical historical replay,7,0,7,30.0,2,228195,204739,23456,0,0,0.8972107189026929,False,4483,171205,278912.0
full|extra1_ot0_temps4|retained|30.0|1|1,full,extra1_ot0_temps4,retained,1,2023-01-05,2023-10-19,2023-11-16,0.95,Hypothetical historical replay,7,1,6,30.0,2,228195,216355,11840,0,0,0.9481145511514275,False,4687,173442,308672.0
full|extra1_ot0_temps4|retained|30.0|1|3,full,extra1_ot0_temps4,retained,3,2023-01-05,2023-10-19,2023-11-16,0.95,Hypothetical historical replay,7,1,6,30.0,2,228195,142338,85857,0,0,0.6237559981594689,False,4687,365520,281792.0
full|extra1_ot0_temps4|retained|30.0|2|1,full,extra1_ot0_temps4,retained,1,2023-01-05,2023-10-19,2023-11-16,0.95,Hypothetical historical replay,7,2,5,30.0,2,228195,201878,26317,0,0,0.8846731961699423,False,4891,244152,336992.0
full|extra1_ot0_temps4|retained|30.0|2|3,full,extra1_ot0_temps4,retained,3,2023-01-05,2023-10-19,2023-11-16,0.95,Hypothetical historical replay,7,2,5,30.0,2,228195,42785,185410,0,0,0.18749315278599443,False,5853,704258,313472.0
full|extra1_ot0_temps4|retained|40.0|0|1,full,extra1_ot0_temps4,retained,1,2023-01-05,2023-10-19,2023-11-16,0.95,Hypothetical historical replay,7,0,7,40.0,2,228195,226293,1902,0,0,0.9916650233353054,True,4007,42571,281552.0
full|extra1_ot0_temps4|retained|40.0|0|3,full,extra1_ot0_temps4,retained,3,2023-01-05,2023-10-19,2023-11-16,0.95,Hypothetical historical replay,7,0,7,40.0,2,228195,223748,4447,0,0,0.9805122811630403,True,4007,46676,278432.0
full|extra1_ot0_temps4|retained|40.0|1|1,full,extra1_ot0_temps4,retained,1,2023-01-05,2023-10-19,2023-11-16,0.95,Hypothetical historical replay,7,1,6,40.0,2,228195,224740,3455,0,0,0.9848594403908938,True,4279,71123,284672.0
full|extra1_ot0_temps4|retained|40.0|1|3,full,extra1_ot0_temps4,retained,3,2023-01-05,2023-10-19,2023-11-16,0.95,Hypothetical historical replay,7,1,6,40.0,2,228195,218629,9566,0,0,0.9580797125265672,True,4279,93937,278432.0
full|extra1_ot0_temps4|retained|40.0|2|1,full,extra1_ot0_temps4,retained,1,2023-01-05,2023-10-19,2023-11-16,0.95,Hypothetical historical replay,7,2,5,40.0,2,228195,221846,6349,0,0,0.9721773044983457,True,4551,129790,293312.0
full|extra1_ot0_temps4|retained|40.0|2|3,full,extra1_ot0_temps4,retained,3,2023-01-05,2023-10-19,2023-11-16,0.95,Hypothetical historical replay,7,2,5,40.0,2,228195,193271,34924,0,0,0.8469554547645654,False,4551,217856,279152.0
full|extra1_ot0_temps4|retained|50.0|0|1,full,extra1_ot0_temps4,retained,1,2023-01-05,2023-10-19,2023-11-16,0.95,Hypothetical historical replay,7,0,7,50.0,2,228195,228132,63,0,0,0.9997239203312956,True,3531,25651,280112.0
full|extra1_ot0_temps4|retained|50.0|0|3,full,extra1_ot0_temps4,retained,3,2023-01-05,2023-10-19,2023-11-16,0.95,Hypothetical historical replay,7,0,7,50.0,2,228195,226457,1738,0,0,0.9923837069173295,True,3531,27462,278432.0
full|extra1_ot0_temps4|retained|50.0|1|1,full,extra1_ot0_temps4,retained,1,2023-01-05,2023-10-19,2023-11-16,0.95,Hypothetical historical replay,7,1,6,50.0,2,228195,227273,922,0,0,0.9959595959595959,True,3871,36240,280832.0
full|extra1_ot0_temps4|retained|50.0|1|3,full,extra1_ot0_temps4,retained,3,2023-01-05,2023-10-19,2023-11-16,0.95,Hypothetical historical replay,7,1,6,50.0,2,228195,224578,3617,0,0,0.9841495212427968,True,3871,39504,278432.0
full|extra1_ot0_temps4|retained|50.0|2|1,full,extra1_ot0_temps4,retained,1,2023-01-05,2023-10-19,2023-11-16,0.95,Hypothetical historical replay,7,2,5,50.0,2,228195,225802,2393,0,0,0.9895133548061965,True,4211,60875,282992.0
full|extra1_ot0_temps4|retained|50.0|2|3,full,extra1_ot0_temps4,retained,3,2023-01-05,2023-10-19,2023-11-16,0.95,Hypothetical historical replay,7,2,5,50.0,2,228195,220533,7662,0,0,0.966423453625189,True,4211,77716,278432.0
full|extra1_ot0_temps4|deduplicated_sensitivity|30.0|0|1,full,extra1_ot0_temps4,deduplicated_sensitivity,1,2023-01-05,2023-10-19,2023-11-16,0.95,Hypothetical historical replay,7,0,7,30.0,2,215460,209524,5936,0,0,0.9724496426250813,True,4482,92501,288032.0
full|extra1_ot0_temps4|deduplicated_sensitivity|30.0|0|3,full,extra1_ot0_temps4,deduplicated_sensitivity,3,2023-01-05,2023-10-19,2023-11-16,0.95,Hypothetical historical replay,7,0,7,30.0,2,215460,197653,17807,0,0,0.9173535691079551,False,4482,131537,278912.0
full|extra1_ot0_temps4|deduplicated_sensitivity|30.0|1|1,full,extra1_ot0_temps4,deduplicated_sensitivity,1,2023-01-05,2023-10-19,2023-11-16,0.95,Hypothetical historical replay,7,1,6,30.0,2,215460,206251,9209,0,0,0.9572588879606424,True,4686,142890,299312.0
full|extra1_ot0_temps4|deduplicated_sensitivity|30.0|1|3,full,extra1_ot0_temps4,deduplicated_sensitivity,3,2023-01-05,2023-10-19,2023-11-16,0.95,Hypothetical historical replay,7,1,6,30.0,2,215460,168636,46824,0,0,0.7826789195210248,False,4686,249170,280592.0
full|extra1_ot0_temps4|deduplicated_sensitivity|30.0|2|1,full,extra1_ot0_temps4,deduplicated_sensitivity,1,2023-01-05,2023-10-19,2023-11-16,0.95,Hypothetical historical replay,7,2,5,30.0,2,215460,196798,18662,0,0,0.9133853151397011,False,4890,204020,324512.0
full|extra1_ot0_temps4|deduplicated_sensitivity|30.0|2|3,full,extra1_ot0_temps4,deduplicated_sensitivity,3,2023-01-05,2023-10-19,2023-11-16,0.95,Hypothetical historical replay,7,2,5,30.0,2,215460,82413,133047,0,0,0.3824979114452799,False,5812,527707,300272.0
full|extra1_ot0_temps4|deduplicated_sensitivity|40.0|0|1,full,extra1_ot0_temps4,deduplicated_sensitivity,1,2023-01-05,2023-10-19,2023-11-16,0.95,Hypothetical historical replay,7,0,7,40.0,2,215460,213559,1901,0,0,0.9911770166156131,True,4006,32070,281312.0
full|extra1_ot0_temps4|deduplicated_sensitivity|40.0|0|3,full,extra1_ot0_temps4,deduplicated_sensitivity,3,2023-01-05,2023-10-19,2023-11-16,0.95,Hypothetical historical replay,7,0,7,40.0,2,215460,211028,4432,0,0,0.9794300566230391,True,4006,36126,278432.0
full|extra1_ot0_temps4|deduplicated_sensitivity|40.0|1|1,full,extra1_ot0_temps4,deduplicated_sensitivity,1,2023-01-05,2023-10-19,2023-11-16,0.95,Hypothetical historical replay,7,1,6,40.0,2,215460,212006,3454,0,0,0.9839691822147962,True,4278,54074,283232.0
full|extra1_ot0_temps4|deduplicated_sensitivity|40.0|1|3,full,extra1_ot0_temps4,deduplicated_sensitivity,3,2023-01-05,2023-10-19,2023-11-16,0.95,Hypothetical historical replay,7,1,6,40.0,2,215460,207265,8195,0,0,0.9619650979300102,True,4278,71957,278432.0
full|extra1_ot0_temps4|deduplicated_sensitivity|40.0|2|1,full,extra1_ot0_temps4,deduplicated_sensitivity,1,2023-01-05,2023-10-19,2023-11-16,0.95,Hypothetical historical replay,7,2,5,40.0,2,215460,210016,5444,0,0,0.974733129119094,True,4550,104556,288032.0
full|extra1_ot0_temps4|deduplicated_sensitivity|40.0|2|3,full,extra1_ot0_temps4,deduplicated_sensitivity,3,2023-01-05,2023-10-19,2023-11-16,0.95,Hypothetical historical replay,7,2,5,40.0,2,215460,192137,23323,0,0,0.8917525294718277,False,4550,158498,279152.0
full|extra1_ot0_temps4|deduplicated_sensitivity|50.0|0|1,full,extra1_ot0_temps4,deduplicated_sensitivity,1,2023-01-05,2023-10-19,2023-11-16,0.95,Hypothetical historical replay,7,0,7,50.0,2,215460,215398,62,0,0,0.9997122435718927,True,3530,17908,280112.0
full|extra1_ot0_temps4|deduplicated_sensitivity|50.0|0|3,full,extra1_ot0_temps4,deduplicated_sensitivity,3,2023-01-05,2023-10-19,2023-11-16,0.95,Hypothetical historical replay,7,0,7,50.0,2,215460,213723,1737,0,0,0.991938178780284,True,3530,19719,278432.0
full|extra1_ot0_temps4|deduplicated_sensitivity|50.0|1|1,full,extra1_ot0_temps4,deduplicated_sensitivity,1,2023-01-05,2023-10-19,2023-11-16,0.95,Hypothetical historical replay,7,1,6,50.0,2,215460,214539,921,0,0,0.9957254246727931,True,3870,26941,280832.0
full|extra1_ot0_temps4|deduplicated_sensitivity|50.0|1|3,full,extra1_ot0_temps4,deduplicated_sensitivity,3,2023-01-05,2023-10-19,2023-11-16,0.95,Hypothetical historical replay,7,1,6,50.0,2,215460,211844,3616,0,0,0.9832173025155482,True,3870,30205,278432.0
full|extra1_ot0_temps4|deduplicated_sensitivity|50.0|2|1,full,extra1_ot0_temps4,deduplicated_sensitivity,1,2023-01-05,2023-10-19,2023-11-16,0.95,Hypothetical historical replay,7,2,5,50.0,2,215460,213068,2392,0,0,0.9888981713543117,True,4210,46222,282032.0
full|extra1_ot0_temps4|deduplicated_sensitivity|50.0|2|3,full,extra1_ot0_temps4,deduplicated_sensitivity,3,2023-01-05,2023-10-19,2023-11-16,0.95,Hypothetical historical replay,7,2,5,50.0,2,215460,208569,6891,0,0,0.9680172653856864,True,4210,59773,278432.0
full|extra1_ot2_temps0|retained|30.0|0|1,full,extra1_ot2_temps0,retained,1,2023-01-05,2023-10-19,2023-11-16,0.95,Hypothetical historical replay,7,0,7,30.0,2,228195,217617,10578,0,0,0.9536449089594425,True,4483,135172,286220.0
full|extra1_ot2_temps0|retained|30.0|0|3,full,extra1_ot2_temps0,retained,3,2023-01-05,2023-10-19,2023-11-16,0.95,Hypothetical historical replay,7,0,7,30.0,2,228195,217617,10578,0,0,0.9536449089594425,True,4483,135172,286220.0
full|extra1_ot2_temps0|retained|30.0|1|1,full,extra1_ot2_temps0,retained,1,2023-01-05,2023-10-19,2023-11-16,0.95,Hypothetical historical replay,7,1,6,30.0,2,228195,201878,26317,0,0,0.8846731961699423,False,4687,215695,298199.0
full|extra1_ot2_temps0|retained|30.0|1|3,full,extra1_ot2_temps0,retained,3,2023-01-05,2023-10-19,2023-11-16,0.95,Hypothetical historical replay,7,1,6,30.0,2,228195,201878,26317,0,0,0.8846731961699423,False,4687,215695,298199.0
full|extra1_ot2_temps0|retained|30.0|2|1,full,extra1_ot2_temps0,retained,1,2023-01-05,2023-10-19,2023-11-16,0.95,Hypothetical historical replay,7,2,5,30.0,2,228195,130398,97797,0,0,0.5714323276145402,False,4891,426916,316580.0
full|extra1_ot2_temps0|retained|30.0|2|3,full,extra1_ot2_temps0,retained,3,2023-01-05,2023-10-19,2023-11-16,0.95,Hypothetical historical replay,7,2,5,30.0,2,228195,130398,97797,0,0,0.5714323276145402,False,4891,426916,316580.0
full|extra1_ot2_temps0|retained|40.0|0|1,full,extra1_ot2_temps0,retained,1,2023-01-05,2023-10-19,2023-11-16,0.95,Hypothetical historical replay,7,0,7,40.0,2,228195,225190,3005,0,0,0.9868314380244966,True,4007,44147,279851.0
full|extra1_ot2_temps0|retained|40.0|0|3,full,extra1_ot2_temps0,retained,3,2023-01-05,2023-10-19,2023-11-16,0.95,Hypothetical historical replay,7,0,7,40.0,2,228195,225190,3005,0,0,0.9868314380244966,True,4007,44147,279851.0
full|extra1_ot2_temps0|retained|40.0|1|1,full,extra1_ot2_temps0,retained,1,2023-01-05,2023-10-19,2023-11-16,0.95,Hypothetical historical replay,7,1,6,40.0,2,228195,222692,5503,0,0,0.975884660049519,True,4279,76181,282029.0
full|extra1_ot2_temps0|retained|40.0|1|3,full,extra1_ot2_temps0,retained,3,2023-01-05,2023-10-19,2023-11-16,0.95,Hypothetical historical replay,7,1,6,40.0,2,228195,222692,5503,0,0,0.975884660049519,True,4279,76181,282029.0
full|extra1_ot2_temps0|retained|40.0|2|1,full,extra1_ot2_temps0,retained,1,2023-01-05,2023-10-19,2023-11-16,0.95,Hypothetical historical replay,7,2,5,40.0,2,228195,214865,13330,0,0,0.9415850478757203,False,4551,159239,286451.0
full|extra1_ot2_temps0|retained|40.0|2|3,full,extra1_ot2_temps0,retained,3,2023-01-05,2023-10-19,2023-11-16,0.95,Hypothetical historical replay,7,2,5,40.0,2,228195,214865,13330,0,0,0.9415850478757203,False,4551,159239,286451.0
full|extra1_ot2_temps0|retained|50.0|0|1,full,extra1_ot2_temps0,retained,1,2023-01-05,2023-10-19,2023-11-16,0.95,Hypothetical historical replay,7,0,7,50.0,2,228195,227639,556,0,0,0.9975634873682596,True,3531,26272,279356.0
full|extra1_ot2_temps0|retained|50.0|0|3,full,extra1_ot2_temps0,retained,3,2023-01-05,2023-10-19,2023-11-16,0.95,Hypothetical historical replay,7,0,7,50.0,2,228195,227639,556,0,0,0.9975634873682596,True,3531,26272,279356.0
full|extra1_ot2_temps0|retained|50.0|1|1,full,extra1_ot2_temps0,retained,1,2023-01-05,2023-10-19,2023-11-16,0.95,Hypothetical historical replay,7,1,6,50.0,2,228195,226108,2087,0,0,0.9908543131970464,True,3871,37464,279620.0
full|extra1_ot2_temps0|retained|50.0|1|3,full,extra1_ot2_temps0,retained,3,2023-01-05,2023-10-19,2023-11-16,0.95,Hypothetical historical replay,7,1,6,50.0,2,228195,226108,2087,0,0,0.9908543131970464,True,3871,37464,279620.0
full|extra1_ot2_temps0|retained|50.0|2|1,full,extra1_ot2_temps0,retained,1,2023-01-05,2023-10-19,2023-11-16,0.95,Hypothetical historical replay,7,2,5,50.0,2,228195,223783,4412,0,0,0.980665658756765,True,4211,63907,280907.0
full|extra1_ot2_temps0|retained|50.0|2|3,full,extra1_ot2_temps0,retained,3,2023-01-05,2023-10-19,2023-11-16,0.95,Hypothetical historical replay,7,2,5,50.0,2,228195,223783,4412,0,0,0.980665658756765,True,4211,63907,280907.0
full|extra1_ot2_temps0|deduplicated_sensitivity|30.0|0|1,full,extra1_ot2_temps0,deduplicated_sensitivity,1,2023-01-05,2023-10-19,2023-11-16,0.95,Hypothetical historical replay,7,0,7,30.0,2,215460,206806,8654,0,0,0.9598347721154739,True,4482,105390,284075.0
full|extra1_ot2_temps0|deduplicated_sensitivity|30.0|0|3,full,extra1_ot2_temps0,deduplicated_sensitivity,3,2023-01-05,2023-10-19,2023-11-16,0.95,Hypothetical historical replay,7,0,7,30.0,2,215460,206806,8654,0,0,0.9598347721154739,True,4482,105390,284075.0
full|extra1_ot2_temps0|deduplicated_sensitivity|30.0|1|1,full,extra1_ot2_temps0,deduplicated_sensitivity,1,2023-01-05,2023-10-19,2023-11-16,0.95,Hypothetical historical replay,7,1,6,30.0,2,215460,197757,17703,0,0,0.9178362573099416,False,4686,171237,291995.0
full|extra1_ot2_temps0|deduplicated_sensitivity|30.0|1|3,full,extra1_ot2_temps0,deduplicated_sensitivity,3,2023-01-05,2023-10-19,2023-11-16,0.95,Hypothetical historical replay,7,1,6,30.0,2,215460,197757,17703,0,0,0.9178362573099416,False,4686,171237,291995.0
full|extra1_ot2_temps0|deduplicated_sensitivity|30.0|2|1,full,extra1_ot2_temps0,deduplicated_sensitivity,1,2023-01-05,2023-10-19,2023-11-16,0.95,Hypothetical historical replay,7,2,5,30.0,2,215460,154445,61015,0,0,0.7168151861134318,False,4890,309541,308462.0
full|extra1_ot2_temps0|deduplicated_sensitivity|30.0|2|3,full,extra1_ot2_temps0,deduplicated_sensitivity,3,2023-01-05,2023-10-19,2023-11-16,0.95,Hypothetical historical replay,7,2,5,30.0,2,215460,154445,61015,0,0,0.7168151861134318,False,4890,309541,308462.0
full|extra1_ot2_temps0|deduplicated_sensitivity|40.0|0|1,full,extra1_ot2_temps0,deduplicated_sensitivity,1,2023-01-05,2023-10-19,2023-11-16,0.95,Hypothetical historical replay,7,0,7,40.0,2,215460,212456,3004,0,0,0.9860577369349299,True,4006,33628,279818.0
full|extra1_ot2_temps0|deduplicated_sensitivity|40.0|0|3,full,extra1_ot2_temps0,deduplicated_sensitivity,3,2023-01-05,2023-10-19,2023-11-16,0.95,Hypothetical historical replay,7,0,7,40.0,2,215460,212456,3004,0,0,0.9860577369349299,True,4006,33628,279818.0
full|extra1_ot2_temps0|deduplicated_sensitivity|40.0|1|1,full,extra1_ot2_temps0,deduplicated_sensitivity,1,2023-01-05,2023-10-19,2023-11-16,0.95,Hypothetical historical replay,7,1,6,40.0,2,215460,210439,5021,0,0,0.9766963705560197,True,4278,57430,281402.0
full|extra1_ot2_temps0|deduplicated_sensitivity|40.0|1|3,full,extra1_ot2_temps0,deduplicated_sensitivity,3,2023-01-05,2023-10-19,2023-11-16,0.95,Hypothetical historical replay,7,1,6,40.0,2,215460,210439,5021,0,0,0.9766963705560197,True,4278,57430,281402.0
full|extra1_ot2_temps0|deduplicated_sensitivity|40.0|2|1,full,extra1_ot2_temps0,deduplicated_sensitivity,1,2023-01-05,2023-10-19,2023-11-16,0.95,Hypothetical historical replay,7,2,5,40.0,2,215460,205193,10267,0,0,0.9523484637519726,True,4550,125868,283679.0
full|extra1_ot2_temps0|deduplicated_sensitivity|40.0|2|3,full,extra1_ot2_temps0,deduplicated_sensitivity,3,2023-01-05,2023-10-19,2023-11-16,0.95,Hypothetical historical replay,7,2,5,40.0,2,215460,205193,10267,0,0,0.9523484637519726,True,4550,125868,283679.0
full|extra1_ot2_temps0|deduplicated_sensitivity|50.0|0|1,full,extra1_ot2_temps0,deduplicated_sensitivity,1,2023-01-05,2023-10-19,2023-11-16,0.95,Hypothetical historical replay,7,0,7,50.0,2,215460,214905,555,0,0,0.9974241158451684,True,3530,18529,279356.0
full|extra1_ot2_temps0|deduplicated_sensitivity|50.0|0|3,full,extra1_ot2_temps0,deduplicated_sensitivity,3,2023-01-05,2023-10-19,2023-11-16,0.95,Hypothetical historical replay,7,0,7,50.0,2,215460,214905,555,0,0,0.9974241158451684,True,3530,18529,279356.0
full|extra1_ot2_temps0|deduplicated_sensitivity|50.0|1|1,full,extra1_ot2_temps0,deduplicated_sensitivity,1,2023-01-05,2023-10-19,2023-11-16,0.95,Hypothetical historical replay,7,1,6,50.0,2,215460,213374,2086,0,0,0.9903183885640026,True,3870,28165,279620.0
full|extra1_ot2_temps0|deduplicated_sensitivity|50.0|1|3,full,extra1_ot2_temps0,deduplicated_sensitivity,3,2023-01-05,2023-10-19,2023-11-16,0.95,Hypothetical historical replay,7,1,6,50.0,2,215460,213374,2086,0,0,0.9903183885640026,True,3870,28165,279620.0
full|extra1_ot2_temps0|deduplicated_sensitivity|50.0|2|1,full,extra1_ot2_temps0,deduplicated_sensitivity,1,2023-01-05,2023-10-19,2023-11-16,0.95,Hypothetical historical replay,7,2,5,50.0,2,215460,211079,4381,0,0,0.9796667594913209,True,4210,48964,280346.0
full|extra1_ot2_temps0|deduplicated_sensitivity|50.0|2|3,full,extra1_ot2_temps0,deduplicated_sensitivity,3,2023-01-05,2023-10-19,2023-11-16,0.95,Hypothetical historical replay,7,2,5,50.0,2,215460,211079,4381,0,0,0.9796667594913209,True,4210,48964,280346.0
full|extra1_ot2_temps2|retained|30.0|0|1,full,extra1_ot2_temps2,retained,1,2023-01-05,2023-10-19,2023-11-16,0.95,Hypothetical historical replay,7,0,7,30.0,2,228195,221557,6638,0,0,0.9709108437958763,True,4483,117555,291368.0
full|extra1_ot2_temps2|retained|30.0|0|3,full,extra1_ot2_temps2,retained,3,2023-01-05,2023-10-19,2023-11-16,0.95,Hypothetical historical replay,7,0,7,30.0,2,228195,217617,10578,0,0,0.9536449089594425,True,4483,134846,286700.0
full|extra1_ot2_temps2|retained|30.0|1|1,full,extra1_ot2_temps2,retained,1,2023-01-05,2023-10-19,2023-11-16,0.95,Hypothetical historical replay,7,1,6,30.0,2,228195,215465,12730,0,0,0.9442143780538574,False,4687,177910,306608.0
full|extra1_ot2_temps2|retained|30.0|1|3,full,extra1_ot2_temps2,retained,3,2023-01-05,2023-10-19,2023-11-16,0.95,Hypothetical historical replay,7,1,6,30.0,2,228195,202448,25747,0,0,0.8871710598391727,False,4687,214138,298697.0
full|extra1_ot2_temps2|retained|30.0|2|1,full,extra1_ot2_temps2,retained,1,2023-01-05,2023-10-19,2023-11-16,0.95,Hypothetical historical replay,7,2,5,30.0,2,228195,197656,30539,0,0,0.8661714761497842,False,4891,258145,332585.0
full|extra1_ot2_temps2|retained|30.0|2|3,full,extra1_ot2_temps2,retained,3,2023-01-05,2023-10-19,2023-11-16,0.95,Hypothetical historical replay,7,2,5,30.0,2,228195,145548,82647,0,0,0.6378229146125025,False,4891,375511,319205.0
full|extra1_ot2_temps2|retained|40.0|0|1,full,extra1_ot2_temps2,retained,1,2023-01-05,2023-10-19,2023-11-16,0.95,Hypothetical historical replay,7,0,7,40.0,2,228195,226375,1820,0,0,0.9920243651263174,True,4007,42611,281399.0
full|extra1_ot2_temps2|retained|40.0|0|3,full,extra1_ot2_temps2,retained,3,2023-01-05,2023-10-19,2023-11-16,0.95,Hypothetical historical replay,7,0,7,40.0,2,228195,225190,3005,0,0,0.9868314380244966,True,4007,44147,279851.0
full|extra1_ot2_temps2|retained|40.0|1|1,full,extra1_ot2_temps2,retained,1,2023-01-05,2023-10-19,2023-11-16,0.95,Hypothetical historical replay,7,1,6,40.0,2,228195,224659,3536,0,0,0.9845044808168453,True,4279,71231,284303.0
full|extra1_ot2_temps2|retained|40.0|1|3,full,extra1_ot2_temps2,retained,3,2023-01-05,2023-10-19,2023-11-16,0.95,Hypothetical historical replay,7,1,6,40.0,2,228195,222692,5503,0,0,0.975884660049519,True,4279,76181,282029.0
full|extra1_ot2_temps2|retained|40.0|2|1,full,extra1_ot2_temps2,retained,1,2023-01-05,2023-10-19,2023-11-16,0.95,Hypothetical historical replay,7,2,5,40.0,2,228195,221181,7014,0,0,0.969263130217577,True,4551,132595,291587.0
full|extra1_ot2_temps2|retained|40.0|2|3,full,extra1_ot2_temps2,retained,3,2023-01-05,2023-10-19,2023-11-16,0.95,Hypothetical historical replay,7,2,5,40.0,2,228195,214865,13330,0,0,0.9415850478757203,False,4551,158804,286931.0
full|extra1_ot2_temps2|retained|50.0|0|1,full,extra1_ot2_temps2,retained,1,2023-01-05,2023-10-19,2023-11-16,0.95,Hypothetical historical replay,7,0,7,50.0,2,228195,228183,12,0,0,0.9999474133964372,True,3531,25694,279920.0
full|extra1_ot2_temps2|retained|50.0|0|3,full,extra1_ot2_temps2,retained,3,2023-01-05,2023-10-19,2023-11-16,0.95,Hypothetical historical replay,7,0,7,50.0,2,228195,227639,556,0,0,0.9975634873682596,True,3531,26272,279356.0
full|extra1_ot2_temps2|retained|50.0|1|1,full,extra1_ot2_temps2,retained,1,2023-01-05,2023-10-19,2023-11-16,0.95,Hypothetical historical replay,7,1,6,50.0,2,228195,227205,990,0,0,0.9956616052060737,True,3871,36308,280664.0
full|extra1_ot2_temps2|retained|50.0|1|3,full,extra1_ot2_temps2,retained,3,2023-01-05,2023-10-19,2023-11-16,0.95,Hypothetical historical replay,7,1,6,50.0,2,228195,226108,2087,0,0,0.9908543131970464,True,3871,37464,279620.0
full|extra1_ot2_temps2|retained|50.0|2|1,full,extra1_ot2_temps2,retained,1,2023-01-05,2023-10-19,2023-11-16,0.95,Hypothetical historical replay,7,2,5,50.0,2,228195,225445,2750,0,0,0.9879489033502049,True,4211,61351,282542.0
full|extra1_ot2_temps2|retained|50.0|2|3,full,extra1_ot2_temps2,retained,3,2023-01-05,2023-10-19,2023-11-16,0.95,Hypothetical historical replay,7,2,5,50.0,2,228195,223783,4412,0,0,0.980665658756765,True,4211,63907,280907.0
full|extra1_ot2_temps2|deduplicated_sensitivity|30.0|0|1,full,extra1_ot2_temps2,deduplicated_sensitivity,1,2023-01-05,2023-10-19,2023-11-16,0.95,Hypothetical historical replay,7,0,7,30.0,2,215460,209710,5750,0,0,0.9733129119094032,True,4482,91677,287333.0
full|extra1_ot2_temps2|deduplicated_sensitivity|30.0|0|3,full,extra1_ot2_temps2,deduplicated_sensitivity,3,2023-01-05,2023-10-19,2023-11-16,0.95,Hypothetical historical replay,7,0,7,30.0,2,215460,206806,8654,0,0,0.9598347721154739,True,4482,105064,284555.0
full|extra1_ot2_temps2|deduplicated_sensitivity|30.0|1|1,full,extra1_ot2_temps2,deduplicated_sensitivity,1,2023-01-05,2023-10-19,2023-11-16,0.95,Hypothetical historical replay,7,1,6,30.0,2,215460,205767,9693,0,0,0.9550125313283208,True,4686,145746,298094.0
full|extra1_ot2_temps2|deduplicated_sensitivity|30.0|1|3,full,extra1_ot2_temps2,deduplicated_sensitivity,3,2023-01-05,2023-10-19,2023-11-16,0.95,Hypothetical historical replay,7,1,6,30.0,2,215460,198326,17134,0,0,0.9204771187227327,False,4686,169709,292493.0
full|extra1_ot2_temps2|deduplicated_sensitivity|30.0|2|1,full,extra1_ot2_temps2,deduplicated_sensitivity,1,2023-01-05,2023-10-19,2023-11-16,0.95,Hypothetical historical replay,7,2,5,30.0,2,215460,194574,20886,0,0,0.9030632135895293,False,4890,212415,321278.0
full|extra1_ot2_temps2|deduplicated_sensitivity|30.0|2|3,full,extra1_ot2_temps2,deduplicated_sensitivity,3,2023-01-05,2023-10-19,2023-11-16,0.95,Hypothetical historical replay,7,2,5,30.0,2,215460,159641,55819,0,0,0.7409310312819085,False,4890,290031,310286.0
full|extra1_ot2_temps2|deduplicated_sensitivity|40.0|0|1,full,extra1_ot2_temps2,deduplicated_sensitivity,1,2023-01-05,2023-10-19,2023-11-16,0.95,Hypothetical historical replay,7,0,7,40.0,2,215460,213641,1819,0,0,0.9915575976979486,True,4006,32092,281159.0
full|extra1_ot2_temps2|deduplicated_sensitivity|40.0|0|3,full,extra1_ot2_temps2,deduplicated_sensitivity,3,2023-01-05,2023-10-19,2023-11-16,0.95,Hypothetical historical replay,7,0,7,40.0,2,215460,212456,3004,0,0,0.9860577369349299,True,4006,33628,279818.0
full|extra1_ot2_temps2|deduplicated_sensitivity|40.0|1|1,full,extra1_ot2_temps2,deduplicated_sensitivity,1,2023-01-05,2023-10-19,2023-11-16,0.95,Hypothetical historical replay,7,1,6,40.0,2,215460,211925,3535,0,0,0.9835932423651722,True,4278,54182,282980.0
full|extra1_ot2_temps2|deduplicated_sensitivity|40.0|1|3,full,extra1_ot2_temps2,deduplicated_sensitivity,3,2023-01-05,2023-10-19,2023-11-16,0.95,Hypothetical historical replay,7,1,6,40.0,2,215460,210439,5021,0,0,0.9766963705560197,True,4278,57430,281402.0
full|extra1_ot2_temps2|deduplicated_sensitivity|40.0|2|1,full,extra1_ot2_temps2,deduplicated_sensitivity,1,2023-01-05,2023-10-19,2023-11-16,0.95,Hypothetical historical replay,7,2,5,40.0,2,215460,209446,6014,0,0,0.9720876264735914,True,4550,106723,287030.0
full|extra1_ot2_temps2|deduplicated_sensitivity|40.0|2|3,full,extra1_ot2_temps2,deduplicated_sensitivity,3,2023-01-05,2023-10-19,2023-11-16,0.95,Hypothetical historical replay,7,2,5,40.0,2,215460,205193,10267,0,0,0.9523484637519726,True,4550,125433,284159.0
full|extra1_ot2_temps2|deduplicated_sensitivity|50.0|0|1,full,extra1_ot2_temps2,deduplicated_sensitivity,1,2023-01-05,2023-10-19,2023-11-16,0.95,Hypothetical historical replay,7,0,7,50.0,2,215460,215449,11,0,0,0.9999489464401745,True,3530,17951,279920.0
full|extra1_ot2_temps2|deduplicated_sensitivity|50.0|0|3,full,extra1_ot2_temps2,deduplicated_sensitivity,3,2023-01-05,2023-10-19,2023-11-16,0.95,Hypothetical historical replay,7,0,7,50.0,2,215460,214905,555,0,0,0.9974241158451684,True,3530,18529,279356.0
full|extra1_ot2_temps2|deduplicated_sensitivity|50.0|1|1,full,extra1_ot2_temps2,deduplicated_sensitivity,1,2023-01-05,2023-10-19,2023-11-16,0.95,Hypothetical historical replay,7,1,6,50.0,2,215460,214471,989,0,0,0.9954098208484173,True,3870,27009,280664.0
full|extra1_ot2_temps2|deduplicated_sensitivity|50.0|1|3,full,extra1_ot2_temps2,deduplicated_sensitivity,3,2023-01-05,2023-10-19,2023-11-16,0.95,Hypothetical historical replay,7,1,6,50.0,2,215460,213374,2086,0,0,0.9903183885640026,True,3870,28165,279620.0
full|extra1_ot2_temps2|deduplicated_sensitivity|50.0|2|1,full,extra1_ot2_temps2,deduplicated_sensitivity,1,2023-01-05,2023-10-19,2023-11-16,0.95,Hypothetical historical replay,7,2,5,50.0,2,215460,212711,2749,0,0,0.987241251276339,True,4210,46698,281582.0
full|extra1_ot2_temps2|deduplicated_sensitivity|50.0|2|3,full,extra1_ot2_temps2,deduplicated_sensitivity,3,2023-01-05,2023-10-19,2023-11-16,0.95,Hypothetical historical replay,7,2,5,50.0,2,215460,211079,4381,0,0,0.9796667594913209,True,4210,48964,280346.0
full|extra1_ot2_temps4|retained|30.0|0|1,full,extra1_ot2_temps4,retained,1,2023-01-05,2023-10-19,2023-11-16,0.95,Hypothetical historical replay,7,0,7,30.0,2,228195,223671,4524,0,0,0.9801748504568462,True,4483,109080,293759.0
full|extra1_ot2_temps4|retained|30.0|0|3,full,extra1_ot2_temps4,retained,3,2023-01-05,2023-10-19,2023-11-16,0.95,Hypothetical historical replay,7,0,7,30.0,2,228195,217617,10578,0,0,0.9536449089594425,True,4483,134846,286700.0
full|extra1_ot2_temps4|retained|30.0|1|1,full,extra1_ot2_temps4,retained,1,2023-01-05,2023-10-19,2023-11-16,0.95,Hypothetical historical replay,7,1,6,30.0,2,228195,220005,8190,0,0,0.9641096430684283,True,4687,161490,310205.0
full|extra1_ot2_temps4|retained|30.0|1|3,full,extra1_ot2_temps4,retained,3,2023-01-05,2023-10-19,2023-11-16,0.95,Hypothetical historical replay,7,1,6,30.0,2,228195,202853,25342,0,0,0.8889458577094151,False,4687,212862,299219.0
full|extra1_ot2_temps4|retained|30.0|2|1,full,extra1_ot2_temps4,retained,1,2023-01-05,2023-10-19,2023-11-16,0.95,Hypothetical historical replay,7,2,5,30.0,2,228195,212132,16063,0,0,0.9296084489143057,False,4891,218879,339182.0
full|extra1_ot2_temps4|retained|30.0|2|3,full,extra1_ot2_temps4,retained,3,2023-01-05,2023-10-19,2023-11-16,0.95,Hypothetical historical replay,7,2,5,30.0,2,228195,148815,79380,0,0,0.6521396174324591,False,4891,364696,319967.0
full|extra1_ot2_temps4|retained|40.0|0|1,full,extra1_ot2_temps4,retained,1,2023-01-05,2023-10-19,2023-11-16,0.95,Hypothetical historical replay,7,0,7,40.0,2,228195,227245,950,0,0,0.9958368938846163,True,4007,41619,282476.0
full|extra1_ot2_temps4|retained|40.0|0|3,full,extra1_ot2_temps4,retained,3,2023-01-05,2023-10-19,2023-11-16,0.95,Hypothetical historical replay,7,0,7,40.0,2,228195,225190,3005,0,0,0.9868314380244966,True,4007,44147,279851.0
full|extra1_ot2_temps4|retained|40.0|1|1,full,extra1_ot2_temps4,retained,1,2023-01-05,2023-10-19,2023-11-16,0.95,Hypothetical historical replay,7,1,6,40.0,2,228195,225964,2231,0,0,0.9902232739542934,True,4279,69491,285380.0
full|extra1_ot2_temps4|retained|40.0|1|3,full,extra1_ot2_temps4,retained,3,2023-01-05,2023-10-19,2023-11-16,0.95,Hypothetical historical replay,7,1,6,40.0,2,228195,222692,5503,0,0,0.975884660049519,True,4279,76181,282029.0
full|extra1_ot2_temps4|retained|40.0|2|1,full,extra1_ot2_temps4,retained,1,2023-01-05,2023-10-19,2023-11-16,0.95,Hypothetical historical replay,7,2,5,40.0,2,228195,223863,4332,0,0,0.98101623611385,True,4551,123541,293522.0
full|extra1_ot2_temps4|retained|40.0|2|3,full,extra1_ot2_temps4,retained,3,2023-01-05,2023-10-19,2023-11-16,0.95,Hypothetical historical replay,7,2,5,40.0,2,228195,214865,13330,0,0,0.9415850478757203,False,4551,158587,287171.0
full|extra1_ot2_temps4|retained|50.0|0|1,full,extra1_ot2_temps4,retained,1,2023-01-05,2023-10-19,2023-11-16,0.95,Hypothetical historical replay,7,0,7,50.0,2,228195,228195,0,0,0,1.0,True,3531,25588,280178.0
full|extra1_ot2_temps4|retained|50.0|0|3,full,extra1_ot2_temps4,retained,3,2023-01-05,2023-10-19,2023-11-16,0.95,Hypothetical historical replay,7,0,7,50.0,2,228195,227639,556,0,0,0.9975634873682596,True,3531,26272,279356.0
full|extra1_ot2_temps4|retained|50.0|1|1,full,extra1_ot2_temps4,retained,1,2023-01-05,2023-10-19,2023-11-16,0.95,Hypothetical historical replay,7,1,6,50.0,2,228195,227962,233,0,0,0.99897894344749,True,3871,35518,281393.0
full|extra1_ot2_temps4|retained|50.0|1|3,full,extra1_ot2_temps4,retained,3,2023-01-05,2023-10-19,2023-11-16,0.95,Hypothetical historical replay,7,1,6,50.0,2,228195,226108,2087,0,0,0.9908543131970464,True,3871,37464,279620.0
full|extra1_ot2_temps4|retained|50.0|2|1,full,extra1_ot2_temps4,retained,1,2023-01-05,2023-10-19,2023-11-16,0.95,Hypothetical historical replay,7,2,5,50.0,2,228195,226763,1432,0,0,0.9937246653081794,True,4211,59771,283751.0
full|extra1_ot2_temps4|retained|50.0|2|3,full,extra1_ot2_temps4,retained,3,2023-01-05,2023-10-19,2023-11-16,0.95,Hypothetical historical replay,7,2,5,50.0,2,228195,223783,4412,0,0,0.980665658756765,True,4211,63907,280907.0
full|extra1_ot2_temps4|deduplicated_sensitivity|30.0|0|1,full,extra1_ot2_temps4,deduplicated_sensitivity,1,2023-01-05,2023-10-19,2023-11-16,0.95,Hypothetical historical replay,7,0,7,30.0,2,215460,211199,4261,0,0,0.9802237074166898,True,4482,86016,288788.0
full|extra1_ot2_temps4|deduplicated_sensitivity|30.0|0|3,full,extra1_ot2_temps4,deduplicated_sensitivity,3,2023-01-05,2023-10-19,2023-11-16,0.95,Hypothetical historical replay,7,0,7,30.0,2,215460,206806,8654,0,0,0.9598347721154739,True,4482,105064,284555.0
full|extra1_ot2_temps4|deduplicated_sensitivity|30.0|1|1,full,extra1_ot2_temps4,deduplicated_sensitivity,1,2023-01-05,2023-10-19,2023-11-16,0.95,Hypothetical historical replay,7,1,6,30.0,2,215460,208916,6544,0,0,0.969627773136545,True,4686,132742,300824.0
full|extra1_ot2_temps4|deduplicated_sensitivity|30.0|1|3,full,extra1_ot2_temps4,deduplicated_sensitivity,3,2023-01-05,2023-10-19,2023-11-16,0.95,Hypothetical historical replay,7,1,6,30.0,2,215460,198731,16729,0,0,0.922356817970853,False,4686,168407,293015.0
full|extra1_ot2_temps4|deduplicated_sensitivity|30.0|2|1,full,extra1_ot2_temps4,deduplicated_sensitivity,1,2023-01-05,2023-10-19,2023-11-16,0.95,Hypothetical historical replay,7,2,5,30.0,2,215460,203678,11782,0,0,0.9453169961941892,False,4890,186646,327065.0
full|extra1_ot2_temps4|deduplicated_sensitivity|30.0|2|3,full,extra1_ot2_temps4,deduplicated_sensitivity,3,2023-01-05,2023-10-19,2023-11-16,0.95,Hypothetical historical replay,7,2,5,30.0,2,215460,160796,54664,0,0,0.7462916550635849,False,4890,285793,310766.0
full|extra1_ot2_temps4|deduplicated_sensitivity|40.0|0|1,full,extra1_ot2_temps4,deduplicated_sensitivity,1,2023-01-05,2023-10-19,2023-11-16,0.95,Hypothetical historical replay,7,0,7,40.0,2,215460,214511,949,0,0,0.9955954701568737,True,4006,31118,282236.0
full|extra1_ot2_temps4|deduplicated_sensitivity|40.0|0|3,full,extra1_ot2_temps4,deduplicated_sensitivity,3,2023-01-05,2023-10-19,2023-11-16,0.95,Hypothetical historical replay,7,0,7,40.0,2,215460,212456,3004,0,0,0.9860577369349299,True,4006,33628,279818.0
full|extra1_ot2_temps4|deduplicated_sensitivity|40.0|1|1,full,extra1_ot2_temps4,deduplicated_sensitivity,1,2023-01-05,2023-10-19,2023-11-16,0.95,Hypothetical historical replay,7,1,6,40.0,2,215460,213230,2230,0,0,0.9896500510535599,True,4278,52442,283940.0
full|extra1_ot2_temps4|deduplicated_sensitivity|40.0|1|3,full,extra1_ot2_temps4,deduplicated_sensitivity,3,2023-01-05,2023-10-19,2023-11-16,0.95,Hypothetical historical replay,7,1,6,40.0,2,215460,210439,5021,0,0,0.9766963705560197,True,4278,57430,281402.0
full|extra1_ot2_temps4|deduplicated_sensitivity|40.0|2|1,full,extra1_ot2_temps4,deduplicated_sensitivity,1,2023-01-05,2023-10-19,2023-11-16,0.95,Hypothetical historical replay,7,2,5,40.0,2,215460,211394,4066,0,0,0.9811287477954145,True,4550,100925,288128.0
full|extra1_ot2_temps4|deduplicated_sensitivity|40.0|2|3,full,extra1_ot2_temps4,deduplicated_sensitivity,3,2023-01-05,2023-10-19,2023-11-16,0.95,Hypothetical historical replay,7,2,5,40.0,2,215460,205193,10267,0,0,0.9523484637519726,True,4550,125216,284399.0
full|extra1_ot2_temps4|deduplicated_sensitivity|50.0|0|1,full,extra1_ot2_temps4,deduplicated_sensitivity,1,2023-01-05,2023-10-19,2023-11-16,0.95,Hypothetical historical replay,7,0,7,50.0,2,215460,215460,0,0,0,1.0,True,3530,17846,280178.0
full|extra1_ot2_temps4|deduplicated_sensitivity|50.0|0|3,full,extra1_ot2_temps4,deduplicated_sensitivity,3,2023-01-05,2023-10-19,2023-11-16,0.95,Hypothetical historical replay,7,0,7,50.0,2,215460,214905,555,0,0,0.9974241158451684,True,3530,18529,279356.0
full|extra1_ot2_temps4|deduplicated_sensitivity|50.0|1|1,full,extra1_ot2_temps4,deduplicated_sensitivity,1,2023-01-05,2023-10-19,2023-11-16,0.95,Hypothetical historical replay,7,1,6,50.0,2,215460,215228,232,0,0,0.9989232340109533,True,3870,26219,281393.0
full|extra1_ot2_temps4|deduplicated_sensitivity|50.0|1|3,full,extra1_ot2_temps4,deduplicated_sensitivity,3,2023-01-05,2023-10-19,2023-11-16,0.95,Hypothetical historical replay,7,1,6,50.0,2,215460,213374,2086,0,0,0.9903183885640026,True,3870,28165,279620.0
full|extra1_ot2_temps4|deduplicated_sensitivity|50.0|2|1,full,extra1_ot2_temps4,deduplicated_sensitivity,1,2023-01-05,2023-10-19,2023-11-16,0.95,Hypothetical historical replay,7,2,5,50.0,2,215460,214029,1431,0,0,0.9933583959899749,True,4210,45118,282791.0
full|extra1_ot2_temps4|deduplicated_sensitivity|50.0|2|3,full,extra1_ot2_temps4,deduplicated_sensitivity,3,2023-01-05,2023-10-19,2023-11-16,0.95,Hypothetical historical replay,7,2,5,50.0,2,215460,211079,4381,0,0,0.9796667594913209,True,4210,48964,280346.0
full|extra2_ot0_temps0|retained|30.0|0|1,full,extra2_ot0_temps0,retained,1,2023-01-05,2023-10-19,2023-11-16,0.95,Hypothetical historical replay,8,0,8,30.0,2,228195,218629,9566,0,0,0.9580797125265672,True,4279,93937,318208.0
full|extra2_ot0_temps0|retained|30.0|0|3,full,extra2_ot0_temps0,retained,3,2023-01-05,2023-10-19,2023-11-16,0.95,Hypothetical historical replay,8,0,8,30.0,2,228195,218629,9566,0,0,0.9580797125265672,True,4279,93937,318208.0
full|extra2_ot0_temps0|retained|30.0|1|1,full,extra2_ot0_temps0,retained,1,2023-01-05,2023-10-19,2023-11-16,0.95,Hypothetical historical replay,8,1,7,30.0,2,228195,204541,23654,0,0,0.8963430399439076,False,4483,171981,318208.0
full|extra2_ot0_temps0|retained|30.0|1|3,full,extra2_ot0_temps0,retained,3,2023-01-05,2023-10-19,2023-11-16,0.95,Hypothetical historical replay,8,1,7,30.0,2,228195,204541,23654,0,0,0.8963430399439076,False,4483,171981,318208.0
full|extra2_ot0_temps0|retained|30.0|2|1,full,extra2_ot0_temps0,retained,1,2023-01-05,2023-10-19,2023-11-16,0.95,Hypothetical historical replay,8,2,6,30.0,2,228195,129428,98767,0,0,0.5671815771598852,False,4687,413524,318208.0
full|extra2_ot0_temps0|retained|30.0|2|3,full,extra2_ot0_temps0,retained,3,2023-01-05,2023-10-19,2023-11-16,0.95,Hypothetical historical replay,8,2,6,30.0,2,228195,129428,98767,0,0,0.5671815771598852,False,4687,413524,318208.0
full|extra2_ot0_temps0|retained|40.0|0|1,full,extra2_ot0_temps0,retained,1,2023-01-05,2023-10-19,2023-11-16,0.95,Hypothetical historical replay,8,0,8,40.0,2,228195,225394,2801,0,0,0.9877254102850632,True,3735,34292,318208.0
full|extra2_ot0_temps0|retained|40.0|0|3,full,extra2_ot0_temps0,retained,3,2023-01-05,2023-10-19,2023-11-16,0.95,Hypothetical historical replay,8,0,8,40.0,2,228195,225394,2801,0,0,0.9877254102850632,True,3735,34292,318208.0
full|extra2_ot0_temps0|retained|40.0|1|1,full,extra2_ot0_temps0,retained,1,2023-01-05,2023-10-19,2023-11-16,0.95,Hypothetical historical replay,8,1,7,40.0,2,228195,223748,4447,0,0,0.9805122811630403,True,4007,46676,318208.0
full|extra2_ot0_temps0|retained|40.0|1|3,full,extra2_ot0_temps0,retained,3,2023-01-05,2023-10-19,2023-11-16,0.95,Hypothetical historical replay,8,1,7,40.0,2,228195,223748,4447,0,0,0.9805122811630403,True,4007,46676,318208.0
full|extra2_ot0_temps0|retained|40.0|2|1,full,extra2_ot0_temps0,retained,1,2023-01-05,2023-10-19,2023-11-16,0.95,Hypothetical historical replay,8,2,6,40.0,2,228195,218629,9566,0,0,0.9580797125265672,True,4279,93937,318208.0
full|extra2_ot0_temps0|retained|40.0|2|3,full,extra2_ot0_temps0,retained,3,2023-01-05,2023-10-19,2023-11-16,0.95,Hypothetical historical replay,8,2,6,40.0,2,228195,218629,9566,0,0,0.9580797125265672,True,4279,93937,318208.0
full|extra2_ot0_temps0|retained|50.0|0|1,full,extra2_ot0_temps0,retained,1,2023-01-05,2023-10-19,2023-11-16,0.95,Hypothetical historical replay,8,0,8,50.0,2,228195,227724,471,0,0,0.9979359758101624,True,3191,20787,318208.0
full|extra2_ot0_temps0|retained|50.0|0|3,full,extra2_ot0_temps0,retained,3,2023-01-05,2023-10-19,2023-11-16,0.95,Hypothetical historical replay,8,0,8,50.0,2,228195,227724,471,0,0,0.9979359758101624,True,3191,20787,318208.0
full|extra2_ot0_temps0|retained|50.0|1|1,full,extra2_ot0_temps0,retained,1,2023-01-05,2023-10-19,2023-11-16,0.95,Hypothetical historical replay,8,1,7,50.0,2,228195,226457,1738,0,0,0.9923837069173295,True,3531,27462,318208.0
full|extra2_ot0_temps0|retained|50.0|1|3,full,extra2_ot0_temps0,retained,3,2023-01-05,2023-10-19,2023-11-16,0.95,Hypothetical historical replay,8,1,7,50.0,2,228195,226457,1738,0,0,0.9923837069173295,True,3531,27462,318208.0
full|extra2_ot0_temps0|retained|50.0|2|1,full,extra2_ot0_temps0,retained,1,2023-01-05,2023-10-19,2023-11-16,0.95,Hypothetical historical replay,8,2,6,50.0,2,228195,224578,3617,0,0,0.9841495212427968,True,3871,39504,318208.0
full|extra2_ot0_temps0|retained|50.0|2|3,full,extra2_ot0_temps0,retained,3,2023-01-05,2023-10-19,2023-11-16,0.95,Hypothetical historical replay,8,2,6,50.0,2,228195,224578,3617,0,0,0.9841495212427968,True,3871,39504,318208.0
full|extra2_ot0_temps0|deduplicated_sensitivity|30.0|0|1,full,extra2_ot0_temps0,deduplicated_sensitivity,1,2023-01-05,2023-10-19,2023-11-16,0.95,Hypothetical historical replay,8,0,8,30.0,2,215460,207265,8195,0,0,0.9619650979300102,True,4278,71957,318208.0
full|extra2_ot0_temps0|deduplicated_sensitivity|30.0|0|3,full,extra2_ot0_temps0,deduplicated_sensitivity,3,2023-01-05,2023-10-19,2023-11-16,0.95,Hypothetical historical replay,8,0,8,30.0,2,215460,207265,8195,0,0,0.9619650979300102,True,4278,71957,318208.0
full|extra2_ot0_temps0|deduplicated_sensitivity|30.0|1|1,full,extra2_ot0_temps0,deduplicated_sensitivity,1,2023-01-05,2023-10-19,2023-11-16,0.95,Hypothetical historical replay,8,1,7,30.0,2,215460,197457,18003,0,0,0.9164438874965191,False,4482,132310,318208.0
full|extra2_ot0_temps0|deduplicated_sensitivity|30.0|1|3,full,extra2_ot0_temps0,deduplicated_sensitivity,3,2023-01-05,2023-10-19,2023-11-16,0.95,Hypothetical historical replay,8,1,7,30.0,2,215460,197457,18003,0,0,0.9164438874965191,False,4482,132310,318208.0
full|extra2_ot0_temps0|deduplicated_sensitivity|30.0|2|1,full,extra2_ot0_temps0,deduplicated_sensitivity,1,2023-01-05,2023-10-19,2023-11-16,0.95,Hypothetical historical replay,8,2,6,30.0,2,215460,164243,51217,0,0,0.7622899842198088,False,4686,265470,318208.0
full|extra2_ot0_temps0|deduplicated_sensitivity|30.0|2|3,full,extra2_ot0_temps0,deduplicated_sensitivity,3,2023-01-05,2023-10-19,2023-11-16,0.95,Hypothetical historical replay,8,2,6,30.0,2,215460,164243,51217,0,0,0.7622899842198088,False,4686,265470,318208.0
full|extra2_ot0_temps0|deduplicated_sensitivity|40.0|0|1,full,extra2_ot0_temps0,deduplicated_sensitivity,1,2023-01-05,2023-10-19,2023-11-16,0.95,Hypothetical historical replay,8,0,8,40.0,2,215460,212660,2800,0,0,0.9870045484080572,True,3734,25652,318208.0
full|extra2_ot0_temps0|deduplicated_sensitivity|40.0|0|3,full,extra2_ot0_temps0,deduplicated_sensitivity,3,2023-01-05,2023-10-19,2023-11-16,0.95,Hypothetical historical replay,8,0,8,40.0,2,215460,212660,2800,0,0,0.9870045484080572,True,3734,25652,318208.0
full|extra2_ot0_temps0|deduplicated_sensitivity|40.0|1|1,full,extra2_ot0_temps0,deduplicated_sensitivity,1,2023-01-05,2023-10-19,2023-11-16,0.95,Hypothetical historical replay,8,1,7,40.0,2,215460,211028,4432,0,0,0.9794300566230391,True,4006,36126,318208.0
full|extra2_ot0_temps0|deduplicated_sensitivity|40.0|1|3,full,extra2_ot0_temps0,deduplicated_sensitivity,3,2023-01-05,2023-10-19,2023-11-16,0.95,Hypothetical historical replay,8,1,7,40.0,2,215460,211028,4432,0,0,0.9794300566230391,True,4006,36126,318208.0
full|extra2_ot0_temps0|deduplicated_sensitivity|40.0|2|1,full,extra2_ot0_temps0,deduplicated_sensitivity,1,2023-01-05,2023-10-19,2023-11-16,0.95,Hypothetical historical replay,8,2,6,40.0,2,215460,207265,8195,0,0,0.9619650979300102,True,4278,71957,318208.0
full|extra2_ot0_temps0|deduplicated_sensitivity|40.0|2|3,full,extra2_ot0_temps0,deduplicated_sensitivity,3,2023-01-05,2023-10-19,2023-11-16,0.95,Hypothetical historical replay,8,2,6,40.0,2,215460,207265,8195,0,0,0.9619650979300102,True,4278,71957,318208.0
full|extra2_ot0_temps0|deduplicated_sensitivity|50.0|0|1,full,extra2_ot0_temps0,deduplicated_sensitivity,1,2023-01-05,2023-10-19,2023-11-16,0.95,Hypothetical historical replay,8,0,8,50.0,2,215460,214990,470,0,0,0.9978186206256382,True,3190,14357,318208.0
full|extra2_ot0_temps0|deduplicated_sensitivity|50.0|0|3,full,extra2_ot0_temps0,deduplicated_sensitivity,3,2023-01-05,2023-10-19,2023-11-16,0.95,Hypothetical historical replay,8,0,8,50.0,2,215460,214990,470,0,0,0.9978186206256382,True,3190,14357,318208.0
full|extra2_ot0_temps0|deduplicated_sensitivity|50.0|1|1,full,extra2_ot0_temps0,deduplicated_sensitivity,1,2023-01-05,2023-10-19,2023-11-16,0.95,Hypothetical historical replay,8,1,7,50.0,2,215460,213723,1737,0,0,0.991938178780284,True,3530,19719,318208.0
full|extra2_ot0_temps0|deduplicated_sensitivity|50.0|1|3,full,extra2_ot0_temps0,deduplicated_sensitivity,3,2023-01-05,2023-10-19,2023-11-16,0.95,Hypothetical historical replay,8,1,7,50.0,2,215460,213723,1737,0,0,0.991938178780284,True,3530,19719,318208.0
full|extra2_ot0_temps0|deduplicated_sensitivity|50.0|2|1,full,extra2_ot0_temps0,deduplicated_sensitivity,1,2023-01-05,2023-10-19,2023-11-16,0.95,Hypothetical historical replay,8,2,6,50.0,2,215460,211844,3616,0,0,0.9832173025155482,True,3870,30205,318208.0
full|extra2_ot0_temps0|deduplicated_sensitivity|50.0|2|3,full,extra2_ot0_temps0,deduplicated_sensitivity,3,2023-01-05,2023-10-19,2023-11-16,0.95,Hypothetical historical replay,8,2,6,50.0,2,215460,211844,3616,0,0,0.9832173025155482,True,3870,30205,318208.0
full|extra2_ot0_temps2|retained|30.0|0|1,full,extra2_ot0_temps2,retained,1,2023-01-05,2023-10-19,2023-11-16,0.95,Hypothetical historical replay,8,0,8,30.0,2,228195,222118,6077,0,0,0.9733692675124346,True,4279,78235,323248.0
full|extra2_ot0_temps2|retained|30.0|0|3,full,extra2_ot0_temps2,retained,3,2023-01-05,2023-10-19,2023-11-16,0.95,Hypothetical historical replay,8,0,8,30.0,2,228195,218629,9566,0,0,0.9580797125265672,True,4279,93937,318208.0
full|extra2_ot0_temps2|retained|30.0|1|1,full,extra2_ot0_temps2,retained,1,2023-01-05,2023-10-19,2023-11-16,0.95,Hypothetical historical replay,8,1,7,30.0,2,228195,217264,10931,0,0,0.9520979863713053,True,4483,135453,327328.0
full|extra2_ot0_temps2|retained|30.0|1|3,full,extra2_ot0_temps2,retained,3,2023-01-05,2023-10-19,2023-11-16,0.95,Hypothetical historical replay,8,1,7,30.0,2,228195,204739,23456,0,0,0.8972107189026929,False,4483,171205,318688.0
full|extra2_ot0_temps2|retained|30.0|2|1,full,extra2_ot0_temps2,retained,1,2023-01-05,2023-10-19,2023-11-16,0.95,Hypothetical historical replay,8,2,6,30.0,2,228195,203557,24638,0,0,0.8920309384517627,False,4687,210208,341968.0
full|extra2_ot0_temps2|retained|30.0|2|3,full,extra2_ot0_temps2,retained,3,2023-01-05,2023-10-19,2023-11-16,0.95,Hypothetical historical replay,8,2,6,30.0,2,228195,140535,87660,0,0,0.6158548609741669,False,4687,372366,320848.0
full|extra2_ot0_temps2|retained|40.0|0|1,full,extra2_ot0_temps2,retained,1,2023-01-05,2023-10-19,2023-11-16,0.95,Hypothetical historical replay,8,0,8,40.0,2,228195,226511,1684,0,0,0.9926203466333618,True,3735,32628,319648.0
full|extra2_ot0_temps2|retained|40.0|0|3,full,extra2_ot0_temps2,retained,3,2023-01-05,2023-10-19,2023-11-16,0.95,Hypothetical historical replay,8,0,8,40.0,2,228195,225394,2801,0,0,0.9877254102850632,True,3735,34292,318208.0
full|extra2_ot0_temps2|retained|40.0|1|1,full,extra2_ot0_temps2,retained,1,2023-01-05,2023-10-19,2023-11-16,0.95,Hypothetical historical replay,8,1,7,40.0,2,228195,225067,3128,0,0,0.9862924253379785,True,4007,44311,319888.0
full|extra2_ot0_temps2|retained|40.0|1|3,full,extra2_ot0_temps2,retained,3,2023-01-05,2023-10-19,2023-11-16,0.95,Hypothetical historical replay,8,1,7,40.0,2,228195,223748,4447,0,0,0.9805122811630403,True,4007,46676,318208.0
full|extra2_ot0_temps2|retained|40.0|2|1,full,extra2_ot0_temps2,retained,1,2023-01-05,2023-10-19,2023-11-16,0.95,Hypothetical historical replay,8,2,6,40.0,2,228195,222881,5314,0,0,0.9767128990556323,True,4279,75230,323008.0
full|extra2_ot0_temps2|retained|40.0|2|3,full,extra2_ot0_temps2,retained,3,2023-01-05,2023-10-19,2023-11-16,0.95,Hypothetical historical replay,8,2,6,40.0,2,228195,218629,9566,0,0,0.9580797125265672,True,4279,93937,318208.0
full|extra2_ot0_temps2|retained|50.0|0|1,full,extra2_ot0_temps2,retained,1,2023-01-05,2023-10-19,2023-11-16,0.95,Hypothetical historical replay,8,0,8,50.0,2,228195,228195,0,0,0,1.0,True,3191,20316,318688.0
full|extra2_ot0_temps2|retained|50.0|0|3,full,extra2_ot0_temps2,retained,3,2023-01-05,2023-10-19,2023-11-16,0.95,Hypothetical historical replay,8,0,8,50.0,2,228195,227724,471,0,0,0.9979359758101624,True,3191,20787,318208.0
full|extra2_ot0_temps2|retained|50.0|1|1,full,extra2_ot0_temps2,retained,1,2023-01-05,2023-10-19,2023-11-16,0.95,Hypothetical historical replay,8,1,7,50.0,2,228195,227545,650,0,0,0.9971515589736848,True,3531,26374,319168.0
full|extra2_ot0_temps2|retained|50.0|1|3,full,extra2_ot0_temps2,retained,3,2023-01-05,2023-10-19,2023-11-16,0.95,Hypothetical historical replay,8,1,7,50.0,2,228195,226457,1738,0,0,0.9923837069173295,True,3531,27462,318208.0
full|extra2_ot0_temps2|retained|50.0|2|1,full,extra2_ot0_temps2,retained,1,2023-01-05,2023-10-19,2023-11-16,0.95,Hypothetical historical replay,8,2,6,50.0,2,228195,226185,2010,0,0,0.9911917439032406,True,3871,37328,319648.0
full|extra2_ot0_temps2|retained|50.0|2|3,full,extra2_ot0_temps2,retained,3,2023-01-05,2023-10-19,2023-11-16,0.95,Hypothetical historical replay,8,2,6,50.0,2,228195,224578,3617,0,0,0.9841495212427968,True,3871,39504,318208.0
full|extra2_ot0_temps2|deduplicated_sensitivity|30.0|0|1,full,extra2_ot0_temps2,deduplicated_sensitivity,1,2023-01-05,2023-10-19,2023-11-16,0.95,Hypothetical historical replay,8,0,8,30.0,2,215460,210016,5444,0,0,0.974733129119094,True,4278,58928,322528.0
full|extra2_ot0_temps2|deduplicated_sensitivity|30.0|0|3,full,extra2_ot0_temps2,deduplicated_sensitivity,3,2023-01-05,2023-10-19,2023-11-16,0.95,Hypothetical historical replay,8,0,8,30.0,2,215460,207265,8195,0,0,0.9619650979300102,True,4278,71957,318208.0
full|extra2_ot0_temps2|deduplicated_sensitivity|30.0|1|1,full,extra2_ot0_temps2,deduplicated_sensitivity,1,2023-01-05,2023-10-19,2023-11-16,0.95,Hypothetical historical replay,8,1,7,30.0,2,215460,206665,8795,0,0,0.9591803583031653,True,4482,105272,324688.0
full|extra2_ot0_temps2|deduplicated_sensitivity|30.0|1|3,full,extra2_ot0_temps2,deduplicated_sensitivity,3,2023-01-05,2023-10-19,2023-11-16,0.95,Hypothetical historical replay,8,1,7,30.0,2,215460,197653,17807,0,0,0.9173535691079551,False,4482,131537,318688.0
full|extra2_ot0_temps2|deduplicated_sensitivity|30.0|2|1,full,extra2_ot0_temps2,deduplicated_sensitivity,1,2023-01-05,2023-10-19,2023-11-16,0.95,Hypothetical historical replay,8,2,6,30.0,2,215460,198608,16852,0,0,0.9217859463473499,False,4686,167225,334768.0
full|extra2_ot0_temps2|deduplicated_sensitivity|30.0|2|3,full,extra2_ot0_temps2,deduplicated_sensitivity,3,2023-01-05,2023-10-19,2023-11-16,0.95,Hypothetical historical replay,8,2,6,30.0,2,215460,166827,48633,0,0,0.7742829295460875,False,4686,254712,319648.0
full|extra2_ot0_temps2|deduplicated_sensitivity|40.0|0|1,full,extra2_ot0_temps2,deduplicated_sensitivity,1,2023-01-05,2023-10-19,2023-11-16,0.95,Hypothetical historical replay,8,0,8,40.0,2,215460,213777,1683,0,0,0.9921888053467001,True,3734,24148,319648.0
full|extra2_ot0_temps2|deduplicated_sensitivity|40.0|0|3,full,extra2_ot0_temps2,deduplicated_sensitivity,3,2023-01-05,2023-10-19,2023-11-16,0.95,Hypothetical historical replay,8,0,8,40.0,2,215460,212660,2800,0,0,0.9870045484080572,True,3734,25652,318208.0
full|extra2_ot0_temps2|deduplicated_sensitivity|40.0|1|1,full,extra2_ot0_temps2,deduplicated_sensitivity,1,2023-01-05,2023-10-19,2023-11-16,0.95,Hypothetical historical replay,8,1,7,40.0,2,215460,212333,3127,0,0,0.9854868653114267,True,4006,33792,319648.0
full|extra2_ot0_temps2|deduplicated_sensitivity|40.0|1|3,full,extra2_ot0_temps2,deduplicated_sensitivity,3,2023-01-05,2023-10-19,2023-11-16,0.95,Hypothetical historical replay,8,1,7,40.0,2,215460,211028,4432,0,0,0.9794300566230391,True,4006,36126,318208.0
full|extra2_ot0_temps2|deduplicated_sensitivity|40.0|2|1,full,extra2_ot0_temps2,deduplicated_sensitivity,1,2023-01-05,2023-10-19,2023-11-16,0.95,Hypothetical historical replay,8,2,6,40.0,2,215460,210574,4886,0,0,0.9773229369720597,True,4278,56754,322288.0
full|extra2_ot0_temps2|deduplicated_sensitivity|40.0|2|3,full,extra2_ot0_temps2,deduplicated_sensitivity,3,2023-01-05,2023-10-19,2023-11-16,0.95,Hypothetical historical replay,8,2,6,40.0,2,215460,207265,8195,0,0,0.9619650979300102,True,4278,71957,318208.0
full|extra2_ot0_temps2|deduplicated_sensitivity|50.0|0|1,full,extra2_ot0_temps2,deduplicated_sensitivity,1,2023-01-05,2023-10-19,2023-11-16,0.95,Hypothetical historical replay,8,0,8,50.0,2,215460,215460,0,0,0,1.0,True,3190,13887,318688.0
full|extra2_ot0_temps2|deduplicated_sensitivity|50.0|0|3,full,extra2_ot0_temps2,deduplicated_sensitivity,3,2023-01-05,2023-10-19,2023-11-16,0.95,Hypothetical historical replay,8,0,8,50.0,2,215460,214990,470,0,0,0.9978186206256382,True,3190,14357,318208.0
full|extra2_ot0_temps2|deduplicated_sensitivity|50.0|1|1,full,extra2_ot0_temps2,deduplicated_sensitivity,1,2023-01-05,2023-10-19,2023-11-16,0.95,Hypothetical historical replay,8,1,7,50.0,2,215460,214811,649,0,0,0.9969878399702962,True,3530,18631,319168.0
full|extra2_ot0_temps2|deduplicated_sensitivity|50.0|1|3,full,extra2_ot0_temps2,deduplicated_sensitivity,3,2023-01-05,2023-10-19,2023-11-16,0.95,Hypothetical historical replay,8,1,7,50.0,2,215460,213723,1737,0,0,0.991938178780284,True,3530,19719,318208.0
full|extra2_ot0_temps2|deduplicated_sensitivity|50.0|2|1,full,extra2_ot0_temps2,deduplicated_sensitivity,1,2023-01-05,2023-10-19,2023-11-16,0.95,Hypothetical historical replay,8,2,6,50.0,2,215460,213451,2009,0,0,0.9906757634827811,True,3870,28029,319648.0
full|extra2_ot0_temps2|deduplicated_sensitivity|50.0|2|3,full,extra2_ot0_temps2,deduplicated_sensitivity,3,2023-01-05,2023-10-19,2023-11-16,0.95,Hypothetical historical replay,8,2,6,50.0,2,215460,211844,3616,0,0,0.9832173025155482,True,3870,30205,318208.0
full|extra2_ot0_temps4|retained|30.0|0|1,full,extra2_ot0_temps4,retained,1,2023-01-05,2023-10-19,2023-11-16,0.95,Hypothetical historical replay,8,0,8,30.0,2,228195,224079,4116,0,0,0.9819627949779793,True,4279,72063,325648.0
full|extra2_ot0_temps4|retained|30.0|0|3,full,extra2_ot0_temps4,retained,3,2023-01-05,2023-10-19,2023-11-16,0.95,Hypothetical historical replay,8,0,8,30.0,2,228195,218629,9566,0,0,0.9580797125265672,True,4279,93937,318208.0
full|extra2_ot0_temps4|retained|30.0|1|1,full,extra2_ot0_temps4,retained,1,2023-01-05,2023-10-19,2023-11-16,0.95,Hypothetical historical replay,8,1,7,30.0,2,228195,221340,6855,0,0,0.9699599027147834,True,4483,117485,332368.0
full|extra2_ot0_temps4|retained|30.0|1|3,full,extra2_ot0_temps4,retained,3,2023-01-05,2023-10-19,2023-11-16,0.95,Hypothetical historical replay,8,1,7,30.0,2,228195,204739,23456,0,0,0.8972107189026929,False,4483,171205,318688.0
full|extra2_ot0_temps4|retained|30.0|2|1,full,extra2_ot0_temps4,retained,1,2023-01-05,2023-10-19,2023-11-16,0.95,Hypothetical historical replay,8,2,6,30.0,2,228195,216355,11840,0,0,0.9481145511514275,False,4687,173442,348448.0
full|extra2_ot0_temps4|retained|30.0|2|3,full,extra2_ot0_temps4,retained,3,2023-01-05,2023-10-19,2023-11-16,0.95,Hypothetical historical replay,8,2,6,30.0,2,228195,142338,85857,0,0,0.6237559981594689,False,4687,365520,321568.0
full|extra2_ot0_temps4|retained|40.0|0|1,full,extra2_ot0_temps4,retained,1,2023-01-05,2023-10-19,2023-11-16,0.95,Hypothetical historical replay,8,0,8,40.0,2,228195,227381,814,0,0,0.9964328753916606,True,3735,31758,320608.0
full|extra2_ot0_temps4|retained|40.0|0|3,full,extra2_ot0_temps4,retained,3,2023-01-05,2023-10-19,2023-11-16,0.95,Hypothetical historical replay,8,0,8,40.0,2,228195,225394,2801,0,0,0.9877254102850632,True,3735,34292,318208.0
full|extra2_ot0_temps4|retained|40.0|1|1,full,extra2_ot0_temps4,retained,1,2023-01-05,2023-10-19,2023-11-16,0.95,Hypothetical historical replay,8,1,7,40.0,2,228195,226293,1902,0,0,0.9916650233353054,True,4007,42571,321328.0
full|extra2_ot0_temps4|retained|40.0|1|3,full,extra2_ot0_temps4,retained,3,2023-01-05,2023-10-19,2023-11-16,0.95,Hypothetical historical replay,8,1,7,40.0,2,228195,223748,4447,0,0,0.9805122811630403,True,4007,46676,318208.0
full|extra2_ot0_temps4|retained|40.0|2|1,full,extra2_ot0_temps4,retained,1,2023-01-05,2023-10-19,2023-11-16,0.95,Hypothetical historical replay,8,2,6,40.0,2,228195,224740,3455,0,0,0.9848594403908938,True,4279,71123,324448.0
full|extra2_ot0_temps4|retained|40.0|2|3,full,extra2_ot0_temps4,retained,3,2023-01-05,2023-10-19,2023-11-16,0.95,Hypothetical historical replay,8,2,6,40.0,2,228195,218629,9566,0,0,0.9580797125265672,True,4279,93937,318208.0
full|extra2_ot0_temps4|retained|50.0|0|1,full,extra2_ot0_temps4,retained,1,2023-01-05,2023-10-19,2023-11-16,0.95,Hypothetical historical replay,8,0,8,50.0,2,228195,228195,0,0,0,1.0,True,3191,20316,318688.0
full|extra2_ot0_temps4|retained|50.0|0|3,full,extra2_ot0_temps4,retained,3,2023-01-05,2023-10-19,2023-11-16,0.95,Hypothetical historical replay,8,0,8,50.0,2,228195,227724,471,0,0,0.9979359758101624,True,3191,20787,318208.0
full|extra2_ot0_temps4|retained|50.0|1|1,full,extra2_ot0_temps4,retained,1,2023-01-05,2023-10-19,2023-11-16,0.95,Hypothetical historical replay,8,1,7,50.0,2,228195,228132,63,0,0,0.9997239203312956,True,3531,25651,319888.0
full|extra2_ot0_temps4|retained|50.0|1|3,full,extra2_ot0_temps4,retained,3,2023-01-05,2023-10-19,2023-11-16,0.95,Hypothetical historical replay,8,1,7,50.0,2,228195,226457,1738,0,0,0.9923837069173295,True,3531,27462,318208.0
full|extra2_ot0_temps4|retained|50.0|2|1,full,extra2_ot0_temps4,retained,1,2023-01-05,2023-10-19,2023-11-16,0.95,Hypothetical historical replay,8,2,6,50.0,2,228195,227273,922,0,0,0.9959595959595959,True,3871,36240,320608.0
full|extra2_ot0_temps4|retained|50.0|2|3,full,extra2_ot0_temps4,retained,3,2023-01-05,2023-10-19,2023-11-16,0.95,Hypothetical historical replay,8,2,6,50.0,2,228195,224578,3617,0,0,0.9841495212427968,True,3871,39504,318208.0
full|extra2_ot0_temps4|deduplicated_sensitivity|30.0|0|1,full,extra2_ot0_temps4,deduplicated_sensitivity,1,2023-01-05,2023-10-19,2023-11-16,0.95,Hypothetical historical replay,8,0,8,30.0,2,215460,211352,4108,0,0,0.9809338160215353,True,4278,54946,324208.0
full|extra2_ot0_temps4|deduplicated_sensitivity|30.0|0|3,full,extra2_ot0_temps4,deduplicated_sensitivity,3,2023-01-05,2023-10-19,2023-11-16,0.95,Hypothetical historical replay,8,0,8,30.0,2,215460,207265,8195,0,0,0.9619650979300102,True,4278,71957,318208.0
full|extra2_ot0_temps4|deduplicated_sensitivity|30.0|1|1,full,extra2_ot0_temps4,deduplicated_sensitivity,1,2023-01-05,2023-10-19,2023-11-16,0.95,Hypothetical historical replay,8,1,7,30.0,2,215460,209524,5936,0,0,0.9724496426250813,True,4482,92501,327808.0
full|extra2_ot0_temps4|deduplicated_sensitivity|30.0|1|3,full,extra2_ot0_temps4,deduplicated_sensitivity,3,2023-01-05,2023-10-19,2023-11-16,0.95,Hypothetical historical replay,8,1,7,30.0,2,215460,197653,17807,0,0,0.9173535691079551,False,4482,131537,318688.0
full|extra2_ot0_temps4|deduplicated_sensitivity|30.0|2|1,full,extra2_ot0_temps4,deduplicated_sensitivity,1,2023-01-05,2023-10-19,2023-11-16,0.95,Hypothetical historical replay,8,2,6,30.0,2,215460,206251,9209,0,0,0.9572588879606424,True,4686,142890,339088.0
full|extra2_ot0_temps4|deduplicated_sensitivity|30.0|2|3,full,extra2_ot0_temps4,deduplicated_sensitivity,3,2023-01-05,2023-10-19,2023-11-16,0.95,Hypothetical historical replay,8,2,6,30.0,2,215460,168636,46824,0,0,0.7826789195210248,False,4686,249170,320368.0
full|extra2_ot0_temps4|deduplicated_sensitivity|40.0|0|1,full,extra2_ot0_temps4,deduplicated_sensitivity,1,2023-01-05,2023-10-19,2023-11-16,0.95,Hypothetical historical replay,8,0,8,40.0,2,215460,214647,813,0,0,0.9962266778056251,True,3734,23278,320608.0
full|extra2_ot0_temps4|deduplicated_sensitivity|40.0|0|3,full,extra2_ot0_temps4,deduplicated_sensitivity,3,2023-01-05,2023-10-19,2023-11-16,0.95,Hypothetical historical replay,8,0,8,40.0,2,215460,212660,2800,0,0,0.9870045484080572,True,3734,25652,318208.0
full|extra2_ot0_temps4|deduplicated_sensitivity|40.0|1|1,full,extra2_ot0_temps4,deduplicated_sensitivity,1,2023-01-05,2023-10-19,2023-11-16,0.95,Hypothetical historical replay,8,1,7,40.0,2,215460,213559,1901,0,0,0.9911770166156131,True,4006,32070,321088.0
full|extra2_ot0_temps4|deduplicated_sensitivity|40.0|1|3,full,extra2_ot0_temps4,deduplicated_sensitivity,3,2023-01-05,2023-10-19,2023-11-16,0.95,Hypothetical historical replay,8,1,7,40.0,2,215460,211028,4432,0,0,0.9794300566230391,True,4006,36126,318208.0
full|extra2_ot0_temps4|deduplicated_sensitivity|40.0|2|1,full,extra2_ot0_temps4,deduplicated_sensitivity,1,2023-01-05,2023-10-19,2023-11-16,0.95,Hypothetical historical replay,8,2,6,40.0,2,215460,212006,3454,0,0,0.9839691822147962,True,4278,54074,323008.0
full|extra2_ot0_temps4|deduplicated_sensitivity|40.0|2|3,full,extra2_ot0_temps4,deduplicated_sensitivity,3,2023-01-05,2023-10-19,2023-11-16,0.95,Hypothetical historical replay,8,2,6,40.0,2,215460,207265,8195,0,0,0.9619650979300102,True,4278,71957,318208.0
full|extra2_ot0_temps4|deduplicated_sensitivity|50.0|0|1,full,extra2_ot0_temps4,deduplicated_sensitivity,1,2023-01-05,2023-10-19,2023-11-16,0.95,Hypothetical historical replay,8,0,8,50.0,2,215460,215460,0,0,0,1.0,True,3190,13887,318688.0
full|extra2_ot0_temps4|deduplicated_sensitivity|50.0|0|3,full,extra2_ot0_temps4,deduplicated_sensitivity,3,2023-01-05,2023-10-19,2023-11-16,0.95,Hypothetical historical replay,8,0,8,50.0,2,215460,214990,470,0,0,0.9978186206256382,True,3190,14357,318208.0
full|extra2_ot0_temps4|deduplicated_sensitivity|50.0|1|1,full,extra2_ot0_temps4,deduplicated_sensitivity,1,2023-01-05,2023-10-19,2023-11-16,0.95,Hypothetical historical replay,8,1,7,50.0,2,215460,215398,62,0,0,0.9997122435718927,True,3530,17908,319888.0
full|extra2_ot0_temps4|deduplicated_sensitivity|50.0|1|3,full,extra2_ot0_temps4,deduplicated_sensitivity,3,2023-01-05,2023-10-19,2023-11-16,0.95,Hypothetical historical replay,8,1,7,50.0,2,215460,213723,1737,0,0,0.991938178780284,True,3530,19719,318208.0
full|extra2_ot0_temps4|deduplicated_sensitivity|50.0|2|1,full,extra2_ot0_temps4,deduplicated_sensitivity,1,2023-01-05,2023-10-19,2023-11-16,0.95,Hypothetical historical replay,8,2,6,50.0,2,215460,214539,921,0,0,0.9957254246727931,True,3870,26941,320608.0
full|extra2_ot0_temps4|deduplicated_sensitivity|50.0|2|3,full,extra2_ot0_temps4,deduplicated_sensitivity,3,2023-01-05,2023-10-19,2023-11-16,0.95,Hypothetical historical replay,8,2,6,50.0,2,215460,211844,3616,0,0,0.9832173025155482,True,3870,30205,318208.0
full|extra2_ot2_temps0|retained|30.0|0|1,full,extra2_ot2_temps0,retained,1,2023-01-05,2023-10-19,2023-11-16,0.95,Hypothetical historical replay,8,0,8,30.0,2,228195,222692,5503,0,0,0.975884660049519,True,4279,76198,322960.0
full|extra2_ot2_temps0|retained|30.0|0|3,full,extra2_ot2_temps0,retained,3,2023-01-05,2023-10-19,2023-11-16,0.95,Hypothetical historical replay,8,0,8,30.0,2,228195,222692,5503,0,0,0.975884660049519,True,4279,76198,322960.0
full|extra2_ot2_temps0|retained|30.0|1|1,full,extra2_ot2_temps0,retained,1,2023-01-05,2023-10-19,2023-11-16,0.95,Hypothetical historical replay,8,1,7,30.0,2,228195,217617,10578,0,0,0.9536449089594425,True,4483,135172,325996.0
full|extra2_ot2_temps0|retained|30.0|1|3,full,extra2_ot2_temps0,retained,3,2023-01-05,2023-10-19,2023-11-16,0.95,Hypothetical historical replay,8,1,7,30.0,2,228195,217617,10578,0,0,0.9536449089594425,True,4483,135172,325996.0
full|extra2_ot2_temps0|retained|30.0|2|1,full,extra2_ot2_temps0,retained,1,2023-01-05,2023-10-19,2023-11-16,0.95,Hypothetical historical replay,8,2,6,30.0,2,228195,201878,26317,0,0,0.8846731961699423,False,4687,215695,337975.0
full|extra2_ot2_temps0|retained|30.0|2|3,full,extra2_ot2_temps0,retained,3,2023-01-05,2023-10-19,2023-11-16,0.95,Hypothetical historical replay,8,2,6,30.0,2,228195,201878,26317,0,0,0.8846731961699423,False,4687,215695,337975.0
full|extra2_ot2_temps0|retained|40.0|0|1,full,extra2_ot2_temps0,retained,1,2023-01-05,2023-10-19,2023-11-16,0.95,Hypothetical historical replay,8,0,8,40.0,2,228195,226729,1466,0,0,0.9935756699314183,True,3735,32660,319528.0
full|extra2_ot2_temps0|retained|40.0|0|3,full,extra2_ot2_temps0,retained,3,2023-01-05,2023-10-19,2023-11-16,0.95,Hypothetical historical replay,8,0,8,40.0,2,228195,226729,1466,0,0,0.9935756699314183,True,3735,32660,319528.0
full|extra2_ot2_temps0|retained|40.0|1|1,full,extra2_ot2_temps0,retained,1,2023-01-05,2023-10-19,2023-11-16,0.95,Hypothetical historical replay,8,1,7,40.0,2,228195,225190,3005,0,0,0.9868314380244966,True,4007,44147,319627.0
full|extra2_ot2_temps0|retained|40.0|1|3,full,extra2_ot2_temps0,retained,3,2023-01-05,2023-10-19,2023-11-16,0.95,Hypothetical historical replay,8,1,7,40.0,2,228195,225190,3005,0,0,0.9868314380244966,True,4007,44147,319627.0
full|extra2_ot2_temps0|retained|40.0|2|1,full,extra2_ot2_temps0,retained,1,2023-01-05,2023-10-19,2023-11-16,0.95,Hypothetical historical replay,8,2,6,40.0,2,228195,222692,5503,0,0,0.975884660049519,True,4279,76181,321805.0
full|extra2_ot2_temps0|retained|40.0|2|3,full,extra2_ot2_temps0,retained,3,2023-01-05,2023-10-19,2023-11-16,0.95,Hypothetical historical replay,8,2,6,40.0,2,228195,222692,5503,0,0,0.975884660049519,True,4279,76181,321805.0
full|extra2_ot2_temps0|retained|50.0|0|1,full,extra2_ot2_temps0,retained,1,2023-01-05,2023-10-19,2023-11-16,0.95,Hypothetical historical replay,8,0,8,50.0,2,228195,228195,0,0,0,1.0,True,3191,20316,318604.0
full|extra2_ot2_temps0|retained|50.0|0|3,full,extra2_ot2_temps0,retained,3,2023-01-05,2023-10-19,2023-11-16,0.95,Hypothetical historical replay,8,0,8,50.0,2,228195,228195,0,0,0,1.0,True,3191,20316,318604.0
full|extra2_ot2_temps0|retained|50.0|1|1,full,extra2_ot2_temps0,retained,1,2023-01-05,2023-10-19,2023-11-16,0.95,Hypothetical historical replay,8,1,7,50.0,2,228195,227639,556,0,0,0.9975634873682596,True,3531,26272,319132.0
full|extra2_ot2_temps0|retained|50.0|1|3,full,extra2_ot2_temps0,retained,3,2023-01-05,2023-10-19,2023-11-16,0.95,Hypothetical historical replay,8,1,7,50.0,2,228195,227639,556,0,0,0.9975634873682596,True,3531,26272,319132.0
full|extra2_ot2_temps0|retained|50.0|2|1,full,extra2_ot2_temps0,retained,1,2023-01-05,2023-10-19,2023-11-16,0.95,Hypothetical historical replay,8,2,6,50.0,2,228195,226108,2087,0,0,0.9908543131970464,True,3871,37464,319396.0
full|extra2_ot2_temps0|retained|50.0|2|3,full,extra2_ot2_temps0,retained,3,2023-01-05,2023-10-19,2023-11-16,0.95,Hypothetical historical replay,8,2,6,50.0,2,228195,226108,2087,0,0,0.9908543131970464,True,3871,37464,319396.0
full|extra2_ot2_temps0|deduplicated_sensitivity|30.0|0|1,full,extra2_ot2_temps0,deduplicated_sensitivity,1,2023-01-05,2023-10-19,2023-11-16,0.95,Hypothetical historical replay,8,0,8,30.0,2,215460,210439,5021,0,0,0.9766963705560197,True,4278,57430,322168.0
full|extra2_ot2_temps0|deduplicated_sensitivity|30.0|0|3,full,extra2_ot2_temps0,deduplicated_sensitivity,3,2023-01-05,2023-10-19,2023-11-16,0.95,Hypothetical historical replay,8,0,8,30.0,2,215460,210439,5021,0,0,0.9766963705560197,True,4278,57430,322168.0
full|extra2_ot2_temps0|deduplicated_sensitivity|30.0|1|1,full,extra2_ot2_temps0,deduplicated_sensitivity,1,2023-01-05,2023-10-19,2023-11-16,0.95,Hypothetical historical replay,8,1,7,30.0,2,215460,206806,8654,0,0,0.9598347721154739,True,4482,105390,323851.0
full|extra2_ot2_temps0|deduplicated_sensitivity|30.0|1|3,full,extra2_ot2_temps0,deduplicated_sensitivity,3,2023-01-05,2023-10-19,2023-11-16,0.95,Hypothetical historical replay,8,1,7,30.0,2,215460,206806,8654,0,0,0.9598347721154739,True,4482,105390,323851.0
full|extra2_ot2_temps0|deduplicated_sensitivity|30.0|2|1,full,extra2_ot2_temps0,deduplicated_sensitivity,1,2023-01-05,2023-10-19,2023-11-16,0.95,Hypothetical historical replay,8,2,6,30.0,2,215460,197757,17703,0,0,0.9178362573099416,False,4686,171237,331771.0
full|extra2_ot2_temps0|deduplicated_sensitivity|30.0|2|3,full,extra2_ot2_temps0,deduplicated_sensitivity,3,2023-01-05,2023-10-19,2023-11-16,0.95,Hypothetical historical replay,8,2,6,30.0,2,215460,197757,17703,0,0,0.9178362573099416,False,4686,171237,331771.0
full|extra2_ot2_temps0|deduplicated_sensitivity|40.0|0|1,full,extra2_ot2_temps0,deduplicated_sensitivity,1,2023-01-05,2023-10-19,2023-11-16,0.95,Hypothetical historical replay,8,0,8,40.0,2,215460,213995,1465,0,0,0.993200594077787,True,3734,24020,319528.0
full|extra2_ot2_temps0|deduplicated_sensitivity|40.0|0|3,full,extra2_ot2_temps0,deduplicated_sensitivity,3,2023-01-05,2023-10-19,2023-11-16,0.95,Hypothetical historical replay,8,0,8,40.0,2,215460,213995,1465,0,0,0.993200594077787,True,3734,24020,319528.0
full|extra2_ot2_temps0|deduplicated_sensitivity|40.0|1|1,full,extra2_ot2_temps0,deduplicated_sensitivity,1,2023-01-05,2023-10-19,2023-11-16,0.95,Hypothetical historical replay,8,1,7,40.0,2,215460,212456,3004,0,0,0.9860577369349299,True,4006,33628,319594.0
full|extra2_ot2_temps0|deduplicated_sensitivity|40.0|1|3,full,extra2_ot2_temps0,deduplicated_sensitivity,3,2023-01-05,2023-10-19,2023-11-16,0.95,Hypothetical historical replay,8,1,7,40.0,2,215460,212456,3004,0,0,0.9860577369349299,True,4006,33628,319594.0
full|extra2_ot2_temps0|deduplicated_sensitivity|40.0|2|1,full,extra2_ot2_temps0,deduplicated_sensitivity,1,2023-01-05,2023-10-19,2023-11-16,0.95,Hypothetical historical replay,8,2,6,40.0,2,215460,210439,5021,0,0,0.9766963705560197,True,4278,57430,321178.0
full|extra2_ot2_temps0|deduplicated_sensitivity|40.0|2|3,full,extra2_ot2_temps0,deduplicated_sensitivity,3,2023-01-05,2023-10-19,2023-11-16,0.95,Hypothetical historical replay,8,2,6,40.0,2,215460,210439,5021,0,0,0.9766963705560197,True,4278,57430,321178.0
full|extra2_ot2_temps0|deduplicated_sensitivity|50.0|0|1,full,extra2_ot2_temps0,deduplicated_sensitivity,1,2023-01-05,2023-10-19,2023-11-16,0.95,Hypothetical historical replay,8,0,8,50.0,2,215460,215460,0,0,0,1.0,True,3190,13887,318604.0
full|extra2_ot2_temps0|deduplicated_sensitivity|50.0|0|3,full,extra2_ot2_temps0,deduplicated_sensitivity,3,2023-01-05,2023-10-19,2023-11-16,0.95,Hypothetical historical replay,8,0,8,50.0,2,215460,215460,0,0,0,1.0,True,3190,13887,318604.0
full|extra2_ot2_temps0|deduplicated_sensitivity|50.0|1|1,full,extra2_ot2_temps0,deduplicated_sensitivity,1,2023-01-05,2023-10-19,2023-11-16,0.95,Hypothetical historical replay,8,1,7,50.0,2,215460,214905,555,0,0,0.9974241158451684,True,3530,18529,319132.0
full|extra2_ot2_temps0|deduplicated_sensitivity|50.0|1|3,full,extra2_ot2_temps0,deduplicated_sensitivity,3,2023-01-05,2023-10-19,2023-11-16,0.95,Hypothetical historical replay,8,1,7,50.0,2,215460,214905,555,0,0,0.9974241158451684,True,3530,18529,319132.0
full|extra2_ot2_temps0|deduplicated_sensitivity|50.0|2|1,full,extra2_ot2_temps0,deduplicated_sensitivity,1,2023-01-05,2023-10-19,2023-11-16,0.95,Hypothetical historical replay,8,2,6,50.0,2,215460,213374,2086,0,0,0.9903183885640026,True,3870,28165,319396.0
full|extra2_ot2_temps0|deduplicated_sensitivity|50.0|2|3,full,extra2_ot2_temps0,deduplicated_sensitivity,3,2023-01-05,2023-10-19,2023-11-16,0.95,Hypothetical historical replay,8,2,6,50.0,2,215460,213374,2086,0,0,0.9903183885640026,True,3870,28165,319396.0
full|extra2_ot2_temps2|retained|30.0|0|1,full,extra2_ot2_temps2,retained,1,2023-01-05,2023-10-19,2023-11-16,0.95,Hypothetical historical replay,8,0,8,30.0,2,228195,224332,3863,0,0,0.9830714958697605,True,4279,71721,325177.0
full|extra2_ot2_temps2|retained|30.0|0|3,full,extra2_ot2_temps2,retained,3,2023-01-05,2023-10-19,2023-11-16,0.95,Hypothetical historical replay,8,0,8,30.0,2,228195,222692,5503,0,0,0.975884660049519,True,4279,76198,322960.0
full|extra2_ot2_temps2|retained|30.0|1|1,full,extra2_ot2_temps2,retained,1,2023-01-05,2023-10-19,2023-11-16,0.95,Hypothetical historical replay,8,1,7,30.0,2,228195,221557,6638,0,0,0.9709108437958763,True,4483,117555,331144.0
full|extra2_ot2_temps2|retained|30.0|1|3,full,extra2_ot2_temps2,retained,3,2023-01-05,2023-10-19,2023-11-16,0.95,Hypothetical historical replay,8,1,7,30.0,2,228195,217617,10578,0,0,0.9536449089594425,True,4483,134846,326476.0
full|extra2_ot2_temps2|retained|30.0|2|1,full,extra2_ot2_temps2,retained,1,2023-01-05,2023-10-19,2023-11-16,0.95,Hypothetical historical replay,8,2,6,30.0,2,228195,215465,12730,0,0,0.9442143780538574,False,4687,177910,346384.0
full|extra2_ot2_temps2|retained|30.0|2|3,full,extra2_ot2_temps2,retained,3,2023-01-05,2023-10-19,2023-11-16,0.95,Hypothetical historical replay,8,2,6,30.0,2,228195,202448,25747,0,0,0.8871710598391727,False,4687,214138,338473.0
full|extra2_ot2_temps2|retained|40.0|0|1,full,extra2_ot2_temps2,retained,1,2023-01-05,2023-10-19,2023-11-16,0.95,Hypothetical historical replay,8,0,8,40.0,2,228195,227599,596,0,0,0.9973881986897172,True,3735,31540,320704.0
full|extra2_ot2_temps2|retained|40.0|0|3,full,extra2_ot2_temps2,retained,3,2023-01-05,2023-10-19,2023-11-16,0.95,Hypothetical historical replay,8,0,8,40.0,2,228195,226729,1466,0,0,0.9935756699314183,True,3735,32660,319528.0
full|extra2_ot2_temps2|retained|40.0|1|1,full,extra2_ot2_temps2,retained,1,2023-01-05,2023-10-19,2023-11-16,0.95,Hypothetical historical replay,8,1,7,40.0,2,228195,226375,1820,0,0,0.9920243651263174,True,4007,42611,321175.0
full|extra2_ot2_temps2|retained|40.0|1|3,full,extra2_ot2_temps2,retained,3,2023-01-05,2023-10-19,2023-11-16,0.95,Hypothetical historical replay,8,1,7,40.0,2,228195,225190,3005,0,0,0.9868314380244966,True,4007,44147,319627.0
full|extra2_ot2_temps2|retained|40.0|2|1,full,extra2_ot2_temps2,retained,1,2023-01-05,2023-10-19,2023-11-16,0.95,Hypothetical historical replay,8,2,6,40.0,2,228195,224659,3536,0,0,0.9845044808168453,True,4279,71231,324079.0
full|extra2_ot2_temps2|retained|40.0|2|3,full,extra2_ot2_temps2,retained,3,2023-01-05,2023-10-19,2023-11-16,0.95,Hypothetical historical replay,8,2,6,40.0,2,228195,222692,5503,0,0,0.975884660049519,True,4279,76181,321805.0
full|extra2_ot2_temps2|retained|50.0|0|1,full,extra2_ot2_temps2,retained,1,2023-01-05,2023-10-19,2023-11-16,0.95,Hypothetical historical replay,8,0,8,50.0,2,228195,228195,0,0,0,1.0,True,3191,20316,318688.0
full|extra2_ot2_temps2|retained|50.0|0|3,full,extra2_ot2_temps2,retained,3,2023-01-05,2023-10-19,2023-11-16,0.95,Hypothetical historical replay,8,0,8,50.0,2,228195,228195,0,0,0,1.0,True,3191,20316,318604.0
full|extra2_ot2_temps2|retained|50.0|1|1,full,extra2_ot2_temps2,retained,1,2023-01-05,2023-10-19,2023-11-16,0.95,Hypothetical historical replay,8,1,7,50.0,2,228195,228183,12,0,0,0.9999474133964372,True,3531,25694,319696.0
full|extra2_ot2_temps2|retained|50.0|1|3,full,extra2_ot2_temps2,retained,3,2023-01-05,2023-10-19,2023-11-16,0.95,Hypothetical historical replay,8,1,7,50.0,2,228195,227639,556,0,0,0.9975634873682596,True,3531,26272,319132.0
full|extra2_ot2_temps2|retained|50.0|2|1,full,extra2_ot2_temps2,retained,1,2023-01-05,2023-10-19,2023-11-16,0.95,Hypothetical historical replay,8,2,6,50.0,2,228195,227205,990,0,0,0.9956616052060737,True,3871,36308,320440.0
full|extra2_ot2_temps2|retained|50.0|2|3,full,extra2_ot2_temps2,retained,3,2023-01-05,2023-10-19,2023-11-16,0.95,Hypothetical historical replay,8,2,6,50.0,2,228195,226108,2087,0,0,0.9908543131970464,True,3871,37464,319396.0
full|extra2_ot2_temps2|deduplicated_sensitivity|30.0|0|1,full,extra2_ot2_temps2,deduplicated_sensitivity,1,2023-01-05,2023-10-19,2023-11-16,0.95,Hypothetical historical replay,8,0,8,30.0,2,215460,211598,3862,0,0,0.9820755592685417,True,4278,54618,323665.0
full|extra2_ot2_temps2|deduplicated_sensitivity|30.0|0|3,full,extra2_ot2_temps2,deduplicated_sensitivity,3,2023-01-05,2023-10-19,2023-11-16,0.95,Hypothetical historical replay,8,0,8,30.0,2,215460,210439,5021,0,0,0.9766963705560197,True,4278,57430,322168.0
full|extra2_ot2_temps2|deduplicated_sensitivity|30.0|1|1,full,extra2_ot2_temps2,deduplicated_sensitivity,1,2023-01-05,2023-10-19,2023-11-16,0.95,Hypothetical historical replay,8,1,7,30.0,2,215460,209710,5750,0,0,0.9733129119094032,True,4482,91677,327109.0
full|extra2_ot2_temps2|deduplicated_sensitivity|30.0|1|3,full,extra2_ot2_temps2,deduplicated_sensitivity,3,2023-01-05,2023-10-19,2023-11-16,0.95,Hypothetical historical replay,8,1,7,30.0,2,215460,206806,8654,0,0,0.9598347721154739,True,4482,105064,324331.0
full|extra2_ot2_temps2|deduplicated_sensitivity|30.0|2|1,full,extra2_ot2_temps2,deduplicated_sensitivity,1,2023-01-05,2023-10-19,2023-11-16,0.95,Hypothetical historical replay,8,2,6,30.0,2,215460,205767,9693,0,0,0.9550125313283208,True,4686,145746,337870.0
full|extra2_ot2_temps2|deduplicated_sensitivity|30.0|2|3,full,extra2_ot2_temps2,deduplicated_sensitivity,3,2023-01-05,2023-10-19,2023-11-16,0.95,Hypothetical historical replay,8,2,6,30.0,2,215460,198326,17134,0,0,0.9204771187227327,False,4686,169709,332269.0
full|extra2_ot2_temps2|deduplicated_sensitivity|40.0|0|1,full,extra2_ot2_temps2,deduplicated_sensitivity,1,2023-01-05,2023-10-19,2023-11-16,0.95,Hypothetical historical replay,8,0,8,40.0,2,215460,214865,595,0,0,0.9972384665367121,True,3734,23060,320704.0
full|extra2_ot2_temps2|deduplicated_sensitivity|40.0|0|3,full,extra2_ot2_temps2,deduplicated_sensitivity,3,2023-01-05,2023-10-19,2023-11-16,0.95,Hypothetical historical replay,8,0,8,40.0,2,215460,213995,1465,0,0,0.993200594077787,True,3734,24020,319528.0
full|extra2_ot2_temps2|deduplicated_sensitivity|40.0|1|1,full,extra2_ot2_temps2,deduplicated_sensitivity,1,2023-01-05,2023-10-19,2023-11-16,0.95,Hypothetical historical replay,8,1,7,40.0,2,215460,213641,1819,0,0,0.9915575976979486,True,4006,32092,320935.0
full|extra2_ot2_temps2|deduplicated_sensitivity|40.0|1|3,full,extra2_ot2_temps2,deduplicated_sensitivity,3,2023-01-05,2023-10-19,2023-11-16,0.95,Hypothetical historical replay,8,1,7,40.0,2,215460,212456,3004,0,0,0.9860577369349299,True,4006,33628,319594.0
full|extra2_ot2_temps2|deduplicated_sensitivity|40.0|2|1,full,extra2_ot2_temps2,deduplicated_sensitivity,1,2023-01-05,2023-10-19,2023-11-16,0.95,Hypothetical historical replay,8,2,6,40.0,2,215460,211925,3535,0,0,0.9835932423651722,True,4278,54182,322756.0
full|extra2_ot2_temps2|deduplicated_sensitivity|40.0|2|3,full,extra2_ot2_temps2,deduplicated_sensitivity,3,2023-01-05,2023-10-19,2023-11-16,0.95,Hypothetical historical replay,8,2,6,40.0,2,215460,210439,5021,0,0,0.9766963705560197,True,4278,57430,321178.0
full|extra2_ot2_temps2|deduplicated_sensitivity|50.0|0|1,full,extra2_ot2_temps2,deduplicated_sensitivity,1,2023-01-05,2023-10-19,2023-11-16,0.95,Hypothetical historical replay,8,0,8,50.0,2,215460,215460,0,0,0,1.0,True,3190,13887,318688.0
full|extra2_ot2_temps2|deduplicated_sensitivity|50.0|0|3,full,extra2_ot2_temps2,deduplicated_sensitivity,3,2023-01-05,2023-10-19,2023-11-16,0.95,Hypothetical historical replay,8,0,8,50.0,2,215460,215460,0,0,0,1.0,True,3190,13887,318604.0
full|extra2_ot2_temps2|deduplicated_sensitivity|50.0|1|1,full,extra2_ot2_temps2,deduplicated_sensitivity,1,2023-01-05,2023-10-19,2023-11-16,0.95,Hypothetical historical replay,8,1,7,50.0,2,215460,215449,11,0,0,0.9999489464401745,True,3530,17951,319696.0
full|extra2_ot2_temps2|deduplicated_sensitivity|50.0|1|3,full,extra2_ot2_temps2,deduplicated_sensitivity,3,2023-01-05,2023-10-19,2023-11-16,0.95,Hypothetical historical replay,8,1,7,50.0,2,215460,214905,555,0,0,0.9974241158451684,True,3530,18529,319132.0
full|extra2_ot2_temps2|deduplicated_sensitivity|50.0|2|1,full,extra2_ot2_temps2,deduplicated_sensitivity,1,2023-01-05,2023-10-19,2023-11-16,0.95,Hypothetical historical replay,8,2,6,50.0,2,215460,214471,989,0,0,0.9954098208484173,True,3870,27009,320440.0
full|extra2_ot2_temps2|deduplicated_sensitivity|50.0|2|3,full,extra2_ot2_temps2,deduplicated_sensitivity,3,2023-01-05,2023-10-19,2023-11-16,0.95,Hypothetical historical replay,8,2,6,50.0,2,215460,213374,2086,0,0,0.9903183885640026,True,3870,28165,319396.0
full|extra2_ot2_temps4|retained|30.0|0|1,full,extra2_ot2_temps4,retained,1,2023-01-05,2023-10-19,2023-11-16,0.95,Hypothetical historical replay,8,0,8,30.0,2,228195,225310,2885,0,0,0.987357304060124,True,4279,70417,326065.0
full|extra2_ot2_temps4|retained|30.0|0|3,full,extra2_ot2_temps4,retained,3,2023-01-05,2023-10-19,2023-11-16,0.95,Hypothetical historical replay,8,0,8,30.0,2,228195,222692,5503,0,0,0.975884660049519,True,4279,76198,322960.0
full|extra2_ot2_temps4|retained|30.0|1|1,full,extra2_ot2_temps4,retained,1,2023-01-05,2023-10-19,2023-11-16,0.95,Hypothetical historical replay,8,1,7,30.0,2,228195,223671,4524,0,0,0.9801748504568462,True,4483,109080,333535.0
full|extra2_ot2_temps4|retained|30.0|1|3,full,extra2_ot2_temps4,retained,3,2023-01-05,2023-10-19,2023-11-16,0.95,Hypothetical historical replay,8,1,7,30.0,2,228195,217617,10578,0,0,0.9536449089594425,True,4483,134846,326476.0
full|extra2_ot2_temps4|retained|30.0|2|1,full,extra2_ot2_temps4,retained,1,2023-01-05,2023-10-19,2023-11-16,0.95,Hypothetical historical replay,8,2,6,30.0,2,228195,220005,8190,0,0,0.9641096430684283,True,4687,161490,349981.0
full|extra2_ot2_temps4|retained|30.0|2|3,full,extra2_ot2_temps4,retained,3,2023-01-05,2023-10-19,2023-11-16,0.95,Hypothetical historical replay,8,2,6,30.0,2,228195,202853,25342,0,0,0.8889458577094151,False,4687,212862,338995.0
full|extra2_ot2_temps4|retained|40.0|0|1,full,extra2_ot2_temps4,retained,1,2023-01-05,2023-10-19,2023-11-16,0.95,Hypothetical historical replay,8,0,8,40.0,2,228195,228050,145,0,0,0.9993645785402835,True,3735,31078,321268.0
full|extra2_ot2_temps4|retained|40.0|0|3,full,extra2_ot2_temps4,retained,3,2023-01-05,2023-10-19,2023-11-16,0.95,Hypothetical historical replay,8,0,8,40.0,2,228195,226729,1466,0,0,0.9935756699314183,True,3735,32660,319528.0
full|extra2_ot2_temps4|retained|40.0|1|1,full,extra2_ot2_temps4,retained,1,2023-01-05,2023-10-19,2023-11-16,0.95,Hypothetical historical replay,8,1,7,40.0,2,228195,227245,950,0,0,0.9958368938846163,True,4007,41619,322252.0
full|extra2_ot2_temps4|retained|40.0|1|3,full,extra2_ot2_temps4,retained,3,2023-01-05,2023-10-19,2023-11-16,0.95,Hypothetical historical replay,8,1,7,40.0,2,228195,225190,3005,0,0,0.9868314380244966,True,4007,44147,319627.0
full|extra2_ot2_temps4|retained|40.0|2|1,full,extra2_ot2_temps4,retained,1,2023-01-05,2023-10-19,2023-11-16,0.95,Hypothetical historical replay,8,2,6,40.0,2,228195,225964,2231,0,0,0.9902232739542934,True,4279,69491,325156.0
full|extra2_ot2_temps4|retained|40.0|2|3,full,extra2_ot2_temps4,retained,3,2023-01-05,2023-10-19,2023-11-16,0.95,Hypothetical historical replay,8,2,6,40.0,2,228195,222692,5503,0,0,0.975884660049519,True,4279,76181,321805.0
full|extra2_ot2_temps4|retained|50.0|0|1,full,extra2_ot2_temps4,retained,1,2023-01-05,2023-10-19,2023-11-16,0.95,Hypothetical historical replay,8,0,8,50.0,2,228195,228195,0,0,0,1.0,True,3191,20316,318688.0
full|extra2_ot2_temps4|retained|50.0|0|3,full,extra2_ot2_temps4,retained,3,2023-01-05,2023-10-19,2023-11-16,0.95,Hypothetical historical replay,8,0,8,50.0,2,228195,228195,0,0,0,1.0,True,3191,20316,318604.0
full|extra2_ot2_temps4|retained|50.0|1|1,full,extra2_ot2_temps4,retained,1,2023-01-05,2023-10-19,2023-11-16,0.95,Hypothetical historical replay,8,1,7,50.0,2,228195,228195,0,0,0,1.0,True,3531,25588,319954.0
full|extra2_ot2_temps4|retained|50.0|1|3,full,extra2_ot2_temps4,retained,3,2023-01-05,2023-10-19,2023-11-16,0.95,Hypothetical historical replay,8,1,7,50.0,2,228195,227639,556,0,0,0.9975634873682596,True,3531,26272,319132.0
full|extra2_ot2_temps4|retained|50.0|2|1,full,extra2_ot2_temps4,retained,1,2023-01-05,2023-10-19,2023-11-16,0.95,Hypothetical historical replay,8,2,6,50.0,2,228195,227962,233,0,0,0.99897894344749,True,3871,35518,321169.0
full|extra2_ot2_temps4|retained|50.0|2|3,full,extra2_ot2_temps4,retained,3,2023-01-05,2023-10-19,2023-11-16,0.95,Hypothetical historical replay,8,2,6,50.0,2,228195,226108,2087,0,0,0.9908543131970464,True,3871,37464,319396.0
full|extra2_ot2_temps4|deduplicated_sensitivity|30.0|0|1,full,extra2_ot2_temps4,deduplicated_sensitivity,1,2023-01-05,2023-10-19,2023-11-16,0.95,Hypothetical historical replay,8,0,8,30.0,2,215460,212576,2884,0,0,0.9866146848602989,True,4278,53314,324352.0
full|extra2_ot2_temps4|deduplicated_sensitivity|30.0|0|3,full,extra2_ot2_temps4,deduplicated_sensitivity,3,2023-01-05,2023-10-19,2023-11-16,0.95,Hypothetical historical replay,8,0,8,30.0,2,215460,210439,5021,0,0,0.9766963705560197,True,4278,57430,322168.0
full|extra2_ot2_temps4|deduplicated_sensitivity|30.0|1|1,full,extra2_ot2_temps4,deduplicated_sensitivity,1,2023-01-05,2023-10-19,2023-11-16,0.95,Hypothetical historical replay,8,1,7,30.0,2,215460,211199,4261,0,0,0.9802237074166898,True,4482,86016,328564.0
full|extra2_ot2_temps4|deduplicated_sensitivity|30.0|1|3,full,extra2_ot2_temps4,deduplicated_sensitivity,3,2023-01-05,2023-10-19,2023-11-16,0.95,Hypothetical historical replay,8,1,7,30.0,2,215460,206806,8654,0,0,0.9598347721154739,True,4482,105064,324331.0
full|extra2_ot2_temps4|deduplicated_sensitivity|30.0|2|1,full,extra2_ot2_temps4,deduplicated_sensitivity,1,2023-01-05,2023-10-19,2023-11-16,0.95,Hypothetical historical replay,8,2,6,30.0,2,215460,208916,6544,0,0,0.969627773136545,True,4686,132742,340600.0
full|extra2_ot2_temps4|deduplicated_sensitivity|30.0|2|3,full,extra2_ot2_temps4,deduplicated_sensitivity,3,2023-01-05,2023-10-19,2023-11-16,0.95,Hypothetical historical replay,8,2,6,30.0,2,215460,198731,16729,0,0,0.922356817970853,False,4686,168407,332791.0
full|extra2_ot2_temps4|deduplicated_sensitivity|40.0|0|1,full,extra2_ot2_temps4,deduplicated_sensitivity,1,2023-01-05,2023-10-19,2023-11-16,0.95,Hypothetical historical replay,8,0,8,40.0,2,215460,215316,144,0,0,0.9993316624895572,True,3734,22598,321268.0
full|extra2_ot2_temps4|deduplicated_sensitivity|40.0|0|3,full,extra2_ot2_temps4,deduplicated_sensitivity,3,2023-01-05,2023-10-19,2023-11-16,0.95,Hypothetical historical replay,8,0,8,40.0,2,215460,213995,1465,0,0,0.993200594077787,True,3734,24020,319528.0
full|extra2_ot2_temps4|deduplicated_sensitivity|40.0|1|1,full,extra2_ot2_temps4,deduplicated_sensitivity,1,2023-01-05,2023-10-19,2023-11-16,0.95,Hypothetical historical replay,8,1,7,40.0,2,215460,214511,949,0,0,0.9955954701568737,True,4006,31118,322012.0
full|extra2_ot2_temps4|deduplicated_sensitivity|40.0|1|3,full,extra2_ot2_temps4,deduplicated_sensitivity,3,2023-01-05,2023-10-19,2023-11-16,0.95,Hypothetical historical replay,8,1,7,40.0,2,215460,212456,3004,0,0,0.9860577369349299,True,4006,33628,319594.0
full|extra2_ot2_temps4|deduplicated_sensitivity|40.0|2|1,full,extra2_ot2_temps4,deduplicated_sensitivity,1,2023-01-05,2023-10-19,2023-11-16,0.95,Hypothetical historical replay,8,2,6,40.0,2,215460,213230,2230,0,0,0.9896500510535599,True,4278,52442,323716.0
full|extra2_ot2_temps4|deduplicated_sensitivity|40.0|2|3,full,extra2_ot2_temps4,deduplicated_sensitivity,3,2023-01-05,2023-10-19,2023-11-16,0.95,Hypothetical historical replay,8,2,6,40.0,2,215460,210439,5021,0,0,0.9766963705560197,True,4278,57430,321178.0
full|extra2_ot2_temps4|deduplicated_sensitivity|50.0|0|1,full,extra2_ot2_temps4,deduplicated_sensitivity,1,2023-01-05,2023-10-19,2023-11-16,0.95,Hypothetical historical replay,8,0,8,50.0,2,215460,215460,0,0,0,1.0,True,3190,13887,318688.0
full|extra2_ot2_temps4|deduplicated_sensitivity|50.0|0|3,full,extra2_ot2_temps4,deduplicated_sensitivity,3,2023-01-05,2023-10-19,2023-11-16,0.95,Hypothetical historical replay,8,0,8,50.0,2,215460,215460,0,0,0,1.0,True,3190,13887,318604.0
full|extra2_ot2_temps4|deduplicated_sensitivity|50.0|1|1,full,extra2_ot2_temps4,deduplicated_sensitivity,1,2023-01-05,2023-10-19,2023-11-16,0.95,Hypothetical historical replay,8,1,7,50.0,2,215460,215460,0,0,0,1.0,True,3530,17846,319954.0
full|extra2_ot2_temps4|deduplicated_sensitivity|50.0|1|3,full,extra2_ot2_temps4,deduplicated_sensitivity,3,2023-01-05,2023-10-19,2023-11-16,0.95,Hypothetical historical replay,8,1,7,50.0,2,215460,214905,555,0,0,0.9974241158451684,True,3530,18529,319132.0
full|extra2_ot2_temps4|deduplicated_sensitivity|50.0|2|1,full,extra2_ot2_temps4,deduplicated_sensitivity,1,2023-01-05,2023-10-19,2023-11-16,0.95,Hypothetical historical replay,8,2,6,50.0,2,215460,215228,232,0,0,0.9989232340109533,True,3870,26219,321169.0
full|extra2_ot2_temps4|deduplicated_sensitivity|50.0|2|3,full,extra2_ot2_temps4,deduplicated_sensitivity,3,2023-01-05,2023-10-19,2023-11-16,0.95,Hypothetical historical replay,8,2,6,50.0,2,215460,213374,2086,0,0,0.9903183885640026,True,3870,28165,319396.0
full|extra3_ot0_temps0|retained|30.0|0|1,full,extra3_ot0_temps0,retained,1,2023-01-05,2023-10-19,2023-11-16,0.95,Hypothetical historical replay,9,0,9,30.0,2,228195,222896,5299,0,0,0.9767786323100857,True,4075,54283,357984.0
full|extra3_ot0_temps0|retained|30.0|0|3,full,extra3_ot0_temps0,retained,3,2023-01-05,2023-10-19,2023-11-16,0.95,Hypothetical historical replay,9,0,9,30.0,2,228195,222896,5299,0,0,0.9767786323100857,True,4075,54283,357984.0
full|extra3_ot0_temps0|retained|30.0|1|1,full,extra3_ot0_temps0,retained,1,2023-01-05,2023-10-19,2023-11-16,0.95,Hypothetical historical replay,9,1,8,30.0,2,228195,218629,9566,0,0,0.9580797125265672,True,4279,93937,357984.0
full|extra3_ot0_temps0|retained|30.0|1|3,full,extra3_ot0_temps0,retained,3,2023-01-05,2023-10-19,2023-11-16,0.95,Hypothetical historical replay,9,1,8,30.0,2,228195,218629,9566,0,0,0.9580797125265672,True,4279,93937,357984.0
full|extra3_ot0_temps0|retained|30.0|2|1,full,extra3_ot0_temps0,retained,1,2023-01-05,2023-10-19,2023-11-16,0.95,Hypothetical historical replay,9,2,7,30.0,2,228195,204541,23654,0,0,0.8963430399439076,False,4483,171981,357984.0
full|extra3_ot0_temps0|retained|30.0|2|3,full,extra3_ot0_temps0,retained,3,2023-01-05,2023-10-19,2023-11-16,0.95,Hypothetical historical replay,9,2,7,30.0,2,228195,204541,23654,0,0,0.8963430399439076,False,4483,171981,357984.0
full|extra3_ot0_temps0|retained|40.0|0|1,full,extra3_ot0_temps0,retained,1,2023-01-05,2023-10-19,2023-11-16,0.95,Hypothetical historical replay,9,0,9,40.0,2,228195,226729,1466,0,0,0.9935756699314183,True,3463,25956,357984.0
full|extra3_ot0_temps0|retained|40.0|0|3,full,extra3_ot0_temps0,retained,3,2023-01-05,2023-10-19,2023-11-16,0.95,Hypothetical historical replay,9,0,9,40.0,2,228195,226729,1466,0,0,0.9935756699314183,True,3463,25956,357984.0
full|extra3_ot0_temps0|retained|40.0|1|1,full,extra3_ot0_temps0,retained,1,2023-01-05,2023-10-19,2023-11-16,0.95,Hypothetical historical replay,9,1,8,40.0,2,228195,225394,2801,0,0,0.9877254102850632,True,3735,34292,357984.0
full|extra3_ot0_temps0|retained|40.0|1|3,full,extra3_ot0_temps0,retained,3,2023-01-05,2023-10-19,2023-11-16,0.95,Hypothetical historical replay,9,1,8,40.0,2,228195,225394,2801,0,0,0.9877254102850632,True,3735,34292,357984.0
full|extra3_ot0_temps0|retained|40.0|2|1,full,extra3_ot0_temps0,retained,1,2023-01-05,2023-10-19,2023-11-16,0.95,Hypothetical historical replay,9,2,7,40.0,2,228195,223748,4447,0,0,0.9805122811630403,True,4007,46676,357984.0
full|extra3_ot0_temps0|retained|40.0|2|3,full,extra3_ot0_temps0,retained,3,2023-01-05,2023-10-19,2023-11-16,0.95,Hypothetical historical replay,9,2,7,40.0,2,228195,223748,4447,0,0,0.9805122811630403,True,4007,46676,357984.0
full|extra3_ot0_temps0|retained|50.0|0|1,full,extra3_ot0_temps0,retained,1,2023-01-05,2023-10-19,2023-11-16,0.95,Hypothetical historical replay,9,0,9,50.0,2,228195,228195,0,0,0,1.0,True,2851,16629,357984.0
full|extra3_ot0_temps0|retained|50.0|0|3,full,extra3_ot0_temps0,retained,3,2023-01-05,2023-10-19,2023-11-16,0.95,Hypothetical historical replay,9,0,9,50.0,2,228195,228195,0,0,0,1.0,True,2851,16629,357984.0
full|extra3_ot0_temps0|retained|50.0|1|1,full,extra3_ot0_temps0,retained,1,2023-01-05,2023-10-19,2023-11-16,0.95,Hypothetical historical replay,9,1,8,50.0,2,228195,227724,471,0,0,0.9979359758101624,True,3191,20787,357984.0
full|extra3_ot0_temps0|retained|50.0|1|3,full,extra3_ot0_temps0,retained,3,2023-01-05,2023-10-19,2023-11-16,0.95,Hypothetical historical replay,9,1,8,50.0,2,228195,227724,471,0,0,0.9979359758101624,True,3191,20787,357984.0
full|extra3_ot0_temps0|retained|50.0|2|1,full,extra3_ot0_temps0,retained,1,2023-01-05,2023-10-19,2023-11-16,0.95,Hypothetical historical replay,9,2,7,50.0,2,228195,226457,1738,0,0,0.9923837069173295,True,3531,27462,357984.0
full|extra3_ot0_temps0|retained|50.0|2|3,full,extra3_ot0_temps0,retained,3,2023-01-05,2023-10-19,2023-11-16,0.95,Hypothetical historical replay,9,2,7,50.0,2,228195,226457,1738,0,0,0.9923837069173295,True,3531,27462,357984.0
full|extra3_ot0_temps0|deduplicated_sensitivity|30.0|0|1,full,extra3_ot0_temps0,deduplicated_sensitivity,1,2023-01-05,2023-10-19,2023-11-16,0.95,Hypothetical historical replay,9,0,9,30.0,2,215460,210439,5021,0,0,0.9766963705560197,True,4074,41974,357984.0
full|extra3_ot0_temps0|deduplicated_sensitivity|30.0|0|3,full,extra3_ot0_temps0,deduplicated_sensitivity,3,2023-01-05,2023-10-19,2023-11-16,0.95,Hypothetical historical replay,9,0,9,30.0,2,215460,210439,5021,0,0,0.9766963705560197,True,4074,41974,357984.0
full|extra3_ot0_temps0|deduplicated_sensitivity|30.0|1|1,full,extra3_ot0_temps0,deduplicated_sensitivity,1,2023-01-05,2023-10-19,2023-11-16,0.95,Hypothetical historical replay,9,1,8,30.0,2,215460,207265,8195,0,0,0.9619650979300102,True,4278,71957,357984.0
full|extra3_ot0_temps0|deduplicated_sensitivity|30.0|1|3,full,extra3_ot0_temps0,deduplicated_sensitivity,3,2023-01-05,2023-10-19,2023-11-16,0.95,Hypothetical historical replay,9,1,8,30.0,2,215460,207265,8195,0,0,0.9619650979300102,True,4278,71957,357984.0
full|extra3_ot0_temps0|deduplicated_sensitivity|30.0|2|1,full,extra3_ot0_temps0,deduplicated_sensitivity,1,2023-01-05,2023-10-19,2023-11-16,0.95,Hypothetical historical replay,9,2,7,30.0,2,215460,197457,18003,0,0,0.9164438874965191,False,4482,132310,357984.0
full|extra3_ot0_temps0|deduplicated_sensitivity|30.0|2|3,full,extra3_ot0_temps0,deduplicated_sensitivity,3,2023-01-05,2023-10-19,2023-11-16,0.95,Hypothetical historical replay,9,2,7,30.0,2,215460,197457,18003,0,0,0.9164438874965191,False,4482,132310,357984.0
full|extra3_ot0_temps0|deduplicated_sensitivity|40.0|0|1,full,extra3_ot0_temps0,deduplicated_sensitivity,1,2023-01-05,2023-10-19,2023-11-16,0.95,Hypothetical historical replay,9,0,9,40.0,2,215460,213995,1465,0,0,0.993200594077787,True,3462,18438,357984.0
full|extra3_ot0_temps0|deduplicated_sensitivity|40.0|0|3,full,extra3_ot0_temps0,deduplicated_sensitivity,3,2023-01-05,2023-10-19,2023-11-16,0.95,Hypothetical historical replay,9,0,9,40.0,2,215460,213995,1465,0,0,0.993200594077787,True,3462,18438,357984.0
full|extra3_ot0_temps0|deduplicated_sensitivity|40.0|1|1,full,extra3_ot0_temps0,deduplicated_sensitivity,1,2023-01-05,2023-10-19,2023-11-16,0.95,Hypothetical historical replay,9,1,8,40.0,2,215460,212660,2800,0,0,0.9870045484080572,True,3734,25652,357984.0
full|extra3_ot0_temps0|deduplicated_sensitivity|40.0|1|3,full,extra3_ot0_temps0,deduplicated_sensitivity,3,2023-01-05,2023-10-19,2023-11-16,0.95,Hypothetical historical replay,9,1,8,40.0,2,215460,212660,2800,0,0,0.9870045484080572,True,3734,25652,357984.0
full|extra3_ot0_temps0|deduplicated_sensitivity|40.0|2|1,full,extra3_ot0_temps0,deduplicated_sensitivity,1,2023-01-05,2023-10-19,2023-11-16,0.95,Hypothetical historical replay,9,2,7,40.0,2,215460,211028,4432,0,0,0.9794300566230391,True,4006,36126,357984.0
full|extra3_ot0_temps0|deduplicated_sensitivity|40.0|2|3,full,extra3_ot0_temps0,deduplicated_sensitivity,3,2023-01-05,2023-10-19,2023-11-16,0.95,Hypothetical historical replay,9,2,7,40.0,2,215460,211028,4432,0,0,0.9794300566230391,True,4006,36126,357984.0
full|extra3_ot0_temps0|deduplicated_sensitivity|50.0|0|1,full,extra3_ot0_temps0,deduplicated_sensitivity,1,2023-01-05,2023-10-19,2023-11-16,0.95,Hypothetical historical replay,9,0,9,50.0,2,215460,215460,0,0,0,1.0,True,2850,11263,357984.0
full|extra3_ot0_temps0|deduplicated_sensitivity|50.0|0|3,full,extra3_ot0_temps0,deduplicated_sensitivity,3,2023-01-05,2023-10-19,2023-11-16,0.95,Hypothetical historical replay,9,0,9,50.0,2,215460,215460,0,0,0,1.0,True,2850,11263,357984.0
full|extra3_ot0_temps0|deduplicated_sensitivity|50.0|1|1,full,extra3_ot0_temps0,deduplicated_sensitivity,1,2023-01-05,2023-10-19,2023-11-16,0.95,Hypothetical historical replay,9,1,8,50.0,2,215460,214990,470,0,0,0.9978186206256382,True,3190,14357,357984.0
full|extra3_ot0_temps0|deduplicated_sensitivity|50.0|1|3,full,extra3_ot0_temps0,deduplicated_sensitivity,3,2023-01-05,2023-10-19,2023-11-16,0.95,Hypothetical historical replay,9,1,8,50.0,2,215460,214990,470,0,0,0.9978186206256382,True,3190,14357,357984.0
full|extra3_ot0_temps0|deduplicated_sensitivity|50.0|2|1,full,extra3_ot0_temps0,deduplicated_sensitivity,1,2023-01-05,2023-10-19,2023-11-16,0.95,Hypothetical historical replay,9,2,7,50.0,2,215460,213723,1737,0,0,0.991938178780284,True,3530,19719,357984.0
full|extra3_ot0_temps0|deduplicated_sensitivity|50.0|2|3,full,extra3_ot0_temps0,deduplicated_sensitivity,3,2023-01-05,2023-10-19,2023-11-16,0.95,Hypothetical historical replay,9,2,7,50.0,2,215460,213723,1737,0,0,0.991938178780284,True,3530,19719,357984.0
full|extra3_ot0_temps2|retained|30.0|0|1,full,extra3_ot0_temps2,retained,1,2023-01-05,2023-10-19,2023-11-16,0.95,Hypothetical historical replay,9,0,9,30.0,2,228195,224332,3863,0,0,0.9830714958697605,True,4075,50148,360144.0
full|extra3_ot0_temps2|retained|30.0|0|3,full,extra3_ot0_temps2,retained,3,2023-01-05,2023-10-19,2023-11-16,0.95,Hypothetical historical replay,9,0,9,30.0,2,228195,222896,5299,0,0,0.9767786323100857,True,4075,54283,357984.0
full|extra3_ot0_temps2|retained|30.0|1|1,full,extra3_ot0_temps2,retained,1,2023-01-05,2023-10-19,2023-11-16,0.95,Hypothetical historical replay,9,1,8,30.0,2,228195,222118,6077,0,0,0.9733692675124346,True,4279,78235,363024.0
full|extra3_ot0_temps2|retained|30.0|1|3,full,extra3_ot0_temps2,retained,3,2023-01-05,2023-10-19,2023-11-16,0.95,Hypothetical historical replay,9,1,8,30.0,2,228195,218629,9566,0,0,0.9580797125265672,True,4279,93937,357984.0
full|extra3_ot0_temps2|retained|30.0|2|1,full,extra3_ot0_temps2,retained,1,2023-01-05,2023-10-19,2023-11-16,0.95,Hypothetical historical replay,9,2,7,30.0,2,228195,217264,10931,0,0,0.9520979863713053,True,4483,135453,367104.0
full|extra3_ot0_temps2|retained|30.0|2|3,full,extra3_ot0_temps2,retained,3,2023-01-05,2023-10-19,2023-11-16,0.95,Hypothetical historical replay,9,2,7,30.0,2,228195,204739,23456,0,0,0.8972107189026929,False,4483,171205,358464.0
full|extra3_ot0_temps2|retained|40.0|0|1,full,extra3_ot0_temps2,retained,1,2023-01-05,2023-10-19,2023-11-16,0.95,Hypothetical historical replay,9,0,9,40.0,2,228195,227599,596,0,0,0.9973881986897172,True,3463,25086,358944.0
full|extra3_ot0_temps2|retained|40.0|0|3,full,extra3_ot0_temps2,retained,3,2023-01-05,2023-10-19,2023-11-16,0.95,Hypothetical historical replay,9,0,9,40.0,2,228195,226729,1466,0,0,0.9935756699314183,True,3463,25956,357984.0
full|extra3_ot0_temps2|retained|40.0|1|1,full,extra3_ot0_temps2,retained,1,2023-01-05,2023-10-19,2023-11-16,0.95,Hypothetical historical replay,9,1,8,40.0,2,228195,226511,1684,0,0,0.9926203466333618,True,3735,32628,359424.0
full|extra3_ot0_temps2|retained|40.0|1|3,full,extra3_ot0_temps2,retained,3,2023-01-05,2023-10-19,2023-11-16,0.95,Hypothetical historical replay,9,1,8,40.0,2,228195,225394,2801,0,0,0.9877254102850632,True,3735,34292,357984.0
full|extra3_ot0_temps2|retained|40.0|2|1,full,extra3_ot0_temps2,retained,1,2023-01-05,2023-10-19,2023-11-16,0.95,Hypothetical historical replay,9,2,7,40.0,2,228195,225067,3128,0,0,0.9862924253379785,True,4007,44311,359664.0
full|extra3_ot0_temps2|retained|40.0|2|3,full,extra3_ot0_temps2,retained,3,2023-01-05,2023-10-19,2023-11-16,0.95,Hypothetical historical replay,9,2,7,40.0,2,228195,223748,4447,0,0,0.9805122811630403,True,4007,46676,357984.0
full|extra3_ot0_temps2|retained|50.0|0|1,full,extra3_ot0_temps2,retained,1,2023-01-05,2023-10-19,2023-11-16,0.95,Hypothetical historical replay,9,0,9,50.0,2,228195,228195,0,0,0,1.0,True,2851,16629,357984.0
full|extra3_ot0_temps2|retained|50.0|0|3,full,extra3_ot0_temps2,retained,3,2023-01-05,2023-10-19,2023-11-16,0.95,Hypothetical historical replay,9,0,9,50.0,2,228195,228195,0,0,0,1.0,True,2851,16629,357984.0
full|extra3_ot0_temps2|retained|50.0|1|1,full,extra3_ot0_temps2,retained,1,2023-01-05,2023-10-19,2023-11-16,0.95,Hypothetical historical replay,9,1,8,50.0,2,228195,228195,0,0,0,1.0,True,3191,20316,358464.0
full|extra3_ot0_temps2|retained|50.0|1|3,full,extra3_ot0_temps2,retained,3,2023-01-05,2023-10-19,2023-11-16,0.95,Hypothetical historical replay,9,1,8,50.0,2,228195,227724,471,0,0,0.9979359758101624,True,3191,20787,357984.0
full|extra3_ot0_temps2|retained|50.0|2|1,full,extra3_ot0_temps2,retained,1,2023-01-05,2023-10-19,2023-11-16,0.95,Hypothetical historical replay,9,2,7,50.0,2,228195,227545,650,0,0,0.9971515589736848,True,3531,26374,358944.0
full|extra3_ot0_temps2|retained|50.0|2|3,full,extra3_ot0_temps2,retained,3,2023-01-05,2023-10-19,2023-11-16,0.95,Hypothetical historical replay,9,2,7,50.0,2,228195,226457,1738,0,0,0.9923837069173295,True,3531,27462,357984.0
full|extra3_ot0_temps2|deduplicated_sensitivity|30.0|0|1,full,extra3_ot0_temps2,deduplicated_sensitivity,1,2023-01-05,2023-10-19,2023-11-16,0.95,Hypothetical historical replay,9,0,9,30.0,2,215460,211598,3862,0,0,0.9820755592685417,True,4074,38565,359664.0
full|extra3_ot0_temps2|deduplicated_sensitivity|30.0|0|3,full,extra3_ot0_temps2,deduplicated_sensitivity,3,2023-01-05,2023-10-19,2023-11-16,0.95,Hypothetical historical replay,9,0,9,30.0,2,215460,210439,5021,0,0,0.9766963705560197,True,4074,41974,357984.0
full|extra3_ot0_temps2|deduplicated_sensitivity|30.0|1|1,full,extra3_ot0_temps2,deduplicated_sensitivity,1,2023-01-05,2023-10-19,2023-11-16,0.95,Hypothetical historical replay,9,1,8,30.0,2,215460,210016,5444,0,0,0.974733129119094,True,4278,58928,362304.0
full|extra3_ot0_temps2|deduplicated_sensitivity|30.0|1|3,full,extra3_ot0_temps2,deduplicated_sensitivity,3,2023-01-05,2023-10-19,2023-11-16,0.95,Hypothetical historical replay,9,1,8,30.0,2,215460,207265,8195,0,0,0.9619650979300102,True,4278,71957,357984.0
full|extra3_ot0_temps2|deduplicated_sensitivity|30.0|2|1,full,extra3_ot0_temps2,deduplicated_sensitivity,1,2023-01-05,2023-10-19,2023-11-16,0.95,Hypothetical historical replay,9,2,7,30.0,2,215460,206665,8795,0,0,0.9591803583031653,True,4482,105272,364464.0
full|extra3_ot0_temps2|deduplicated_sensitivity|30.0|2|3,full,extra3_ot0_temps2,deduplicated_sensitivity,3,2023-01-05,2023-10-19,2023-11-16,0.95,Hypothetical historical replay,9,2,7,30.0,2,215460,197653,17807,0,0,0.9173535691079551,False,4482,131537,358464.0
full|extra3_ot0_temps2|deduplicated_sensitivity|40.0|0|1,full,extra3_ot0_temps2,deduplicated_sensitivity,1,2023-01-05,2023-10-19,2023-11-16,0.95,Hypothetical historical replay,9,0,9,40.0,2,215460,214865,595,0,0,0.9972384665367121,True,3462,17568,358944.0
full|extra3_ot0_temps2|deduplicated_sensitivity|40.0|0|3,full,extra3_ot0_temps2,deduplicated_sensitivity,3,2023-01-05,2023-10-19,2023-11-16,0.95,Hypothetical historical replay,9,0,9,40.0,2,215460,213995,1465,0,0,0.993200594077787,True,3462,18438,357984.0
full|extra3_ot0_temps2|deduplicated_sensitivity|40.0|1|1,full,extra3_ot0_temps2,deduplicated_sensitivity,1,2023-01-05,2023-10-19,2023-11-16,0.95,Hypothetical historical replay,9,1,8,40.0,2,215460,213777,1683,0,0,0.9921888053467001,True,3734,24148,359424.0
full|extra3_ot0_temps2|deduplicated_sensitivity|40.0|1|3,full,extra3_ot0_temps2,deduplicated_sensitivity,3,2023-01-05,2023-10-19,2023-11-16,0.95,Hypothetical historical replay,9,1,8,40.0,2,215460,212660,2800,0,0,0.9870045484080572,True,3734,25652,357984.0
full|extra3_ot0_temps2|deduplicated_sensitivity|40.0|2|1,full,extra3_ot0_temps2,deduplicated_sensitivity,1,2023-01-05,2023-10-19,2023-11-16,0.95,Hypothetical historical replay,9,2,7,40.0,2,215460,212333,3127,0,0,0.9854868653114267,True,4006,33792,359424.0
full|extra3_ot0_temps2|deduplicated_sensitivity|40.0|2|3,full,extra3_ot0_temps2,deduplicated_sensitivity,3,2023-01-05,2023-10-19,2023-11-16,0.95,Hypothetical historical replay,9,2,7,40.0,2,215460,211028,4432,0,0,0.9794300566230391,True,4006,36126,357984.0
full|extra3_ot0_temps2|deduplicated_sensitivity|50.0|0|1,full,extra3_ot0_temps2,deduplicated_sensitivity,1,2023-01-05,2023-10-19,2023-11-16,0.95,Hypothetical historical replay,9,0,9,50.0,2,215460,215460,0,0,0,1.0,True,2850,11263,357984.0
full|extra3_ot0_temps2|deduplicated_sensitivity|50.0|0|3,full,extra3_ot0_temps2,deduplicated_sensitivity,3,2023-01-05,2023-10-19,2023-11-16,0.95,Hypothetical historical replay,9,0,9,50.0,2,215460,215460,0,0,0,1.0,True,2850,11263,357984.0
full|extra3_ot0_temps2|deduplicated_sensitivity|50.0|1|1,full,extra3_ot0_temps2,deduplicated_sensitivity,1,2023-01-05,2023-10-19,2023-11-16,0.95,Hypothetical historical replay,9,1,8,50.0,2,215460,215460,0,0,0,1.0,True,3190,13887,358464.0
full|extra3_ot0_temps2|deduplicated_sensitivity|50.0|1|3,full,extra3_ot0_temps2,deduplicated_sensitivity,3,2023-01-05,2023-10-19,2023-11-16,0.95,Hypothetical historical replay,9,1,8,50.0,2,215460,214990,470,0,0,0.9978186206256382,True,3190,14357,357984.0
full|extra3_ot0_temps2|deduplicated_sensitivity|50.0|2|1,full,extra3_ot0_temps2,deduplicated_sensitivity,1,2023-01-05,2023-10-19,2023-11-16,0.95,Hypothetical historical replay,9,2,7,50.0,2,215460,214811,649,0,0,0.9969878399702962,True,3530,18631,358944.0
full|extra3_ot0_temps2|deduplicated_sensitivity|50.0|2|3,full,extra3_ot0_temps2,deduplicated_sensitivity,3,2023-01-05,2023-10-19,2023-11-16,0.95,Hypothetical historical replay,9,2,7,50.0,2,215460,213723,1737,0,0,0.991938178780284,True,3530,19719,357984.0
full|extra3_ot0_temps4|retained|30.0|0|1,full,extra3_ot0_temps4,retained,1,2023-01-05,2023-10-19,2023-11-16,0.95,Hypothetical historical replay,9,0,9,30.0,2,228195,225310,2885,0,0,0.987357304060124,True,4075,48844,361344.0
full|extra3_ot0_temps4|retained|30.0|0|3,full,extra3_ot0_temps4,retained,3,2023-01-05,2023-10-19,2023-11-16,0.95,Hypothetical historical replay,9,0,9,30.0,2,228195,222896,5299,0,0,0.9767786323100857,True,4075,54283,357984.0
full|extra3_ot0_temps4|retained|30.0|1|1,full,extra3_ot0_temps4,retained,1,2023-01-05,2023-10-19,2023-11-16,0.95,Hypothetical historical replay,9,1,8,30.0,2,228195,224079,4116,0,0,0.9819627949779793,True,4279,72063,365424.0
full|extra3_ot0_temps4|retained|30.0|1|3,full,extra3_ot0_temps4,retained,3,2023-01-05,2023-10-19,2023-11-16,0.95,Hypothetical historical replay,9,1,8,30.0,2,228195,218629,9566,0,0,0.9580797125265672,True,4279,93937,357984.0
full|extra3_ot0_temps4|retained|30.0|2|1,full,extra3_ot0_temps4,retained,1,2023-01-05,2023-10-19,2023-11-16,0.95,Hypothetical historical replay,9,2,7,30.0,2,228195,221340,6855,0,0,0.9699599027147834,True,4483,117485,372144.0
full|extra3_ot0_temps4|retained|30.0|2|3,full,extra3_ot0_temps4,retained,3,2023-01-05,2023-10-19,2023-11-16,0.95,Hypothetical historical replay,9,2,7,30.0,2,228195,204739,23456,0,0,0.8972107189026929,False,4483,171205,358464.0
full|extra3_ot0_temps4|retained|40.0|0|1,full,extra3_ot0_temps4,retained,1,2023-01-05,2023-10-19,2023-11-16,0.95,Hypothetical historical replay,9,0,9,40.0,2,228195,228050,145,0,0,0.9993645785402835,True,3463,24499,359664.0
full|extra3_ot0_temps4|retained|40.0|0|3,full,extra3_ot0_temps4,retained,3,2023-01-05,2023-10-19,2023-11-16,0.95,Hypothetical historical replay,9,0,9,40.0,2,228195,226729,1466,0,0,0.9935756699314183,True,3463,25956,357984.0
full|extra3_ot0_temps4|retained|40.0|1|1,full,extra3_ot0_temps4,retained,1,2023-01-05,2023-10-19,2023-11-16,0.95,Hypothetical historical replay,9,1,8,40.0,2,228195,227381,814,0,0,0.9964328753916606,True,3735,31758,360384.0
full|extra3_ot0_temps4|retained|40.0|1|3,full,extra3_ot0_temps4,retained,3,2023-01-05,2023-10-19,2023-11-16,0.95,Hypothetical historical replay,9,1,8,40.0,2,228195,225394,2801,0,0,0.9877254102850632,True,3735,34292,357984.0
full|extra3_ot0_temps4|retained|40.0|2|1,full,extra3_ot0_temps4,retained,1,2023-01-05,2023-10-19,2023-11-16,0.95,Hypothetical historical replay,9,2,7,40.0,2,228195,226293,1902,0,0,0.9916650233353054,True,4007,42571,361104.0
full|extra3_ot0_temps4|retained|40.0|2|3,full,extra3_ot0_temps4,retained,3,2023-01-05,2023-10-19,2023-11-16,0.95,Hypothetical historical replay,9,2,7,40.0,2,228195,223748,4447,0,0,0.9805122811630403,True,4007,46676,357984.0
full|extra3_ot0_temps4|retained|50.0|0|1,full,extra3_ot0_temps4,retained,1,2023-01-05,2023-10-19,2023-11-16,0.95,Hypothetical historical replay,9,0,9,50.0,2,228195,228195,0,0,0,1.0,True,2851,16629,357984.0
full|extra3_ot0_temps4|retained|50.0|0|3,full,extra3_ot0_temps4,retained,3,2023-01-05,2023-10-19,2023-11-16,0.95,Hypothetical historical replay,9,0,9,50.0,2,228195,228195,0,0,0,1.0,True,2851,16629,357984.0
full|extra3_ot0_temps4|retained|50.0|1|1,full,extra3_ot0_temps4,retained,1,2023-01-05,2023-10-19,2023-11-16,0.95,Hypothetical historical replay,9,1,8,50.0,2,228195,228195,0,0,0,1.0,True,3191,20316,358464.0
full|extra3_ot0_temps4|retained|50.0|1|3,full,extra3_ot0_temps4,retained,3,2023-01-05,2023-10-19,2023-11-16,0.95,Hypothetical historical replay,9,1,8,50.0,2,228195,227724,471,0,0,0.9979359758101624,True,3191,20787,357984.0
full|extra3_ot0_temps4|retained|50.0|2|1,full,extra3_ot0_temps4,retained,1,2023-01-05,2023-10-19,2023-11-16,0.95,Hypothetical historical replay,9,2,7,50.0,2,228195,228132,63,0,0,0.9997239203312956,True,3531,25651,359664.0
full|extra3_ot0_temps4|retained|50.0|2|3,full,extra3_ot0_temps4,retained,3,2023-01-05,2023-10-19,2023-11-16,0.95,Hypothetical historical replay,9,2,7,50.0,2,228195,226457,1738,0,0,0.9923837069173295,True,3531,27462,357984.0
full|extra3_ot0_temps4|deduplicated_sensitivity|30.0|0|1,full,extra3_ot0_temps4,deduplicated_sensitivity,1,2023-01-05,2023-10-19,2023-11-16,0.95,Hypothetical historical replay,9,0,9,30.0,2,215460,212576,2884,0,0,0.9866146848602989,True,4074,37261,360864.0
full|extra3_ot0_temps4|deduplicated_sensitivity|30.0|0|3,full,extra3_ot0_temps4,deduplicated_sensitivity,3,2023-01-05,2023-10-19,2023-11-16,0.95,Hypothetical historical replay,9,0,9,30.0,2,215460,210439,5021,0,0,0.9766963705560197,True,4074,41974,357984.0
full|extra3_ot0_temps4|deduplicated_sensitivity|30.0|1|1,full,extra3_ot0_temps4,deduplicated_sensitivity,1,2023-01-05,2023-10-19,2023-11-16,0.95,Hypothetical historical replay,9,1,8,30.0,2,215460,211352,4108,0,0,0.9809338160215353,True,4278,54946,363984.0
full|extra3_ot0_temps4|deduplicated_sensitivity|30.0|1|3,full,extra3_ot0_temps4,deduplicated_sensitivity,3,2023-01-05,2023-10-19,2023-11-16,0.95,Hypothetical historical replay,9,1,8,30.0,2,215460,207265,8195,0,0,0.9619650979300102,True,4278,71957,357984.0
full|extra3_ot0_temps4|deduplicated_sensitivity|30.0|2|1,full,extra3_ot0_temps4,deduplicated_sensitivity,1,2023-01-05,2023-10-19,2023-11-16,0.95,Hypothetical historical replay,9,2,7,30.0,2,215460,209524,5936,0,0,0.9724496426250813,True,4482,92501,367584.0
full|extra3_ot0_temps4|deduplicated_sensitivity|30.0|2|3,full,extra3_ot0_temps4,deduplicated_sensitivity,3,2023-01-05,2023-10-19,2023-11-16,0.95,Hypothetical historical replay,9,2,7,30.0,2,215460,197653,17807,0,0,0.9173535691079551,False,4482,131537,358464.0
full|extra3_ot0_temps4|deduplicated_sensitivity|40.0|0|1,full,extra3_ot0_temps4,deduplicated_sensitivity,1,2023-01-05,2023-10-19,2023-11-16,0.95,Hypothetical historical replay,9,0,9,40.0,2,215460,215316,144,0,0,0.9993316624895572,True,3462,16981,359664.0
full|extra3_ot0_temps4|deduplicated_sensitivity|40.0|0|3,full,extra3_ot0_temps4,deduplicated_sensitivity,3,2023-01-05,2023-10-19,2023-11-16,0.95,Hypothetical historical replay,9,0,9,40.0,2,215460,213995,1465,0,0,0.993200594077787,True,3462,18438,357984.0
full|extra3_ot0_temps4|deduplicated_sensitivity|40.0|1|1,full,extra3_ot0_temps4,deduplicated_sensitivity,1,2023-01-05,2023-10-19,2023-11-16,0.95,Hypothetical historical replay,9,1,8,40.0,2,215460,214647,813,0,0,0.9962266778056251,True,3734,23278,360384.0
full|extra3_ot0_temps4|deduplicated_sensitivity|40.0|1|3,full,extra3_ot0_temps4,deduplicated_sensitivity,3,2023-01-05,2023-10-19,2023-11-16,0.95,Hypothetical historical replay,9,1,8,40.0,2,215460,212660,2800,0,0,0.9870045484080572,True,3734,25652,357984.0
full|extra3_ot0_temps4|deduplicated_sensitivity|40.0|2|1,full,extra3_ot0_temps4,deduplicated_sensitivity,1,2023-01-05,2023-10-19,2023-11-16,0.95,Hypothetical historical replay,9,2,7,40.0,2,215460,213559,1901,0,0,0.9911770166156131,True,4006,32070,360864.0
full|extra3_ot0_temps4|deduplicated_sensitivity|40.0|2|3,full,extra3_ot0_temps4,deduplicated_sensitivity,3,2023-01-05,2023-10-19,2023-11-16,0.95,Hypothetical historical replay,9,2,7,40.0,2,215460,211028,4432,0,0,0.9794300566230391,True,4006,36126,357984.0
full|extra3_ot0_temps4|deduplicated_sensitivity|50.0|0|1,full,extra3_ot0_temps4,deduplicated_sensitivity,1,2023-01-05,2023-10-19,2023-11-16,0.95,Hypothetical historical replay,9,0,9,50.0,2,215460,215460,0,0,0,1.0,True,2850,11263,357984.0
full|extra3_ot0_temps4|deduplicated_sensitivity|50.0|0|3,full,extra3_ot0_temps4,deduplicated_sensitivity,3,2023-01-05,2023-10-19,2023-11-16,0.95,Hypothetical historical replay,9,0,9,50.0,2,215460,215460,0,0,0,1.0,True,2850,11263,357984.0
full|extra3_ot0_temps4|deduplicated_sensitivity|50.0|1|1,full,extra3_ot0_temps4,deduplicated_sensitivity,1,2023-01-05,2023-10-19,2023-11-16,0.95,Hypothetical historical replay,9,1,8,50.0,2,215460,215460,0,0,0,1.0,True,3190,13887,358464.0
full|extra3_ot0_temps4|deduplicated_sensitivity|50.0|1|3,full,extra3_ot0_temps4,deduplicated_sensitivity,3,2023-01-05,2023-10-19,2023-11-16,0.95,Hypothetical historical replay,9,1,8,50.0,2,215460,214990,470,0,0,0.9978186206256382,True,3190,14357,357984.0
full|extra3_ot0_temps4|deduplicated_sensitivity|50.0|2|1,full,extra3_ot0_temps4,deduplicated_sensitivity,1,2023-01-05,2023-10-19,2023-11-16,0.95,Hypothetical historical replay,9,2,7,50.0,2,215460,215398,62,0,0,0.9997122435718927,True,3530,17908,359664.0
full|extra3_ot0_temps4|deduplicated_sensitivity|50.0|2|3,full,extra3_ot0_temps4,deduplicated_sensitivity,3,2023-01-05,2023-10-19,2023-11-16,0.95,Hypothetical historical replay,9,2,7,50.0,2,215460,213723,1737,0,0,0.991938178780284,True,3530,19719,357984.0
full|extra3_ot2_temps0|retained|30.0|0|1,full,extra3_ot2_temps0,retained,1,2023-01-05,2023-10-19,2023-11-16,0.95,Hypothetical historical replay,9,0,9,30.0,2,228195,224731,3464,0,0,0.9848200004382217,True,4075,49616,360030.0
full|extra3_ot2_temps0|retained|30.0|0|3,full,extra3_ot2_temps0,retained,3,2023-01-05,2023-10-19,2023-11-16,0.95,Hypothetical historical replay,9,0,9,30.0,2,228195,224731,3464,0,0,0.9848200004382217,True,4075,49616,360030.0
full|extra3_ot2_temps0|retained|30.0|1|1,full,extra3_ot2_temps0,retained,1,2023-01-05,2023-10-19,2023-11-16,0.95,Hypothetical historical replay,9,1,8,30.0,2,228195,222692,5503,0,0,0.975884660049519,True,4279,76198,362736.0
full|extra3_ot2_temps0|retained|30.0|1|3,full,extra3_ot2_temps0,retained,3,2023-01-05,2023-10-19,2023-11-16,0.95,Hypothetical historical replay,9,1,8,30.0,2,228195,222692,5503,0,0,0.975884660049519,True,4279,76198,362736.0
full|extra3_ot2_temps0|retained|30.0|2|1,full,extra3_ot2_temps0,retained,1,2023-01-05,2023-10-19,2023-11-16,0.95,Hypothetical historical replay,9,2,7,30.0,2,228195,217617,10578,0,0,0.9536449089594425,True,4483,135172,365772.0
full|extra3_ot2_temps0|retained|30.0|2|3,full,extra3_ot2_temps0,retained,3,2023-01-05,2023-10-19,2023-11-16,0.95,Hypothetical historical replay,9,2,7,30.0,2,228195,217617,10578,0,0,0.9536449089594425,True,4483,135172,365772.0
full|extra3_ot2_temps0|retained|40.0|0|1,full,extra3_ot2_temps0,retained,1,2023-01-05,2023-10-19,2023-11-16,0.95,Hypothetical historical replay,9,0,9,40.0,2,228195,227792,403,0,0,0.9982339665636846,True,3463,24868,359040.0
full|extra3_ot2_temps0|retained|40.0|0|3,full,extra3_ot2_temps0,retained,3,2023-01-05,2023-10-19,2023-11-16,0.95,Hypothetical historical replay,9,0,9,40.0,2,228195,227792,403,0,0,0.9982339665636846,True,3463,24868,359040.0
full|extra3_ot2_temps0|retained|40.0|1|1,full,extra3_ot2_temps0,retained,1,2023-01-05,2023-10-19,2023-11-16,0.95,Hypothetical historical replay,9,1,8,40.0,2,228195,226729,1466,0,0,0.9935756699314183,True,3735,32660,359304.0
full|extra3_ot2_temps0|retained|40.0|1|3,full,extra3_ot2_temps0,retained,3,2023-01-05,2023-10-19,2023-11-16,0.95,Hypothetical historical replay,9,1,8,40.0,2,228195,226729,1466,0,0,0.9935756699314183,True,3735,32660,359304.0
full|extra3_ot2_temps0|retained|40.0|2|1,full,extra3_ot2_temps0,retained,1,2023-01-05,2023-10-19,2023-11-16,0.95,Hypothetical historical replay,9,2,7,40.0,2,228195,225190,3005,0,0,0.9868314380244966,True,4007,44147,359403.0
full|extra3_ot2_temps0|retained|40.0|2|3,full,extra3_ot2_temps0,retained,3,2023-01-05,2023-10-19,2023-11-16,0.95,Hypothetical historical replay,9,2,7,40.0,2,228195,225190,3005,0,0,0.9868314380244966,True,4007,44147,359403.0
full|extra3_ot2_temps0|retained|50.0|0|1,full,extra3_ot2_temps0,retained,1,2023-01-05,2023-10-19,2023-11-16,0.95,Hypothetical historical replay,9,0,9,50.0,2,228195,228195,0,0,0,1.0,True,2851,16629,357984.0
full|extra3_ot2_temps0|retained|50.0|0|3,full,extra3_ot2_temps0,retained,3,2023-01-05,2023-10-19,2023-11-16,0.95,Hypothetical historical replay,9,0,9,50.0,2,228195,228195,0,0,0,1.0,True,2851,16629,357984.0
full|extra3_ot2_temps0|retained|50.0|1|1,full,extra3_ot2_temps0,retained,1,2023-01-05,2023-10-19,2023-11-16,0.95,Hypothetical historical replay,9,1,8,50.0,2,228195,228195,0,0,0,1.0,True,3191,20316,358380.0
full|extra3_ot2_temps0|retained|50.0|1|3,full,extra3_ot2_temps0,retained,3,2023-01-05,2023-10-19,2023-11-16,0.95,Hypothetical historical replay,9,1,8,50.0,2,228195,228195,0,0,0,1.0,True,3191,20316,358380.0
full|extra3_ot2_temps0|retained|50.0|2|1,full,extra3_ot2_temps0,retained,1,2023-01-05,2023-10-19,2023-11-16,0.95,Hypothetical historical replay,9,2,7,50.0,2,228195,227639,556,0,0,0.9975634873682596,True,3531,26272,358908.0
full|extra3_ot2_temps0|retained|50.0|2|3,full,extra3_ot2_temps0,retained,3,2023-01-05,2023-10-19,2023-11-16,0.95,Hypothetical historical replay,9,2,7,50.0,2,228195,227639,556,0,0,0.9975634873682596,True,3531,26272,358908.0
full|extra3_ot2_temps0|deduplicated_sensitivity|30.0|0|1,full,extra3_ot2_temps0,deduplicated_sensitivity,1,2023-01-05,2023-10-19,2023-11-16,0.95,Hypothetical historical replay,9,0,9,30.0,2,215460,211997,3463,0,0,0.9839274111203936,True,4074,38033,359766.0
full|extra3_ot2_temps0|deduplicated_sensitivity|30.0|0|3,full,extra3_ot2_temps0,deduplicated_sensitivity,3,2023-01-05,2023-10-19,2023-11-16,0.95,Hypothetical historical replay,9,0,9,30.0,2,215460,211997,3463,0,0,0.9839274111203936,True,4074,38033,359766.0
full|extra3_ot2_temps0|deduplicated_sensitivity|30.0|1|1,full,extra3_ot2_temps0,deduplicated_sensitivity,1,2023-01-05,2023-10-19,2023-11-16,0.95,Hypothetical historical replay,9,1,8,30.0,2,215460,210439,5021,0,0,0.9766963705560197,True,4278,57430,361944.0
full|extra3_ot2_temps0|deduplicated_sensitivity|30.0|1|3,full,extra3_ot2_temps0,deduplicated_sensitivity,3,2023-01-05,2023-10-19,2023-11-16,0.95,Hypothetical historical replay,9,1,8,30.0,2,215460,210439,5021,0,0,0.9766963705560197,True,4278,57430,361944.0
full|extra3_ot2_temps0|deduplicated_sensitivity|30.0|2|1,full,extra3_ot2_temps0,deduplicated_sensitivity,1,2023-01-05,2023-10-19,2023-11-16,0.95,Hypothetical historical replay,9,2,7,30.0,2,215460,206806,8654,0,0,0.9598347721154739,True,4482,105390,363627.0
full|extra3_ot2_temps0|deduplicated_sensitivity|30.0|2|3,full,extra3_ot2_temps0,deduplicated_sensitivity,3,2023-01-05,2023-10-19,2023-11-16,0.95,Hypothetical historical replay,9,2,7,30.0,2,215460,206806,8654,0,0,0.9598347721154739,True,4482,105390,363627.0
full|extra3_ot2_temps0|deduplicated_sensitivity|40.0|0|1,full,extra3_ot2_temps0,deduplicated_sensitivity,1,2023-01-05,2023-10-19,2023-11-16,0.95,Hypothetical historical replay,9,0,9,40.0,2,215460,215058,402,0,0,0.9981342244500139,True,3462,17350,359040.0
full|extra3_ot2_temps0|deduplicated_sensitivity|40.0|0|3,full,extra3_ot2_temps0,deduplicated_sensitivity,3,2023-01-05,2023-10-19,2023-11-16,0.95,Hypothetical historical replay,9,0,9,40.0,2,215460,215058,402,0,0,0.9981342244500139,True,3462,17350,359040.0
full|extra3_ot2_temps0|deduplicated_sensitivity|40.0|1|1,full,extra3_ot2_temps0,deduplicated_sensitivity,1,2023-01-05,2023-10-19,2023-11-16,0.95,Hypothetical historical replay,9,1,8,40.0,2,215460,213995,1465,0,0,0.993200594077787,True,3734,24020,359304.0
full|extra3_ot2_temps0|deduplicated_sensitivity|40.0|1|3,full,extra3_ot2_temps0,deduplicated_sensitivity,3,2023-01-05,2023-10-19,2023-11-16,0.95,Hypothetical historical replay,9,1,8,40.0,2,215460,213995,1465,0,0,0.993200594077787,True,3734,24020,359304.0
full|extra3_ot2_temps0|deduplicated_sensitivity|40.0|2|1,full,extra3_ot2_temps0,deduplicated_sensitivity,1,2023-01-05,2023-10-19,2023-11-16,0.95,Hypothetical historical replay,9,2,7,40.0,2,215460,212456,3004,0,0,0.9860577369349299,True,4006,33628,359370.0
full|extra3_ot2_temps0|deduplicated_sensitivity|40.0|2|3,full,extra3_ot2_temps0,deduplicated_sensitivity,3,2023-01-05,2023-10-19,2023-11-16,0.95,Hypothetical historical replay,9,2,7,40.0,2,215460,212456,3004,0,0,0.9860577369349299,True,4006,33628,359370.0
full|extra3_ot2_temps0|deduplicated_sensitivity|50.0|0|1,full,extra3_ot2_temps0,deduplicated_sensitivity,1,2023-01-05,2023-10-19,2023-11-16,0.95,Hypothetical historical replay,9,0,9,50.0,2,215460,215460,0,0,0,1.0,True,2850,11263,357984.0
full|extra3_ot2_temps0|deduplicated_sensitivity|50.0|0|3,full,extra3_ot2_temps0,deduplicated_sensitivity,3,2023-01-05,2023-10-19,2023-11-16,0.95,Hypothetical historical replay,9,0,9,50.0,2,215460,215460,0,0,0,1.0,True,2850,11263,357984.0
full|extra3_ot2_temps0|deduplicated_sensitivity|50.0|1|1,full,extra3_ot2_temps0,deduplicated_sensitivity,1,2023-01-05,2023-10-19,2023-11-16,0.95,Hypothetical historical replay,9,1,8,50.0,2,215460,215460,0,0,0,1.0,True,3190,13887,358380.0
full|extra3_ot2_temps0|deduplicated_sensitivity|50.0|1|3,full,extra3_ot2_temps0,deduplicated_sensitivity,3,2023-01-05,2023-10-19,2023-11-16,0.95,Hypothetical historical replay,9,1,8,50.0,2,215460,215460,0,0,0,1.0,True,3190,13887,358380.0
full|extra3_ot2_temps0|deduplicated_sensitivity|50.0|2|1,full,extra3_ot2_temps0,deduplicated_sensitivity,1,2023-01-05,2023-10-19,2023-11-16,0.95,Hypothetical historical replay,9,2,7,50.0,2,215460,214905,555,0,0,0.9974241158451684,True,3530,18529,358908.0
full|extra3_ot2_temps0|deduplicated_sensitivity|50.0|2|3,full,extra3_ot2_temps0,deduplicated_sensitivity,3,2023-01-05,2023-10-19,2023-11-16,0.95,Hypothetical historical replay,9,2,7,50.0,2,215460,214905,555,0,0,0.9974241158451684,True,3530,18529,358908.0
full|extra3_ot2_temps2|retained|30.0|0|1,full,extra3_ot2_temps2,retained,1,2023-01-05,2023-10-19,2023-11-16,0.95,Hypothetical historical replay,9,0,9,30.0,2,228195,225709,2486,0,0,0.9891058086285852,True,4075,48312,361686.0
full|extra3_ot2_temps2|retained|30.0|0|3,full,extra3_ot2_temps2,retained,3,2023-01-05,2023-10-19,2023-11-16,0.95,Hypothetical historical replay,9,0,9,30.0,2,228195,224731,3464,0,0,0.9848200004382217,True,4075,49616,360030.0
full|extra3_ot2_temps2|retained|30.0|1|1,full,extra3_ot2_temps2,retained,1,2023-01-05,2023-10-19,2023-11-16,0.95,Hypothetical historical replay,9,1,8,30.0,2,228195,224332,3863,0,0,0.9830714958697605,True,4279,71721,364953.0
full|extra3_ot2_temps2|retained|30.0|1|3,full,extra3_ot2_temps2,retained,3,2023-01-05,2023-10-19,2023-11-16,0.95,Hypothetical historical replay,9,1,8,30.0,2,228195,222692,5503,0,0,0.975884660049519,True,4279,76198,362736.0
full|extra3_ot2_temps2|retained|30.0|2|1,full,extra3_ot2_temps2,retained,1,2023-01-05,2023-10-19,2023-11-16,0.95,Hypothetical historical replay,9,2,7,30.0,2,228195,221557,6638,0,0,0.9709108437958763,True,4483,117555,370920.0
full|extra3_ot2_temps2|retained|30.0|2|3,full,extra3_ot2_temps2,retained,3,2023-01-05,2023-10-19,2023-11-16,0.95,Hypothetical historical replay,9,2,7,30.0,2,228195,217617,10578,0,0,0.9536449089594425,True,4483,134846,366252.0
full|extra3_ot2_temps2|retained|40.0|0|1,full,extra3_ot2_temps2,retained,1,2023-01-05,2023-10-19,2023-11-16,0.95,Hypothetical historical replay,9,0,9,40.0,2,228195,228195,0,0,0,1.0,True,3463,24472,359571.0
full|extra3_ot2_temps2|retained|40.0|0|3,full,extra3_ot2_temps2,retained,3,2023-01-05,2023-10-19,2023-11-16,0.95,Hypothetical historical replay,9,0,9,40.0,2,228195,227792,403,0,0,0.9982339665636846,True,3463,24868,359040.0
full|extra3_ot2_temps2|retained|40.0|1|1,full,extra3_ot2_temps2,retained,1,2023-01-05,2023-10-19,2023-11-16,0.95,Hypothetical historical replay,9,1,8,40.0,2,228195,227599,596,0,0,0.9973881986897172,True,3735,31540,360480.0
full|extra3_ot2_temps2|retained|40.0|1|3,full,extra3_ot2_temps2,retained,3,2023-01-05,2023-10-19,2023-11-16,0.95,Hypothetical historical replay,9,1,8,40.0,2,228195,226729,1466,0,0,0.9935756699314183,True,3735,32660,359304.0
full|extra3_ot2_temps2|retained|40.0|2|1,full,extra3_ot2_temps2,retained,1,2023-01-05,2023-10-19,2023-11-16,0.95,Hypothetical historical replay,9,2,7,40.0,2,228195,226375,1820,0,0,0.9920243651263174,True,4007,42611,360951.0
full|extra3_ot2_temps2|retained|40.0|2|3,full,extra3_ot2_temps2,retained,3,2023-01-05,2023-10-19,2023-11-16,0.95,Hypothetical historical replay,9,2,7,40.0,2,228195,225190,3005,0,0,0.9868314380244966,True,4007,44147,359403.0
full|extra3_ot2_temps2|retained|50.0|0|1,full,extra3_ot2_temps2,retained,1,2023-01-05,2023-10-19,2023-11-16,0.95,Hypothetical historical replay,9,0,9,50.0,2,228195,228195,0,0,0,1.0,True,2851,16629,357984.0
full|extra3_ot2_temps2|retained|50.0|0|3,full,extra3_ot2_temps2,retained,3,2023-01-05,2023-10-19,2023-11-16,0.95,Hypothetical historical replay,9,0,9,50.0,2,228195,228195,0,0,0,1.0,True,2851,16629,357984.0
full|extra3_ot2_temps2|retained|50.0|1|1,full,extra3_ot2_temps2,retained,1,2023-01-05,2023-10-19,2023-11-16,0.95,Hypothetical historical replay,9,1,8,50.0,2,228195,228195,0,0,0,1.0,True,3191,20316,358464.0
full|extra3_ot2_temps2|retained|50.0|1|3,full,extra3_ot2_temps2,retained,3,2023-01-05,2023-10-19,2023-11-16,0.95,Hypothetical historical replay,9,1,8,50.0,2,228195,228195,0,0,0,1.0,True,3191,20316,358380.0
full|extra3_ot2_temps2|retained|50.0|2|1,full,extra3_ot2_temps2,retained,1,2023-01-05,2023-10-19,2023-11-16,0.95,Hypothetical historical replay,9,2,7,50.0,2,228195,228183,12,0,0,0.9999474133964372,True,3531,25694,359472.0
full|extra3_ot2_temps2|retained|50.0|2|3,full,extra3_ot2_temps2,retained,3,2023-01-05,2023-10-19,2023-11-16,0.95,Hypothetical historical replay,9,2,7,50.0,2,228195,227639,556,0,0,0.9975634873682596,True,3531,26272,358908.0
full|extra3_ot2_temps2|deduplicated_sensitivity|30.0|0|1,full,extra3_ot2_temps2,deduplicated_sensitivity,1,2023-01-05,2023-10-19,2023-11-16,0.95,Hypothetical historical replay,9,0,9,30.0,2,215460,212975,2485,0,0,0.9884665367121508,True,4074,36729,361206.0
full|extra3_ot2_temps2|deduplicated_sensitivity|30.0|0|3,full,extra3_ot2_temps2,deduplicated_sensitivity,3,2023-01-05,2023-10-19,2023-11-16,0.95,Hypothetical historical replay,9,0,9,30.0,2,215460,211997,3463,0,0,0.9839274111203936,True,4074,38033,359766.0
full|extra3_ot2_temps2|deduplicated_sensitivity|30.0|1|1,full,extra3_ot2_temps2,deduplicated_sensitivity,1,2023-01-05,2023-10-19,2023-11-16,0.95,Hypothetical historical replay,9,1,8,30.0,2,215460,211598,3862,0,0,0.9820755592685417,True,4278,54618,363441.0
full|extra3_ot2_temps2|deduplicated_sensitivity|30.0|1|3,full,extra3_ot2_temps2,deduplicated_sensitivity,3,2023-01-05,2023-10-19,2023-11-16,0.95,Hypothetical historical replay,9,1,8,30.0,2,215460,210439,5021,0,0,0.9766963705560197,True,4278,57430,361944.0
full|extra3_ot2_temps2|deduplicated_sensitivity|30.0|2|1,full,extra3_ot2_temps2,deduplicated_sensitivity,1,2023-01-05,2023-10-19,2023-11-16,0.95,Hypothetical historical replay,9,2,7,30.0,2,215460,209710,5750,0,0,0.9733129119094032,True,4482,91677,366885.0
full|extra3_ot2_temps2|deduplicated_sensitivity|30.0|2|3,full,extra3_ot2_temps2,deduplicated_sensitivity,3,2023-01-05,2023-10-19,2023-11-16,0.95,Hypothetical historical replay,9,2,7,30.0,2,215460,206806,8654,0,0,0.9598347721154739,True,4482,105064,364107.0
full|extra3_ot2_temps2|deduplicated_sensitivity|40.0|0|1,full,extra3_ot2_temps2,deduplicated_sensitivity,1,2023-01-05,2023-10-19,2023-11-16,0.95,Hypothetical historical replay,9,0,9,40.0,2,215460,215460,0,0,0,1.0,True,3462,16955,359571.0
full|extra3_ot2_temps2|deduplicated_sensitivity|40.0|0|3,full,extra3_ot2_temps2,deduplicated_sensitivity,3,2023-01-05,2023-10-19,2023-11-16,0.95,Hypothetical historical replay,9,0,9,40.0,2,215460,215058,402,0,0,0.9981342244500139,True,3462,17350,359040.0
full|extra3_ot2_temps2|deduplicated_sensitivity|40.0|1|1,full,extra3_ot2_temps2,deduplicated_sensitivity,1,2023-01-05,2023-10-19,2023-11-16,0.95,Hypothetical historical replay,9,1,8,40.0,2,215460,214865,595,0,0,0.9972384665367121,True,3734,23060,360480.0
full|extra3_ot2_temps2|deduplicated_sensitivity|40.0|1|3,full,extra3_ot2_temps2,deduplicated_sensitivity,3,2023-01-05,2023-10-19,2023-11-16,0.95,Hypothetical historical replay,9,1,8,40.0,2,215460,213995,1465,0,0,0.993200594077787,True,3734,24020,359304.0
full|extra3_ot2_temps2|deduplicated_sensitivity|40.0|2|1,full,extra3_ot2_temps2,deduplicated_sensitivity,1,2023-01-05,2023-10-19,2023-11-16,0.95,Hypothetical historical replay,9,2,7,40.0,2,215460,213641,1819,0,0,0.9915575976979486,True,4006,32092,360711.0
full|extra3_ot2_temps2|deduplicated_sensitivity|40.0|2|3,full,extra3_ot2_temps2,deduplicated_sensitivity,3,2023-01-05,2023-10-19,2023-11-16,0.95,Hypothetical historical replay,9,2,7,40.0,2,215460,212456,3004,0,0,0.9860577369349299,True,4006,33628,359370.0
full|extra3_ot2_temps2|deduplicated_sensitivity|50.0|0|1,full,extra3_ot2_temps2,deduplicated_sensitivity,1,2023-01-05,2023-10-19,2023-11-16,0.95,Hypothetical historical replay,9,0,9,50.0,2,215460,215460,0,0,0,1.0,True,2850,11263,357984.0
full|extra3_ot2_temps2|deduplicated_sensitivity|50.0|0|3,full,extra3_ot2_temps2,deduplicated_sensitivity,3,2023-01-05,2023-10-19,2023-11-16,0.95,Hypothetical historical replay,9,0,9,50.0,2,215460,215460,0,0,0,1.0,True,2850,11263,357984.0
full|extra3_ot2_temps2|deduplicated_sensitivity|50.0|1|1,full,extra3_ot2_temps2,deduplicated_sensitivity,1,2023-01-05,2023-10-19,2023-11-16,0.95,Hypothetical historical replay,9,1,8,50.0,2,215460,215460,0,0,0,1.0,True,3190,13887,358464.0
full|extra3_ot2_temps2|deduplicated_sensitivity|50.0|1|3,full,extra3_ot2_temps2,deduplicated_sensitivity,3,2023-01-05,2023-10-19,2023-11-16,0.95,Hypothetical historical replay,9,1,8,50.0,2,215460,215460,0,0,0,1.0,True,3190,13887,358380.0
full|extra3_ot2_temps2|deduplicated_sensitivity|50.0|2|1,full,extra3_ot2_temps2,deduplicated_sensitivity,1,2023-01-05,2023-10-19,2023-11-16,0.95,Hypothetical historical replay,9,2,7,50.0,2,215460,215449,11,0,0,0.9999489464401745,True,3530,17951,359472.0
full|extra3_ot2_temps2|deduplicated_sensitivity|50.0|2|3,full,extra3_ot2_temps2,deduplicated_sensitivity,3,2023-01-05,2023-10-19,2023-11-16,0.95,Hypothetical historical replay,9,2,7,50.0,2,215460,214905,555,0,0,0.9974241158451684,True,3530,18529,358908.0
full|extra3_ot2_temps4|retained|30.0|0|1,full,extra3_ot2_temps4,retained,1,2023-01-05,2023-10-19,2023-11-16,0.95,Hypothetical historical replay,9,0,9,30.0,2,228195,226503,1692,0,0,0.9925852888976533,True,4075,47366,362895.0
full|extra3_ot2_temps4|retained|30.0|0|3,full,extra3_ot2_temps4,retained,3,2023-01-05,2023-10-19,2023-11-16,0.95,Hypothetical historical replay,9,0,9,30.0,2,228195,224731,3464,0,0,0.9848200004382217,True,4075,49616,360030.0
full|extra3_ot2_temps4|retained|30.0|1|1,full,extra3_ot2_temps4,retained,1,2023-01-05,2023-10-19,2023-11-16,0.95,Hypothetical historical replay,9,1,8,30.0,2,228195,225310,2885,0,0,0.987357304060124,True,4279,70417,365841.0
full|extra3_ot2_temps4|retained|30.0|1|3,full,extra3_ot2_temps4,retained,3,2023-01-05,2023-10-19,2023-11-16,0.95,Hypothetical historical replay,9,1,8,30.0,2,228195,222692,5503,0,0,0.975884660049519,True,4279,76198,362736.0
full|extra3_ot2_temps4|retained|30.0|2|1,full,extra3_ot2_temps4,retained,1,2023-01-05,2023-10-19,2023-11-16,0.95,Hypothetical historical replay,9,2,7,30.0,2,228195,223671,4524,0,0,0.9801748504568462,True,4483,109080,373311.0
full|extra3_ot2_temps4|retained|30.0|2|3,full,extra3_ot2_temps4,retained,3,2023-01-05,2023-10-19,2023-11-16,0.95,Hypothetical historical replay,9,2,7,30.0,2,228195,217617,10578,0,0,0.9536449089594425,True,4483,134846,366252.0
full|extra3_ot2_temps4|retained|40.0|0|1,full,extra3_ot2_temps4,retained,1,2023-01-05,2023-10-19,2023-11-16,0.95,Hypothetical historical replay,9,0,9,40.0,2,228195,228195,0,0,0,1.0,True,3463,24354,359829.0
full|extra3_ot2_temps4|retained|40.0|0|3,full,extra3_ot2_temps4,retained,3,2023-01-05,2023-10-19,2023-11-16,0.95,Hypothetical historical replay,9,0,9,40.0,2,228195,227792,403,0,0,0.9982339665636846,True,3463,24868,359040.0
full|extra3_ot2_temps4|retained|40.0|1|1,full,extra3_ot2_temps4,retained,1,2023-01-05,2023-10-19,2023-11-16,0.95,Hypothetical historical replay,9,1,8,40.0,2,228195,228050,145,0,0,0.9993645785402835,True,3735,31078,361044.0
full|extra3_ot2_temps4|retained|40.0|1|3,full,extra3_ot2_temps4,retained,3,2023-01-05,2023-10-19,2023-11-16,0.95,Hypothetical historical replay,9,1,8,40.0,2,228195,226729,1466,0,0,0.9935756699314183,True,3735,32660,359304.0
full|extra3_ot2_temps4|retained|40.0|2|1,full,extra3_ot2_temps4,retained,1,2023-01-05,2023-10-19,2023-11-16,0.95,Hypothetical historical replay,9,2,7,40.0,2,228195,227245,950,0,0,0.9958368938846163,True,4007,41619,362028.0
full|extra3_ot2_temps4|retained|40.0|2|3,full,extra3_ot2_temps4,retained,3,2023-01-05,2023-10-19,2023-11-16,0.95,Hypothetical historical replay,9,2,7,40.0,2,228195,225190,3005,0,0,0.9868314380244966,True,4007,44147,359403.0
full|extra3_ot2_temps4|retained|50.0|0|1,full,extra3_ot2_temps4,retained,1,2023-01-05,2023-10-19,2023-11-16,0.95,Hypothetical historical replay,9,0,9,50.0,2,228195,228195,0,0,0,1.0,True,2851,16629,357984.0
full|extra3_ot2_temps4|retained|50.0|0|3,full,extra3_ot2_temps4,retained,3,2023-01-05,2023-10-19,2023-11-16,0.95,Hypothetical historical replay,9,0,9,50.0,2,228195,228195,0,0,0,1.0,True,2851,16629,357984.0
full|extra3_ot2_temps4|retained|50.0|1|1,full,extra3_ot2_temps4,retained,1,2023-01-05,2023-10-19,2023-11-16,0.95,Hypothetical historical replay,9,1,8,50.0,2,228195,228195,0,0,0,1.0,True,3191,20316,358464.0
full|extra3_ot2_temps4|retained|50.0|1|3,full,extra3_ot2_temps4,retained,3,2023-01-05,2023-10-19,2023-11-16,0.95,Hypothetical historical replay,9,1,8,50.0,2,228195,228195,0,0,0,1.0,True,3191,20316,358380.0
full|extra3_ot2_temps4|retained|50.0|2|1,full,extra3_ot2_temps4,retained,1,2023-01-05,2023-10-19,2023-11-16,0.95,Hypothetical historical replay,9,2,7,50.0,2,228195,228195,0,0,0,1.0,True,3531,25588,359730.0
full|extra3_ot2_temps4|retained|50.0|2|3,full,extra3_ot2_temps4,retained,3,2023-01-05,2023-10-19,2023-11-16,0.95,Hypothetical historical replay,9,2,7,50.0,2,228195,227639,556,0,0,0.9975634873682596,True,3531,26272,358908.0
full|extra3_ot2_temps4|deduplicated_sensitivity|30.0|0|1,full,extra3_ot2_temps4,deduplicated_sensitivity,1,2023-01-05,2023-10-19,2023-11-16,0.95,Hypothetical historical replay,9,0,9,30.0,2,215460,213769,1691,0,0,0.9921516754850088,True,4074,35783,362415.0
full|extra3_ot2_temps4|deduplicated_sensitivity|30.0|0|3,full,extra3_ot2_temps4,deduplicated_sensitivity,3,2023-01-05,2023-10-19,2023-11-16,0.95,Hypothetical historical replay,9,0,9,30.0,2,215460,211997,3463,0,0,0.9839274111203936,True,4074,38033,359766.0
full|extra3_ot2_temps4|deduplicated_sensitivity|30.0|1|1,full,extra3_ot2_temps4,deduplicated_sensitivity,1,2023-01-05,2023-10-19,2023-11-16,0.95,Hypothetical historical replay,9,1,8,30.0,2,215460,212576,2884,0,0,0.9866146848602989,True,4278,53314,364128.0
full|extra3_ot2_temps4|deduplicated_sensitivity|30.0|1|3,full,extra3_ot2_temps4,deduplicated_sensitivity,3,2023-01-05,2023-10-19,2023-11-16,0.95,Hypothetical historical replay,9,1,8,30.0,2,215460,210439,5021,0,0,0.9766963705560197,True,4278,57430,361944.0
full|extra3_ot2_temps4|deduplicated_sensitivity|30.0|2|1,full,extra3_ot2_temps4,deduplicated_sensitivity,1,2023-01-05,2023-10-19,2023-11-16,0.95,Hypothetical historical replay,9,2,7,30.0,2,215460,211199,4261,0,0,0.9802237074166898,True,4482,86016,368340.0
full|extra3_ot2_temps4|deduplicated_sensitivity|30.0|2|3,full,extra3_ot2_temps4,deduplicated_sensitivity,3,2023-01-05,2023-10-19,2023-11-16,0.95,Hypothetical historical replay,9,2,7,30.0,2,215460,206806,8654,0,0,0.9598347721154739,True,4482,105064,364107.0
full|extra3_ot2_temps4|deduplicated_sensitivity|40.0|0|1,full,extra3_ot2_temps4,deduplicated_sensitivity,1,2023-01-05,2023-10-19,2023-11-16,0.95,Hypothetical historical replay,9,0,9,40.0,2,215460,215460,0,0,0,1.0,True,3462,16837,359829.0
full|extra3_ot2_temps4|deduplicated_sensitivity|40.0|0|3,full,extra3_ot2_temps4,deduplicated_sensitivity,3,2023-01-05,2023-10-19,2023-11-16,0.95,Hypothetical historical replay,9,0,9,40.0,2,215460,215058,402,0,0,0.9981342244500139,True,3462,17350,359040.0
full|extra3_ot2_temps4|deduplicated_sensitivity|40.0|1|1,full,extra3_ot2_temps4,deduplicated_sensitivity,1,2023-01-05,2023-10-19,2023-11-16,0.95,Hypothetical historical replay,9,1,8,40.0,2,215460,215316,144,0,0,0.9993316624895572,True,3734,22598,361044.0
full|extra3_ot2_temps4|deduplicated_sensitivity|40.0|1|3,full,extra3_ot2_temps4,deduplicated_sensitivity,3,2023-01-05,2023-10-19,2023-11-16,0.95,Hypothetical historical replay,9,1,8,40.0,2,215460,213995,1465,0,0,0.993200594077787,True,3734,24020,359304.0
full|extra3_ot2_temps4|deduplicated_sensitivity|40.0|2|1,full,extra3_ot2_temps4,deduplicated_sensitivity,1,2023-01-05,2023-10-19,2023-11-16,0.95,Hypothetical historical replay,9,2,7,40.0,2,215460,214511,949,0,0,0.9955954701568737,True,4006,31118,361788.0
full|extra3_ot2_temps4|deduplicated_sensitivity|40.0|2|3,full,extra3_ot2_temps4,deduplicated_sensitivity,3,2023-01-05,2023-10-19,2023-11-16,0.95,Hypothetical historical replay,9,2,7,40.0,2,215460,212456,3004,0,0,0.9860577369349299,True,4006,33628,359370.0
full|extra3_ot2_temps4|deduplicated_sensitivity|50.0|0|1,full,extra3_ot2_temps4,deduplicated_sensitivity,1,2023-01-05,2023-10-19,2023-11-16,0.95,Hypothetical historical replay,9,0,9,50.0,2,215460,215460,0,0,0,1.0,True,2850,11263,357984.0
full|extra3_ot2_temps4|deduplicated_sensitivity|50.0|0|3,full,extra3_ot2_temps4,deduplicated_sensitivity,3,2023-01-05,2023-10-19,2023-11-16,0.95,Hypothetical historical replay,9,0,9,50.0,2,215460,215460,0,0,0,1.0,True,2850,11263,357984.0
full|extra3_ot2_temps4|deduplicated_sensitivity|50.0|1|1,full,extra3_ot2_temps4,deduplicated_sensitivity,1,2023-01-05,2023-10-19,2023-11-16,0.95,Hypothetical historical replay,9,1,8,50.0,2,215460,215460,0,0,0,1.0,True,3190,13887,358464.0
full|extra3_ot2_temps4|deduplicated_sensitivity|50.0|1|3,full,extra3_ot2_temps4,deduplicated_sensitivity,3,2023-01-05,2023-10-19,2023-11-16,0.95,Hypothetical historical replay,9,1,8,50.0,2,215460,215460,0,0,0,1.0,True,3190,13887,358380.0
full|extra3_ot2_temps4|deduplicated_sensitivity|50.0|2|1,full,extra3_ot2_temps4,deduplicated_sensitivity,1,2023-01-05,2023-10-19,2023-11-16,0.95,Hypothetical historical replay,9,2,7,50.0,2,215460,215460,0,0,0,1.0,True,3530,17846,359730.0
full|extra3_ot2_temps4|deduplicated_sensitivity|50.0|2|3,full,extra3_ot2_temps4,deduplicated_sensitivity,3,2023-01-05,2023-10-19,2023-11-16,0.95,Hypothetical historical replay,9,2,7,50.0,2,215460,214905,555,0,0,0.9974241158451684,True,3530,18529,358908.0
full|extra4_ot0_temps0|retained|30.0|0|1,full,extra4_ot0_temps0,retained,1,2023-01-05,2023-10-19,2023-11-16,0.95,Hypothetical historical replay,10,0,10,30.0,2,228195,224578,3617,0,0,0.9841495212427968,True,3871,39504,397760.0
full|extra4_ot0_temps0|retained|30.0|0|3,full,extra4_ot0_temps0,retained,3,2023-01-05,2023-10-19,2023-11-16,0.95,Hypothetical historical replay,10,0,10,30.0,2,228195,224578,3617,0,0,0.9841495212427968,True,3871,39504,397760.0
full|extra4_ot0_temps0|retained|30.0|1|1,full,extra4_ot0_temps0,retained,1,2023-01-05,2023-10-19,2023-11-16,0.95,Hypothetical historical replay,10,1,9,30.0,2,228195,222896,5299,0,0,0.9767786323100857,True,4075,54283,397760.0
full|extra4_ot0_temps0|retained|30.0|1|3,full,extra4_ot0_temps0,retained,3,2023-01-05,2023-10-19,2023-11-16,0.95,Hypothetical historical replay,10,1,9,30.0,2,228195,222896,5299,0,0,0.9767786323100857,True,4075,54283,397760.0
full|extra4_ot0_temps0|retained|30.0|2|1,full,extra4_ot0_temps0,retained,1,2023-01-05,2023-10-19,2023-11-16,0.95,Hypothetical historical replay,10,2,8,30.0,2,228195,218629,9566,0,0,0.9580797125265672,True,4279,93937,397760.0
full|extra4_ot0_temps0|retained|30.0|2|3,full,extra4_ot0_temps0,retained,3,2023-01-05,2023-10-19,2023-11-16,0.95,Hypothetical historical replay,10,2,8,30.0,2,228195,218629,9566,0,0,0.9580797125265672,True,4279,93937,397760.0
full|extra4_ot0_temps0|retained|40.0|0|1,full,extra4_ot0_temps0,retained,1,2023-01-05,2023-10-19,2023-11-16,0.95,Hypothetical historical replay,10,0,10,40.0,2,228195,227724,471,0,0,0.9979359758101624,True,3191,20787,397760.0
full|extra4_ot0_temps0|retained|40.0|0|3,full,extra4_ot0_temps0,retained,3,2023-01-05,2023-10-19,2023-11-16,0.95,Hypothetical historical replay,10,0,10,40.0,2,228195,227724,471,0,0,0.9979359758101624,True,3191,20787,397760.0
full|extra4_ot0_temps0|retained|40.0|1|1,full,extra4_ot0_temps0,retained,1,2023-01-05,2023-10-19,2023-11-16,0.95,Hypothetical historical replay,10,1,9,40.0,2,228195,226729,1466,0,0,0.9935756699314183,True,3463,25956,397760.0
full|extra4_ot0_temps0|retained|40.0|1|3,full,extra4_ot0_temps0,retained,3,2023-01-05,2023-10-19,2023-11-16,0.95,Hypothetical historical replay,10,1,9,40.0,2,228195,226729,1466,0,0,0.9935756699314183,True,3463,25956,397760.0
full|extra4_ot0_temps0|retained|40.0|2|1,full,extra4_ot0_temps0,retained,1,2023-01-05,2023-10-19,2023-11-16,0.95,Hypothetical historical replay,10,2,8,40.0,2,228195,225394,2801,0,0,0.9877254102850632,True,3735,34292,397760.0
full|extra4_ot0_temps0|retained|40.0|2|3,full,extra4_ot0_temps0,retained,3,2023-01-05,2023-10-19,2023-11-16,0.95,Hypothetical historical replay,10,2,8,40.0,2,228195,225394,2801,0,0,0.9877254102850632,True,3735,34292,397760.0
full|extra4_ot0_temps0|retained|50.0|0|1,full,extra4_ot0_temps0,retained,1,2023-01-05,2023-10-19,2023-11-16,0.95,Hypothetical historical replay,10,0,10,50.0,2,228195,228195,0,0,0,1.0,True,2511,13897,397760.0
full|extra4_ot0_temps0|retained|50.0|0|3,full,extra4_ot0_temps0,retained,3,2023-01-05,2023-10-19,2023-11-16,0.95,Hypothetical historical replay,10,0,10,50.0,2,228195,228195,0,0,0,1.0,True,2511,13897,397760.0
full|extra4_ot0_temps0|retained|50.0|1|1,full,extra4_ot0_temps0,retained,1,2023-01-05,2023-10-19,2023-11-16,0.95,Hypothetical historical replay,10,1,9,50.0,2,228195,228195,0,0,0,1.0,True,2851,16629,397760.0
full|extra4_ot0_temps0|retained|50.0|1|3,full,extra4_ot0_temps0,retained,3,2023-01-05,2023-10-19,2023-11-16,0.95,Hypothetical historical replay,10,1,9,50.0,2,228195,228195,0,0,0,1.0,True,2851,16629,397760.0
full|extra4_ot0_temps0|retained|50.0|2|1,full,extra4_ot0_temps0,retained,1,2023-01-05,2023-10-19,2023-11-16,0.95,Hypothetical historical replay,10,2,8,50.0,2,228195,227724,471,0,0,0.9979359758101624,True,3191,20787,397760.0
full|extra4_ot0_temps0|retained|50.0|2|3,full,extra4_ot0_temps0,retained,3,2023-01-05,2023-10-19,2023-11-16,0.95,Hypothetical historical replay,10,2,8,50.0,2,228195,227724,471,0,0,0.9979359758101624,True,3191,20787,397760.0
full|extra4_ot0_temps0|deduplicated_sensitivity|30.0|0|1,full,extra4_ot0_temps0,deduplicated_sensitivity,1,2023-01-05,2023-10-19,2023-11-16,0.95,Hypothetical historical replay,10,0,10,30.0,2,215460,211844,3616,0,0,0.9832173025155482,True,3870,30205,397760.0
full|extra4_ot0_temps0|deduplicated_sensitivity|30.0|0|3,full,extra4_ot0_temps0,deduplicated_sensitivity,3,2023-01-05,2023-10-19,2023-11-16,0.95,Hypothetical historical replay,10,0,10,30.0,2,215460,211844,3616,0,0,0.9832173025155482,True,3870,30205,397760.0
full|extra4_ot0_temps0|deduplicated_sensitivity|30.0|1|1,full,extra4_ot0_temps0,deduplicated_sensitivity,1,2023-01-05,2023-10-19,2023-11-16,0.95,Hypothetical historical replay,10,1,9,30.0,2,215460,210439,5021,0,0,0.9766963705560197,True,4074,41974,397760.0
full|extra4_ot0_temps0|deduplicated_sensitivity|30.0|1|3,full,extra4_ot0_temps0,deduplicated_sensitivity,3,2023-01-05,2023-10-19,2023-11-16,0.95,Hypothetical historical replay,10,1,9,30.0,2,215460,210439,5021,0,0,0.9766963705560197,True,4074,41974,397760.0
full|extra4_ot0_temps0|deduplicated_sensitivity|30.0|2|1,full,extra4_ot0_temps0,deduplicated_sensitivity,1,2023-01-05,2023-10-19,2023-11-16,0.95,Hypothetical historical replay,10,2,8,30.0,2,215460,207265,8195,0,0,0.9619650979300102,True,4278,71957,397760.0
full|extra4_ot0_temps0|deduplicated_sensitivity|30.0|2|3,full,extra4_ot0_temps0,deduplicated_sensitivity,3,2023-01-05,2023-10-19,2023-11-16,0.95,Hypothetical historical replay,10,2,8,30.0,2,215460,207265,8195,0,0,0.9619650979300102,True,4278,71957,397760.0
full|extra4_ot0_temps0|deduplicated_sensitivity|40.0|0|1,full,extra4_ot0_temps0,deduplicated_sensitivity,1,2023-01-05,2023-10-19,2023-11-16,0.95,Hypothetical historical replay,10,0,10,40.0,2,215460,214990,470,0,0,0.9978186206256382,True,3190,14357,397760.0
full|extra4_ot0_temps0|deduplicated_sensitivity|40.0|0|3,full,extra4_ot0_temps0,deduplicated_sensitivity,3,2023-01-05,2023-10-19,2023-11-16,0.95,Hypothetical historical replay,10,0,10,40.0,2,215460,214990,470,0,0,0.9978186206256382,True,3190,14357,397760.0
full|extra4_ot0_temps0|deduplicated_sensitivity|40.0|1|1,full,extra4_ot0_temps0,deduplicated_sensitivity,1,2023-01-05,2023-10-19,2023-11-16,0.95,Hypothetical historical replay,10,1,9,40.0,2,215460,213995,1465,0,0,0.993200594077787,True,3462,18438,397760.0
full|extra4_ot0_temps0|deduplicated_sensitivity|40.0|1|3,full,extra4_ot0_temps0,deduplicated_sensitivity,3,2023-01-05,2023-10-19,2023-11-16,0.95,Hypothetical historical replay,10,1,9,40.0,2,215460,213995,1465,0,0,0.993200594077787,True,3462,18438,397760.0
full|extra4_ot0_temps0|deduplicated_sensitivity|40.0|2|1,full,extra4_ot0_temps0,deduplicated_sensitivity,1,2023-01-05,2023-10-19,2023-11-16,0.95,Hypothetical historical replay,10,2,8,40.0,2,215460,212660,2800,0,0,0.9870045484080572,True,3734,25652,397760.0
full|extra4_ot0_temps0|deduplicated_sensitivity|40.0|2|3,full,extra4_ot0_temps0,deduplicated_sensitivity,3,2023-01-05,2023-10-19,2023-11-16,0.95,Hypothetical historical replay,10,2,8,40.0,2,215460,212660,2800,0,0,0.9870045484080572,True,3734,25652,397760.0
full|extra4_ot0_temps0|deduplicated_sensitivity|50.0|0|1,full,extra4_ot0_temps0,deduplicated_sensitivity,1,2023-01-05,2023-10-19,2023-11-16,0.95,Hypothetical historical replay,10,0,10,50.0,2,215460,215460,0,0,0,1.0,True,2510,9213,397760.0
full|extra4_ot0_temps0|deduplicated_sensitivity|50.0|0|3,full,extra4_ot0_temps0,deduplicated_sensitivity,3,2023-01-05,2023-10-19,2023-11-16,0.95,Hypothetical historical replay,10,0,10,50.0,2,215460,215460,0,0,0,1.0,True,2510,9213,397760.0
full|extra4_ot0_temps0|deduplicated_sensitivity|50.0|1|1,full,extra4_ot0_temps0,deduplicated_sensitivity,1,2023-01-05,2023-10-19,2023-11-16,0.95,Hypothetical historical replay,10,1,9,50.0,2,215460,215460,0,0,0,1.0,True,2850,11263,397760.0
full|extra4_ot0_temps0|deduplicated_sensitivity|50.0|1|3,full,extra4_ot0_temps0,deduplicated_sensitivity,3,2023-01-05,2023-10-19,2023-11-16,0.95,Hypothetical historical replay,10,1,9,50.0,2,215460,215460,0,0,0,1.0,True,2850,11263,397760.0
full|extra4_ot0_temps0|deduplicated_sensitivity|50.0|2|1,full,extra4_ot0_temps0,deduplicated_sensitivity,1,2023-01-05,2023-10-19,2023-11-16,0.95,Hypothetical historical replay,10,2,8,50.0,2,215460,214990,470,0,0,0.9978186206256382,True,3190,14357,397760.0
full|extra4_ot0_temps0|deduplicated_sensitivity|50.0|2|3,full,extra4_ot0_temps0,deduplicated_sensitivity,3,2023-01-05,2023-10-19,2023-11-16,0.95,Hypothetical historical replay,10,2,8,50.0,2,215460,214990,470,0,0,0.9978186206256382,True,3190,14357,397760.0
full|extra4_ot0_temps2|retained|30.0|0|1,full,extra4_ot0_temps2,retained,1,2023-01-05,2023-10-19,2023-11-16,0.95,Hypothetical historical replay,10,0,10,30.0,2,228195,225556,2639,0,0,0.9884353294331603,True,3871,38200,399200.0
full|extra4_ot0_temps2|retained|30.0|0|3,full,extra4_ot0_temps2,retained,3,2023-01-05,2023-10-19,2023-11-16,0.95,Hypothetical historical replay,10,0,10,30.0,2,228195,224578,3617,0,0,0.9841495212427968,True,3871,39504,397760.0
full|extra4_ot0_temps2|retained|30.0|1|1,full,extra4_ot0_temps2,retained,1,2023-01-05,2023-10-19,2023-11-16,0.95,Hypothetical historical replay,10,1,9,30.0,2,228195,224332,3863,0,0,0.9830714958697605,True,4075,50148,399920.0
full|extra4_ot0_temps2|retained|30.0|1|3,full,extra4_ot0_temps2,retained,3,2023-01-05,2023-10-19,2023-11-16,0.95,Hypothetical historical replay,10,1,9,30.0,2,228195,222896,5299,0,0,0.9767786323100857,True,4075,54283,397760.0
full|extra4_ot0_temps2|retained|30.0|2|1,full,extra4_ot0_temps2,retained,1,2023-01-05,2023-10-19,2023-11-16,0.95,Hypothetical historical replay,10,2,8,30.0,2,228195,222118,6077,0,0,0.9733692675124346,True,4279,78235,402800.0
full|extra4_ot0_temps2|retained|30.0|2|3,full,extra4_ot0_temps2,retained,3,2023-01-05,2023-10-19,2023-11-16,0.95,Hypothetical historical replay,10,2,8,30.0,2,228195,218629,9566,0,0,0.9580797125265672,True,4279,93937,397760.0
full|extra4_ot0_temps2|retained|40.0|0|1,full,extra4_ot0_temps2,retained,1,2023-01-05,2023-10-19,2023-11-16,0.95,Hypothetical historical replay,10,0,10,40.0,2,228195,228159,36,0,0,0.9998422401893118,True,3191,20352,398240.0
full|extra4_ot0_temps2|retained|40.0|0|3,full,extra4_ot0_temps2,retained,3,2023-01-05,2023-10-19,2023-11-16,0.95,Hypothetical historical replay,10,0,10,40.0,2,228195,227724,471,0,0,0.9979359758101624,True,3191,20787,397760.0
full|extra4_ot0_temps2|retained|40.0|1|1,full,extra4_ot0_temps2,retained,1,2023-01-05,2023-10-19,2023-11-16,0.95,Hypothetical historical replay,10,1,9,40.0,2,228195,227599,596,0,0,0.9973881986897172,True,3463,25086,398720.0
full|extra4_ot0_temps2|retained|40.0|1|3,full,extra4_ot0_temps2,retained,3,2023-01-05,2023-10-19,2023-11-16,0.95,Hypothetical historical replay,10,1,9,40.0,2,228195,226729,1466,0,0,0.9935756699314183,True,3463,25956,397760.0
full|extra4_ot0_temps2|retained|40.0|2|1,full,extra4_ot0_temps2,retained,1,2023-01-05,2023-10-19,2023-11-16,0.95,Hypothetical historical replay,10,2,8,40.0,2,228195,226511,1684,0,0,0.9926203466333618,True,3735,32628,399200.0
full|extra4_ot0_temps2|retained|40.0|2|3,full,extra4_ot0_temps2,retained,3,2023-01-05,2023-10-19,2023-11-16,0.95,Hypothetical historical replay,10,2,8,40.0,2,228195,225394,2801,0,0,0.9877254102850632,True,3735,34292,397760.0
full|extra4_ot0_temps2|retained|50.0|0|1,full,extra4_ot0_temps2,retained,1,2023-01-05,2023-10-19,2023-11-16,0.95,Hypothetical historical replay,10,0,10,50.0,2,228195,228195,0,0,0,1.0,True,2511,13897,397760.0
full|extra4_ot0_temps2|retained|50.0|0|3,full,extra4_ot0_temps2,retained,3,2023-01-05,2023-10-19,2023-11-16,0.95,Hypothetical historical replay,10,0,10,50.0,2,228195,228195,0,0,0,1.0,True,2511,13897,397760.0
full|extra4_ot0_temps2|retained|50.0|1|1,full,extra4_ot0_temps2,retained,1,2023-01-05,2023-10-19,2023-11-16,0.95,Hypothetical historical replay,10,1,9,50.0,2,228195,228195,0,0,0,1.0,True,2851,16629,397760.0
full|extra4_ot0_temps2|retained|50.0|1|3,full,extra4_ot0_temps2,retained,3,2023-01-05,2023-10-19,2023-11-16,0.95,Hypothetical historical replay,10,1,9,50.0,2,228195,228195,0,0,0,1.0,True,2851,16629,397760.0
full|extra4_ot0_temps2|retained|50.0|2|1,full,extra4_ot0_temps2,retained,1,2023-01-05,2023-10-19,2023-11-16,0.95,Hypothetical historical replay,10,2,8,50.0,2,228195,228195,0,0,0,1.0,True,3191,20316,398240.0
full|extra4_ot0_temps2|retained|50.0|2|3,full,extra4_ot0_temps2,retained,3,2023-01-05,2023-10-19,2023-11-16,0.95,Hypothetical historical replay,10,2,8,50.0,2,228195,227724,471,0,0,0.9979359758101624,True,3191,20787,397760.0
full|extra4_ot0_temps2|deduplicated_sensitivity|30.0|0|1,full,extra4_ot0_temps2,deduplicated_sensitivity,1,2023-01-05,2023-10-19,2023-11-16,0.95,Hypothetical historical replay,10,0,10,30.0,2,215460,212822,2638,0,0,0.9877564281073054,True,3870,28901,399200.0
full|extra4_ot0_temps2|deduplicated_sensitivity|30.0|0|3,full,extra4_ot0_temps2,deduplicated_sensitivity,3,2023-01-05,2023-10-19,2023-11-16,0.95,Hypothetical historical replay,10,0,10,30.0,2,215460,211844,3616,0,0,0.9832173025155482,True,3870,30205,397760.0
full|extra4_ot0_temps2|deduplicated_sensitivity|30.0|1|1,full,extra4_ot0_temps2,deduplicated_sensitivity,1,2023-01-05,2023-10-19,2023-11-16,0.95,Hypothetical historical replay,10,1,9,30.0,2,215460,211598,3862,0,0,0.9820755592685417,True,4074,38565,399440.0
full|extra4_ot0_temps2|deduplicated_sensitivity|30.0|1|3,full,extra4_ot0_temps2,deduplicated_sensitivity,3,2023-01-05,2023-10-19,2023-11-16,0.95,Hypothetical historical replay,10,1,9,30.0,2,215460,210439,5021,0,0,0.9766963705560197,True,4074,41974,397760.0
full|extra4_ot0_temps2|deduplicated_sensitivity|30.0|2|1,full,extra4_ot0_temps2,deduplicated_sensitivity,1,2023-01-05,2023-10-19,2023-11-16,0.95,Hypothetical historical replay,10,2,8,30.0,2,215460,210016,5444,0,0,0.974733129119094,True,4278,58928,402080.0
full|extra4_ot0_temps2|deduplicated_sensitivity|30.0|2|3,full,extra4_ot0_temps2,deduplicated_sensitivity,3,2023-01-05,2023-10-19,2023-11-16,0.95,Hypothetical historical replay,10,2,8,30.0,2,215460,207265,8195,0,0,0.9619650979300102,True,4278,71957,397760.0
full|extra4_ot0_temps2|deduplicated_sensitivity|40.0|0|1,full,extra4_ot0_temps2,deduplicated_sensitivity,1,2023-01-05,2023-10-19,2023-11-16,0.95,Hypothetical historical replay,10,0,10,40.0,2,215460,215425,35,0,0,0.9998375568551007,True,3190,13922,398240.0
full|extra4_ot0_temps2|deduplicated_sensitivity|40.0|0|3,full,extra4_ot0_temps2,deduplicated_sensitivity,3,2023-01-05,2023-10-19,2023-11-16,0.95,Hypothetical historical replay,10,0,10,40.0,2,215460,214990,470,0,0,0.9978186206256382,True,3190,14357,397760.0
full|extra4_ot0_temps2|deduplicated_sensitivity|40.0|1|1,full,extra4_ot0_temps2,deduplicated_sensitivity,1,2023-01-05,2023-10-19,2023-11-16,0.95,Hypothetical historical replay,10,1,9,40.0,2,215460,214865,595,0,0,0.9972384665367121,True,3462,17568,398720.0
full|extra4_ot0_temps2|deduplicated_sensitivity|40.0|1|3,full,extra4_ot0_temps2,deduplicated_sensitivity,3,2023-01-05,2023-10-19,2023-11-16,0.95,Hypothetical historical replay,10,1,9,40.0,2,215460,213995,1465,0,0,0.993200594077787,True,3462,18438,397760.0
full|extra4_ot0_temps2|deduplicated_sensitivity|40.0|2|1,full,extra4_ot0_temps2,deduplicated_sensitivity,1,2023-01-05,2023-10-19,2023-11-16,0.95,Hypothetical historical replay,10,2,8,40.0,2,215460,213777,1683,0,0,0.9921888053467001,True,3734,24148,399200.0
full|extra4_ot0_temps2|deduplicated_sensitivity|40.0|2|3,full,extra4_ot0_temps2,deduplicated_sensitivity,3,2023-01-05,2023-10-19,2023-11-16,0.95,Hypothetical historical replay,10,2,8,40.0,2,215460,212660,2800,0,0,0.9870045484080572,True,3734,25652,397760.0
full|extra4_ot0_temps2|deduplicated_sensitivity|50.0|0|1,full,extra4_ot0_temps2,deduplicated_sensitivity,1,2023-01-05,2023-10-19,2023-11-16,0.95,Hypothetical historical replay,10,0,10,50.0,2,215460,215460,0,0,0,1.0,True,2510,9213,397760.0
full|extra4_ot0_temps2|deduplicated_sensitivity|50.0|0|3,full,extra4_ot0_temps2,deduplicated_sensitivity,3,2023-01-05,2023-10-19,2023-11-16,0.95,Hypothetical historical replay,10,0,10,50.0,2,215460,215460,0,0,0,1.0,True,2510,9213,397760.0
full|extra4_ot0_temps2|deduplicated_sensitivity|50.0|1|1,full,extra4_ot0_temps2,deduplicated_sensitivity,1,2023-01-05,2023-10-19,2023-11-16,0.95,Hypothetical historical replay,10,1,9,50.0,2,215460,215460,0,0,0,1.0,True,2850,11263,397760.0
full|extra4_ot0_temps2|deduplicated_sensitivity|50.0|1|3,full,extra4_ot0_temps2,deduplicated_sensitivity,3,2023-01-05,2023-10-19,2023-11-16,0.95,Hypothetical historical replay,10,1,9,50.0,2,215460,215460,0,0,0,1.0,True,2850,11263,397760.0
full|extra4_ot0_temps2|deduplicated_sensitivity|50.0|2|1,full,extra4_ot0_temps2,deduplicated_sensitivity,1,2023-01-05,2023-10-19,2023-11-16,0.95,Hypothetical historical replay,10,2,8,50.0,2,215460,215460,0,0,0,1.0,True,3190,13887,398240.0
full|extra4_ot0_temps2|deduplicated_sensitivity|50.0|2|3,full,extra4_ot0_temps2,deduplicated_sensitivity,3,2023-01-05,2023-10-19,2023-11-16,0.95,Hypothetical historical replay,10,2,8,50.0,2,215460,214990,470,0,0,0.9978186206256382,True,3190,14357,397760.0
full|extra4_ot0_temps4|retained|30.0|0|1,full,extra4_ot0_temps4,retained,1,2023-01-05,2023-10-19,2023-11-16,0.95,Hypothetical historical replay,10,0,10,30.0,2,228195,226401,1794,0,0,0.99213830276737,True,3871,36896,400640.0
full|extra4_ot0_temps4|retained|30.0|0|3,full,extra4_ot0_temps4,retained,3,2023-01-05,2023-10-19,2023-11-16,0.95,Hypothetical historical replay,10,0,10,30.0,2,228195,224578,3617,0,0,0.9841495212427968,True,3871,39504,397760.0
full|extra4_ot0_temps4|retained|30.0|1|1,full,extra4_ot0_temps4,retained,1,2023-01-05,2023-10-19,2023-11-16,0.95,Hypothetical historical replay,10,1,9,30.0,2,228195,225310,2885,0,0,0.987357304060124,True,4075,48844,401120.0
full|extra4_ot0_temps4|retained|30.0|1|3,full,extra4_ot0_temps4,retained,3,2023-01-05,2023-10-19,2023-11-16,0.95,Hypothetical historical replay,10,1,9,30.0,2,228195,222896,5299,0,0,0.9767786323100857,True,4075,54283,397760.0
full|extra4_ot0_temps4|retained|30.0|2|1,full,extra4_ot0_temps4,retained,1,2023-01-05,2023-10-19,2023-11-16,0.95,Hypothetical historical replay,10,2,8,30.0,2,228195,224079,4116,0,0,0.9819627949779793,True,4279,72063,405200.0
full|extra4_ot0_temps4|retained|30.0|2|3,full,extra4_ot0_temps4,retained,3,2023-01-05,2023-10-19,2023-11-16,0.95,Hypothetical historical replay,10,2,8,30.0,2,228195,218629,9566,0,0,0.9580797125265672,True,4279,93937,397760.0
full|extra4_ot0_temps4|retained|40.0|0|1,full,extra4_ot0_temps4,retained,1,2023-01-05,2023-10-19,2023-11-16,0.95,Hypothetical historical replay,10,0,10,40.0,2,228195,228195,0,0,0,1.0,True,3191,20316,398480.0
full|extra4_ot0_temps4|retained|40.0|0|3,full,extra4_ot0_temps4,retained,3,2023-01-05,2023-10-19,2023-11-16,0.95,Hypothetical historical replay,10,0,10,40.0,2,228195,227724,471,0,0,0.9979359758101624,True,3191,20787,397760.0
full|extra4_ot0_temps4|retained|40.0|1|1,full,extra4_ot0_temps4,retained,1,2023-01-05,2023-10-19,2023-11-16,0.95,Hypothetical historical replay,10,1,9,40.0,2,228195,228050,145,0,0,0.9993645785402835,True,3463,24499,399440.0
full|extra4_ot0_temps4|retained|40.0|1|3,full,extra4_ot0_temps4,retained,3,2023-01-05,2023-10-19,2023-11-16,0.95,Hypothetical historical replay,10,1,9,40.0,2,228195,226729,1466,0,0,0.9935756699314183,True,3463,25956,397760.0
full|extra4_ot0_temps4|retained|40.0|2|1,full,extra4_ot0_temps4,retained,1,2023-01-05,2023-10-19,2023-11-16,0.95,Hypothetical historical replay,10,2,8,40.0,2,228195,227381,814,0,0,0.9964328753916606,True,3735,31758,400160.0
full|extra4_ot0_temps4|retained|40.0|2|3,full,extra4_ot0_temps4,retained,3,2023-01-05,2023-10-19,2023-11-16,0.95,Hypothetical historical replay,10,2,8,40.0,2,228195,225394,2801,0,0,0.9877254102850632,True,3735,34292,397760.0
full|extra4_ot0_temps4|retained|50.0|0|1,full,extra4_ot0_temps4,retained,1,2023-01-05,2023-10-19,2023-11-16,0.95,Hypothetical historical replay,10,0,10,50.0,2,228195,228195,0,0,0,1.0,True,2511,13897,397760.0
full|extra4_ot0_temps4|retained|50.0|0|3,full,extra4_ot0_temps4,retained,3,2023-01-05,2023-10-19,2023-11-16,0.95,Hypothetical historical replay,10,0,10,50.0,2,228195,228195,0,0,0,1.0,True,2511,13897,397760.0
full|extra4_ot0_temps4|retained|50.0|1|1,full,extra4_ot0_temps4,retained,1,2023-01-05,2023-10-19,2023-11-16,0.95,Hypothetical historical replay,10,1,9,50.0,2,228195,228195,0,0,0,1.0,True,2851,16629,397760.0
full|extra4_ot0_temps4|retained|50.0|1|3,full,extra4_ot0_temps4,retained,3,2023-01-05,2023-10-19,2023-11-16,0.95,Hypothetical historical replay,10,1,9,50.0,2,228195,228195,0,0,0,1.0,True,2851,16629,397760.0
full|extra4_ot0_temps4|retained|50.0|2|1,full,extra4_ot0_temps4,retained,1,2023-01-05,2023-10-19,2023-11-16,0.95,Hypothetical historical replay,10,2,8,50.0,2,228195,228195,0,0,0,1.0,True,3191,20316,398240.0
full|extra4_ot0_temps4|retained|50.0|2|3,full,extra4_ot0_temps4,retained,3,2023-01-05,2023-10-19,2023-11-16,0.95,Hypothetical historical replay,10,2,8,50.0,2,228195,227724,471,0,0,0.9979359758101624,True,3191,20787,397760.0
full|extra4_ot0_temps4|deduplicated_sensitivity|30.0|0|1,full,extra4_ot0_temps4,deduplicated_sensitivity,1,2023-01-05,2023-10-19,2023-11-16,0.95,Hypothetical historical replay,10,0,10,30.0,2,215460,213667,1793,0,0,0.9916782697484452,True,3870,27723,400640.0
full|extra4_ot0_temps4|deduplicated_sensitivity|30.0|0|3,full,extra4_ot0_temps4,deduplicated_sensitivity,3,2023-01-05,2023-10-19,2023-11-16,0.95,Hypothetical historical replay,10,0,10,30.0,2,215460,211844,3616,0,0,0.9832173025155482,True,3870,30205,397760.0
full|extra4_ot0_temps4|deduplicated_sensitivity|30.0|1|1,full,extra4_ot0_temps4,deduplicated_sensitivity,1,2023-01-05,2023-10-19,2023-11-16,0.95,Hypothetical historical replay,10,1,9,30.0,2,215460,212576,2884,0,0,0.9866146848602989,True,4074,37261,400640.0
full|extra4_ot0_temps4|deduplicated_sensitivity|30.0|1|3,full,extra4_ot0_temps4,deduplicated_sensitivity,3,2023-01-05,2023-10-19,2023-11-16,0.95,Hypothetical historical replay,10,1,9,30.0,2,215460,210439,5021,0,0,0.9766963705560197,True,4074,41974,397760.0
full|extra4_ot0_temps4|deduplicated_sensitivity|30.0|2|1,full,extra4_ot0_temps4,deduplicated_sensitivity,1,2023-01-05,2023-10-19,2023-11-16,0.95,Hypothetical historical replay,10,2,8,30.0,2,215460,211352,4108,0,0,0.9809338160215353,True,4278,54946,403760.0
full|extra4_ot0_temps4|deduplicated_sensitivity|30.0|2|3,full,extra4_ot0_temps4,deduplicated_sensitivity,3,2023-01-05,2023-10-19,2023-11-16,0.95,Hypothetical historical replay,10,2,8,30.0,2,215460,207265,8195,0,0,0.9619650979300102,True,4278,71957,397760.0
full|extra4_ot0_temps4|deduplicated_sensitivity|40.0|0|1,full,extra4_ot0_temps4,deduplicated_sensitivity,1,2023-01-05,2023-10-19,2023-11-16,0.95,Hypothetical historical replay,10,0,10,40.0,2,215460,215460,0,0,0,1.0,True,3190,13887,398480.0
full|extra4_ot0_temps4|deduplicated_sensitivity|40.0|0|3,full,extra4_ot0_temps4,deduplicated_sensitivity,3,2023-01-05,2023-10-19,2023-11-16,0.95,Hypothetical historical replay,10,0,10,40.0,2,215460,214990,470,0,0,0.9978186206256382,True,3190,14357,397760.0
full|extra4_ot0_temps4|deduplicated_sensitivity|40.0|1|1,full,extra4_ot0_temps4,deduplicated_sensitivity,1,2023-01-05,2023-10-19,2023-11-16,0.95,Hypothetical historical replay,10,1,9,40.0,2,215460,215316,144,0,0,0.9993316624895572,True,3462,16981,399440.0
full|extra4_ot0_temps4|deduplicated_sensitivity|40.0|1|3,full,extra4_ot0_temps4,deduplicated_sensitivity,3,2023-01-05,2023-10-19,2023-11-16,0.95,Hypothetical historical replay,10,1,9,40.0,2,215460,213995,1465,0,0,0.993200594077787,True,3462,18438,397760.0
full|extra4_ot0_temps4|deduplicated_sensitivity|40.0|2|1,full,extra4_ot0_temps4,deduplicated_sensitivity,1,2023-01-05,2023-10-19,2023-11-16,0.95,Hypothetical historical replay,10,2,8,40.0,2,215460,214647,813,0,0,0.9962266778056251,True,3734,23278,400160.0
full|extra4_ot0_temps4|deduplicated_sensitivity|40.0|2|3,full,extra4_ot0_temps4,deduplicated_sensitivity,3,2023-01-05,2023-10-19,2023-11-16,0.95,Hypothetical historical replay,10,2,8,40.0,2,215460,212660,2800,0,0,0.9870045484080572,True,3734,25652,397760.0
full|extra4_ot0_temps4|deduplicated_sensitivity|50.0|0|1,full,extra4_ot0_temps4,deduplicated_sensitivity,1,2023-01-05,2023-10-19,2023-11-16,0.95,Hypothetical historical replay,10,0,10,50.0,2,215460,215460,0,0,0,1.0,True,2510,9213,397760.0
full|extra4_ot0_temps4|deduplicated_sensitivity|50.0|0|3,full,extra4_ot0_temps4,deduplicated_sensitivity,3,2023-01-05,2023-10-19,2023-11-16,0.95,Hypothetical historical replay,10,0,10,50.0,2,215460,215460,0,0,0,1.0,True,2510,9213,397760.0
full|extra4_ot0_temps4|deduplicated_sensitivity|50.0|1|1,full,extra4_ot0_temps4,deduplicated_sensitivity,1,2023-01-05,2023-10-19,2023-11-16,0.95,Hypothetical historical replay,10,1,9,50.0,2,215460,215460,0,0,0,1.0,True,2850,11263,397760.0
full|extra4_ot0_temps4|deduplicated_sensitivity|50.0|1|3,full,extra4_ot0_temps4,deduplicated_sensitivity,3,2023-01-05,2023-10-19,2023-11-16,0.95,Hypothetical historical replay,10,1,9,50.0,2,215460,215460,0,0,0,1.0,True,2850,11263,397760.0
full|extra4_ot0_temps4|deduplicated_sensitivity|50.0|2|1,full,extra4_ot0_temps4,deduplicated_sensitivity,1,2023-01-05,2023-10-19,2023-11-16,0.95,Hypothetical historical replay,10,2,8,50.0,2,215460,215460,0,0,0,1.0,True,3190,13887,398240.0
full|extra4_ot0_temps4|deduplicated_sensitivity|50.0|2|3,full,extra4_ot0_temps4,deduplicated_sensitivity,3,2023-01-05,2023-10-19,2023-11-16,0.95,Hypothetical historical replay,10,2,8,50.0,2,215460,214990,470,0,0,0.9978186206256382,True,3190,14357,397760.0
full|extra4_ot2_temps0|retained|30.0|0|1,full,extra4_ot2_temps0,retained,1,2023-01-05,2023-10-19,2023-11-16,0.95,Hypothetical historical replay,10,0,10,30.0,2,228195,226108,2087,0,0,0.9908543131970464,True,3871,37464,399740.0
full|extra4_ot2_temps0|retained|30.0|0|3,full,extra4_ot2_temps0,retained,3,2023-01-05,2023-10-19,2023-11-16,0.95,Hypothetical historical replay,10,0,10,30.0,2,228195,226108,2087,0,0,0.9908543131970464,True,3871,37464,399740.0
full|extra4_ot2_temps0|retained|30.0|1|1,full,extra4_ot2_temps0,retained,1,2023-01-05,2023-10-19,2023-11-16,0.95,Hypothetical historical replay,10,1,9,30.0,2,228195,224731,3464,0,0,0.9848200004382217,True,4075,49616,399806.0
full|extra4_ot2_temps0|retained|30.0|1|3,full,extra4_ot2_temps0,retained,3,2023-01-05,2023-10-19,2023-11-16,0.95,Hypothetical historical replay,10,1,9,30.0,2,228195,224731,3464,0,0,0.9848200004382217,True,4075,49616,399806.0
full|extra4_ot2_temps0|retained|30.0|2|1,full,extra4_ot2_temps0,retained,1,2023-01-05,2023-10-19,2023-11-16,0.95,Hypothetical historical replay,10,2,8,30.0,2,228195,222692,5503,0,0,0.975884660049519,True,4279,76198,402512.0
full|extra4_ot2_temps0|retained|30.0|2|3,full,extra4_ot2_temps0,retained,3,2023-01-05,2023-10-19,2023-11-16,0.95,Hypothetical historical replay,10,2,8,30.0,2,228195,222692,5503,0,0,0.975884660049519,True,4279,76198,402512.0
full|extra4_ot2_temps0|retained|40.0|0|1,full,extra4_ot2_temps0,retained,1,2023-01-05,2023-10-19,2023-11-16,0.95,Hypothetical historical replay,10,0,10,40.0,2,228195,228195,0,0,0,1.0,True,3191,20316,398222.0
full|extra4_ot2_temps0|retained|40.0|0|3,full,extra4_ot2_temps0,retained,3,2023-01-05,2023-10-19,2023-11-16,0.95,Hypothetical historical replay,10,0,10,40.0,2,228195,228195,0,0,0,1.0,True,3191,20316,398222.0
full|extra4_ot2_temps0|retained|40.0|1|1,full,extra4_ot2_temps0,retained,1,2023-01-05,2023-10-19,2023-11-16,0.95,Hypothetical historical replay,10,1,9,40.0,2,228195,227792,403,0,0,0.9982339665636846,True,3463,24868,398816.0
full|extra4_ot2_temps0|retained|40.0|1|3,full,extra4_ot2_temps0,retained,3,2023-01-05,2023-10-19,2023-11-16,0.95,Hypothetical historical replay,10,1,9,40.0,2,228195,227792,403,0,0,0.9982339665636846,True,3463,24868,398816.0
full|extra4_ot2_temps0|retained|40.0|2|1,full,extra4_ot2_temps0,retained,1,2023-01-05,2023-10-19,2023-11-16,0.95,Hypothetical historical replay,10,2,8,40.0,2,228195,226729,1466,0,0,0.9935756699314183,True,3735,32660,399080.0
full|extra4_ot2_temps0|retained|40.0|2|3,full,extra4_ot2_temps0,retained,3,2023-01-05,2023-10-19,2023-11-16,0.95,Hypothetical historical replay,10,2,8,40.0,2,228195,226729,1466,0,0,0.9935756699314183,True,3735,32660,399080.0
full|extra4_ot2_temps0|retained|50.0|0|1,full,extra4_ot2_temps0,retained,1,2023-01-05,2023-10-19,2023-11-16,0.95,Hypothetical historical replay,10,0,10,50.0,2,228195,228195,0,0,0,1.0,True,2511,13897,397760.0
full|extra4_ot2_temps0|retained|50.0|0|3,full,extra4_ot2_temps0,retained,3,2023-01-05,2023-10-19,2023-11-16,0.95,Hypothetical historical replay,10,0,10,50.0,2,228195,228195,0,0,0,1.0,True,2511,13897,397760.0
full|extra4_ot2_temps0|retained|50.0|1|1,full,extra4_ot2_temps0,retained,1,2023-01-05,2023-10-19,2023-11-16,0.95,Hypothetical historical replay,10,1,9,50.0,2,228195,228195,0,0,0,1.0,True,2851,16629,397760.0
full|extra4_ot2_temps0|retained|50.0|1|3,full,extra4_ot2_temps0,retained,3,2023-01-05,2023-10-19,2023-11-16,0.95,Hypothetical historical replay,10,1,9,50.0,2,228195,228195,0,0,0,1.0,True,2851,16629,397760.0
full|extra4_ot2_temps0|retained|50.0|2|1,full,extra4_ot2_temps0,retained,1,2023-01-05,2023-10-19,2023-11-16,0.95,Hypothetical historical replay,10,2,8,50.0,2,228195,228195,0,0,0,1.0,True,3191,20316,398156.0
full|extra4_ot2_temps0|retained|50.0|2|3,full,extra4_ot2_temps0,retained,3,2023-01-05,2023-10-19,2023-11-16,0.95,Hypothetical historical replay,10,2,8,50.0,2,228195,228195,0,0,0,1.0,True,3191,20316,398156.0
full|extra4_ot2_temps0|deduplicated_sensitivity|30.0|0|1,full,extra4_ot2_temps0,deduplicated_sensitivity,1,2023-01-05,2023-10-19,2023-11-16,0.95,Hypothetical historical replay,10,0,10,30.0,2,215460,213374,2086,0,0,0.9903183885640026,True,3870,28165,399740.0
full|extra4_ot2_temps0|deduplicated_sensitivity|30.0|0|3,full,extra4_ot2_temps0,deduplicated_sensitivity,3,2023-01-05,2023-10-19,2023-11-16,0.95,Hypothetical historical replay,10,0,10,30.0,2,215460,213374,2086,0,0,0.9903183885640026,True,3870,28165,399740.0
full|extra4_ot2_temps0|deduplicated_sensitivity|30.0|1|1,full,extra4_ot2_temps0,deduplicated_sensitivity,1,2023-01-05,2023-10-19,2023-11-16,0.95,Hypothetical historical replay,10,1,9,30.0,2,215460,211997,3463,0,0,0.9839274111203936,True,4074,38033,399542.0
full|extra4_ot2_temps0|deduplicated_sensitivity|30.0|1|3,full,extra4_ot2_temps0,deduplicated_sensitivity,3,2023-01-05,2023-10-19,2023-11-16,0.95,Hypothetical historical replay,10,1,9,30.0,2,215460,211997,3463,0,0,0.9839274111203936,True,4074,38033,399542.0
full|extra4_ot2_temps0|deduplicated_sensitivity|30.0|2|1,full,extra4_ot2_temps0,deduplicated_sensitivity,1,2023-01-05,2023-10-19,2023-11-16,0.95,Hypothetical historical replay,10,2,8,30.0,2,215460,210439,5021,0,0,0.9766963705560197,True,4278,57430,401720.0
full|extra4_ot2_temps0|deduplicated_sensitivity|30.0|2|3,full,extra4_ot2_temps0,deduplicated_sensitivity,3,2023-01-05,2023-10-19,2023-11-16,0.95,Hypothetical historical replay,10,2,8,30.0,2,215460,210439,5021,0,0,0.9766963705560197,True,4278,57430,401720.0
full|extra4_ot2_temps0|deduplicated_sensitivity|40.0|0|1,full,extra4_ot2_temps0,deduplicated_sensitivity,1,2023-01-05,2023-10-19,2023-11-16,0.95,Hypothetical historical replay,10,0,10,40.0,2,215460,215460,0,0,0,1.0,True,3190,13887,398222.0
full|extra4_ot2_temps0|deduplicated_sensitivity|40.0|0|3,full,extra4_ot2_temps0,deduplicated_sensitivity,3,2023-01-05,2023-10-19,2023-11-16,0.95,Hypothetical historical replay,10,0,10,40.0,2,215460,215460,0,0,0,1.0,True,3190,13887,398222.0
full|extra4_ot2_temps0|deduplicated_sensitivity|40.0|1|1,full,extra4_ot2_temps0,deduplicated_sensitivity,1,2023-01-05,2023-10-19,2023-11-16,0.95,Hypothetical historical replay,10,1,9,40.0,2,215460,215058,402,0,0,0.9981342244500139,True,3462,17350,398816.0
full|extra4_ot2_temps0|deduplicated_sensitivity|40.0|1|3,full,extra4_ot2_temps0,deduplicated_sensitivity,3,2023-01-05,2023-10-19,2023-11-16,0.95,Hypothetical historical replay,10,1,9,40.0,2,215460,215058,402,0,0,0.9981342244500139,True,3462,17350,398816.0
full|extra4_ot2_temps0|deduplicated_sensitivity|40.0|2|1,full,extra4_ot2_temps0,deduplicated_sensitivity,1,2023-01-05,2023-10-19,2023-11-16,0.95,Hypothetical historical replay,10,2,8,40.0,2,215460,213995,1465,0,0,0.993200594077787,True,3734,24020,399080.0
full|extra4_ot2_temps0|deduplicated_sensitivity|40.0|2|3,full,extra4_ot2_temps0,deduplicated_sensitivity,3,2023-01-05,2023-10-19,2023-11-16,0.95,Hypothetical historical replay,10,2,8,40.0,2,215460,213995,1465,0,0,0.993200594077787,True,3734,24020,399080.0
full|extra4_ot2_temps0|deduplicated_sensitivity|50.0|0|1,full,extra4_ot2_temps0,deduplicated_sensitivity,1,2023-01-05,2023-10-19,2023-11-16,0.95,Hypothetical historical replay,10,0,10,50.0,2,215460,215460,0,0,0,1.0,True,2510,9213,397760.0
full|extra4_ot2_temps0|deduplicated_sensitivity|50.0|0|3,full,extra4_ot2_temps0,deduplicated_sensitivity,3,2023-01-05,2023-10-19,2023-11-16,0.95,Hypothetical historical replay,10,0,10,50.0,2,215460,215460,0,0,0,1.0,True,2510,9213,397760.0
full|extra4_ot2_temps0|deduplicated_sensitivity|50.0|1|1,full,extra4_ot2_temps0,deduplicated_sensitivity,1,2023-01-05,2023-10-19,2023-11-16,0.95,Hypothetical historical replay,10,1,9,50.0,2,215460,215460,0,0,0,1.0,True,2850,11263,397760.0
full|extra4_ot2_temps0|deduplicated_sensitivity|50.0|1|3,full,extra4_ot2_temps0,deduplicated_sensitivity,3,2023-01-05,2023-10-19,2023-11-16,0.95,Hypothetical historical replay,10,1,9,50.0,2,215460,215460,0,0,0,1.0,True,2850,11263,397760.0
full|extra4_ot2_temps0|deduplicated_sensitivity|50.0|2|1,full,extra4_ot2_temps0,deduplicated_sensitivity,1,2023-01-05,2023-10-19,2023-11-16,0.95,Hypothetical historical replay,10,2,8,50.0,2,215460,215460,0,0,0,1.0,True,3190,13887,398156.0
full|extra4_ot2_temps0|deduplicated_sensitivity|50.0|2|3,full,extra4_ot2_temps0,deduplicated_sensitivity,3,2023-01-05,2023-10-19,2023-11-16,0.95,Hypothetical historical replay,10,2,8,50.0,2,215460,215460,0,0,0,1.0,True,3190,13887,398156.0
full|extra4_ot2_temps2|retained|30.0|0|1,full,extra4_ot2_temps2,retained,1,2023-01-05,2023-10-19,2023-11-16,0.95,Hypothetical historical replay,10,0,10,30.0,2,228195,226769,1426,0,0,0.9937509586099608,True,3871,36772,400784.0
full|extra4_ot2_temps2|retained|30.0|0|3,full,extra4_ot2_temps2,retained,3,2023-01-05,2023-10-19,2023-11-16,0.95,Hypothetical historical replay,10,0,10,30.0,2,228195,226108,2087,0,0,0.9908543131970464,True,3871,37464,399740.0
full|extra4_ot2_temps2|retained|30.0|1|1,full,extra4_ot2_temps2,retained,1,2023-01-05,2023-10-19,2023-11-16,0.95,Hypothetical historical replay,10,1,9,30.0,2,228195,225709,2486,0,0,0.9891058086285852,True,4075,48312,401462.0
full|extra4_ot2_temps2|retained|30.0|1|3,full,extra4_ot2_temps2,retained,3,2023-01-05,2023-10-19,2023-11-16,0.95,Hypothetical historical replay,10,1,9,30.0,2,228195,224731,3464,0,0,0.9848200004382217,True,4075,49616,399806.0
full|extra4_ot2_temps2|retained|30.0|2|1,full,extra4_ot2_temps2,retained,1,2023-01-05,2023-10-19,2023-11-16,0.95,Hypothetical historical replay,10,2,8,30.0,2,228195,224332,3863,0,0,0.9830714958697605,True,4279,71721,404729.0
full|extra4_ot2_temps2|retained|30.0|2|3,full,extra4_ot2_temps2,retained,3,2023-01-05,2023-10-19,2023-11-16,0.95,Hypothetical historical replay,10,2,8,30.0,2,228195,222692,5503,0,0,0.975884660049519,True,4279,76198,402512.0
full|extra4_ot2_temps2|retained|40.0|0|1,full,extra4_ot2_temps2,retained,1,2023-01-05,2023-10-19,2023-11-16,0.95,Hypothetical historical replay,10,0,10,40.0,2,228195,228195,0,0,0,1.0,True,3191,20316,398306.0
full|extra4_ot2_temps2|retained|40.0|0|3,full,extra4_ot2_temps2,retained,3,2023-01-05,2023-10-19,2023-11-16,0.95,Hypothetical historical replay,10,0,10,40.0,2,228195,228195,0,0,0,1.0,True,3191,20316,398222.0
full|extra4_ot2_temps2|retained|40.0|1|1,full,extra4_ot2_temps2,retained,1,2023-01-05,2023-10-19,2023-11-16,0.95,Hypothetical historical replay,10,1,9,40.0,2,228195,228195,0,0,0,1.0,True,3463,24472,399347.0
full|extra4_ot2_temps2|retained|40.0|1|3,full,extra4_ot2_temps2,retained,3,2023-01-05,2023-10-19,2023-11-16,0.95,Hypothetical historical replay,10,1,9,40.0,2,228195,227792,403,0,0,0.9982339665636846,True,3463,24868,398816.0
full|extra4_ot2_temps2|retained|40.0|2|1,full,extra4_ot2_temps2,retained,1,2023-01-05,2023-10-19,2023-11-16,0.95,Hypothetical historical replay,10,2,8,40.0,2,228195,227599,596,0,0,0.9973881986897172,True,3735,31540,400256.0
full|extra4_ot2_temps2|retained|40.0|2|3,full,extra4_ot2_temps2,retained,3,2023-01-05,2023-10-19,2023-11-16,0.95,Hypothetical historical replay,10,2,8,40.0,2,228195,226729,1466,0,0,0.9935756699314183,True,3735,32660,399080.0
full|extra4_ot2_temps2|retained|50.0|0|1,full,extra4_ot2_temps2,retained,1,2023-01-05,2023-10-19,2023-11-16,0.95,Hypothetical historical replay,10,0,10,50.0,2,228195,228195,0,0,0,1.0,True,2511,13897,397760.0
full|extra4_ot2_temps2|retained|50.0|0|3,full,extra4_ot2_temps2,retained,3,2023-01-05,2023-10-19,2023-11-16,0.95,Hypothetical historical replay,10,0,10,50.0,2,228195,228195,0,0,0,1.0,True,2511,13897,397760.0
full|extra4_ot2_temps2|retained|50.0|1|1,full,extra4_ot2_temps2,retained,1,2023-01-05,2023-10-19,2023-11-16,0.95,Hypothetical historical replay,10,1,9,50.0,2,228195,228195,0,0,0,1.0,True,2851,16629,397760.0
full|extra4_ot2_temps2|retained|50.0|1|3,full,extra4_ot2_temps2,retained,3,2023-01-05,2023-10-19,2023-11-16,0.95,Hypothetical historical replay,10,1,9,50.0,2,228195,228195,0,0,0,1.0,True,2851,16629,397760.0
full|extra4_ot2_temps2|retained|50.0|2|1,full,extra4_ot2_temps2,retained,1,2023-01-05,2023-10-19,2023-11-16,0.95,Hypothetical historical replay,10,2,8,50.0,2,228195,228195,0,0,0,1.0,True,3191,20316,398240.0
full|extra4_ot2_temps2|retained|50.0|2|3,full,extra4_ot2_temps2,retained,3,2023-01-05,2023-10-19,2023-11-16,0.95,Hypothetical historical replay,10,2,8,50.0,2,228195,228195,0,0,0,1.0,True,3191,20316,398156.0
full|extra4_ot2_temps2|deduplicated_sensitivity|30.0|0|1,full,extra4_ot2_temps2,deduplicated_sensitivity,1,2023-01-05,2023-10-19,2023-11-16,0.95,Hypothetical historical replay,10,0,10,30.0,2,215460,214035,1425,0,0,0.9933862433862434,True,3870,27473,400784.0
full|extra4_ot2_temps2|deduplicated_sensitivity|30.0|0|3,full,extra4_ot2_temps2,deduplicated_sensitivity,3,2023-01-05,2023-10-19,2023-11-16,0.95,Hypothetical historical replay,10,0,10,30.0,2,215460,213374,2086,0,0,0.9903183885640026,True,3870,28165,399740.0
full|extra4_ot2_temps2|deduplicated_sensitivity|30.0|1|1,full,extra4_ot2_temps2,deduplicated_sensitivity,1,2023-01-05,2023-10-19,2023-11-16,0.95,Hypothetical historical replay,10,1,9,30.0,2,215460,212975,2485,0,0,0.9884665367121508,True,4074,36729,400982.0
full|extra4_ot2_temps2|deduplicated_sensitivity|30.0|1|3,full,extra4_ot2_temps2,deduplicated_sensitivity,3,2023-01-05,2023-10-19,2023-11-16,0.95,Hypothetical historical replay,10,1,9,30.0,2,215460,211997,3463,0,0,0.9839274111203936,True,4074,38033,399542.0
full|extra4_ot2_temps2|deduplicated_sensitivity|30.0|2|1,full,extra4_ot2_temps2,deduplicated_sensitivity,1,2023-01-05,2023-10-19,2023-11-16,0.95,Hypothetical historical replay,10,2,8,30.0,2,215460,211598,3862,0,0,0.9820755592685417,True,4278,54618,403217.0
full|extra4_ot2_temps2|deduplicated_sensitivity|30.0|2|3,full,extra4_ot2_temps2,deduplicated_sensitivity,3,2023-01-05,2023-10-19,2023-11-16,0.95,Hypothetical historical replay,10,2,8,30.0,2,215460,210439,5021,0,0,0.9766963705560197,True,4278,57430,401720.0
full|extra4_ot2_temps2|deduplicated_sensitivity|40.0|0|1,full,extra4_ot2_temps2,deduplicated_sensitivity,1,2023-01-05,2023-10-19,2023-11-16,0.95,Hypothetical historical replay,10,0,10,40.0,2,215460,215460,0,0,0,1.0,True,3190,13887,398306.0
full|extra4_ot2_temps2|deduplicated_sensitivity|40.0|0|3,full,extra4_ot2_temps2,deduplicated_sensitivity,3,2023-01-05,2023-10-19,2023-11-16,0.95,Hypothetical historical replay,10,0,10,40.0,2,215460,215460,0,0,0,1.0,True,3190,13887,398222.0
full|extra4_ot2_temps2|deduplicated_sensitivity|40.0|1|1,full,extra4_ot2_temps2,deduplicated_sensitivity,1,2023-01-05,2023-10-19,2023-11-16,0.95,Hypothetical historical replay,10,1,9,40.0,2,215460,215460,0,0,0,1.0,True,3462,16955,399347.0
full|extra4_ot2_temps2|deduplicated_sensitivity|40.0|1|3,full,extra4_ot2_temps2,deduplicated_sensitivity,3,2023-01-05,2023-10-19,2023-11-16,0.95,Hypothetical historical replay,10,1,9,40.0,2,215460,215058,402,0,0,0.9981342244500139,True,3462,17350,398816.0
full|extra4_ot2_temps2|deduplicated_sensitivity|40.0|2|1,full,extra4_ot2_temps2,deduplicated_sensitivity,1,2023-01-05,2023-10-19,2023-11-16,0.95,Hypothetical historical replay,10,2,8,40.0,2,215460,214865,595,0,0,0.9972384665367121,True,3734,23060,400256.0
full|extra4_ot2_temps2|deduplicated_sensitivity|40.0|2|3,full,extra4_ot2_temps2,deduplicated_sensitivity,3,2023-01-05,2023-10-19,2023-11-16,0.95,Hypothetical historical replay,10,2,8,40.0,2,215460,213995,1465,0,0,0.993200594077787,True,3734,24020,399080.0
full|extra4_ot2_temps2|deduplicated_sensitivity|50.0|0|1,full,extra4_ot2_temps2,deduplicated_sensitivity,1,2023-01-05,2023-10-19,2023-11-16,0.95,Hypothetical historical replay,10,0,10,50.0,2,215460,215460,0,0,0,1.0,True,2510,9213,397760.0
full|extra4_ot2_temps2|deduplicated_sensitivity|50.0|0|3,full,extra4_ot2_temps2,deduplicated_sensitivity,3,2023-01-05,2023-10-19,2023-11-16,0.95,Hypothetical historical replay,10,0,10,50.0,2,215460,215460,0,0,0,1.0,True,2510,9213,397760.0
full|extra4_ot2_temps2|deduplicated_sensitivity|50.0|1|1,full,extra4_ot2_temps2,deduplicated_sensitivity,1,2023-01-05,2023-10-19,2023-11-16,0.95,Hypothetical historical replay,10,1,9,50.0,2,215460,215460,0,0,0,1.0,True,2850,11263,397760.0
full|extra4_ot2_temps2|deduplicated_sensitivity|50.0|1|3,full,extra4_ot2_temps2,deduplicated_sensitivity,3,2023-01-05,2023-10-19,2023-11-16,0.95,Hypothetical historical replay,10,1,9,50.0,2,215460,215460,0,0,0,1.0,True,2850,11263,397760.0
full|extra4_ot2_temps2|deduplicated_sensitivity|50.0|2|1,full,extra4_ot2_temps2,deduplicated_sensitivity,1,2023-01-05,2023-10-19,2023-11-16,0.95,Hypothetical historical replay,10,2,8,50.0,2,215460,215460,0,0,0,1.0,True,3190,13887,398240.0
full|extra4_ot2_temps2|deduplicated_sensitivity|50.0|2|3,full,extra4_ot2_temps2,deduplicated_sensitivity,3,2023-01-05,2023-10-19,2023-11-16,0.95,Hypothetical historical replay,10,2,8,50.0,2,215460,215460,0,0,0,1.0,True,3190,13887,398156.0
full|extra4_ot2_temps4|retained|30.0|0|1,full,extra4_ot2_temps4,retained,1,2023-01-05,2023-10-19,2023-11-16,0.95,Hypothetical historical replay,10,0,10,30.0,2,228195,227421,774,0,0,0.9966081640702031,True,3871,35876,401960.0
full|extra4_ot2_temps4|retained|30.0|0|3,full,extra4_ot2_temps4,retained,3,2023-01-05,2023-10-19,2023-11-16,0.95,Hypothetical historical replay,10,0,10,30.0,2,228195,226108,2087,0,0,0.9908543131970464,True,3871,37464,399740.0
full|extra4_ot2_temps4|retained|30.0|1|1,full,extra4_ot2_temps4,retained,1,2023-01-05,2023-10-19,2023-11-16,0.95,Hypothetical historical replay,10,1,9,30.0,2,228195,226503,1692,0,0,0.9925852888976533,True,4075,47366,402671.0
full|extra4_ot2_temps4|retained|30.0|1|3,full,extra4_ot2_temps4,retained,3,2023-01-05,2023-10-19,2023-11-16,0.95,Hypothetical historical replay,10,1,9,30.0,2,228195,224731,3464,0,0,0.9848200004382217,True,4075,49616,399806.0
full|extra4_ot2_temps4|retained|30.0|2|1,full,extra4_ot2_temps4,retained,1,2023-01-05,2023-10-19,2023-11-16,0.95,Hypothetical historical replay,10,2,8,30.0,2,228195,225310,2885,0,0,0.987357304060124,True,4279,70417,405617.0
full|extra4_ot2_temps4|retained|30.0|2|3,full,extra4_ot2_temps4,retained,3,2023-01-05,2023-10-19,2023-11-16,0.95,Hypothetical historical replay,10,2,8,30.0,2,228195,222692,5503,0,0,0.975884660049519,True,4279,76198,402512.0
full|extra4_ot2_temps4|retained|40.0|0|1,full,extra4_ot2_temps4,retained,1,2023-01-05,2023-10-19,2023-11-16,0.95,Hypothetical historical replay,10,0,10,40.0,2,228195,228195,0,0,0,1.0,True,3191,20316,398480.0
full|extra4_ot2_temps4|retained|40.0|0|3,full,extra4_ot2_temps4,retained,3,2023-01-05,2023-10-19,2023-11-16,0.95,Hypothetical historical replay,10,0,10,40.0,2,228195,228195,0,0,0,1.0,True,3191,20316,398222.0
full|extra4_ot2_temps4|retained|40.0|1|1,full,extra4_ot2_temps4,retained,1,2023-01-05,2023-10-19,2023-11-16,0.95,Hypothetical historical replay,10,1,9,40.0,2,228195,228195,0,0,0,1.0,True,3463,24354,399605.0
full|extra4_ot2_temps4|retained|40.0|1|3,full,extra4_ot2_temps4,retained,3,2023-01-05,2023-10-19,2023-11-16,0.95,Hypothetical historical replay,10,1,9,40.0,2,228195,227792,403,0,0,0.9982339665636846,True,3463,24868,398816.0
full|extra4_ot2_temps4|retained|40.0|2|1,full,extra4_ot2_temps4,retained,1,2023-01-05,2023-10-19,2023-11-16,0.95,Hypothetical historical replay,10,2,8,40.0,2,228195,228050,145,0,0,0.9993645785402835,True,3735,31078,400820.0
full|extra4_ot2_temps4|retained|40.0|2|3,full,extra4_ot2_temps4,retained,3,2023-01-05,2023-10-19,2023-11-16,0.95,Hypothetical historical replay,10,2,8,40.0,2,228195,226729,1466,0,0,0.9935756699314183,True,3735,32660,399080.0
full|extra4_ot2_temps4|retained|50.0|0|1,full,extra4_ot2_temps4,retained,1,2023-01-05,2023-10-19,2023-11-16,0.95,Hypothetical historical replay,10,0,10,50.0,2,228195,228195,0,0,0,1.0,True,2511,13897,397760.0
full|extra4_ot2_temps4|retained|50.0|0|3,full,extra4_ot2_temps4,retained,3,2023-01-05,2023-10-19,2023-11-16,0.95,Hypothetical historical replay,10,0,10,50.0,2,228195,228195,0,0,0,1.0,True,2511,13897,397760.0
full|extra4_ot2_temps4|retained|50.0|1|1,full,extra4_ot2_temps4,retained,1,2023-01-05,2023-10-19,2023-11-16,0.95,Hypothetical historical replay,10,1,9,50.0,2,228195,228195,0,0,0,1.0,True,2851,16629,397760.0
full|extra4_ot2_temps4|retained|50.0|1|3,full,extra4_ot2_temps4,retained,3,2023-01-05,2023-10-19,2023-11-16,0.95,Hypothetical historical replay,10,1,9,50.0,2,228195,228195,0,0,0,1.0,True,2851,16629,397760.0
full|extra4_ot2_temps4|retained|50.0|2|1,full,extra4_ot2_temps4,retained,1,2023-01-05,2023-10-19,2023-11-16,0.95,Hypothetical historical replay,10,2,8,50.0,2,228195,228195,0,0,0,1.0,True,3191,20316,398240.0
full|extra4_ot2_temps4|retained|50.0|2|3,full,extra4_ot2_temps4,retained,3,2023-01-05,2023-10-19,2023-11-16,0.95,Hypothetical historical replay,10,2,8,50.0,2,228195,228195,0,0,0,1.0,True,3191,20316,398156.0
full|extra4_ot2_temps4|deduplicated_sensitivity|30.0|0|1,full,extra4_ot2_temps4,deduplicated_sensitivity,1,2023-01-05,2023-10-19,2023-11-16,0.95,Hypothetical historical replay,10,0,10,30.0,2,215460,214687,773,0,0,0.9964123271140815,True,3870,26703,401960.0
full|extra4_ot2_temps4|deduplicated_sensitivity|30.0|0|3,full,extra4_ot2_temps4,deduplicated_sensitivity,3,2023-01-05,2023-10-19,2023-11-16,0.95,Hypothetical historical replay,10,0,10,30.0,2,215460,213374,2086,0,0,0.9903183885640026,True,3870,28165,399740.0
full|extra4_ot2_temps4|deduplicated_sensitivity|30.0|1|1,full,extra4_ot2_temps4,deduplicated_sensitivity,1,2023-01-05,2023-10-19,2023-11-16,0.95,Hypothetical historical replay,10,1,9,30.0,2,215460,213769,1691,0,0,0.9921516754850088,True,4074,35783,402191.0
full|extra4_ot2_temps4|deduplicated_sensitivity|30.0|1|3,full,extra4_ot2_temps4,deduplicated_sensitivity,3,2023-01-05,2023-10-19,2023-11-16,0.95,Hypothetical historical replay,10,1,9,30.0,2,215460,211997,3463,0,0,0.9839274111203936,True,4074,38033,399542.0
full|extra4_ot2_temps4|deduplicated_sensitivity|30.0|2|1,full,extra4_ot2_temps4,deduplicated_sensitivity,1,2023-01-05,2023-10-19,2023-11-16,0.95,Hypothetical historical replay,10,2,8,30.0,2,215460,212576,2884,0,0,0.9866146848602989,True,4278,53314,403904.0
full|extra4_ot2_temps4|deduplicated_sensitivity|30.0|2|3,full,extra4_ot2_temps4,deduplicated_sensitivity,3,2023-01-05,2023-10-19,2023-11-16,0.95,Hypothetical historical replay,10,2,8,30.0,2,215460,210439,5021,0,0,0.9766963705560197,True,4278,57430,401720.0
full|extra4_ot2_temps4|deduplicated_sensitivity|40.0|0|1,full,extra4_ot2_temps4,deduplicated_sensitivity,1,2023-01-05,2023-10-19,2023-11-16,0.95,Hypothetical historical replay,10,0,10,40.0,2,215460,215460,0,0,0,1.0,True,3190,13887,398480.0
full|extra4_ot2_temps4|deduplicated_sensitivity|40.0|0|3,full,extra4_ot2_temps4,deduplicated_sensitivity,3,2023-01-05,2023-10-19,2023-11-16,0.95,Hypothetical historical replay,10,0,10,40.0,2,215460,215460,0,0,0,1.0,True,3190,13887,398222.0
full|extra4_ot2_temps4|deduplicated_sensitivity|40.0|1|1,full,extra4_ot2_temps4,deduplicated_sensitivity,1,2023-01-05,2023-10-19,2023-11-16,0.95,Hypothetical historical replay,10,1,9,40.0,2,215460,215460,0,0,0,1.0,True,3462,16837,399605.0
full|extra4_ot2_temps4|deduplicated_sensitivity|40.0|1|3,full,extra4_ot2_temps4,deduplicated_sensitivity,3,2023-01-05,2023-10-19,2023-11-16,0.95,Hypothetical historical replay,10,1,9,40.0,2,215460,215058,402,0,0,0.9981342244500139,True,3462,17350,398816.0
full|extra4_ot2_temps4|deduplicated_sensitivity|40.0|2|1,full,extra4_ot2_temps4,deduplicated_sensitivity,1,2023-01-05,2023-10-19,2023-11-16,0.95,Hypothetical historical replay,10,2,8,40.0,2,215460,215316,144,0,0,0.9993316624895572,True,3734,22598,400820.0
full|extra4_ot2_temps4|deduplicated_sensitivity|40.0|2|3,full,extra4_ot2_temps4,deduplicated_sensitivity,3,2023-01-05,2023-10-19,2023-11-16,0.95,Hypothetical historical replay,10,2,8,40.0,2,215460,213995,1465,0,0,0.993200594077787,True,3734,24020,399080.0
full|extra4_ot2_temps4|deduplicated_sensitivity|50.0|0|1,full,extra4_ot2_temps4,deduplicated_sensitivity,1,2023-01-05,2023-10-19,2023-11-16,0.95,Hypothetical historical replay,10,0,10,50.0,2,215460,215460,0,0,0,1.0,True,2510,9213,397760.0
full|extra4_ot2_temps4|deduplicated_sensitivity|50.0|0|3,full,extra4_ot2_temps4,deduplicated_sensitivity,3,2023-01-05,2023-10-19,2023-11-16,0.95,Hypothetical historical replay,10,0,10,50.0,2,215460,215460,0,0,0,1.0,True,2510,9213,397760.0
full|extra4_ot2_temps4|deduplicated_sensitivity|50.0|1|1,full,extra4_ot2_temps4,deduplicated_sensitivity,1,2023-01-05,2023-10-19,2023-11-16,0.95,Hypothetical historical replay,10,1,9,50.0,2,215460,215460,0,0,0,1.0,True,2850,11263,397760.0
full|extra4_ot2_temps4|deduplicated_sensitivity|50.0|1|3,full,extra4_ot2_temps4,deduplicated_sensitivity,3,2023-01-05,2023-10-19,2023-11-16,0.95,Hypothetical historical replay,10,1,9,50.0,2,215460,215460,0,0,0,1.0,True,2850,11263,397760.0
full|extra4_ot2_temps4|deduplicated_sensitivity|50.0|2|1,full,extra4_ot2_temps4,deduplicated_sensitivity,1,2023-01-05,2023-10-19,2023-11-16,0.95,Hypothetical historical replay,10,2,8,50.0,2,215460,215460,0,0,0,1.0,True,3190,13887,398240.0
full|extra4_ot2_temps4|deduplicated_sensitivity|50.0|2|3,full,extra4_ot2_temps4,deduplicated_sensitivity,3,2023-01-05,2023-10-19,2023-11-16,0.95,Hypothetical historical replay,10,2,8,50.0,2,215460,215460,0,0,0,1.0,True,3190,13887,398156.0
selection|extra0_ot0_temps0|retained|30.0|0|1,selection,extra0_ot0_temps0,retained,1,2023-01-05,2023-06-30,2023-07-28,0.95,Hypothetical historical replay,6,0,6,30.0,2,148824,81232,67592,0,0,0.5458259420523571,False,4687,282396,155232.0
selection|extra0_ot0_temps0|retained|30.0|0|3,selection,extra0_ot0_temps0,retained,3,2023-01-05,2023-06-30,2023-07-28,0.95,Hypothetical historical replay,6,0,6,30.0,2,148824,81232,67592,0,0,0.5458259420523571,False,4687,282396,155232.0
selection|extra0_ot0_temps0|retained|30.0|1|1,selection,extra0_ot0_temps0,retained,1,2023-01-05,2023-06-30,2023-07-28,0.95,Hypothetical historical replay,6,1,5,30.0,2,148824,3704,145120,0,0,0.024888458850723,False,20044,1970642,155232.0
selection|extra0_ot0_temps0|retained|30.0|1|3,selection,extra0_ot0_temps0,retained,3,2023-01-05,2023-06-30,2023-07-28,0.95,Hypothetical historical replay,6,1,5,30.0,2,148824,3704,145120,0,0,0.024888458850723,False,20044,1970642,155232.0
selection|extra0_ot0_temps0|retained|30.0|2|1,selection,extra0_ot0_temps0,retained,1,2023-01-05,2023-06-30,2023-07-28,0.95,Hypothetical historical replay,6,2,4,30.0,2,148824,1826,118126,28872,0,0.012269526420469816,False,45192,5040446,155232.0
selection|extra0_ot0_temps0|retained|30.0|2|3,selection,extra0_ot0_temps0,retained,3,2023-01-05,2023-06-30,2023-07-28,0.95,Hypothetical historical replay,6,2,4,30.0,2,148824,1826,118126,28872,0,0.012269526420469816,False,45192,5040446,155232.0
selection|extra0_ot0_temps0|retained|40.0|0|1,selection,extra0_ot0_temps0,retained,1,2023-01-05,2023-06-30,2023-07-28,0.95,Hypothetical historical replay,6,0,6,40.0,2,148824,145024,3800,0,0,0.9744664839004462,True,4279,51637,155232.0
selection|extra0_ot0_temps0|retained|40.0|0|3,selection,extra0_ot0_temps0,retained,3,2023-01-05,2023-06-30,2023-07-28,0.95,Hypothetical historical replay,6,0,6,40.0,2,148824,145024,3800,0,0,0.9744664839004462,True,4279,51637,155232.0
selection|extra0_ot0_temps0|retained|40.0|1|1,selection,extra0_ot0_temps0,retained,1,2023-01-05,2023-06-30,2023-07-28,0.95,Hypothetical historical replay,6,1,5,40.0,2,148824,132414,16410,0,0,0.8897355265279794,False,4551,130624,155232.0
selection|extra0_ot0_temps0|retained|40.0|1|3,selection,extra0_ot0_temps0,retained,3,2023-01-05,2023-06-30,2023-07-28,0.95,Hypothetical historical replay,6,1,5,40.0,2,148824,132414,16410,0,0,0.8897355265279794,False,4551,130624,155232.0
selection|extra0_ot0_temps0|retained|40.0|2|1,selection,extra0_ot0_temps0,retained,1,2023-01-05,2023-06-30,2023-07-28,0.95,Hypothetical historical replay,6,2,4,40.0,2,148824,22863,125961,0,0,0.15362441541686825,False,12168,1042010,155232.0
selection|extra0_ot0_temps0|retained|40.0|2|3,selection,extra0_ot0_temps0,retained,3,2023-01-05,2023-06-30,2023-07-28,0.95,Hypothetical historical replay,6,2,4,40.0,2,148824,22863,125961,0,0,0.15362441541686825,False,12168,1042010,155232.0
selection|extra0_ot0_temps0|retained|50.0|0|1,selection,extra0_ot0_temps0,retained,1,2023-01-05,2023-06-30,2023-07-28,0.95,Hypothetical historical replay,6,0,6,50.0,2,148824,146993,1831,0,0,0.9876968768478203,True,3871,21116,155232.0
selection|extra0_ot0_temps0|retained|50.0|0|3,selection,extra0_ot0_temps0,retained,3,2023-01-05,2023-06-30,2023-07-28,0.95,Hypothetical historical replay,6,0,6,50.0,2,148824,146993,1831,0,0,0.9876968768478203,True,3871,21116,155232.0
selection|extra0_ot0_temps0|retained|50.0|1|1,selection,extra0_ot0_temps0,retained,1,2023-01-05,2023-06-30,2023-07-28,0.95,Hypothetical historical replay,6,1,5,50.0,2,148824,145704,3120,0,0,0.9790356394129979,True,4211,42907,155232.0
selection|extra0_ot0_temps0|retained|50.0|1|3,selection,extra0_ot0_temps0,retained,3,2023-01-05,2023-06-30,2023-07-28,0.95,Hypothetical historical replay,6,1,5,50.0,2,148824,145704,3120,0,0,0.9790356394129979,True,4211,42907,155232.0
selection|extra0_ot0_temps0|retained|50.0|2|1,selection,extra0_ot0_temps0,retained,1,2023-01-05,2023-06-30,2023-07-28,0.95,Hypothetical historical replay,6,2,4,50.0,2,148824,132414,16410,0,0,0.8897355265279794,False,4551,130624,155232.0
selection|extra0_ot0_temps0|retained|50.0|2|3,selection,extra0_ot0_temps0,retained,3,2023-01-05,2023-06-30,2023-07-28,0.95,Hypothetical historical replay,6,2,4,50.0,2,148824,132414,16410,0,0,0.8897355265279794,False,4551,130624,155232.0
selection|extra0_ot0_temps0|deduplicated_sensitivity|30.0|0|1,selection,extra0_ot0_temps0,deduplicated_sensitivity,1,2023-01-05,2023-06-30,2023-07-28,0.95,Hypothetical historical replay,6,0,6,30.0,2,139006,112864,26142,0,0,0.8119361754168885,False,4686,156017,155232.0
selection|extra0_ot0_temps0|deduplicated_sensitivity|30.0|0|3,selection,extra0_ot0_temps0,deduplicated_sensitivity,3,2023-01-05,2023-06-30,2023-07-28,0.95,Hypothetical historical replay,6,0,6,30.0,2,139006,112864,26142,0,0,0.8119361754168885,False,4686,156017,155232.0
selection|extra0_ot0_temps0|deduplicated_sensitivity|30.0|1|1,selection,extra0_ot0_temps0,deduplicated_sensitivity,1,2023-01-05,2023-06-30,2023-07-28,0.95,Hypothetical historical replay,6,1,5,30.0,2,139006,18138,120868,0,0,0.13048357624850726,False,12786,1173162,155232.0
selection|extra0_ot0_temps0|deduplicated_sensitivity|30.0|1|3,selection,extra0_ot0_temps0,deduplicated_sensitivity,3,2023-01-05,2023-06-30,2023-07-28,0.95,Hypothetical historical replay,6,1,5,30.0,2,139006,18138,120868,0,0,0.13048357624850726,False,12786,1173162,155232.0
selection|extra0_ot0_temps0|deduplicated_sensitivity|30.0|2|1,selection,extra0_ot0_temps0,deduplicated_sensitivity,1,2023-01-05,2023-06-30,2023-07-28,0.95,Hypothetical historical replay,6,2,4,30.0,2,139006,1826,118126,19054,0,0.01313612362056314,False,36485,4166868,155232.0
selection|extra0_ot0_temps0|deduplicated_sensitivity|30.0|2|3,selection,extra0_ot0_temps0,deduplicated_sensitivity,3,2023-01-05,2023-06-30,2023-07-28,0.95,Hypothetical historical replay,6,2,4,30.0,2,139006,1826,118126,19054,0,0.01313612362056314,False,36485,4166868,155232.0
selection|extra0_ot0_temps0|deduplicated_sensitivity|40.0|0|1,selection,extra0_ot0_temps0,deduplicated_sensitivity,1,2023-01-05,2023-06-30,2023-07-28,0.95,Hypothetical historical replay,6,0,6,40.0,2,139006,135917,3089,0,0,0.9777779376429795,True,4278,36088,155232.0
selection|extra0_ot0_temps0|deduplicated_sensitivity|40.0|0|3,selection,extra0_ot0_temps0,deduplicated_sensitivity,3,2023-01-05,2023-06-30,2023-07-28,0.95,Hypothetical historical replay,6,0,6,40.0,2,139006,135917,3089,0,0,0.9777779376429795,True,4278,36088,155232.0
selection|extra0_ot0_temps0|deduplicated_sensitivity|40.0|1|1,selection,extra0_ot0_temps0,deduplicated_sensitivity,1,2023-01-05,2023-06-30,2023-07-28,0.95,Hypothetical historical replay,6,1,5,40.0,2,139006,131843,7163,0,0,0.9484698502222926,False,4550,83389,155232.0
selection|extra0_ot0_temps0|deduplicated_sensitivity|40.0|1|3,selection,extra0_ot0_temps0,deduplicated_sensitivity,3,2023-01-05,2023-06-30,2023-07-28,0.95,Hypothetical historical replay,6,1,5,40.0,2,139006,131843,7163,0,0,0.9484698502222926,False,4550,83389,155232.0
selection|extra0_ot0_temps0|deduplicated_sensitivity|40.0|2|1,selection,extra0_ot0_temps0,deduplicated_sensitivity,1,2023-01-05,2023-06-30,2023-07-28,0.95,Hypothetical historical replay,6,2,4,40.0,2,139006,30015,108991,0,0,0.21592593125476597,False,7602,624709,155232.0
selection|extra0_ot0_temps0|deduplicated_sensitivity|40.0|2|3,selection,extra0_ot0_temps0,deduplicated_sensitivity,3,2023-01-05,2023-06-30,2023-07-28,0.95,Hypothetical historical replay,6,2,4,40.0,2,139006,30015,108991,0,0,0.21592593125476597,False,7602,624709,155232.0
selection|extra0_ot0_temps0|deduplicated_sensitivity|50.0|0|1,selection,extra0_ot0_temps0,deduplicated_sensitivity,1,2023-01-05,2023-06-30,2023-07-28,0.95,Hypothetical historical replay,6,0,6,50.0,2,139006,137176,1830,0,0,0.9868351006431377,True,3870,14813,155232.0
selection|extra0_ot0_temps0|deduplicated_sensitivity|50.0|0|3,selection,extra0_ot0_temps0,deduplicated_sensitivity,3,2023-01-05,2023-06-30,2023-07-28,0.95,Hypothetical historical replay,6,0,6,50.0,2,139006,137176,1830,0,0,0.9868351006431377,True,3870,14813,155232.0
selection|extra0_ot0_temps0|deduplicated_sensitivity|50.0|1|1,selection,extra0_ot0_temps0,deduplicated_sensitivity,1,2023-01-05,2023-06-30,2023-07-28,0.95,Hypothetical historical replay,6,1,5,50.0,2,139006,136325,2681,0,0,0.980713062745493,True,4210,30028,155232.0
selection|extra0_ot0_temps0|deduplicated_sensitivity|50.0|1|3,selection,extra0_ot0_temps0,deduplicated_sensitivity,3,2023-01-05,2023-06-30,2023-07-28,0.95,Hypothetical historical replay,6,1,5,50.0,2,139006,136325,2681,0,0,0.980713062745493,True,4210,30028,155232.0
selection|extra0_ot0_temps0|deduplicated_sensitivity|50.0|2|1,selection,extra0_ot0_temps0,deduplicated_sensitivity,1,2023-01-05,2023-06-30,2023-07-28,0.95,Hypothetical historical replay,6,2,4,50.0,2,139006,131843,7163,0,0,0.9484698502222926,False,4550,83389,155232.0
selection|extra0_ot0_temps0|deduplicated_sensitivity|50.0|2|3,selection,extra0_ot0_temps0,deduplicated_sensitivity,3,2023-01-05,2023-06-30,2023-07-28,0.95,Hypothetical historical replay,6,2,4,50.0,2,139006,131843,7163,0,0,0.9484698502222926,False,4550,83389,155232.0
selection|extra0_ot0_temps2|retained|30.0|0|1,selection,extra0_ot0_temps2,retained,1,2023-01-05,2023-06-30,2023-07-28,0.95,Hypothetical historical replay,6,0,6,30.0,2,148824,136975,11849,0,0,0.920382465193786,False,4687,130364,169872.0
selection|extra0_ot0_temps2|retained|30.0|0|3,selection,extra0_ot0_temps2,retained,3,2023-01-05,2023-06-30,2023-07-28,0.95,Hypothetical historical replay,6,0,6,30.0,2,148824,89480,59344,0,0,0.601247110681073,False,4687,251426,156912.0
selection|extra0_ot0_temps2|retained|30.0|1|1,selection,extra0_ot0_temps2,retained,1,2023-01-05,2023-06-30,2023-07-28,0.95,Hypothetical historical replay,6,1,5,30.0,2,148824,102608,46216,0,0,0.6894586894586895,False,4891,228425,188352.0
selection|extra0_ot0_temps2|retained|30.0|1|3,selection,extra0_ot0_temps2,retained,3,2023-01-05,2023-06-30,2023-07-28,0.95,Hypothetical historical replay,6,1,5,30.0,2,148824,15061,133763,0,0,0.10120007525667903,False,6560,553846,179712.0
selection|extra0_ot0_temps2|retained|30.0|2|1,selection,extra0_ot0_temps2,retained,1,2023-01-05,2023-06-30,2023-07-28,0.95,Hypothetical historical replay,6,2,4,30.0,2,148824,20889,127935,0,0,0.14036042573778423,False,8790,774202,214752.0
selection|extra0_ot0_temps2|retained|30.0|2|3,selection,extra0_ot0_temps2,retained,3,2023-01-05,2023-06-30,2023-07-28,0.95,Hypothetical historical replay,6,2,4,30.0,2,148824,1826,146998,0,0,0.012269526420469816,False,11072,1164493,212352.0
selection|extra0_ot0_temps2|retained|40.0|0|1,selection,extra0_ot0_temps2,retained,1,2023-01-05,2023-06-30,2023-07-28,0.95,Hypothetical historical replay,6,0,6,40.0,2,148824,146489,2335,0,0,0.9843103262914583,True,4279,44287,157872.0
selection|extra0_ot0_temps2|retained|40.0|0|3,selection,extra0_ot0_temps2,retained,3,2023-01-05,2023-06-30,2023-07-28,0.95,Hypothetical historical replay,6,0,6,40.0,2,148824,145024,3800,0,0,0.9744664839004462,True,4279,51637,155232.0
selection|extra0_ot0_temps2|retained|40.0|1|1,selection,extra0_ot0_temps2,retained,1,2023-01-05,2023-06-30,2023-07-28,0.95,Hypothetical historical replay,6,1,5,40.0,2,148824,144453,4371,0,0,0.9706297371391711,True,4551,90450,161712.0
selection|extra0_ot0_temps2|retained|40.0|1|3,selection,extra0_ot0_temps2,retained,3,2023-01-05,2023-06-30,2023-07-28,0.95,Hypothetical historical replay,6,1,5,40.0,2,148824,133237,15587,0,0,0.8952655485674353,False,4551,128884,155712.0
selection|extra0_ot0_temps2|retained|40.0|2|1,selection,extra0_ot0_temps2,retained,1,2023-01-05,2023-06-30,2023-07-28,0.95,Hypothetical historical replay,6,2,4,40.0,2,148824,131752,17072,0,0,0.8852873192495834,False,4823,159352,175872.0
selection|extra0_ot0_temps2|retained|40.0|2|3,selection,extra0_ot0_temps2,retained,3,2023-01-05,2023-06-30,2023-07-28,0.95,Hypothetical historical replay,6,2,4,40.0,2,148824,39962,108862,0,0,0.26851851851851855,False,5920,435647,165552.0
selection|extra0_ot0_temps2|retained|50.0|0|1,selection,extra0_ot0_temps2,retained,1,2023-01-05,2023-06-30,2023-07-28,0.95,Hypothetical historical replay,6,0,6,50.0,2,148824,147537,1287,0,0,0.9913522012578616,True,3871,20572,155712.0
selection|extra0_ot0_temps2|retained|50.0|0|3,selection,extra0_ot0_temps2,retained,3,2023-01-05,2023-06-30,2023-07-28,0.95,Hypothetical historical replay,6,0,6,50.0,2,148824,146993,1831,0,0,0.9876968768478203,True,3871,21116,155232.0
selection|extra0_ot0_temps2|retained|50.0|1|1,selection,extra0_ot0_temps2,retained,1,2023-01-05,2023-06-30,2023-07-28,0.95,Hypothetical historical replay,6,1,5,50.0,2,148824,146857,1967,0,0,0.98678304574531,True,4211,36722,157152.0
selection|extra0_ot0_temps2|retained|50.0|1|3,selection,extra0_ot0_temps2,retained,3,2023-01-05,2023-06-30,2023-07-28,0.95,Hypothetical historical replay,6,1,5,50.0,2,148824,145704,3120,0,0,0.9790356394129979,True,4211,42907,155232.0
selection|extra0_ot0_temps2|retained|50.0|2|1,selection,extra0_ot0_temps2,retained,1,2023-01-05,2023-06-30,2023-07-28,0.95,Hypothetical historical replay,6,2,4,50.0,2,148824,145024,3800,0,0,0.9744664839004462,True,4551,86663,161472.0
selection|extra0_ot0_temps2|retained|50.0|2|3,selection,extra0_ot0_temps2,retained,3,2023-01-05,2023-06-30,2023-07-28,0.95,Hypothetical historical replay,6,2,4,50.0,2,148824,133292,15532,0,0,0.8956351126162447,False,4551,128610,155712.0
selection|extra0_ot0_temps2|deduplicated_sensitivity|30.0|0|1,selection,extra0_ot0_temps2,deduplicated_sensitivity,1,2023-01-05,2023-06-30,2023-07-28,0.95,Hypothetical historical replay,6,0,6,30.0,2,139006,133128,5878,0,0,0.9577140555083953,True,4686,98602,164352.0
selection|extra0_ot0_temps2|deduplicated_sensitivity|30.0|0|3,selection,extra0_ot0_temps2,deduplicated_sensitivity,3,2023-01-05,2023-06-30,2023-07-28,0.95,Hypothetical historical replay,6,0,6,30.0,2,139006,113999,25007,0,0,0.8201012905917731,False,4686,151453,155712.0
selection|extra0_ot0_temps2|deduplicated_sensitivity|30.0|1|1,selection,extra0_ot0_temps2,deduplicated_sensitivity,1,2023-01-05,2023-06-30,2023-07-28,0.95,Hypothetical historical replay,6,1,5,30.0,2,139006,114692,24314,0,0,0.8250866869056012,False,4890,166472,180432.0
selection|extra0_ot0_temps2|deduplicated_sensitivity|30.0|1|3,selection,extra0_ot0_temps2,deduplicated_sensitivity,3,2023-01-05,2023-06-30,2023-07-28,0.95,Hypothetical historical replay,6,1,5,30.0,2,139006,38158,100848,0,0,0.27450613642576577,False,6138,414480,169872.0
selection|extra0_ot0_temps2|deduplicated_sensitivity|30.0|2|1,selection,extra0_ot0_temps2,deduplicated_sensitivity,1,2023-01-05,2023-06-30,2023-07-28,0.95,Hypothetical historical replay,6,2,4,30.0,2,139006,39416,99590,0,0,0.2835561054918493,False,5910,427116,207552.0
selection|extra0_ot0_temps2|deduplicated_sensitivity|30.0|2|3,selection,extra0_ot0_temps2,deduplicated_sensitivity,3,2023-01-05,2023-06-30,2023-07-28,0.95,Hypothetical historical replay,6,2,4,30.0,2,139006,2212,136794,0,0,0.015912982173431362,False,7866,791007,204912.0
selection|extra0_ot0_temps2|deduplicated_sensitivity|40.0|0|1,selection,extra0_ot0_temps2,deduplicated_sensitivity,1,2023-01-05,2023-06-30,2023-07-28,0.95,Hypothetical historical replay,6,0,6,40.0,2,139006,136795,2211,0,0,0.9840942117606434,True,4278,31131,157152.0
selection|extra0_ot0_temps2|deduplicated_sensitivity|40.0|0|3,selection,extra0_ot0_temps2,deduplicated_sensitivity,3,2023-01-05,2023-06-30,2023-07-28,0.95,Hypothetical historical replay,6,0,6,40.0,2,139006,135917,3089,0,0,0.9777779376429795,True,4278,36088,155232.0
selection|extra0_ot0_temps2|deduplicated_sensitivity|40.0|1|1,selection,extra0_ot0_temps2,deduplicated_sensitivity,1,2023-01-05,2023-06-30,2023-07-28,0.95,Hypothetical historical replay,6,1,5,40.0,2,139006,135590,3416,0,0,0.9754255212005237,True,4550,70996,158352.0
selection|extra0_ot0_temps2|deduplicated_sensitivity|40.0|1|3,selection,extra0_ot0_temps2,deduplicated_sensitivity,3,2023-01-05,2023-06-30,2023-07-28,0.95,Hypothetical historical replay,6,1,5,40.0,2,139006,132665,6341,0,0,0.9543832640317684,True,4550,81649,155712.0
selection|extra0_ot0_temps2|deduplicated_sensitivity|40.0|2|1,selection,extra0_ot0_temps2,deduplicated_sensitivity,1,2023-01-05,2023-06-30,2023-07-28,0.95,Hypothetical historical replay,6,2,4,40.0,2,139006,130153,8853,0,0,0.9363121016359006,False,4822,123275,170592.0
selection|extra0_ot0_temps2|deduplicated_sensitivity|40.0|2|3,selection,extra0_ot0_temps2,deduplicated_sensitivity,3,2023-01-05,2023-06-30,2023-07-28,0.95,Hypothetical historical replay,6,2,4,40.0,2,139006,53147,85859,0,0,0.3823360142727652,False,5892,339773,160512.0
selection|extra0_ot0_temps2|deduplicated_sensitivity|50.0|0|1,selection,extra0_ot0_temps2,deduplicated_sensitivity,1,2023-01-05,2023-06-30,2023-07-28,0.95,Hypothetical historical replay,6,0,6,50.0,2,139006,137720,1286,0,0,0.9907486007798224,True,3870,14269,155712.0
selection|extra0_ot0_temps2|deduplicated_sensitivity|50.0|0|3,selection,extra0_ot0_temps2,deduplicated_sensitivity,3,2023-01-05,2023-06-30,2023-07-28,0.95,Hypothetical historical replay,6,0,6,50.0,2,139006,137176,1830,0,0,0.9868351006431377,True,3870,14813,155232.0
selection|extra0_ot0_temps2|deduplicated_sensitivity|50.0|1|1,selection,extra0_ot0_temps2,deduplicated_sensitivity,1,2023-01-05,2023-06-30,2023-07-28,0.95,Hypothetical historical replay,6,1,5,50.0,2,139006,137040,1966,0,0,0.9858567256089665,True,4210,26229,156432.0
selection|extra0_ot0_temps2|deduplicated_sensitivity|50.0|1|3,selection,extra0_ot0_temps2,deduplicated_sensitivity,3,2023-01-05,2023-06-30,2023-07-28,0.95,Hypothetical historical replay,6,1,5,50.0,2,139006,136325,2681,0,0,0.980713062745493,True,4210,30028,155232.0
selection|extra0_ot0_temps2|deduplicated_sensitivity|50.0|2|1,selection,extra0_ot0_temps2,deduplicated_sensitivity,1,2023-01-05,2023-06-30,2023-07-28,0.95,Hypothetical historical replay,6,2,4,50.0,2,139006,135917,3089,0,0,0.9777779376429795,True,4550,68976,158112.0
selection|extra0_ot0_temps2|deduplicated_sensitivity|50.0|2|3,selection,extra0_ot0_temps2,deduplicated_sensitivity,3,2023-01-05,2023-06-30,2023-07-28,0.95,Hypothetical historical replay,6,2,4,50.0,2,139006,132719,6287,0,0,0.954771736471807,True,4550,81378,155712.0
selection|extra0_ot0_temps4|retained|30.0|0|1,selection,extra0_ot0_temps4,retained,1,2023-01-05,2023-06-30,2023-07-28,0.95,Hypothetical historical replay,6,0,6,30.0,2,148824,144097,4727,0,0,0.9682376498414235,True,4687,107325,173952.0
selection|extra0_ot0_temps4|retained|30.0|0|3,selection,extra0_ot0_temps4,retained,3,2023-01-05,2023-06-30,2023-07-28,0.95,Hypothetical historical replay,6,0,6,30.0,2,148824,91120,57704,0,0,0.612266838681933,False,4687,245558,157392.0
selection|extra0_ot0_temps4|retained|30.0|1|1,selection,extra0_ot0_temps4,retained,1,2023-01-05,2023-06-30,2023-07-28,0.95,Hypothetical historical replay,6,1,5,30.0,2,148824,135162,13662,0,0,0.908200290275762,False,4891,156991,193152.0
selection|extra0_ot0_temps4|retained|30.0|1|3,selection,extra0_ot0_temps4,retained,3,2023-01-05,2023-06-30,2023-07-28,0.95,Hypothetical historical replay,6,1,5,30.0,2,148824,17532,131292,0,0,0.117803580067731,False,5853,499849,180192.0
selection|extra0_ot0_temps4|retained|30.0|2|1,selection,extra0_ot0_temps4,retained,1,2023-01-05,2023-06-30,2023-07-28,0.95,Hypothetical historical replay,6,2,4,30.0,2,148824,117903,30921,0,0,0.7922310917593937,False,5095,211488,223632.0
selection|extra0_ot0_temps4|retained|30.0|2|3,selection,extra0_ot0_temps4,retained,3,2023-01-05,2023-06-30,2023-07-28,0.95,Hypothetical historical replay,6,2,4,30.0,2,148824,4633,144191,0,0,0.031130731602429716,False,6804,618680,218352.0
selection|extra0_ot0_temps4|retained|40.0|0|1,selection,extra0_ot0_temps4,retained,1,2023-01-05,2023-06-30,2023-07-28,0.95,Hypothetical historical replay,6,0,6,40.0,2,148824,147047,1777,0,0,0.9880597215502875,True,4279,42802,158352.0
selection|extra0_ot0_temps4|retained|40.0|0|3,selection,extra0_ot0_temps4,retained,3,2023-01-05,2023-06-30,2023-07-28,0.95,Hypothetical historical replay,6,0,6,40.0,2,148824,145024,3800,0,0,0.9744664839004462,True,4279,51637,155232.0
selection|extra0_ot0_temps4|retained|40.0|1|1,selection,extra0_ot0_temps4,retained,1,2023-01-05,2023-06-30,2023-07-28,0.95,Hypothetical historical replay,6,1,5,40.0,2,148824,146271,2553,0,0,0.982845508788905,True,4551,82217,164112.0
selection|extra0_ot0_temps4|retained|40.0|1|3,selection,extra0_ot0_temps4,retained,3,2023-01-05,2023-06-30,2023-07-28,0.95,Hypothetical historical replay,6,1,5,40.0,2,148824,133292,15532,0,0,0.8956351126162447,False,4551,128502,155952.0
selection|extra0_ot0_temps4|retained|40.0|2|1,selection,extra0_ot0_temps4,retained,1,2023-01-05,2023-06-30,2023-07-28,0.95,Hypothetical historical replay,6,2,4,40.0,2,148824,142622,6202,0,0,0.9583266139869914,True,4823,127243,179232.0
selection|extra0_ot0_temps4|retained|40.0|2|3,selection,extra0_ot0_temps4,retained,3,2023-01-05,2023-06-30,2023-07-28,0.95,Hypothetical historical replay,6,2,4,40.0,2,148824,42924,105900,0,0,0.28842122238348655,False,5847,409102,165552.0
selection|extra0_ot0_temps4|retained|50.0|0|1,selection,extra0_ot0_temps4,retained,1,2023-01-05,2023-06-30,2023-07-28,0.95,Hypothetical historical replay,6,0,6,50.0,2,148824,148081,743,0,0,0.9950075256679031,True,3871,20028,156192.0
selection|extra0_ot0_temps4|retained|50.0|0|3,selection,extra0_ot0_temps4,retained,3,2023-01-05,2023-06-30,2023-07-28,0.95,Hypothetical historical replay,6,0,6,50.0,2,148824,146993,1831,0,0,0.9876968768478203,True,3871,21116,155232.0
selection|extra0_ot0_temps4|retained|50.0|1|1,selection,extra0_ot0_temps4,retained,1,2023-01-05,2023-06-30,2023-07-28,0.95,Hypothetical historical replay,6,1,5,50.0,2,148824,147401,1423,0,0,0.9904383701553513,True,4211,36178,157392.0
selection|extra0_ot0_temps4|retained|50.0|1|3,selection,extra0_ot0_temps4,retained,3,2023-01-05,2023-06-30,2023-07-28,0.95,Hypothetical historical replay,6,1,5,50.0,2,148824,145704,3120,0,0,0.9790356394129979,True,4211,42907,155232.0
selection|extra0_ot0_temps4|retained|50.0|2|1,selection,extra0_ot0_temps4,retained,1,2023-01-05,2023-06-30,2023-07-28,0.95,Hypothetical historical replay,6,2,4,50.0,2,148824,146707,2117,0,0,0.9857751437940118,True,4551,79206,162912.0
selection|extra0_ot0_temps4|retained|50.0|2|3,selection,extra0_ot0_temps4,retained,3,2023-01-05,2023-06-30,2023-07-28,0.95,Hypothetical historical replay,6,2,4,50.0,2,148824,133292,15532,0,0,0.8956351126162447,False,4551,128610,155712.0
selection|extra0_ot0_temps4|deduplicated_sensitivity|30.0|0|1,selection,extra0_ot0_temps4,deduplicated_sensitivity,1,2023-01-05,2023-06-30,2023-07-28,0.95,Hypothetical historical replay,6,0,6,30.0,2,139006,135425,3581,0,0,0.9742385220781836,True,4686,88157,166752.0
selection|extra0_ot0_temps4|deduplicated_sensitivity|30.0|0|3,selection,extra0_ot0_temps4,deduplicated_sensitivity,3,2023-01-05,2023-06-30,2023-07-28,0.95,Hypothetical historical replay,6,0,6,30.0,2,139006,115645,23361,0,0,0.8319425060788743,False,4686,146889,156192.0
selection|extra0_ot0_temps4|deduplicated_sensitivity|30.0|1|1,selection,extra0_ot0_temps4,deduplicated_sensitivity,1,2023-01-05,2023-06-30,2023-07-28,0.95,Hypothetical historical replay,6,1,5,30.0,2,139006,131232,7774,0,0,0.944074356502597,False,4890,127478,184032.0
selection|extra0_ot0_temps4|deduplicated_sensitivity|30.0|1|3,selection,extra0_ot0_temps4,deduplicated_sensitivity,3,2023-01-05,2023-06-30,2023-07-28,0.95,Hypothetical historical replay,6,1,5,30.0,2,139006,41805,97201,0,0,0.30074241399651813,False,5812,384589,170592.0
selection|extra0_ot0_temps4|deduplicated_sensitivity|30.0|2|1,selection,extra0_ot0_temps4,deduplicated_sensitivity,1,2023-01-05,2023-06-30,2023-07-28,0.95,Hypothetical historical replay,6,2,4,30.0,2,139006,120318,18688,0,0,0.8655597600103593,False,5094,175231,211632.0
selection|extra0_ot0_temps4|deduplicated_sensitivity|30.0|2|3,selection,extra0_ot0_temps4,deduplicated_sensitivity,3,2023-01-05,2023-06-30,2023-07-28,0.95,Hypothetical historical replay,6,2,4,30.0,2,139006,5654,133352,0,0,0.040674503258852135,False,6725,547158,205392.0
selection|extra0_ot0_temps4|deduplicated_sensitivity|40.0|0|1,selection,extra0_ot0_temps4,deduplicated_sensitivity,1,2023-01-05,2023-06-30,2023-07-28,0.95,Hypothetical historical replay,6,0,6,40.0,2,139006,137230,1776,0,0,0.9872235730831763,True,4278,30264,157392.0
selection|extra0_ot0_temps4|deduplicated_sensitivity|40.0|0|3,selection,extra0_ot0_temps4,deduplicated_sensitivity,3,2023-01-05,2023-06-30,2023-07-28,0.95,Hypothetical historical replay,6,0,6,40.0,2,139006,135917,3089,0,0,0.9777779376429795,True,4278,36088,155232.0
selection|extra0_ot0_temps4|deduplicated_sensitivity|40.0|1|1,selection,extra0_ot0_temps4,deduplicated_sensitivity,1,2023-01-05,2023-06-30,2023-07-28,0.95,Hypothetical historical replay,6,1,5,40.0,2,139006,136686,2320,0,0,0.9833100729464915,True,4550,65620,159792.0
selection|extra0_ot0_temps4|deduplicated_sensitivity|40.0|1|3,selection,extra0_ot0_temps4,deduplicated_sensitivity,3,2023-01-05,2023-06-30,2023-07-28,0.95,Hypothetical historical replay,6,1,5,40.0,2,139006,132719,6287,0,0,0.954771736471807,True,4550,81270,155952.0
selection|extra0_ot0_temps4|deduplicated_sensitivity|40.0|2|1,selection,extra0_ot0_temps4,deduplicated_sensitivity,1,2023-01-05,2023-06-30,2023-07-28,0.95,Hypothetical historical replay,6,2,4,40.0,2,139006,135094,3912,0,0,0.9718573298994289,True,4822,106165,172992.0
selection|extra0_ot0_temps4|deduplicated_sensitivity|40.0|2|3,selection,extra0_ot0_temps4,deduplicated_sensitivity,3,2023-01-05,2023-06-30,2023-07-28,0.95,Hypothetical historical replay,6,2,4,40.0,2,139006,55221,83785,0,0,0.3972562335438758,False,5892,326763,160752.0
selection|extra0_ot0_temps4|deduplicated_sensitivity|50.0|0|1,selection,extra0_ot0_temps4,deduplicated_sensitivity,1,2023-01-05,2023-06-30,2023-07-28,0.95,Hypothetical historical replay,6,0,6,50.0,2,139006,138264,742,0,0,0.9946621009165072,True,3870,13725,156192.0
selection|extra0_ot0_temps4|deduplicated_sensitivity|50.0|0|3,selection,extra0_ot0_temps4,deduplicated_sensitivity,3,2023-01-05,2023-06-30,2023-07-28,0.95,Hypothetical historical replay,6,0,6,50.0,2,139006,137176,1830,0,0,0.9868351006431377,True,3870,14813,155232.0
selection|extra0_ot0_temps4|deduplicated_sensitivity|50.0|1|1,selection,extra0_ot0_temps4,deduplicated_sensitivity,1,2023-01-05,2023-06-30,2023-07-28,0.95,Hypothetical historical replay,6,1,5,50.0,2,139006,137584,1422,0,0,0.9897702257456513,True,4210,25685,156672.0
selection|extra0_ot0_temps4|deduplicated_sensitivity|50.0|1|3,selection,extra0_ot0_temps4,deduplicated_sensitivity,3,2023-01-05,2023-06-30,2023-07-28,0.95,Hypothetical historical replay,6,1,5,50.0,2,139006,136325,2681,0,0,0.980713062745493,True,4210,30028,155232.0
selection|extra0_ot0_temps4|deduplicated_sensitivity|50.0|2|1,selection,extra0_ot0_temps4,deduplicated_sensitivity,1,2023-01-05,2023-06-30,2023-07-28,0.95,Hypothetical historical replay,6,2,4,50.0,2,139006,136904,2102,0,0,0.9848783505747953,True,4550,64523,159072.0
selection|extra0_ot0_temps4|deduplicated_sensitivity|50.0|2|3,selection,extra0_ot0_temps4,deduplicated_sensitivity,3,2023-01-05,2023-06-30,2023-07-28,0.95,Hypothetical historical replay,6,2,4,50.0,2,139006,132719,6287,0,0,0.954771736471807,True,4550,81378,155712.0
selection|extra0_ot2_temps0|retained|30.0|0|1,selection,extra0_ot2_temps0,retained,1,2023-01-05,2023-06-30,2023-07-28,0.95,Hypothetical historical replay,6,0,6,30.0,2,148824,135946,12878,0,0,0.9134682578078804,False,4687,134167,167442.0
selection|extra0_ot2_temps0|retained|30.0|0|3,selection,extra0_ot2_temps0,retained,3,2023-01-05,2023-06-30,2023-07-28,0.95,Hypothetical historical replay,6,0,6,30.0,2,148824,135946,12878,0,0,0.9134682578078804,False,4687,134167,167442.0
selection|extra0_ot2_temps0|retained|30.0|1|1,selection,extra0_ot2_temps0,retained,1,2023-01-05,2023-06-30,2023-07-28,0.95,Hypothetical historical replay,6,1,5,30.0,2,148824,81504,67320,0,0,0.5476536042573779,False,4891,290252,181599.0
selection|extra0_ot2_temps0|retained|30.0|1|3,selection,extra0_ot2_temps0,retained,3,2023-01-05,2023-06-30,2023-07-28,0.95,Hypothetical historical replay,6,1,5,30.0,2,148824,81504,67320,0,0,0.5476536042573779,False,4891,290252,181599.0
selection|extra0_ot2_temps0|retained|30.0|2|1,selection,extra0_ot2_temps0,retained,1,2023-01-05,2023-06-30,2023-07-28,0.95,Hypothetical historical replay,6,2,4,30.0,2,148824,2740,146084,0,0,0.018411008977046714,False,20248,2012162,193512.0
selection|extra0_ot2_temps0|retained|30.0|2|3,selection,extra0_ot2_temps0,retained,3,2023-01-05,2023-06-30,2023-07-28,0.95,Hypothetical historical replay,6,2,4,30.0,2,148824,2740,146084,0,0,0.018411008977046714,False,20248,2012162,193512.0
selection|extra0_ot2_temps0|retained|40.0|0|1,selection,extra0_ot2_temps0,retained,1,2023-01-05,2023-06-30,2023-07-28,0.95,Hypothetical historical replay,6,0,6,40.0,2,148824,146435,2389,0,0,0.983947481588991,True,4279,44658,157047.0
selection|extra0_ot2_temps0|retained|40.0|0|3,selection,extra0_ot2_temps0,retained,3,2023-01-05,2023-06-30,2023-07-28,0.95,Hypothetical historical replay,6,0,6,40.0,2,148824,146435,2389,0,0,0.983947481588991,True,4279,44658,157047.0
selection|extra0_ot2_temps0|retained|40.0|1|1,selection,extra0_ot2_temps0,retained,1,2023-01-05,2023-06-30,2023-07-28,0.95,Hypothetical historical replay,6,1,5,40.0,2,148824,143407,5417,0,0,0.9636013008654518,True,4551,96066,159687.0
selection|extra0_ot2_temps0|retained|40.0|1|3,selection,extra0_ot2_temps0,retained,3,2023-01-05,2023-06-30,2023-07-28,0.95,Hypothetical historical replay,6,1,5,40.0,2,148824,143407,5417,0,0,0.9636013008654518,True,4551,96066,159687.0
selection|extra0_ot2_temps0|retained|40.0|2|1,selection,extra0_ot2_temps0,retained,1,2023-01-05,2023-06-30,2023-07-28,0.95,Hypothetical historical replay,6,2,4,40.0,2,148824,111452,37372,0,0,0.74888458850723,False,4823,205049,171501.0
selection|extra0_ot2_temps0|retained|40.0|2|3,selection,extra0_ot2_temps0,retained,3,2023-01-05,2023-06-30,2023-07-28,0.95,Hypothetical historical replay,6,2,4,40.0,2,148824,111452,37372,0,0,0.74888458850723,False,4823,205049,171501.0
selection|extra0_ot2_temps0|retained|50.0|0|1,selection,extra0_ot2_temps0,retained,1,2023-01-05,2023-06-30,2023-07-28,0.95,Hypothetical historical replay,6,0,6,50.0,2,148824,147503,1321,0,0,0.9911237434822341,True,3871,20606,155628.0
selection|extra0_ot2_temps0|retained|50.0|0|3,selection,extra0_ot2_temps0,retained,3,2023-01-05,2023-06-30,2023-07-28,0.95,Hypothetical historical replay,6,0,6,50.0,2,148824,147503,1321,0,0,0.9911237434822341,True,3871,20606,155628.0
selection|extra0_ot2_temps0|retained|50.0|1|1,selection,extra0_ot2_temps0,retained,1,2023-01-05,2023-06-30,2023-07-28,0.95,Hypothetical historical replay,6,1,5,50.0,2,148824,146738,2086,0,0,0.9859834435306133,True,4211,37071,156420.0
selection|extra0_ot2_temps0|retained|50.0|1|3,selection,extra0_ot2_temps0,retained,3,2023-01-05,2023-06-30,2023-07-28,0.95,Hypothetical historical replay,6,1,5,50.0,2,148824,146738,2086,0,0,0.9859834435306133,True,4211,37071,156420.0
selection|extra0_ot2_temps0|retained|50.0|2|1,selection,extra0_ot2_temps0,retained,1,2023-01-05,2023-06-30,2023-07-28,0.95,Hypothetical historical replay,6,2,4,50.0,2,148824,143356,5468,0,0,0.9632586142020104,True,4551,96223,158796.0
selection|extra0_ot2_temps0|retained|50.0|2|3,selection,extra0_ot2_temps0,retained,3,2023-01-05,2023-06-30,2023-07-28,0.95,Hypothetical historical replay,6,2,4,50.0,2,148824,143356,5468,0,0,0.9632586142020104,True,4551,96223,158796.0
selection|extra0_ot2_temps0|deduplicated_sensitivity|30.0|0|1,selection,extra0_ot2_temps0,deduplicated_sensitivity,1,2023-01-05,2023-06-30,2023-07-28,0.95,Hypothetical historical replay,6,0,6,30.0,2,139006,132815,6191,0,0,0.9554623541429866,True,4686,100887,162657.0
selection|extra0_ot2_temps0|deduplicated_sensitivity|30.0|0|3,selection,extra0_ot2_temps0,deduplicated_sensitivity,3,2023-01-05,2023-06-30,2023-07-28,0.95,Hypothetical historical replay,6,0,6,30.0,2,139006,132815,6191,0,0,0.9554623541429866,True,4686,100887,162657.0
selection|extra0_ot2_temps0|deduplicated_sensitivity|30.0|1|1,selection,extra0_ot2_temps0,deduplicated_sensitivity,1,2023-01-05,2023-06-30,2023-07-28,0.95,Hypothetical historical replay,6,1,5,30.0,2,139006,103406,35600,0,0,0.7438959469375422,False,4890,192544,174900.0
selection|extra0_ot2_temps0|deduplicated_sensitivity|30.0|1|3,selection,extra0_ot2_temps0,deduplicated_sensitivity,3,2023-01-05,2023-06-30,2023-07-28,0.95,Hypothetical historical replay,6,1,5,30.0,2,139006,103406,35600,0,0,0.7438959469375422,False,4890,192544,174900.0
selection|extra0_ot2_temps0|deduplicated_sensitivity|30.0|2|1,selection,extra0_ot2_temps0,deduplicated_sensitivity,1,2023-01-05,2023-06-30,2023-07-28,0.95,Hypothetical historical replay,6,2,4,30.0,2,139006,12392,126614,0,0,0.08914723105477461,False,13449,1279344,190476.0
selection|extra0_ot2_temps0|deduplicated_sensitivity|30.0|2|3,selection,extra0_ot2_temps0,deduplicated_sensitivity,3,2023-01-05,2023-06-30,2023-07-28,0.95,Hypothetical historical replay,6,2,4,30.0,2,139006,12392,126614,0,0,0.08914723105477461,False,13449,1279344,190476.0
selection|extra0_ot2_temps0|deduplicated_sensitivity|40.0|0|1,selection,extra0_ot2_temps0,deduplicated_sensitivity,1,2023-01-05,2023-06-30,2023-07-28,0.95,Hypothetical historical replay,6,0,6,40.0,2,139006,136768,2238,0,0,0.9838999755406241,True,4278,31320,156486.0
selection|extra0_ot2_temps0|deduplicated_sensitivity|40.0|0|3,selection,extra0_ot2_temps0,deduplicated_sensitivity,3,2023-01-05,2023-06-30,2023-07-28,0.95,Hypothetical historical replay,6,0,6,40.0,2,139006,136768,2238,0,0,0.9838999755406241,True,4278,31320,156486.0
selection|extra0_ot2_temps0|deduplicated_sensitivity|40.0|1|1,selection,extra0_ot2_temps0,deduplicated_sensitivity,1,2023-01-05,2023-06-30,2023-07-28,0.95,Hypothetical historical replay,6,1,5,40.0,2,139006,135265,3741,0,0,0.9730874926262175,True,4550,73388,157410.0
selection|extra0_ot2_temps0|deduplicated_sensitivity|40.0|1|3,selection,extra0_ot2_temps0,deduplicated_sensitivity,3,2023-01-05,2023-06-30,2023-07-28,0.95,Hypothetical historical replay,6,1,5,40.0,2,139006,135265,3741,0,0,0.9730874926262175,True,4550,73388,157410.0
selection|extra0_ot2_temps0|deduplicated_sensitivity|40.0|2|1,selection,extra0_ot2_temps0,deduplicated_sensitivity,1,2023-01-05,2023-06-30,2023-07-28,0.95,Hypothetical historical replay,6,2,4,40.0,2,139006,119105,19901,0,0,0.8568335179776413,False,4822,150167,166848.0
selection|extra0_ot2_temps0|deduplicated_sensitivity|40.0|2|3,selection,extra0_ot2_temps0,deduplicated_sensitivity,3,2023-01-05,2023-06-30,2023-07-28,0.95,Hypothetical historical replay,6,2,4,40.0,2,139006,119105,19901,0,0,0.8568335179776413,False,4822,150167,166848.0
selection|extra0_ot2_temps0|deduplicated_sensitivity|50.0|0|1,selection,extra0_ot2_temps0,deduplicated_sensitivity,1,2023-01-05,2023-06-30,2023-07-28,0.95,Hypothetical historical replay,6,0,6,50.0,2,139006,137686,1320,0,0,0.9905040070212796,True,3870,14303,155628.0
selection|extra0_ot2_temps0|deduplicated_sensitivity|50.0|0|3,selection,extra0_ot2_temps0,deduplicated_sensitivity,3,2023-01-05,2023-06-30,2023-07-28,0.95,Hypothetical historical replay,6,0,6,50.0,2,139006,137686,1320,0,0,0.9905040070212796,True,3870,14303,155628.0
selection|extra0_ot2_temps0|deduplicated_sensitivity|50.0|1|1,selection,extra0_ot2_temps0,deduplicated_sensitivity,1,2023-01-05,2023-06-30,2023-07-28,0.95,Hypothetical historical replay,6,1,5,50.0,2,139006,136921,2085,0,0,0.9850006474540667,True,4210,26348,156057.0
selection|extra0_ot2_temps0|deduplicated_sensitivity|50.0|1|3,selection,extra0_ot2_temps0,deduplicated_sensitivity,3,2023-01-05,2023-06-30,2023-07-28,0.95,Hypothetical historical replay,6,1,5,50.0,2,139006,136921,2085,0,0,0.9850006474540667,True,4210,26348,156057.0
selection|extra0_ot2_temps0|deduplicated_sensitivity|50.0|2|1,selection,extra0_ot2_temps0,deduplicated_sensitivity,1,2023-01-05,2023-06-30,2023-07-28,0.95,Hypothetical historical replay,6,2,4,50.0,2,139006,135265,3741,0,0,0.9730874926262175,True,4550,73507,156948.0
selection|extra0_ot2_temps0|deduplicated_sensitivity|50.0|2|3,selection,extra0_ot2_temps0,deduplicated_sensitivity,3,2023-01-05,2023-06-30,2023-07-28,0.95,Hypothetical historical replay,6,2,4,50.0,2,139006,135265,3741,0,0,0.9730874926262175,True,4550,73507,156948.0
selection|extra0_ot2_temps2|retained|30.0|0|1,selection,extra0_ot2_temps2,retained,1,2023-01-05,2023-06-30,2023-07-28,0.95,Hypothetical historical replay,6,0,6,30.0,2,148824,143539,5285,0,0,0.9644882545825942,True,4687,110366,172719.0
selection|extra0_ot2_temps2|retained|30.0|0|3,selection,extra0_ot2_temps2,retained,3,2023-01-05,2023-06-30,2023-07-28,0.95,Hypothetical historical replay,6,0,6,30.0,2,148824,135966,12858,0,0,0.9136026447347202,False,4687,133985,167526.0
selection|extra0_ot2_temps2|retained|30.0|1|1,selection,extra0_ot2_temps2,retained,1,2023-01-05,2023-06-30,2023-07-28,0.95,Hypothetical historical replay,6,1,5,30.0,2,148824,132597,16227,0,0,0.8909651669085631,False,4891,166478,190635.0
selection|extra0_ot2_temps2|retained|30.0|1|3,selection,extra0_ot2_temps2,retained,3,2023-01-05,2023-06-30,2023-07-28,0.95,Hypothetical historical replay,6,1,5,30.0,2,148824,92519,56305,0,0,0.621667204214374,False,4891,254995,182664.0
selection|extra0_ot2_temps2|retained|30.0|2|1,selection,extra0_ot2_temps2,retained,1,2023-01-05,2023-06-30,2023-07-28,0.95,Hypothetical historical replay,6,2,4,30.0,2,148824,89417,59407,0,0,0.6008237918615277,False,5095,275510,218943.0
selection|extra0_ot2_temps2|retained|30.0|2|3,selection,extra0_ot2_temps2,retained,3,2023-01-05,2023-06-30,2023-07-28,0.95,Hypothetical historical replay,6,2,4,30.0,2,148824,28188,120636,0,0,0.18940493468795355,False,5964,479611,214875.0
selection|extra0_ot2_temps2|retained|40.0|0|1,selection,extra0_ot2_temps2,retained,1,2023-01-05,2023-06-30,2023-07-28,0.95,Hypothetical historical replay,6,0,6,40.0,2,148824,147020,1804,0,0,0.9878782991990539,True,4279,42829,158160.0
selection|extra0_ot2_temps2|retained|40.0|0|3,selection,extra0_ot2_temps2,retained,3,2023-01-05,2023-06-30,2023-07-28,0.95,Hypothetical historical replay,6,0,6,40.0,2,148824,146435,2389,0,0,0.983947481588991,True,4279,44658,157047.0
selection|extra0_ot2_temps2|retained|40.0|1|1,selection,extra0_ot2_temps2,retained,1,2023-01-05,2023-06-30,2023-07-28,0.95,Hypothetical historical replay,6,1,5,40.0,2,148824,146081,2743,0,0,0.9815688329839273,True,4551,83710,162939.0
selection|extra0_ot2_temps2|retained|40.0|1|3,selection,extra0_ot2_temps2,retained,3,2023-01-05,2023-06-30,2023-07-28,0.95,Hypothetical historical replay,6,1,5,40.0,2,148824,143407,5417,0,0,0.9636013008654518,True,4551,95631,160167.0
selection|extra0_ot2_temps2|retained|40.0|2|1,selection,extra0_ot2_temps2,retained,1,2023-01-05,2023-06-30,2023-07-28,0.95,Hypothetical historical replay,6,2,4,40.0,2,148824,140393,8431,0,0,0.9433491909907005,False,4823,135226,177495.0
selection|extra0_ot2_temps2|retained|40.0|2|3,selection,extra0_ot2_temps2,retained,3,2023-01-05,2023-06-30,2023-07-28,0.95,Hypothetical historical replay,6,2,4,40.0,2,148824,116748,32076,0,0,0.7844702467343977,False,4823,192537,171801.0
selection|extra0_ot2_temps2|retained|50.0|0|1,selection,extra0_ot2_temps2,retained,1,2023-01-05,2023-06-30,2023-07-28,0.95,Hypothetical historical replay,6,0,6,50.0,2,148824,148047,777,0,0,0.9947790678922754,True,3871,20062,156108.0
selection|extra0_ot2_temps2|retained|50.0|0|3,selection,extra0_ot2_temps2,retained,3,2023-01-05,2023-06-30,2023-07-28,0.95,Hypothetical historical replay,6,0,6,50.0,2,148824,147503,1321,0,0,0.9911237434822341,True,3871,20606,155628.0
selection|extra0_ot2_temps2|retained|50.0|1|1,selection,extra0_ot2_temps2,retained,1,2023-01-05,2023-06-30,2023-07-28,0.95,Hypothetical historical replay,6,1,5,50.0,2,148824,147282,1542,0,0,0.9896387679406548,True,4211,36297,157242.0
selection|extra0_ot2_temps2|retained|50.0|1|3,selection,extra0_ot2_temps2,retained,3,2023-01-05,2023-06-30,2023-07-28,0.95,Hypothetical historical replay,6,1,5,50.0,2,148824,146738,2086,0,0,0.9859834435306133,True,4211,37071,156420.0
selection|extra0_ot2_temps2|retained|50.0|2|1,selection,extra0_ot2_temps2,retained,1,2023-01-05,2023-06-30,2023-07-28,0.95,Hypothetical historical replay,6,2,4,50.0,2,148824,146299,2525,0,0,0.9830336504864807,True,4551,80721,162312.0
selection|extra0_ot2_temps2|retained|50.0|2|3,selection,extra0_ot2_temps2,retained,3,2023-01-05,2023-06-30,2023-07-28,0.95,Hypothetical historical replay,6,2,4,50.0,2,148824,143356,5468,0,0,0.9632586142020104,True,4551,95679,159276.0
selection|extra0_ot2_temps2|deduplicated_sensitivity|30.0|0|1,selection,extra0_ot2_temps2,deduplicated_sensitivity,1,2023-01-05,2023-06-30,2023-07-28,0.95,Hypothetical historical replay,6,0,6,30.0,2,139006,135365,3641,0,0,0.9738068860336964,True,4686,89295,166065.0
selection|extra0_ot2_temps2|deduplicated_sensitivity|30.0|0|3,selection,extra0_ot2_temps2,deduplicated_sensitivity,3,2023-01-05,2023-06-30,2023-07-28,0.95,Hypothetical historical replay,6,0,6,30.0,2,139006,132834,6172,0,0,0.9555990388904076,True,4686,100734,162741.0
selection|extra0_ot2_temps2|deduplicated_sensitivity|30.0|1|1,selection,extra0_ot2_temps2,deduplicated_sensitivity,1,2023-01-05,2023-06-30,2023-07-28,0.95,Hypothetical historical replay,6,1,5,30.0,2,139006,130060,8946,0,0,0.9356430657669453,False,4890,132420,182271.0
selection|extra0_ot2_temps2|deduplicated_sensitivity|30.0|1|3,selection,extra0_ot2_temps2,deduplicated_sensitivity,3,2023-01-05,2023-06-30,2023-07-28,0.95,Hypothetical historical replay,6,1,5,30.0,2,139006,105508,33498,0,0,0.7590175963627469,False,4890,185578,175629.0
selection|extra0_ot2_temps2|deduplicated_sensitivity|30.0|2|1,selection,extra0_ot2_temps2,deduplicated_sensitivity,1,2023-01-05,2023-06-30,2023-07-28,0.95,Hypothetical historical replay,6,2,4,30.0,2,139006,106398,32608,0,0,0.7654201976893084,False,5094,205983,207213.0
selection|extra0_ot2_temps2|deduplicated_sensitivity|30.0|2|3,selection,extra0_ot2_temps2,deduplicated_sensitivity,3,2023-01-05,2023-06-30,2023-07-28,0.95,Hypothetical historical replay,6,2,4,30.0,2,139006,42446,96560,0,0,0.3053537257384573,False,5817,380636,203016.0
selection|extra0_ot2_temps2|deduplicated_sensitivity|40.0|0|1,selection,extra0_ot2_temps2,deduplicated_sensitivity,1,2023-01-05,2023-06-30,2023-07-28,0.95,Hypothetical historical replay,6,0,6,40.0,2,139006,137203,1803,0,0,0.987029336863157,True,4278,30291,157308.0
selection|extra0_ot2_temps2|deduplicated_sensitivity|40.0|0|3,selection,extra0_ot2_temps2,deduplicated_sensitivity,3,2023-01-05,2023-06-30,2023-07-28,0.95,Hypothetical historical replay,6,0,6,40.0,2,139006,136768,2238,0,0,0.9838999755406241,True,4278,31320,156486.0
selection|extra0_ot2_temps2|deduplicated_sensitivity|40.0|1|1,selection,extra0_ot2_temps2,deduplicated_sensitivity,1,2023-01-05,2023-06-30,2023-07-28,0.95,Hypothetical historical replay,6,1,5,40.0,2,139006,136591,2415,0,0,0.9826266492093867,True,4550,66475,159192.0
selection|extra0_ot2_temps2|deduplicated_sensitivity|40.0|1|3,selection,extra0_ot2_temps2,deduplicated_sensitivity,3,2023-01-05,2023-06-30,2023-07-28,0.95,Hypothetical historical replay,6,1,5,40.0,2,139006,135265,3741,0,0,0.9730874926262175,True,4550,72953,157890.0
selection|extra0_ot2_temps2|deduplicated_sensitivity|40.0|2|1,selection,extra0_ot2_temps2,deduplicated_sensitivity,1,2023-01-05,2023-06-30,2023-07-28,0.95,Hypothetical historical replay,6,2,4,40.0,2,139006,133893,5113,0,0,0.9632174150756082,True,4822,112218,171492.0
selection|extra0_ot2_temps2|deduplicated_sensitivity|40.0|2|3,selection,extra0_ot2_temps2,deduplicated_sensitivity,3,2023-01-05,2023-06-30,2023-07-28,0.95,Hypothetical historical replay,6,2,4,40.0,2,139006,121406,17600,0,0,0.8733867602837287,False,4822,145004,167064.0
selection|extra0_ot2_temps2|deduplicated_sensitivity|50.0|0|1,selection,extra0_ot2_temps2,deduplicated_sensitivity,1,2023-01-05,2023-06-30,2023-07-28,0.95,Hypothetical historical replay,6,0,6,50.0,2,139006,138230,776,0,0,0.9944175071579644,True,3870,13759,156108.0
selection|extra0_ot2_temps2|deduplicated_sensitivity|50.0|0|3,selection,extra0_ot2_temps2,deduplicated_sensitivity,3,2023-01-05,2023-06-30,2023-07-28,0.95,Hypothetical historical replay,6,0,6,50.0,2,139006,137686,1320,0,0,0.9905040070212796,True,3870,14303,155628.0
selection|extra0_ot2_temps2|deduplicated_sensitivity|50.0|1|1,selection,extra0_ot2_temps2,deduplicated_sensitivity,1,2023-01-05,2023-06-30,2023-07-28,0.95,Hypothetical historical replay,6,1,5,50.0,2,139006,137465,1541,0,0,0.9889141475907515,True,4210,25804,156522.0
selection|extra0_ot2_temps2|deduplicated_sensitivity|50.0|1|3,selection,extra0_ot2_temps2,deduplicated_sensitivity,3,2023-01-05,2023-06-30,2023-07-28,0.95,Hypothetical historical replay,6,1,5,50.0,2,139006,136921,2085,0,0,0.9850006474540667,True,4210,26348,156057.0
selection|extra0_ot2_temps2|deduplicated_sensitivity|50.0|2|1,selection,extra0_ot2_temps2,deduplicated_sensitivity,1,2023-01-05,2023-06-30,2023-07-28,0.95,Hypothetical historical replay,6,2,4,50.0,2,139006,136700,2306,0,0,0.9834107880235385,True,4550,64913,158796.0
selection|extra0_ot2_temps2|deduplicated_sensitivity|50.0|2|3,selection,extra0_ot2_temps2,deduplicated_sensitivity,3,2023-01-05,2023-06-30,2023-07-28,0.95,Hypothetical historical replay,6,2,4,50.0,2,139006,135265,3741,0,0,0.9730874926262175,True,4550,72963,157428.0
selection|extra0_ot2_temps4|retained|30.0|0|1,selection,extra0_ot2_temps4,retained,1,2023-01-05,2023-06-30,2023-07-28,0.95,Hypothetical historical replay,6,0,6,30.0,2,148824,145627,3197,0,0,0.9785182497446648,True,4687,101937,175368.0
selection|extra0_ot2_temps4|retained|30.0|0|3,selection,extra0_ot2_temps4,retained,3,2023-01-05,2023-06-30,2023-07-28,0.95,Hypothetical historical replay,6,0,6,30.0,2,148824,136045,12779,0,0,0.9141334730957372,False,4687,133524,167808.0
selection|extra0_ot2_temps4|retained|30.0|1|1,selection,extra0_ot2_temps4,retained,1,2023-01-05,2023-06-30,2023-07-28,0.95,Hypothetical historical replay,6,1,5,30.0,2,148824,141069,7755,0,0,0.9478914691178842,False,4891,141135,194079.0
selection|extra0_ot2_temps4|retained|30.0|1|3,selection,extra0_ot2_temps4,retained,3,2023-01-05,2023-06-30,2023-07-28,0.95,Hypothetical historical replay,6,1,5,30.0,2,148824,94305,54519,0,0,0.6336679567811643,False,4891,249070,182706.0
selection|extra0_ot2_temps4|retained|30.0|2|1,selection,extra0_ot2_temps4,retained,1,2023-01-05,2023-06-30,2023-07-28,0.95,Hypothetical historical replay,6,2,4,30.0,2,148824,130569,18255,0,0,0.8773383325270118,False,5095,187773,223488.0
selection|extra0_ot2_temps4|retained|30.0|2|3,selection,extra0_ot2_temps4,retained,3,2023-01-05,2023-06-30,2023-07-28,0.95,Hypothetical historical replay,6,2,4,30.0,2,148824,34094,114730,0,0,0.2290893941837338,False,5493,420725,215439.0
selection|extra0_ot2_temps4|retained|40.0|0|1,selection,extra0_ot2_temps4,retained,1,2023-01-05,2023-06-30,2023-07-28,0.95,Hypothetical historical replay,6,0,6,40.0,2,148824,147455,1369,0,0,0.9908012148578186,True,4279,42394,158508.0
selection|extra0_ot2_temps4|retained|40.0|0|3,selection,extra0_ot2_temps4,retained,3,2023-01-05,2023-06-30,2023-07-28,0.95,Hypothetical historical replay,6,0,6,40.0,2,148824,146435,2389,0,0,0.983947481588991,True,4279,44658,157047.0
selection|extra0_ot2_temps4|retained|40.0|1|1,selection,extra0_ot2_temps4,retained,1,2023-01-05,2023-06-30,2023-07-28,0.95,Hypothetical historical replay,6,1,5,40.0,2,148824,146843,1981,0,0,0.9866889748965221,True,4551,80436,164433.0
selection|extra0_ot2_temps4|retained|40.0|1|3,selection,extra0_ot2_temps4,retained,3,2023-01-05,2023-06-30,2023-07-28,0.95,Hypothetical historical replay,6,1,5,40.0,2,148824,143407,5417,0,0,0.9636013008654518,True,4551,95414,160407.0
selection|extra0_ot2_temps4|retained|40.0|2|1,selection,extra0_ot2_temps4,retained,1,2023-01-05,2023-06-30,2023-07-28,0.95,Hypothetical historical replay,6,2,4,40.0,2,148824,144779,4045,0,0,0.9728202440466591,True,4823,120414,180351.0
selection|extra0_ot2_temps4|retained|40.0|2|3,selection,extra0_ot2_temps4,retained,3,2023-01-05,2023-06-30,2023-07-28,0.95,Hypothetical historical replay,6,2,4,40.0,2,148824,118115,30709,0,0,0.7936555931838951,False,4823,189486,171960.0
selection|extra0_ot2_temps4|retained|50.0|0|1,selection,extra0_ot2_temps4,retained,1,2023-01-05,2023-06-30,2023-07-28,0.95,Hypothetical historical replay,6,0,6,50.0,2,148824,148591,233,0,0,0.9984343923023168,True,3871,19518,156588.0
selection|extra0_ot2_temps4|retained|50.0|0|3,selection,extra0_ot2_temps4,retained,3,2023-01-05,2023-06-30,2023-07-28,0.95,Hypothetical historical replay,6,0,6,50.0,2,148824,147503,1321,0,0,0.9911237434822341,True,3871,20606,155628.0
selection|extra0_ot2_temps4|retained|50.0|1|1,selection,extra0_ot2_temps4,retained,1,2023-01-05,2023-06-30,2023-07-28,0.95,Hypothetical historical replay,6,1,5,50.0,2,148824,147826,998,0,0,0.9932940923506961,True,4211,35753,157722.0
selection|extra0_ot2_temps4|retained|50.0|1|3,selection,extra0_ot2_temps4,retained,3,2023-01-05,2023-06-30,2023-07-28,0.95,Hypothetical historical replay,6,1,5,50.0,2,148824,146738,2086,0,0,0.9859834435306133,True,4211,37071,156420.0
selection|extra0_ot2_temps4|retained|50.0|2|1,selection,extra0_ot2_temps4,retained,1,2023-01-05,2023-06-30,2023-07-28,0.95,Hypothetical historical replay,6,2,4,50.0,2,148824,147061,1763,0,0,0.9881537923990754,True,4551,78796,162969.0
selection|extra0_ot2_temps4|retained|50.0|2|3,selection,extra0_ot2_temps4,retained,3,2023-01-05,2023-06-30,2023-07-28,0.95,Hypothetical historical replay,6,2,4,50.0,2,148824,143356,5468,0,0,0.9632586142020104,True,4551,95679,159276.0
selection|extra0_ot2_temps4|deduplicated_sensitivity|30.0|0|1,selection,extra0_ot2_temps4,deduplicated_sensitivity,1,2023-01-05,2023-06-30,2023-07-28,0.95,Hypothetical historical replay,6,0,6,30.0,2,139006,136343,2663,0,0,0.9808425535588392,True,4686,83933,167856.0
selection|extra0_ot2_temps4|deduplicated_sensitivity|30.0|0|3,selection,extra0_ot2_temps4,deduplicated_sensitivity,3,2023-01-05,2023-06-30,2023-07-28,0.95,Hypothetical historical replay,6,0,6,30.0,2,139006,132913,6093,0,0,0.9561673596823159,True,4686,100247,163023.0
selection|extra0_ot2_temps4|deduplicated_sensitivity|30.0|1|1,selection,extra0_ot2_temps4,deduplicated_sensitivity,1,2023-01-05,2023-06-30,2023-07-28,0.95,Hypothetical historical replay,6,1,5,30.0,2,139006,134017,4989,0,0,0.964109462900882,True,4890,119433,185130.0
selection|extra0_ot2_temps4|deduplicated_sensitivity|30.0|1|3,selection,extra0_ot2_temps4,deduplicated_sensitivity,3,2023-01-05,2023-06-30,2023-07-28,0.95,Hypothetical historical replay,6,1,5,30.0,2,139006,105508,33498,0,0,0.7590175963627469,False,4890,185252,175629.0
selection|extra0_ot2_temps4|deduplicated_sensitivity|30.0|2|1,selection,extra0_ot2_temps4,deduplicated_sensitivity,1,2023-01-05,2023-06-30,2023-07-28,0.95,Hypothetical historical replay,6,2,4,30.0,2,139006,128273,10733,0,0,0.9227875055752989,False,5094,157131,211563.0
selection|extra0_ot2_temps4|deduplicated_sensitivity|30.0|2|3,selection,extra0_ot2_temps4,deduplicated_sensitivity,3,2023-01-05,2023-06-30,2023-07-28,0.95,Hypothetical historical replay,6,2,4,30.0,2,139006,49422,89584,0,0,0.3555386098441794,False,5446,345102,203598.0
selection|extra0_ot2_temps4|deduplicated_sensitivity|40.0|0|1,selection,extra0_ot2_temps4,deduplicated_sensitivity,1,2023-01-05,2023-06-30,2023-07-28,0.95,Hypothetical historical replay,6,0,6,40.0,2,139006,137638,1368,0,0,0.9901586981856898,True,4278,29856,157548.0
selection|extra0_ot2_temps4|deduplicated_sensitivity|40.0|0|3,selection,extra0_ot2_temps4,deduplicated_sensitivity,3,2023-01-05,2023-06-30,2023-07-28,0.95,Hypothetical historical replay,6,0,6,40.0,2,139006,136768,2238,0,0,0.9838999755406241,True,4278,31320,156486.0
selection|extra0_ot2_temps4|deduplicated_sensitivity|40.0|1|1,selection,extra0_ot2_temps4,deduplicated_sensitivity,1,2023-01-05,2023-06-30,2023-07-28,0.95,Hypothetical historical replay,6,1,5,40.0,2,139006,137026,1980,0,0,0.9857560105319195,True,4550,65003,159882.0
selection|extra0_ot2_temps4|deduplicated_sensitivity|40.0|1|3,selection,extra0_ot2_temps4,deduplicated_sensitivity,3,2023-01-05,2023-06-30,2023-07-28,0.95,Hypothetical historical replay,6,1,5,40.0,2,139006,135265,3741,0,0,0.9730874926262175,True,4550,72736,158130.0
selection|extra0_ot2_temps4|deduplicated_sensitivity|40.0|2|1,selection,extra0_ot2_temps4,deduplicated_sensitivity,1,2023-01-05,2023-06-30,2023-07-28,0.95,Hypothetical historical replay,6,2,4,40.0,2,139006,136079,2927,0,0,0.9789433549630951,True,4822,100880,173700.0
selection|extra0_ot2_temps4|deduplicated_sensitivity|40.0|2|3,selection,extra0_ot2_temps4,deduplicated_sensitivity,3,2023-01-05,2023-06-30,2023-07-28,0.95,Hypothetical historical replay,6,2,4,40.0,2,139006,121861,17145,0,0,0.8766600002877574,False,4822,143978,167148.0
selection|extra0_ot2_temps4|deduplicated_sensitivity|50.0|0|1,selection,extra0_ot2_temps4,deduplicated_sensitivity,1,2023-01-05,2023-06-30,2023-07-28,0.95,Hypothetical historical replay,6,0,6,50.0,2,139006,138774,232,0,0,0.9983310072946492,True,3870,13215,156588.0
selection|extra0_ot2_temps4|deduplicated_sensitivity|50.0|0|3,selection,extra0_ot2_temps4,deduplicated_sensitivity,3,2023-01-05,2023-06-30,2023-07-28,0.95,Hypothetical historical replay,6,0,6,50.0,2,139006,137686,1320,0,0,0.9905040070212796,True,3870,14303,155628.0
selection|extra0_ot2_temps4|deduplicated_sensitivity|50.0|1|1,selection,extra0_ot2_temps4,deduplicated_sensitivity,1,2023-01-05,2023-06-30,2023-07-28,0.95,Hypothetical historical replay,6,1,5,50.0,2,139006,138009,997,0,0,0.9928276477274363,True,4210,25260,157002.0
selection|extra0_ot2_temps4|deduplicated_sensitivity|50.0|1|3,selection,extra0_ot2_temps4,deduplicated_sensitivity,3,2023-01-05,2023-06-30,2023-07-28,0.95,Hypothetical historical replay,6,1,5,50.0,2,139006,136921,2085,0,0,0.9850006474540667,True,4210,26348,156057.0
selection|extra0_ot2_temps4|deduplicated_sensitivity|50.0|2|1,selection,extra0_ot2_temps4,deduplicated_sensitivity,1,2023-01-05,2023-06-30,2023-07-28,0.95,Hypothetical historical replay,6,2,4,50.0,2,139006,137244,1762,0,0,0.9873242881602233,True,4550,64183,159096.0
selection|extra0_ot2_temps4|deduplicated_sensitivity|50.0|2|3,selection,extra0_ot2_temps4,deduplicated_sensitivity,3,2023-01-05,2023-06-30,2023-07-28,0.95,Hypothetical historical replay,6,2,4,50.0,2,139006,135265,3741,0,0,0.9730874926262175,True,4550,72963,157428.0
selection|extra1_ot0_temps0|retained|30.0|0|1,selection,extra1_ot0_temps0,retained,1,2023-01-05,2023-06-30,2023-07-28,0.95,Hypothetical historical replay,7,0,7,30.0,2,148824,139847,8977,0,0,0.939680427887975,False,4483,96410,181104.0
selection|extra1_ot0_temps0|retained|30.0|0|3,selection,extra1_ot0_temps0,retained,3,2023-01-05,2023-06-30,2023-07-28,0.95,Hypothetical historical replay,7,0,7,30.0,2,148824,139847,8977,0,0,0.939680427887975,False,4483,96410,181104.0
selection|extra1_ot0_temps0|retained|30.0|1|1,selection,extra1_ot0_temps0,retained,1,2023-01-05,2023-06-30,2023-07-28,0.95,Hypothetical historical replay,7,1,6,30.0,2,148824,81232,67592,0,0,0.5458259420523571,False,4687,282396,181104.0
selection|extra1_ot0_temps0|retained|30.0|1|3,selection,extra1_ot0_temps0,retained,3,2023-01-05,2023-06-30,2023-07-28,0.95,Hypothetical historical replay,7,1,6,30.0,2,148824,81232,67592,0,0,0.5458259420523571,False,4687,282396,181104.0
selection|extra1_ot0_temps0|retained|30.0|2|1,selection,extra1_ot0_temps0,retained,1,2023-01-05,2023-06-30,2023-07-28,0.95,Hypothetical historical replay,7,2,5,30.0,2,148824,3704,145120,0,0,0.024888458850723,False,20044,1970642,181104.0
selection|extra1_ot0_temps0|retained|30.0|2|3,selection,extra1_ot0_temps0,retained,3,2023-01-05,2023-06-30,2023-07-28,0.95,Hypothetical historical replay,7,2,5,30.0,2,148824,3704,145120,0,0,0.024888458850723,False,20044,1970642,181104.0
selection|extra1_ot0_temps0|retained|40.0|0|1,selection,extra1_ot0_temps0,retained,1,2023-01-05,2023-06-30,2023-07-28,0.95,Hypothetical historical replay,7,0,7,40.0,2,148824,146707,2117,0,0,0.9857751437940118,True,4007,25860,181104.0
selection|extra1_ot0_temps0|retained|40.0|0|3,selection,extra1_ot0_temps0,retained,3,2023-01-05,2023-06-30,2023-07-28,0.95,Hypothetical historical replay,7,0,7,40.0,2,148824,146707,2117,0,0,0.9857751437940118,True,4007,25860,181104.0
selection|extra1_ot0_temps0|retained|40.0|1|1,selection,extra1_ot0_temps0,retained,1,2023-01-05,2023-06-30,2023-07-28,0.95,Hypothetical historical replay,7,1,6,40.0,2,148824,145024,3800,0,0,0.9744664839004462,True,4279,51637,181104.0
selection|extra1_ot0_temps0|retained|40.0|1|3,selection,extra1_ot0_temps0,retained,3,2023-01-05,2023-06-30,2023-07-28,0.95,Hypothetical historical replay,7,1,6,40.0,2,148824,145024,3800,0,0,0.9744664839004462,True,4279,51637,181104.0
selection|extra1_ot0_temps0|retained|40.0|2|1,selection,extra1_ot0_temps0,retained,1,2023-01-05,2023-06-30,2023-07-28,0.95,Hypothetical historical replay,7,2,5,40.0,2,148824,132414,16410,0,0,0.8897355265279794,False,4551,130624,181104.0
selection|extra1_ot0_temps0|retained|40.0|2|3,selection,extra1_ot0_temps0,retained,3,2023-01-05,2023-06-30,2023-07-28,0.95,Hypothetical historical replay,7,2,5,40.0,2,148824,132414,16410,0,0,0.8897355265279794,False,4551,130624,181104.0
selection|extra1_ot0_temps0|retained|50.0|0|1,selection,extra1_ot0_temps0,retained,1,2023-01-05,2023-06-30,2023-07-28,0.95,Hypothetical historical replay,7,0,7,50.0,2,148824,147673,1151,0,0,0.992266032360372,True,3531,14260,181104.0
selection|extra1_ot0_temps0|retained|50.0|0|3,selection,extra1_ot0_temps0,retained,3,2023-01-05,2023-06-30,2023-07-28,0.95,Hypothetical historical replay,7,0,7,50.0,2,148824,147673,1151,0,0,0.992266032360372,True,3531,14260,181104.0
selection|extra1_ot0_temps0|retained|50.0|1|1,selection,extra1_ot0_temps0,retained,1,2023-01-05,2023-06-30,2023-07-28,0.95,Hypothetical historical replay,7,1,6,50.0,2,148824,146993,1831,0,0,0.9876968768478203,True,3871,21116,181104.0
selection|extra1_ot0_temps0|retained|50.0|1|3,selection,extra1_ot0_temps0,retained,3,2023-01-05,2023-06-30,2023-07-28,0.95,Hypothetical historical replay,7,1,6,50.0,2,148824,146993,1831,0,0,0.9876968768478203,True,3871,21116,181104.0
selection|extra1_ot0_temps0|retained|50.0|2|1,selection,extra1_ot0_temps0,retained,1,2023-01-05,2023-06-30,2023-07-28,0.95,Hypothetical historical replay,7,2,5,50.0,2,148824,145704,3120,0,0,0.9790356394129979,True,4211,42907,181104.0
selection|extra1_ot0_temps0|retained|50.0|2|3,selection,extra1_ot0_temps0,retained,3,2023-01-05,2023-06-30,2023-07-28,0.95,Hypothetical historical replay,7,2,5,50.0,2,148824,145704,3120,0,0,0.9790356394129979,True,4211,42907,181104.0
selection|extra1_ot0_temps0|deduplicated_sensitivity|30.0|0|1,selection,extra1_ot0_temps0,deduplicated_sensitivity,1,2023-01-05,2023-06-30,2023-07-28,0.95,Hypothetical historical replay,7,0,7,30.0,2,139006,133627,5379,0,0,0.9613038286117146,True,4482,67558,181104.0
selection|extra1_ot0_temps0|deduplicated_sensitivity|30.0|0|3,selection,extra1_ot0_temps0,deduplicated_sensitivity,3,2023-01-05,2023-06-30,2023-07-28,0.95,Hypothetical historical replay,7,0,7,30.0,2,139006,133627,5379,0,0,0.9613038286117146,True,4482,67558,181104.0
selection|extra1_ot0_temps0|deduplicated_sensitivity|30.0|1|1,selection,extra1_ot0_temps0,deduplicated_sensitivity,1,2023-01-05,2023-06-30,2023-07-28,0.95,Hypothetical historical replay,7,1,6,30.0,2,139006,112864,26142,0,0,0.8119361754168885,False,4686,156017,181104.0
selection|extra1_ot0_temps0|deduplicated_sensitivity|30.0|1|3,selection,extra1_ot0_temps0,deduplicated_sensitivity,3,2023-01-05,2023-06-30,2023-07-28,0.95,Hypothetical historical replay,7,1,6,30.0,2,139006,112864,26142,0,0,0.8119361754168885,False,4686,156017,181104.0
selection|extra1_ot0_temps0|deduplicated_sensitivity|30.0|2|1,selection,extra1_ot0_temps0,deduplicated_sensitivity,1,2023-01-05,2023-06-30,2023-07-28,0.95,Hypothetical historical replay,7,2,5,30.0,2,139006,18138,120868,0,0,0.13048357624850726,False,12786,1173162,181104.0
selection|extra1_ot0_temps0|deduplicated_sensitivity|30.0|2|3,selection,extra1_ot0_temps0,deduplicated_sensitivity,3,2023-01-05,2023-06-30,2023-07-28,0.95,Hypothetical historical replay,7,2,5,30.0,2,139006,18138,120868,0,0,0.13048357624850726,False,12786,1173162,181104.0
selection|extra1_ot0_temps0|deduplicated_sensitivity|40.0|0|1,selection,extra1_ot0_temps0,deduplicated_sensitivity,1,2023-01-05,2023-06-30,2023-07-28,0.95,Hypothetical historical replay,7,0,7,40.0,2,139006,136904,2102,0,0,0.9848783505747953,True,4006,18434,181104.0
selection|extra1_ot0_temps0|deduplicated_sensitivity|40.0|0|3,selection,extra1_ot0_temps0,deduplicated_sensitivity,3,2023-01-05,2023-06-30,2023-07-28,0.95,Hypothetical historical replay,7,0,7,40.0,2,139006,136904,2102,0,0,0.9848783505747953,True,4006,18434,181104.0
selection|extra1_ot0_temps0|deduplicated_sensitivity|40.0|1|1,selection,extra1_ot0_temps0,deduplicated_sensitivity,1,2023-01-05,2023-06-30,2023-07-28,0.95,Hypothetical historical replay,7,1,6,40.0,2,139006,135917,3089,0,0,0.9777779376429795,True,4278,36088,181104.0
selection|extra1_ot0_temps0|deduplicated_sensitivity|40.0|1|3,selection,extra1_ot0_temps0,deduplicated_sensitivity,3,2023-01-05,2023-06-30,2023-07-28,0.95,Hypothetical historical replay,7,1,6,40.0,2,139006,135917,3089,0,0,0.9777779376429795,True,4278,36088,181104.0
selection|extra1_ot0_temps0|deduplicated_sensitivity|40.0|2|1,selection,extra1_ot0_temps0,deduplicated_sensitivity,1,2023-01-05,2023-06-30,2023-07-28,0.95,Hypothetical historical replay,7,2,5,40.0,2,139006,131843,7163,0,0,0.9484698502222926,False,4550,83389,181104.0
selection|extra1_ot0_temps0|deduplicated_sensitivity|40.0|2|3,selection,extra1_ot0_temps0,deduplicated_sensitivity,3,2023-01-05,2023-06-30,2023-07-28,0.95,Hypothetical historical replay,7,2,5,40.0,2,139006,131843,7163,0,0,0.9484698502222926,False,4550,83389,181104.0
selection|extra1_ot0_temps0|deduplicated_sensitivity|50.0|0|1,selection,extra1_ot0_temps0,deduplicated_sensitivity,1,2023-01-05,2023-06-30,2023-07-28,0.95,Hypothetical historical replay,7,0,7,50.0,2,139006,137856,1150,0,0,0.9917269758139936,True,3530,9352,181104.0
selection|extra1_ot0_temps0|deduplicated_sensitivity|50.0|0|3,selection,extra1_ot0_temps0,deduplicated_sensitivity,3,2023-01-05,2023-06-30,2023-07-28,0.95,Hypothetical historical replay,7,0,7,50.0,2,139006,137856,1150,0,0,0.9917269758139936,True,3530,9352,181104.0
selection|extra1_ot0_temps0|deduplicated_sensitivity|50.0|1|1,selection,extra1_ot0_temps0,deduplicated_sensitivity,1,2023-01-05,2023-06-30,2023-07-28,0.95,Hypothetical historical replay,7,1,6,50.0,2,139006,137176,1830,0,0,0.9868351006431377,True,3870,14813,181104.0
selection|extra1_ot0_temps0|deduplicated_sensitivity|50.0|1|3,selection,extra1_ot0_temps0,deduplicated_sensitivity,3,2023-01-05,2023-06-30,2023-07-28,0.95,Hypothetical historical replay,7,1,6,50.0,2,139006,137176,1830,0,0,0.9868351006431377,True,3870,14813,181104.0
selection|extra1_ot0_temps0|deduplicated_sensitivity|50.0|2|1,selection,extra1_ot0_temps0,deduplicated_sensitivity,1,2023-01-05,2023-06-30,2023-07-28,0.95,Hypothetical historical replay,7,2,5,50.0,2,139006,136325,2681,0,0,0.980713062745493,True,4210,30028,181104.0
selection|extra1_ot0_temps0|deduplicated_sensitivity|50.0|2|3,selection,extra1_ot0_temps0,deduplicated_sensitivity,3,2023-01-05,2023-06-30,2023-07-28,0.95,Hypothetical historical replay,7,2,5,50.0,2,139006,136325,2681,0,0,0.980713062745493,True,4210,30028,181104.0
selection|extra1_ot0_temps2|retained|30.0|0|1,selection,extra1_ot0_temps2,retained,1,2023-01-05,2023-06-30,2023-07-28,0.95,Hypothetical historical replay,7,0,7,30.0,2,148824,144561,4263,0,0,0.9713554265441058,True,4483,80301,186144.0
selection|extra1_ot0_temps2|retained|30.0|0|3,selection,extra1_ot0_temps2,retained,3,2023-01-05,2023-06-30,2023-07-28,0.95,Hypothetical historical replay,7,0,7,30.0,2,148824,140045,8779,0,0,0.9410108584636887,False,4483,95634,181584.0
selection|extra1_ot0_temps2|retained|30.0|1|1,selection,extra1_ot0_temps2,retained,1,2023-01-05,2023-06-30,2023-07-28,0.95,Hypothetical historical replay,7,1,6,30.0,2,148824,136975,11849,0,0,0.920382465193786,False,4687,130364,195744.0
selection|extra1_ot0_temps2|retained|30.0|1|3,selection,extra1_ot0_temps2,retained,3,2023-01-05,2023-06-30,2023-07-28,0.95,Hypothetical historical replay,7,1,6,30.0,2,148824,89480,59344,0,0,0.601247110681073,False,4687,251426,182784.0
selection|extra1_ot0_temps2|retained|30.0|2|1,selection,extra1_ot0_temps2,retained,1,2023-01-05,2023-06-30,2023-07-28,0.95,Hypothetical historical replay,7,2,5,30.0,2,148824,102608,46216,0,0,0.6894586894586895,False,4891,228425,214224.0
selection|extra1_ot0_temps2|retained|30.0|2|3,selection,extra1_ot0_temps2,retained,3,2023-01-05,2023-06-30,2023-07-28,0.95,Hypothetical historical replay,7,2,5,30.0,2,148824,15061,133763,0,0,0.10120007525667903,False,6560,553846,205584.0
selection|extra1_ot0_temps2|retained|40.0|0|1,selection,extra1_ot0_temps2,retained,1,2023-01-05,2023-06-30,2023-07-28,0.95,Hypothetical historical replay,7,0,7,40.0,2,148824,147156,1668,0,0,0.9887921303015642,True,4007,24800,181824.0
selection|extra1_ot0_temps2|retained|40.0|0|3,selection,extra1_ot0_temps2,retained,3,2023-01-05,2023-06-30,2023-07-28,0.95,Hypothetical historical replay,7,0,7,40.0,2,148824,146707,2117,0,0,0.9857751437940118,True,4007,25860,181104.0
selection|extra1_ot0_temps2|retained|40.0|1|1,selection,extra1_ot0_temps2,retained,1,2023-01-05,2023-06-30,2023-07-28,0.95,Hypothetical historical replay,7,1,6,40.0,2,148824,146489,2335,0,0,0.9843103262914583,True,4279,44287,183744.0
selection|extra1_ot0_temps2|retained|40.0|1|3,selection,extra1_ot0_temps2,retained,3,2023-01-05,2023-06-30,2023-07-28,0.95,Hypothetical historical replay,7,1,6,40.0,2,148824,145024,3800,0,0,0.9744664839004462,True,4279,51637,181104.0
selection|extra1_ot0_temps2|retained|40.0|2|1,selection,extra1_ot0_temps2,retained,1,2023-01-05,2023-06-30,2023-07-28,0.95,Hypothetical historical replay,7,2,5,40.0,2,148824,144453,4371,0,0,0.9706297371391711,True,4551,90450,187584.0
selection|extra1_ot0_temps2|retained|40.0|2|3,selection,extra1_ot0_temps2,retained,3,2023-01-05,2023-06-30,2023-07-28,0.95,Hypothetical historical replay,7,2,5,40.0,2,148824,133237,15587,0,0,0.8952655485674353,False,4551,128884,181584.0
selection|extra1_ot0_temps2|retained|50.0|0|1,selection,extra1_ot0_temps2,retained,1,2023-01-05,2023-06-30,2023-07-28,0.95,Hypothetical historical replay,7,0,7,50.0,2,148824,148217,607,0,0,0.9959213567704134,True,3531,13716,181584.0
selection|extra1_ot0_temps2|retained|50.0|0|3,selection,extra1_ot0_temps2,retained,3,2023-01-05,2023-06-30,2023-07-28,0.95,Hypothetical historical replay,7,0,7,50.0,2,148824,147673,1151,0,0,0.992266032360372,True,3531,14260,181104.0
selection|extra1_ot0_temps2|retained|50.0|1|1,selection,extra1_ot0_temps2,retained,1,2023-01-05,2023-06-30,2023-07-28,0.95,Hypothetical historical replay,7,1,6,50.0,2,148824,147537,1287,0,0,0.9913522012578616,True,3871,20572,181584.0
selection|extra1_ot0_temps2|retained|50.0|1|3,selection,extra1_ot0_temps2,retained,3,2023-01-05,2023-06-30,2023-07-28,0.95,Hypothetical historical replay,7,1,6,50.0,2,148824,146993,1831,0,0,0.9876968768478203,True,3871,21116,181104.0
selection|extra1_ot0_temps2|retained|50.0|2|1,selection,extra1_ot0_temps2,retained,1,2023-01-05,2023-06-30,2023-07-28,0.95,Hypothetical historical replay,7,2,5,50.0,2,148824,146857,1967,0,0,0.98678304574531,True,4211,36722,183024.0
selection|extra1_ot0_temps2|retained|50.0|2|3,selection,extra1_ot0_temps2,retained,3,2023-01-05,2023-06-30,2023-07-28,0.95,Hypothetical historical replay,7,2,5,50.0,2,148824,145704,3120,0,0,0.9790356394129979,True,4211,42907,181104.0
selection|extra1_ot0_temps2|deduplicated_sensitivity|30.0|0|1,selection,extra1_ot0_temps2,deduplicated_sensitivity,1,2023-01-05,2023-06-30,2023-07-28,0.95,Hypothetical historical replay,7,0,7,30.0,2,139006,135671,3335,0,0,0.9760082298605816,True,4482,60293,183744.0
selection|extra1_ot0_temps2|deduplicated_sensitivity|30.0|0|3,selection,extra1_ot0_temps2,deduplicated_sensitivity,3,2023-01-05,2023-06-30,2023-07-28,0.95,Hypothetical historical replay,7,0,7,30.0,2,139006,133823,5183,0,0,0.962713839690373,True,4482,66785,181584.0
selection|extra1_ot0_temps2|deduplicated_sensitivity|30.0|1|1,selection,extra1_ot0_temps2,deduplicated_sensitivity,1,2023-01-05,2023-06-30,2023-07-28,0.95,Hypothetical historical replay,7,1,6,30.0,2,139006,133128,5878,0,0,0.9577140555083953,True,4686,98602,190224.0
selection|extra1_ot0_temps2|deduplicated_sensitivity|30.0|1|3,selection,extra1_ot0_temps2,deduplicated_sensitivity,3,2023-01-05,2023-06-30,2023-07-28,0.95,Hypothetical historical replay,7,1,6,30.0,2,139006,113999,25007,0,0,0.8201012905917731,False,4686,151453,181584.0
selection|extra1_ot0_temps2|deduplicated_sensitivity|30.0|2|1,selection,extra1_ot0_temps2,deduplicated_sensitivity,1,2023-01-05,2023-06-30,2023-07-28,0.95,Hypothetical historical replay,7,2,5,30.0,2,139006,114692,24314,0,0,0.8250866869056012,False,4890,166472,206304.0
selection|extra1_ot0_temps2|deduplicated_sensitivity|30.0|2|3,selection,extra1_ot0_temps2,deduplicated_sensitivity,3,2023-01-05,2023-06-30,2023-07-28,0.95,Hypothetical historical replay,7,2,5,30.0,2,139006,38158,100848,0,0,0.27450613642576577,False,6138,414480,195744.0
selection|extra1_ot0_temps2|deduplicated_sensitivity|40.0|0|1,selection,extra1_ot0_temps2,deduplicated_sensitivity,1,2023-01-05,2023-06-30,2023-07-28,0.95,Hypothetical historical replay,7,0,7,40.0,2,139006,137339,1667,0,0,0.9880077118973282,True,4006,17405,181584.0
selection|extra1_ot0_temps2|deduplicated_sensitivity|40.0|0|3,selection,extra1_ot0_temps2,deduplicated_sensitivity,3,2023-01-05,2023-06-30,2023-07-28,0.95,Hypothetical historical replay,7,0,7,40.0,2,139006,136904,2102,0,0,0.9848783505747953,True,4006,18434,181104.0
selection|extra1_ot0_temps2|deduplicated_sensitivity|40.0|1|1,selection,extra1_ot0_temps2,deduplicated_sensitivity,1,2023-01-05,2023-06-30,2023-07-28,0.95,Hypothetical historical replay,7,1,6,40.0,2,139006,136795,2211,0,0,0.9840942117606434,True,4278,31131,183024.0
selection|extra1_ot0_temps2|deduplicated_sensitivity|40.0|1|3,selection,extra1_ot0_temps2,deduplicated_sensitivity,3,2023-01-05,2023-06-30,2023-07-28,0.95,Hypothetical historical replay,7,1,6,40.0,2,139006,135917,3089,0,0,0.9777779376429795,True,4278,36088,181104.0
selection|extra1_ot0_temps2|deduplicated_sensitivity|40.0|2|1,selection,extra1_ot0_temps2,deduplicated_sensitivity,1,2023-01-05,2023-06-30,2023-07-28,0.95,Hypothetical historical replay,7,2,5,40.0,2,139006,135590,3416,0,0,0.9754255212005237,True,4550,70996,184224.0
selection|extra1_ot0_temps2|deduplicated_sensitivity|40.0|2|3,selection,extra1_ot0_temps2,deduplicated_sensitivity,3,2023-01-05,2023-06-30,2023-07-28,0.95,Hypothetical historical replay,7,2,5,40.0,2,139006,132665,6341,0,0,0.9543832640317684,True,4550,81649,181584.0
selection|extra1_ot0_temps2|deduplicated_sensitivity|50.0|0|1,selection,extra1_ot0_temps2,deduplicated_sensitivity,1,2023-01-05,2023-06-30,2023-07-28,0.95,Hypothetical historical replay,7,0,7,50.0,2,139006,138400,606,0,0,0.9956404759506784,True,3530,8808,181584.0
selection|extra1_ot0_temps2|deduplicated_sensitivity|50.0|0|3,selection,extra1_ot0_temps2,deduplicated_sensitivity,3,2023-01-05,2023-06-30,2023-07-28,0.95,Hypothetical historical replay,7,0,7,50.0,2,139006,137856,1150,0,0,0.9917269758139936,True,3530,9352,181104.0
selection|extra1_ot0_temps2|deduplicated_sensitivity|50.0|1|1,selection,extra1_ot0_temps2,deduplicated_sensitivity,1,2023-01-05,2023-06-30,2023-07-28,0.95,Hypothetical historical replay,7,1,6,50.0,2,139006,137720,1286,0,0,0.9907486007798224,True,3870,14269,181584.0
selection|extra1_ot0_temps2|deduplicated_sensitivity|50.0|1|3,selection,extra1_ot0_temps2,deduplicated_sensitivity,3,2023-01-05,2023-06-30,2023-07-28,0.95,Hypothetical historical replay,7,1,6,50.0,2,139006,137176,1830,0,0,0.9868351006431377,True,3870,14813,181104.0
selection|extra1_ot0_temps2|deduplicated_sensitivity|50.0|2|1,selection,extra1_ot0_temps2,deduplicated_sensitivity,1,2023-01-05,2023-06-30,2023-07-28,0.95,Hypothetical historical replay,7,2,5,50.0,2,139006,137040,1966,0,0,0.9858567256089665,True,4210,26229,182304.0
selection|extra1_ot0_temps2|deduplicated_sensitivity|50.0|2|3,selection,extra1_ot0_temps2,deduplicated_sensitivity,3,2023-01-05,2023-06-30,2023-07-28,0.95,Hypothetical historical replay,7,2,5,50.0,2,139006,136325,2681,0,0,0.980713062745493,True,4210,30028,181104.0
selection|extra1_ot0_temps4|retained|30.0|0|1,selection,extra1_ot0_temps4,retained,1,2023-01-05,2023-06-30,2023-07-28,0.95,Hypothetical historical replay,7,0,7,30.0,2,148824,146107,2717,0,0,0.981743535988819,True,4483,73467,189024.0
selection|extra1_ot0_temps4|retained|30.0|0|3,selection,extra1_ot0_temps4,retained,3,2023-01-05,2023-06-30,2023-07-28,0.95,Hypothetical historical replay,7,0,7,30.0,2,148824,140045,8779,0,0,0.9410108584636887,False,4483,95634,181584.0
selection|extra1_ot0_temps4|retained|30.0|1|1,selection,extra1_ot0_temps4,retained,1,2023-01-05,2023-06-30,2023-07-28,0.95,Hypothetical historical replay,7,1,6,30.0,2,148824,144097,4727,0,0,0.9682376498414235,True,4687,107325,199824.0
selection|extra1_ot0_temps4|retained|30.0|1|3,selection,extra1_ot0_temps4,retained,3,2023-01-05,2023-06-30,2023-07-28,0.95,Hypothetical historical replay,7,1,6,30.0,2,148824,91120,57704,0,0,0.612266838681933,False,4687,245558,183264.0
selection|extra1_ot0_temps4|retained|30.0|2|1,selection,extra1_ot0_temps4,retained,1,2023-01-05,2023-06-30,2023-07-28,0.95,Hypothetical historical replay,7,2,5,30.0,2,148824,135162,13662,0,0,0.908200290275762,False,4891,156991,219024.0
selection|extra1_ot0_temps4|retained|30.0|2|3,selection,extra1_ot0_temps4,retained,3,2023-01-05,2023-06-30,2023-07-28,0.95,Hypothetical historical replay,7,2,5,30.0,2,148824,17532,131292,0,0,0.117803580067731,False,5853,499849,206064.0
selection|extra1_ot0_temps4|retained|40.0|0|1,selection,extra1_ot0_temps4,retained,1,2023-01-05,2023-06-30,2023-07-28,0.95,Hypothetical historical replay,7,0,7,40.0,2,148824,147591,1233,0,0,0.991715045960329,True,4007,24365,182304.0
selection|extra1_ot0_temps4|retained|40.0|0|3,selection,extra1_ot0_temps4,retained,3,2023-01-05,2023-06-30,2023-07-28,0.95,Hypothetical historical replay,7,0,7,40.0,2,148824,146707,2117,0,0,0.9857751437940118,True,4007,25860,181104.0
selection|extra1_ot0_temps4|retained|40.0|1|1,selection,extra1_ot0_temps4,retained,1,2023-01-05,2023-06-30,2023-07-28,0.95,Hypothetical historical replay,7,1,6,40.0,2,148824,147047,1777,0,0,0.9880597215502875,True,4279,42802,184224.0
selection|extra1_ot0_temps4|retained|40.0|1|3,selection,extra1_ot0_temps4,retained,3,2023-01-05,2023-06-30,2023-07-28,0.95,Hypothetical historical replay,7,1,6,40.0,2,148824,145024,3800,0,0,0.9744664839004462,True,4279,51637,181104.0
selection|extra1_ot0_temps4|retained|40.0|2|1,selection,extra1_ot0_temps4,retained,1,2023-01-05,2023-06-30,2023-07-28,0.95,Hypothetical historical replay,7,2,5,40.0,2,148824,146271,2553,0,0,0.982845508788905,True,4551,82217,189984.0
selection|extra1_ot0_temps4|retained|40.0|2|3,selection,extra1_ot0_temps4,retained,3,2023-01-05,2023-06-30,2023-07-28,0.95,Hypothetical historical replay,7,2,5,40.0,2,148824,133292,15532,0,0,0.8956351126162447,False,4551,128502,181824.0
selection|extra1_ot0_temps4|retained|50.0|0|1,selection,extra1_ot0_temps4,retained,1,2023-01-05,2023-06-30,2023-07-28,0.95,Hypothetical historical replay,7,0,7,50.0,2,148824,148761,63,0,0,0.9995766811804547,True,3531,13172,182064.0
selection|extra1_ot0_temps4|retained|50.0|0|3,selection,extra1_ot0_temps4,retained,3,2023-01-05,2023-06-30,2023-07-28,0.95,Hypothetical historical replay,7,0,7,50.0,2,148824,147673,1151,0,0,0.992266032360372,True,3531,14260,181104.0
selection|extra1_ot0_temps4|retained|50.0|1|1,selection,extra1_ot0_temps4,retained,1,2023-01-05,2023-06-30,2023-07-28,0.95,Hypothetical historical replay,7,1,6,50.0,2,148824,148081,743,0,0,0.9950075256679031,True,3871,20028,182064.0
selection|extra1_ot0_temps4|retained|50.0|1|3,selection,extra1_ot0_temps4,retained,3,2023-01-05,2023-06-30,2023-07-28,0.95,Hypothetical historical replay,7,1,6,50.0,2,148824,146993,1831,0,0,0.9876968768478203,True,3871,21116,181104.0
selection|extra1_ot0_temps4|retained|50.0|2|1,selection,extra1_ot0_temps4,retained,1,2023-01-05,2023-06-30,2023-07-28,0.95,Hypothetical historical replay,7,2,5,50.0,2,148824,147401,1423,0,0,0.9904383701553513,True,4211,36178,183264.0
selection|extra1_ot0_temps4|retained|50.0|2|3,selection,extra1_ot0_temps4,retained,3,2023-01-05,2023-06-30,2023-07-28,0.95,Hypothetical historical replay,7,2,5,50.0,2,148824,145704,3120,0,0,0.9790356394129979,True,4211,42907,181104.0
selection|extra1_ot0_temps4|deduplicated_sensitivity|30.0|0|1,selection,extra1_ot0_temps4,deduplicated_sensitivity,1,2023-01-05,2023-06-30,2023-07-28,0.95,Hypothetical historical replay,7,0,7,30.0,2,139006,136604,2402,0,0,0.9827201703523589,True,4482,55543,185424.0
selection|extra1_ot0_temps4|deduplicated_sensitivity|30.0|0|3,selection,extra1_ot0_temps4,deduplicated_sensitivity,3,2023-01-05,2023-06-30,2023-07-28,0.95,Hypothetical historical replay,7,0,7,30.0,2,139006,133823,5183,0,0,0.962713839690373,True,4482,66785,181584.0
selection|extra1_ot0_temps4|deduplicated_sensitivity|30.0|1|1,selection,extra1_ot0_temps4,deduplicated_sensitivity,1,2023-01-05,2023-06-30,2023-07-28,0.95,Hypothetical historical replay,7,1,6,30.0,2,139006,135425,3581,0,0,0.9742385220781836,True,4686,88157,192624.0
selection|extra1_ot0_temps4|deduplicated_sensitivity|30.0|1|3,selection,extra1_ot0_temps4,deduplicated_sensitivity,3,2023-01-05,2023-06-30,2023-07-28,0.95,Hypothetical historical replay,7,1,6,30.0,2,139006,115645,23361,0,0,0.8319425060788743,False,4686,146889,182064.0
selection|extra1_ot0_temps4|deduplicated_sensitivity|30.0|2|1,selection,extra1_ot0_temps4,deduplicated_sensitivity,1,2023-01-05,2023-06-30,2023-07-28,0.95,Hypothetical historical replay,7,2,5,30.0,2,139006,131232,7774,0,0,0.944074356502597,False,4890,127478,209904.0
selection|extra1_ot0_temps4|deduplicated_sensitivity|30.0|2|3,selection,extra1_ot0_temps4,deduplicated_sensitivity,3,2023-01-05,2023-06-30,2023-07-28,0.95,Hypothetical historical replay,7,2,5,30.0,2,139006,41805,97201,0,0,0.30074241399651813,False,5812,384589,196464.0
selection|extra1_ot0_temps4|deduplicated_sensitivity|40.0|0|1,selection,extra1_ot0_temps4,deduplicated_sensitivity,1,2023-01-05,2023-06-30,2023-07-28,0.95,Hypothetical historical replay,7,0,7,40.0,2,139006,137774,1232,0,0,0.991137073219861,True,4006,16970,182064.0
selection|extra1_ot0_temps4|deduplicated_sensitivity|40.0|0|3,selection,extra1_ot0_temps4,deduplicated_sensitivity,3,2023-01-05,2023-06-30,2023-07-28,0.95,Hypothetical historical replay,7,0,7,40.0,2,139006,136904,2102,0,0,0.9848783505747953,True,4006,18434,181104.0
selection|extra1_ot0_temps4|deduplicated_sensitivity|40.0|1|1,selection,extra1_ot0_temps4,deduplicated_sensitivity,1,2023-01-05,2023-06-30,2023-07-28,0.95,Hypothetical historical replay,7,1,6,40.0,2,139006,137230,1776,0,0,0.9872235730831763,True,4278,30264,183264.0
selection|extra1_ot0_temps4|deduplicated_sensitivity|40.0|1|3,selection,extra1_ot0_temps4,deduplicated_sensitivity,3,2023-01-05,2023-06-30,2023-07-28,0.95,Hypothetical historical replay,7,1,6,40.0,2,139006,135917,3089,0,0,0.9777779376429795,True,4278,36088,181104.0
selection|extra1_ot0_temps4|deduplicated_sensitivity|40.0|2|1,selection,extra1_ot0_temps4,deduplicated_sensitivity,1,2023-01-05,2023-06-30,2023-07-28,0.95,Hypothetical historical replay,7,2,5,40.0,2,139006,136686,2320,0,0,0.9833100729464915,True,4550,65620,185664.0
selection|extra1_ot0_temps4|deduplicated_sensitivity|40.0|2|3,selection,extra1_ot0_temps4,deduplicated_sensitivity,3,2023-01-05,2023-06-30,2023-07-28,0.95,Hypothetical historical replay,7,2,5,40.0,2,139006,132719,6287,0,0,0.954771736471807,True,4550,81270,181824.0
selection|extra1_ot0_temps4|deduplicated_sensitivity|50.0|0|1,selection,extra1_ot0_temps4,deduplicated_sensitivity,1,2023-01-05,2023-06-30,2023-07-28,0.95,Hypothetical historical replay,7,0,7,50.0,2,139006,138944,62,0,0,0.9995539760873632,True,3530,8264,182064.0
selection|extra1_ot0_temps4|deduplicated_sensitivity|50.0|0|3,selection,extra1_ot0_temps4,deduplicated_sensitivity,3,2023-01-05,2023-06-30,2023-07-28,0.95,Hypothetical historical replay,7,0,7,50.0,2,139006,137856,1150,0,0,0.9917269758139936,True,3530,9352,181104.0
selection|extra1_ot0_temps4|deduplicated_sensitivity|50.0|1|1,selection,extra1_ot0_temps4,deduplicated_sensitivity,1,2023-01-05,2023-06-30,2023-07-28,0.95,Hypothetical historical replay,7,1,6,50.0,2,139006,138264,742,0,0,0.9946621009165072,True,3870,13725,182064.0
selection|extra1_ot0_temps4|deduplicated_sensitivity|50.0|1|3,selection,extra1_ot0_temps4,deduplicated_sensitivity,3,2023-01-05,2023-06-30,2023-07-28,0.95,Hypothetical historical replay,7,1,6,50.0,2,139006,137176,1830,0,0,0.9868351006431377,True,3870,14813,181104.0
selection|extra1_ot0_temps4|deduplicated_sensitivity|50.0|2|1,selection,extra1_ot0_temps4,deduplicated_sensitivity,1,2023-01-05,2023-06-30,2023-07-28,0.95,Hypothetical historical replay,7,2,5,50.0,2,139006,137584,1422,0,0,0.9897702257456513,True,4210,25685,182544.0
selection|extra1_ot0_temps4|deduplicated_sensitivity|50.0|2|3,selection,extra1_ot0_temps4,deduplicated_sensitivity,3,2023-01-05,2023-06-30,2023-07-28,0.95,Hypothetical historical replay,7,2,5,50.0,2,139006,136325,2681,0,0,0.980713062745493,True,4210,30028,181104.0
selection|extra1_ot2_temps0|retained|30.0|0|1,selection,extra1_ot2_temps0,retained,1,2023-01-05,2023-06-30,2023-07-28,0.95,Hypothetical historical replay,7,0,7,30.0,2,148824,144676,4148,0,0,0.9721281513734344,True,4483,80731,185361.0
selection|extra1_ot2_temps0|retained|30.0|0|3,selection,extra1_ot2_temps0,retained,3,2023-01-05,2023-06-30,2023-07-28,0.95,Hypothetical historical replay,7,0,7,30.0,2,148824,144676,4148,0,0,0.9721281513734344,True,4483,80731,185361.0
selection|extra1_ot2_temps0|retained|30.0|1|1,selection,extra1_ot2_temps0,retained,1,2023-01-05,2023-06-30,2023-07-28,0.95,Hypothetical historical replay,7,1,6,30.0,2,148824,135946,12878,0,0,0.9134682578078804,False,4687,134167,193314.0
selection|extra1_ot2_temps0|retained|30.0|1|3,selection,extra1_ot2_temps0,retained,3,2023-01-05,2023-06-30,2023-07-28,0.95,Hypothetical historical replay,7,1,6,30.0,2,148824,135946,12878,0,0,0.9134682578078804,False,4687,134167,193314.0
selection|extra1_ot2_temps0|retained|30.0|2|1,selection,extra1_ot2_temps0,retained,1,2023-01-05,2023-06-30,2023-07-28,0.95,Hypothetical historical replay,7,2,5,30.0,2,148824,81504,67320,0,0,0.5476536042573779,False,4891,290252,207471.0
selection|extra1_ot2_temps0|retained|30.0|2|3,selection,extra1_ot2_temps0,retained,3,2023-01-05,2023-06-30,2023-07-28,0.95,Hypothetical historical replay,7,2,5,30.0,2,148824,81504,67320,0,0,0.5476536042573779,False,4891,290252,207471.0
selection|extra1_ot2_temps0|retained|40.0|0|1,selection,extra1_ot2_temps0,retained,1,2023-01-05,2023-06-30,2023-07-28,0.95,Hypothetical historical replay,7,0,7,40.0,2,148824,147197,1627,0,0,0.9890676235015857,True,4007,24759,181599.0
selection|extra1_ot2_temps0|retained|40.0|0|3,selection,extra1_ot2_temps0,retained,3,2023-01-05,2023-06-30,2023-07-28,0.95,Hypothetical historical replay,7,0,7,40.0,2,148824,147197,1627,0,0,0.9890676235015857,True,4007,24759,181599.0
selection|extra1_ot2_temps0|retained|40.0|1|1,selection,extra1_ot2_temps0,retained,1,2023-01-05,2023-06-30,2023-07-28,0.95,Hypothetical historical replay,7,1,6,40.0,2,148824,146435,2389,0,0,0.983947481588991,True,4279,44658,182919.0
selection|extra1_ot2_temps0|retained|40.0|1|3,selection,extra1_ot2_temps0,retained,3,2023-01-05,2023-06-30,2023-07-28,0.95,Hypothetical historical replay,7,1,6,40.0,2,148824,146435,2389,0,0,0.983947481588991,True,4279,44658,182919.0
selection|extra1_ot2_temps0|retained|40.0|2|1,selection,extra1_ot2_temps0,retained,1,2023-01-05,2023-06-30,2023-07-28,0.95,Hypothetical historical replay,7,2,5,40.0,2,148824,143407,5417,0,0,0.9636013008654518,True,4551,96066,185559.0
selection|extra1_ot2_temps0|retained|40.0|2|3,selection,extra1_ot2_temps0,retained,3,2023-01-05,2023-06-30,2023-07-28,0.95,Hypothetical historical replay,7,2,5,40.0,2,148824,143407,5417,0,0,0.9636013008654518,True,4551,96066,185559.0
selection|extra1_ot2_temps0|retained|50.0|0|1,selection,extra1_ot2_temps0,retained,1,2023-01-05,2023-06-30,2023-07-28,0.95,Hypothetical historical replay,7,0,7,50.0,2,148824,148268,556,0,0,0.9962640434338548,True,3531,13665,181566.0
selection|extra1_ot2_temps0|retained|50.0|0|3,selection,extra1_ot2_temps0,retained,3,2023-01-05,2023-06-30,2023-07-28,0.95,Hypothetical historical replay,7,0,7,50.0,2,148824,148268,556,0,0,0.9962640434338548,True,3531,13665,181566.0
selection|extra1_ot2_temps0|retained|50.0|1|1,selection,extra1_ot2_temps0,retained,1,2023-01-05,2023-06-30,2023-07-28,0.95,Hypothetical historical replay,7,1,6,50.0,2,148824,147503,1321,0,0,0.9911237434822341,True,3871,20606,181500.0
selection|extra1_ot2_temps0|retained|50.0|1|3,selection,extra1_ot2_temps0,retained,3,2023-01-05,2023-06-30,2023-07-28,0.95,Hypothetical historical replay,7,1,6,50.0,2,148824,147503,1321,0,0,0.9911237434822341,True,3871,20606,181500.0
selection|extra1_ot2_temps0|retained|50.0|2|1,selection,extra1_ot2_temps0,retained,1,2023-01-05,2023-06-30,2023-07-28,0.95,Hypothetical historical replay,7,2,5,50.0,2,148824,146738,2086,0,0,0.9859834435306133,True,4211,37071,182292.0
selection|extra1_ot2_temps0|retained|50.0|2|3,selection,extra1_ot2_temps0,retained,3,2023-01-05,2023-06-30,2023-07-28,0.95,Hypothetical historical replay,7,2,5,50.0,2,148824,146738,2086,0,0,0.9859834435306133,True,4211,37071,182292.0
selection|extra1_ot2_temps0|deduplicated_sensitivity|30.0|0|1,selection,extra1_ot2_temps0,deduplicated_sensitivity,1,2023-01-05,2023-06-30,2023-07-28,0.95,Hypothetical historical replay,7,0,7,30.0,2,139006,135764,3242,0,0,0.9766772657295368,True,4482,60210,183381.0
selection|extra1_ot2_temps0|deduplicated_sensitivity|30.0|0|3,selection,extra1_ot2_temps0,deduplicated_sensitivity,3,2023-01-05,2023-06-30,2023-07-28,0.95,Hypothetical historical replay,7,0,7,30.0,2,139006,135764,3242,0,0,0.9766772657295368,True,4482,60210,183381.0
selection|extra1_ot2_temps0|deduplicated_sensitivity|30.0|1|1,selection,extra1_ot2_temps0,deduplicated_sensitivity,1,2023-01-05,2023-06-30,2023-07-28,0.95,Hypothetical historical replay,7,1,6,30.0,2,139006,132815,6191,0,0,0.9554623541429866,True,4686,100887,188529.0
selection|extra1_ot2_temps0|deduplicated_sensitivity|30.0|1|3,selection,extra1_ot2_temps0,deduplicated_sensitivity,3,2023-01-05,2023-06-30,2023-07-28,0.95,Hypothetical historical replay,7,1,6,30.0,2,139006,132815,6191,0,0,0.9554623541429866,True,4686,100887,188529.0
selection|extra1_ot2_temps0|deduplicated_sensitivity|30.0|2|1,selection,extra1_ot2_temps0,deduplicated_sensitivity,1,2023-01-05,2023-06-30,2023-07-28,0.95,Hypothetical historical replay,7,2,5,30.0,2,139006,103406,35600,0,0,0.7438959469375422,False,4890,192544,200772.0
selection|extra1_ot2_temps0|deduplicated_sensitivity|30.0|2|3,selection,extra1_ot2_temps0,deduplicated_sensitivity,3,2023-01-05,2023-06-30,2023-07-28,0.95,Hypothetical historical replay,7,2,5,30.0,2,139006,103406,35600,0,0,0.7438959469375422,False,4890,192544,200772.0
selection|extra1_ot2_temps0|deduplicated_sensitivity|40.0|0|1,selection,extra1_ot2_temps0,deduplicated_sensitivity,1,2023-01-05,2023-06-30,2023-07-28,0.95,Hypothetical historical replay,7,0,7,40.0,2,139006,137380,1626,0,0,0.9883026631943945,True,4006,17364,181566.0
selection|extra1_ot2_temps0|deduplicated_sensitivity|40.0|0|3,selection,extra1_ot2_temps0,deduplicated_sensitivity,3,2023-01-05,2023-06-30,2023-07-28,0.95,Hypothetical historical replay,7,0,7,40.0,2,139006,137380,1626,0,0,0.9883026631943945,True,4006,17364,181566.0
selection|extra1_ot2_temps0|deduplicated_sensitivity|40.0|1|1,selection,extra1_ot2_temps0,deduplicated_sensitivity,1,2023-01-05,2023-06-30,2023-07-28,0.95,Hypothetical historical replay,7,1,6,40.0,2,139006,136768,2238,0,0,0.9838999755406241,True,4278,31320,182358.0
selection|extra1_ot2_temps0|deduplicated_sensitivity|40.0|1|3,selection,extra1_ot2_temps0,deduplicated_sensitivity,3,2023-01-05,2023-06-30,2023-07-28,0.95,Hypothetical historical replay,7,1,6,40.0,2,139006,136768,2238,0,0,0.9838999755406241,True,4278,31320,182358.0
selection|extra1_ot2_temps0|deduplicated_sensitivity|40.0|2|1,selection,extra1_ot2_temps0,deduplicated_sensitivity,1,2023-01-05,2023-06-30,2023-07-28,0.95,Hypothetical historical replay,7,2,5,40.0,2,139006,135265,3741,0,0,0.9730874926262175,True,4550,73388,183282.0
selection|extra1_ot2_temps0|deduplicated_sensitivity|40.0|2|3,selection,extra1_ot2_temps0,deduplicated_sensitivity,3,2023-01-05,2023-06-30,2023-07-28,0.95,Hypothetical historical replay,7,2,5,40.0,2,139006,135265,3741,0,0,0.9730874926262175,True,4550,73388,183282.0
selection|extra1_ot2_temps0|deduplicated_sensitivity|50.0|0|1,selection,extra1_ot2_temps0,deduplicated_sensitivity,1,2023-01-05,2023-06-30,2023-07-28,0.95,Hypothetical historical replay,7,0,7,50.0,2,139006,138451,555,0,0,0.9960073665884925,True,3530,8757,181566.0
selection|extra1_ot2_temps0|deduplicated_sensitivity|50.0|0|3,selection,extra1_ot2_temps0,deduplicated_sensitivity,3,2023-01-05,2023-06-30,2023-07-28,0.95,Hypothetical historical replay,7,0,7,50.0,2,139006,138451,555,0,0,0.9960073665884925,True,3530,8757,181566.0
selection|extra1_ot2_temps0|deduplicated_sensitivity|50.0|1|1,selection,extra1_ot2_temps0,deduplicated_sensitivity,1,2023-01-05,2023-06-30,2023-07-28,0.95,Hypothetical historical replay,7,1,6,50.0,2,139006,137686,1320,0,0,0.9905040070212796,True,3870,14303,181500.0
selection|extra1_ot2_temps0|deduplicated_sensitivity|50.0|1|3,selection,extra1_ot2_temps0,deduplicated_sensitivity,3,2023-01-05,2023-06-30,2023-07-28,0.95,Hypothetical historical replay,7,1,6,50.0,2,139006,137686,1320,0,0,0.9905040070212796,True,3870,14303,181500.0
selection|extra1_ot2_temps0|deduplicated_sensitivity|50.0|2|1,selection,extra1_ot2_temps0,deduplicated_sensitivity,1,2023-01-05,2023-06-30,2023-07-28,0.95,Hypothetical historical replay,7,2,5,50.0,2,139006,136921,2085,0,0,0.9850006474540667,True,4210,26348,181929.0
selection|extra1_ot2_temps0|deduplicated_sensitivity|50.0|2|3,selection,extra1_ot2_temps0,deduplicated_sensitivity,3,2023-01-05,2023-06-30,2023-07-28,0.95,Hypothetical historical replay,7,2,5,50.0,2,139006,136921,2085,0,0,0.9850006474540667,True,4210,26348,181929.0
selection|extra1_ot2_temps2|retained|30.0|0|1,selection,extra1_ot2_temps2,retained,1,2023-01-05,2023-06-30,2023-07-28,0.95,Hypothetical historical replay,7,0,7,30.0,2,148824,146169,2655,0,0,0.9821601354620223,True,4483,73104,188544.0
selection|extra1_ot2_temps2|retained|30.0|0|3,selection,extra1_ot2_temps2,retained,3,2023-01-05,2023-06-30,2023-07-28,0.95,Hypothetical historical replay,7,0,7,30.0,2,148824,144676,4148,0,0,0.9721281513734344,True,4483,80405,185841.0
selection|extra1_ot2_temps2|retained|30.0|1|1,selection,extra1_ot2_temps2,retained,1,2023-01-05,2023-06-30,2023-07-28,0.95,Hypothetical historical replay,7,1,6,30.0,2,148824,143539,5285,0,0,0.9644882545825942,True,4687,110366,198591.0
selection|extra1_ot2_temps2|retained|30.0|1|3,selection,extra1_ot2_temps2,retained,3,2023-01-05,2023-06-30,2023-07-28,0.95,Hypothetical historical replay,7,1,6,30.0,2,148824,135966,12858,0,0,0.9136026447347202,False,4687,133985,193398.0
selection|extra1_ot2_temps2|retained|30.0|2|1,selection,extra1_ot2_temps2,retained,1,2023-01-05,2023-06-30,2023-07-28,0.95,Hypothetical historical replay,7,2,5,30.0,2,148824,132597,16227,0,0,0.8909651669085631,False,4891,166478,216507.0
selection|extra1_ot2_temps2|retained|30.0|2|3,selection,extra1_ot2_temps2,retained,3,2023-01-05,2023-06-30,2023-07-28,0.95,Hypothetical historical replay,7,2,5,30.0,2,148824,92519,56305,0,0,0.621667204214374,False,4891,254995,208536.0
selection|extra1_ot2_temps2|retained|40.0|0|1,selection,extra1_ot2_temps2,retained,1,2023-01-05,2023-06-30,2023-07-28,0.95,Hypothetical historical replay,7,0,7,40.0,2,148824,147632,1192,0,0,0.9919905391603505,True,4007,24324,182286.0
selection|extra1_ot2_temps2|retained|40.0|0|3,selection,extra1_ot2_temps2,retained,3,2023-01-05,2023-06-30,2023-07-28,0.95,Hypothetical historical replay,7,0,7,40.0,2,148824,147197,1627,0,0,0.9890676235015857,True,4007,24759,181599.0
selection|extra1_ot2_temps2|retained|40.0|1|1,selection,extra1_ot2_temps2,retained,1,2023-01-05,2023-06-30,2023-07-28,0.95,Hypothetical historical replay,7,1,6,40.0,2,148824,147020,1804,0,0,0.9878782991990539,True,4279,42829,184032.0
selection|extra1_ot2_temps2|retained|40.0|1|3,selection,extra1_ot2_temps2,retained,3,2023-01-05,2023-06-30,2023-07-28,0.95,Hypothetical historical replay,7,1,6,40.0,2,148824,146435,2389,0,0,0.983947481588991,True,4279,44658,182919.0
selection|extra1_ot2_temps2|retained|40.0|2|1,selection,extra1_ot2_temps2,retained,1,2023-01-05,2023-06-30,2023-07-28,0.95,Hypothetical historical replay,7,2,5,40.0,2,148824,146081,2743,0,0,0.9815688329839273,True,4551,83710,188811.0
selection|extra1_ot2_temps2|retained|40.0|2|3,selection,extra1_ot2_temps2,retained,3,2023-01-05,2023-06-30,2023-07-28,0.95,Hypothetical historical replay,7,2,5,40.0,2,148824,143407,5417,0,0,0.9636013008654518,True,4551,95631,186039.0
selection|extra1_ot2_temps2|retained|50.0|0|1,selection,extra1_ot2_temps2,retained,1,2023-01-05,2023-06-30,2023-07-28,0.95,Hypothetical historical replay,7,0,7,50.0,2,148824,148812,12,0,0,0.9999193678438961,True,3531,13121,182046.0
selection|extra1_ot2_temps2|retained|50.0|0|3,selection,extra1_ot2_temps2,retained,3,2023-01-05,2023-06-30,2023-07-28,0.95,Hypothetical historical replay,7,0,7,50.0,2,148824,148268,556,0,0,0.9962640434338548,True,3531,13665,181566.0
selection|extra1_ot2_temps2|retained|50.0|1|1,selection,extra1_ot2_temps2,retained,1,2023-01-05,2023-06-30,2023-07-28,0.95,Hypothetical historical replay,7,1,6,50.0,2,148824,148047,777,0,0,0.9947790678922754,True,3871,20062,181980.0
selection|extra1_ot2_temps2|retained|50.0|1|3,selection,extra1_ot2_temps2,retained,3,2023-01-05,2023-06-30,2023-07-28,0.95,Hypothetical historical replay,7,1,6,50.0,2,148824,147503,1321,0,0,0.9911237434822341,True,3871,20606,181500.0
selection|extra1_ot2_temps2|retained|50.0|2|1,selection,extra1_ot2_temps2,retained,1,2023-01-05,2023-06-30,2023-07-28,0.95,Hypothetical historical replay,7,2,5,50.0,2,148824,147282,1542,0,0,0.9896387679406548,True,4211,36297,183114.0
selection|extra1_ot2_temps2|retained|50.0|2|3,selection,extra1_ot2_temps2,retained,3,2023-01-05,2023-06-30,2023-07-28,0.95,Hypothetical historical replay,7,2,5,50.0,2,148824,146738,2086,0,0,0.9859834435306133,True,4211,37071,182292.0
selection|extra1_ot2_temps2|deduplicated_sensitivity|30.0|0|1,selection,extra1_ot2_temps2,deduplicated_sensitivity,1,2023-01-05,2023-06-30,2023-07-28,0.95,Hypothetical historical replay,7,0,7,30.0,2,139006,136635,2371,0,0,0.9829431823086773,True,4482,55264,185253.0
selection|extra1_ot2_temps2|deduplicated_sensitivity|30.0|0|3,selection,extra1_ot2_temps2,deduplicated_sensitivity,3,2023-01-05,2023-06-30,2023-07-28,0.95,Hypothetical historical replay,7,0,7,30.0,2,139006,135764,3242,0,0,0.9766772657295368,True,4482,59884,183861.0
selection|extra1_ot2_temps2|deduplicated_sensitivity|30.0|1|1,selection,extra1_ot2_temps2,deduplicated_sensitivity,1,2023-01-05,2023-06-30,2023-07-28,0.95,Hypothetical historical replay,7,1,6,30.0,2,139006,135365,3641,0,0,0.9738068860336964,True,4686,89295,191937.0
selection|extra1_ot2_temps2|deduplicated_sensitivity|30.0|1|3,selection,extra1_ot2_temps2,deduplicated_sensitivity,3,2023-01-05,2023-06-30,2023-07-28,0.95,Hypothetical historical replay,7,1,6,30.0,2,139006,132834,6172,0,0,0.9555990388904076,True,4686,100734,188613.0
selection|extra1_ot2_temps2|deduplicated_sensitivity|30.0|2|1,selection,extra1_ot2_temps2,deduplicated_sensitivity,1,2023-01-05,2023-06-30,2023-07-28,0.95,Hypothetical historical replay,7,2,5,30.0,2,139006,130060,8946,0,0,0.9356430657669453,False,4890,132420,208143.0
selection|extra1_ot2_temps2|deduplicated_sensitivity|30.0|2|3,selection,extra1_ot2_temps2,deduplicated_sensitivity,3,2023-01-05,2023-06-30,2023-07-28,0.95,Hypothetical historical replay,7,2,5,30.0,2,139006,105508,33498,0,0,0.7590175963627469,False,4890,185578,201501.0
selection|extra1_ot2_temps2|deduplicated_sensitivity|40.0|0|1,selection,extra1_ot2_temps2,deduplicated_sensitivity,1,2023-01-05,2023-06-30,2023-07-28,0.95,Hypothetical historical replay,7,0,7,40.0,2,139006,137815,1191,0,0,0.9914320245169274,True,4006,16929,182046.0
selection|extra1_ot2_temps2|deduplicated_sensitivity|40.0|0|3,selection,extra1_ot2_temps2,deduplicated_sensitivity,3,2023-01-05,2023-06-30,2023-07-28,0.95,Hypothetical historical replay,7,0,7,40.0,2,139006,137380,1626,0,0,0.9883026631943945,True,4006,17364,181566.0
selection|extra1_ot2_temps2|deduplicated_sensitivity|40.0|1|1,selection,extra1_ot2_temps2,deduplicated_sensitivity,1,2023-01-05,2023-06-30,2023-07-28,0.95,Hypothetical historical replay,7,1,6,40.0,2,139006,137203,1803,0,0,0.987029336863157,True,4278,30291,183180.0
selection|extra1_ot2_temps2|deduplicated_sensitivity|40.0|1|3,selection,extra1_ot2_temps2,deduplicated_sensitivity,3,2023-01-05,2023-06-30,2023-07-28,0.95,Hypothetical historical replay,7,1,6,40.0,2,139006,136768,2238,0,0,0.9838999755406241,True,4278,31320,182358.0
selection|extra1_ot2_temps2|deduplicated_sensitivity|40.0|2|1,selection,extra1_ot2_temps2,deduplicated_sensitivity,1,2023-01-05,2023-06-30,2023-07-28,0.95,Hypothetical historical replay,7,2,5,40.0,2,139006,136591,2415,0,0,0.9826266492093867,True,4550,66475,185064.0
selection|extra1_ot2_temps2|deduplicated_sensitivity|40.0|2|3,selection,extra1_ot2_temps2,deduplicated_sensitivity,3,2023-01-05,2023-06-30,2023-07-28,0.95,Hypothetical historical replay,7,2,5,40.0,2,139006,135265,3741,0,0,0.9730874926262175,True,4550,72953,183762.0
selection|extra1_ot2_temps2|deduplicated_sensitivity|50.0|0|1,selection,extra1_ot2_temps2,deduplicated_sensitivity,1,2023-01-05,2023-06-30,2023-07-28,0.95,Hypothetical historical replay,7,0,7,50.0,2,139006,138995,11,0,0,0.9999208667251773,True,3530,8213,182046.0
selection|extra1_ot2_temps2|deduplicated_sensitivity|50.0|0|3,selection,extra1_ot2_temps2,deduplicated_sensitivity,3,2023-01-05,2023-06-30,2023-07-28,0.95,Hypothetical historical replay,7,0,7,50.0,2,139006,138451,555,0,0,0.9960073665884925,True,3530,8757,181566.0
selection|extra1_ot2_temps2|deduplicated_sensitivity|50.0|1|1,selection,extra1_ot2_temps2,deduplicated_sensitivity,1,2023-01-05,2023-06-30,2023-07-28,0.95,Hypothetical historical replay,7,1,6,50.0,2,139006,138230,776,0,0,0.9944175071579644,True,3870,13759,181980.0
selection|extra1_ot2_temps2|deduplicated_sensitivity|50.0|1|3,selection,extra1_ot2_temps2,deduplicated_sensitivity,3,2023-01-05,2023-06-30,2023-07-28,0.95,Hypothetical historical replay,7,1,6,50.0,2,139006,137686,1320,0,0,0.9905040070212796,True,3870,14303,181500.0
selection|extra1_ot2_temps2|deduplicated_sensitivity|50.0|2|1,selection,extra1_ot2_temps2,deduplicated_sensitivity,1,2023-01-05,2023-06-30,2023-07-28,0.95,Hypothetical historical replay,7,2,5,50.0,2,139006,137465,1541,0,0,0.9889141475907515,True,4210,25804,182394.0
selection|extra1_ot2_temps2|deduplicated_sensitivity|50.0|2|3,selection,extra1_ot2_temps2,deduplicated_sensitivity,3,2023-01-05,2023-06-30,2023-07-28,0.95,Hypothetical historical replay,7,2,5,50.0,2,139006,136921,2085,0,0,0.9850006474540667,True,4210,26348,181929.0
selection|extra1_ot2_temps4|retained|30.0|0|1,selection,extra1_ot2_temps4,retained,1,2023-01-05,2023-06-30,2023-07-28,0.95,Hypothetical historical replay,7,0,7,30.0,2,148824,146778,2046,0,0,0.9862522173842928,True,4483,70399,189915.0
selection|extra1_ot2_temps4|retained|30.0|0|3,selection,extra1_ot2_temps4,retained,3,2023-01-05,2023-06-30,2023-07-28,0.95,Hypothetical historical replay,7,0,7,30.0,2,148824,144676,4148,0,0,0.9721281513734344,True,4483,80405,185841.0
selection|extra1_ot2_temps4|retained|30.0|1|1,selection,extra1_ot2_temps4,retained,1,2023-01-05,2023-06-30,2023-07-28,0.95,Hypothetical historical replay,7,1,6,30.0,2,148824,145627,3197,0,0,0.9785182497446648,True,4687,101937,201240.0
selection|extra1_ot2_temps4|retained|30.0|1|3,selection,extra1_ot2_temps4,retained,3,2023-01-05,2023-06-30,2023-07-28,0.95,Hypothetical historical replay,7,1,6,30.0,2,148824,136045,12779,0,0,0.9141334730957372,False,4687,133524,193680.0
selection|extra1_ot2_temps4|retained|30.0|2|1,selection,extra1_ot2_temps4,retained,1,2023-01-05,2023-06-30,2023-07-28,0.95,Hypothetical historical replay,7,2,5,30.0,2,148824,141069,7755,0,0,0.9478914691178842,False,4891,141135,219951.0
selection|extra1_ot2_temps4|retained|30.0|2|3,selection,extra1_ot2_temps4,retained,3,2023-01-05,2023-06-30,2023-07-28,0.95,Hypothetical historical replay,7,2,5,30.0,2,148824,94305,54519,0,0,0.6336679567811643,False,4891,249070,208578.0
selection|extra1_ot2_temps4|retained|40.0|0|1,selection,extra1_ot2_temps4,retained,1,2023-01-05,2023-06-30,2023-07-28,0.95,Hypothetical historical replay,7,0,7,40.0,2,148824,148067,757,0,0,0.9949134548191152,True,4007,23889,182766.0
selection|extra1_ot2_temps4|retained|40.0|0|3,selection,extra1_ot2_temps4,retained,3,2023-01-05,2023-06-30,2023-07-28,0.95,Hypothetical historical replay,7,0,7,40.0,2,148824,147197,1627,0,0,0.9890676235015857,True,4007,24759,181599.0
selection|extra1_ot2_temps4|retained|40.0|1|1,selection,extra1_ot2_temps4,retained,1,2023-01-05,2023-06-30,2023-07-28,0.95,Hypothetical historical replay,7,1,6,40.0,2,148824,147455,1369,0,0,0.9908012148578186,True,4279,42394,184380.0
selection|extra1_ot2_temps4|retained|40.0|1|3,selection,extra1_ot2_temps4,retained,3,2023-01-05,2023-06-30,2023-07-28,0.95,Hypothetical historical replay,7,1,6,40.0,2,148824,146435,2389,0,0,0.983947481588991,True,4279,44658,182919.0
selection|extra1_ot2_temps4|retained|40.0|2|1,selection,extra1_ot2_temps4,retained,1,2023-01-05,2023-06-30,2023-07-28,0.95,Hypothetical historical replay,7,2,5,40.0,2,148824,146843,1981,0,0,0.9866889748965221,True,4551,80436,190305.0
selection|extra1_ot2_temps4|retained|40.0|2|3,selection,extra1_ot2_temps4,retained,3,2023-01-05,2023-06-30,2023-07-28,0.95,Hypothetical historical replay,7,2,5,40.0,2,148824,143407,5417,0,0,0.9636013008654518,True,4551,95414,186279.0
selection|extra1_ot2_temps4|retained|50.0|0|1,selection,extra1_ot2_temps4,retained,1,2023-01-05,2023-06-30,2023-07-28,0.95,Hypothetical historical replay,7,0,7,50.0,2,148824,148824,0,0,0,1.0,True,3531,13109,182130.0
selection|extra1_ot2_temps4|retained|50.0|0|3,selection,extra1_ot2_temps4,retained,3,2023-01-05,2023-06-30,2023-07-28,0.95,Hypothetical historical replay,7,0,7,50.0,2,148824,148268,556,0,0,0.9962640434338548,True,3531,13665,181566.0
selection|extra1_ot2_temps4|retained|50.0|1|1,selection,extra1_ot2_temps4,retained,1,2023-01-05,2023-06-30,2023-07-28,0.95,Hypothetical historical replay,7,1,6,50.0,2,148824,148591,233,0,0,0.9984343923023168,True,3871,19518,182460.0
selection|extra1_ot2_temps4|retained|50.0|1|3,selection,extra1_ot2_temps4,retained,3,2023-01-05,2023-06-30,2023-07-28,0.95,Hypothetical historical replay,7,1,6,50.0,2,148824,147503,1321,0,0,0.9911237434822341,True,3871,20606,181500.0
selection|extra1_ot2_temps4|retained|50.0|2|1,selection,extra1_ot2_temps4,retained,1,2023-01-05,2023-06-30,2023-07-28,0.95,Hypothetical historical replay,7,2,5,50.0,2,148824,147826,998,0,0,0.9932940923506961,True,4211,35753,183594.0
selection|extra1_ot2_temps4|retained|50.0|2|3,selection,extra1_ot2_temps4,retained,3,2023-01-05,2023-06-30,2023-07-28,0.95,Hypothetical historical replay,7,2,5,50.0,2,148824,146738,2086,0,0,0.9859834435306133,True,4211,37071,182292.0
selection|extra1_ot2_temps4|deduplicated_sensitivity|30.0|0|1,selection,extra1_ot2_temps4,deduplicated_sensitivity,1,2023-01-05,2023-06-30,2023-07-28,0.95,Hypothetical historical replay,7,0,7,30.0,2,139006,136961,2045,0,0,0.9852884048170583,True,4482,54049,185886.0
selection|extra1_ot2_temps4|deduplicated_sensitivity|30.0|0|3,selection,extra1_ot2_temps4,deduplicated_sensitivity,3,2023-01-05,2023-06-30,2023-07-28,0.95,Hypothetical historical replay,7,0,7,30.0,2,139006,135764,3242,0,0,0.9766772657295368,True,4482,59884,183861.0
selection|extra1_ot2_temps4|deduplicated_sensitivity|30.0|1|1,selection,extra1_ot2_temps4,deduplicated_sensitivity,1,2023-01-05,2023-06-30,2023-07-28,0.95,Hypothetical historical replay,7,1,6,30.0,2,139006,136343,2663,0,0,0.9808425535588392,True,4686,83933,193728.0
selection|extra1_ot2_temps4|deduplicated_sensitivity|30.0|1|3,selection,extra1_ot2_temps4,deduplicated_sensitivity,3,2023-01-05,2023-06-30,2023-07-28,0.95,Hypothetical historical replay,7,1,6,30.0,2,139006,132913,6093,0,0,0.9561673596823159,True,4686,100247,188895.0
selection|extra1_ot2_temps4|deduplicated_sensitivity|30.0|2|1,selection,extra1_ot2_temps4,deduplicated_sensitivity,1,2023-01-05,2023-06-30,2023-07-28,0.95,Hypothetical historical replay,7,2,5,30.0,2,139006,134017,4989,0,0,0.964109462900882,True,4890,119433,211002.0
selection|extra1_ot2_temps4|deduplicated_sensitivity|30.0|2|3,selection,extra1_ot2_temps4,deduplicated_sensitivity,3,2023-01-05,2023-06-30,2023-07-28,0.95,Hypothetical historical replay,7,2,5,30.0,2,139006,105508,33498,0,0,0.7590175963627469,False,4890,185252,201501.0
selection|extra1_ot2_temps4|deduplicated_sensitivity|40.0|0|1,selection,extra1_ot2_temps4,deduplicated_sensitivity,1,2023-01-05,2023-06-30,2023-07-28,0.95,Hypothetical historical replay,7,0,7,40.0,2,139006,138250,756,0,0,0.9945613858394602,True,4006,16494,182526.0
selection|extra1_ot2_temps4|deduplicated_sensitivity|40.0|0|3,selection,extra1_ot2_temps4,deduplicated_sensitivity,3,2023-01-05,2023-06-30,2023-07-28,0.95,Hypothetical historical replay,7,0,7,40.0,2,139006,137380,1626,0,0,0.9883026631943945,True,4006,17364,181566.0
selection|extra1_ot2_temps4|deduplicated_sensitivity|40.0|1|1,selection,extra1_ot2_temps4,deduplicated_sensitivity,1,2023-01-05,2023-06-30,2023-07-28,0.95,Hypothetical historical replay,7,1,6,40.0,2,139006,137638,1368,0,0,0.9901586981856898,True,4278,29856,183420.0
selection|extra1_ot2_temps4|deduplicated_sensitivity|40.0|1|3,selection,extra1_ot2_temps4,deduplicated_sensitivity,3,2023-01-05,2023-06-30,2023-07-28,0.95,Hypothetical historical replay,7,1,6,40.0,2,139006,136768,2238,0,0,0.9838999755406241,True,4278,31320,182358.0
selection|extra1_ot2_temps4|deduplicated_sensitivity|40.0|2|1,selection,extra1_ot2_temps4,deduplicated_sensitivity,1,2023-01-05,2023-06-30,2023-07-28,0.95,Hypothetical historical replay,7,2,5,40.0,2,139006,137026,1980,0,0,0.9857560105319195,True,4550,65003,185754.0
selection|extra1_ot2_temps4|deduplicated_sensitivity|40.0|2|3,selection,extra1_ot2_temps4,deduplicated_sensitivity,3,2023-01-05,2023-06-30,2023-07-28,0.95,Hypothetical historical replay,7,2,5,40.0,2,139006,135265,3741,0,0,0.9730874926262175,True,4550,72736,184002.0
selection|extra1_ot2_temps4|deduplicated_sensitivity|50.0|0|1,selection,extra1_ot2_temps4,deduplicated_sensitivity,1,2023-01-05,2023-06-30,2023-07-28,0.95,Hypothetical historical replay,7,0,7,50.0,2,139006,139006,0,0,0,1.0,True,3530,8202,182130.0
selection|extra1_ot2_temps4|deduplicated_sensitivity|50.0|0|3,selection,extra1_ot2_temps4,deduplicated_sensitivity,3,2023-01-05,2023-06-30,2023-07-28,0.95,Hypothetical historical replay,7,0,7,50.0,2,139006,138451,555,0,0,0.9960073665884925,True,3530,8757,181566.0
selection|extra1_ot2_temps4|deduplicated_sensitivity|50.0|1|1,selection,extra1_ot2_temps4,deduplicated_sensitivity,1,2023-01-05,2023-06-30,2023-07-28,0.95,Hypothetical historical replay,7,1,6,50.0,2,139006,138774,232,0,0,0.9983310072946492,True,3870,13215,182460.0
selection|extra1_ot2_temps4|deduplicated_sensitivity|50.0|1|3,selection,extra1_ot2_temps4,deduplicated_sensitivity,3,2023-01-05,2023-06-30,2023-07-28,0.95,Hypothetical historical replay,7,1,6,50.0,2,139006,137686,1320,0,0,0.9905040070212796,True,3870,14303,181500.0
selection|extra1_ot2_temps4|deduplicated_sensitivity|50.0|2|1,selection,extra1_ot2_temps4,deduplicated_sensitivity,1,2023-01-05,2023-06-30,2023-07-28,0.95,Hypothetical historical replay,7,2,5,50.0,2,139006,138009,997,0,0,0.9928276477274363,True,4210,25260,182874.0
selection|extra1_ot2_temps4|deduplicated_sensitivity|50.0|2|3,selection,extra1_ot2_temps4,deduplicated_sensitivity,3,2023-01-05,2023-06-30,2023-07-28,0.95,Hypothetical historical replay,7,2,5,50.0,2,139006,136921,2085,0,0,0.9850006474540667,True,4210,26348,181929.0
selection|extra2_ot0_temps0|retained|30.0|0|1,selection,extra2_ot0_temps0,retained,1,2023-01-05,2023-06-30,2023-07-28,0.95,Hypothetical historical replay,8,0,8,30.0,2,148824,145024,3800,0,0,0.9744664839004462,True,4279,51637,206976.0
selection|extra2_ot0_temps0|retained|30.0|0|3,selection,extra2_ot0_temps0,retained,3,2023-01-05,2023-06-30,2023-07-28,0.95,Hypothetical historical replay,8,0,8,30.0,2,148824,145024,3800,0,0,0.9744664839004462,True,4279,51637,206976.0
selection|extra2_ot0_temps0|retained|30.0|1|1,selection,extra2_ot0_temps0,retained,1,2023-01-05,2023-06-30,2023-07-28,0.95,Hypothetical historical replay,8,1,7,30.0,2,148824,139847,8977,0,0,0.939680427887975,False,4483,96410,206976.0
selection|extra2_ot0_temps0|retained|30.0|1|3,selection,extra2_ot0_temps0,retained,3,2023-01-05,2023-06-30,2023-07-28,0.95,Hypothetical historical replay,8,1,7,30.0,2,148824,139847,8977,0,0,0.939680427887975,False,4483,96410,206976.0
selection|extra2_ot0_temps0|retained|30.0|2|1,selection,extra2_ot0_temps0,retained,1,2023-01-05,2023-06-30,2023-07-28,0.95,Hypothetical historical replay,8,2,6,30.0,2,148824,81232,67592,0,0,0.5458259420523571,False,4687,282396,206976.0
selection|extra2_ot0_temps0|retained|30.0|2|3,selection,extra2_ot0_temps0,retained,3,2023-01-05,2023-06-30,2023-07-28,0.95,Hypothetical historical replay,8,2,6,30.0,2,148824,81232,67592,0,0,0.5458259420523571,False,4687,282396,206976.0
selection|extra2_ot0_temps0|retained|40.0|0|1,selection,extra2_ot0_temps0,retained,1,2023-01-05,2023-06-30,2023-07-28,0.95,Hypothetical historical replay,8,0,8,40.0,2,148824,147265,1559,0,0,0.989524539052841,True,3735,18080,206976.0
selection|extra2_ot0_temps0|retained|40.0|0|3,selection,extra2_ot0_temps0,retained,3,2023-01-05,2023-06-30,2023-07-28,0.95,Hypothetical historical replay,8,0,8,40.0,2,148824,147265,1559,0,0,0.989524539052841,True,3735,18080,206976.0
selection|extra2_ot0_temps0|retained|40.0|1|1,selection,extra2_ot0_temps0,retained,1,2023-01-05,2023-06-30,2023-07-28,0.95,Hypothetical historical replay,8,1,7,40.0,2,148824,146707,2117,0,0,0.9857751437940118,True,4007,25860,206976.0
selection|extra2_ot0_temps0|retained|40.0|1|3,selection,extra2_ot0_temps0,retained,3,2023-01-05,2023-06-30,2023-07-28,0.95,Hypothetical historical replay,8,1,7,40.0,2,148824,146707,2117,0,0,0.9857751437940118,True,4007,25860,206976.0
selection|extra2_ot0_temps0|retained|40.0|2|1,selection,extra2_ot0_temps0,retained,1,2023-01-05,2023-06-30,2023-07-28,0.95,Hypothetical historical replay,8,2,6,40.0,2,148824,145024,3800,0,0,0.9744664839004462,True,4279,51637,206976.0
selection|extra2_ot0_temps0|retained|40.0|2|3,selection,extra2_ot0_temps0,retained,3,2023-01-05,2023-06-30,2023-07-28,0.95,Hypothetical historical replay,8,2,6,40.0,2,148824,145024,3800,0,0,0.9744664839004462,True,4279,51637,206976.0
selection|extra2_ot0_temps0|retained|50.0|0|1,selection,extra2_ot0_temps0,retained,1,2023-01-05,2023-06-30,2023-07-28,0.95,Hypothetical historical replay,8,0,8,50.0,2,148824,148353,471,0,0,0.9968351878729237,True,3191,10083,206976.0
selection|extra2_ot0_temps0|retained|50.0|0|3,selection,extra2_ot0_temps0,retained,3,2023-01-05,2023-06-30,2023-07-28,0.95,Hypothetical historical replay,8,0,8,50.0,2,148824,148353,471,0,0,0.9968351878729237,True,3191,10083,206976.0
selection|extra2_ot0_temps0|retained|50.0|1|1,selection,extra2_ot0_temps0,retained,1,2023-01-05,2023-06-30,2023-07-28,0.95,Hypothetical historical replay,8,1,7,50.0,2,148824,147673,1151,0,0,0.992266032360372,True,3531,14260,206976.0
selection|extra2_ot0_temps0|retained|50.0|1|3,selection,extra2_ot0_temps0,retained,3,2023-01-05,2023-06-30,2023-07-28,0.95,Hypothetical historical replay,8,1,7,50.0,2,148824,147673,1151,0,0,0.992266032360372,True,3531,14260,206976.0
selection|extra2_ot0_temps0|retained|50.0|2|1,selection,extra2_ot0_temps0,retained,1,2023-01-05,2023-06-30,2023-07-28,0.95,Hypothetical historical replay,8,2,6,50.0,2,148824,146993,1831,0,0,0.9876968768478203,True,3871,21116,206976.0
selection|extra2_ot0_temps0|retained|50.0|2|3,selection,extra2_ot0_temps0,retained,3,2023-01-05,2023-06-30,2023-07-28,0.95,Hypothetical historical replay,8,2,6,50.0,2,148824,146993,1831,0,0,0.9876968768478203,True,3871,21116,206976.0
selection|extra2_ot0_temps0|deduplicated_sensitivity|30.0|0|1,selection,extra2_ot0_temps0,deduplicated_sensitivity,1,2023-01-05,2023-06-30,2023-07-28,0.95,Hypothetical historical replay,8,0,8,30.0,2,139006,135917,3089,0,0,0.9777779376429795,True,4278,36088,206976.0
selection|extra2_ot0_temps0|deduplicated_sensitivity|30.0|0|3,selection,extra2_ot0_temps0,deduplicated_sensitivity,3,2023-01-05,2023-06-30,2023-07-28,0.95,Hypothetical historical replay,8,0,8,30.0,2,139006,135917,3089,0,0,0.9777779376429795,True,4278,36088,206976.0
selection|extra2_ot0_temps0|deduplicated_sensitivity|30.0|1|1,selection,extra2_ot0_temps0,deduplicated_sensitivity,1,2023-01-05,2023-06-30,2023-07-28,0.95,Hypothetical historical replay,8,1,7,30.0,2,139006,133627,5379,0,0,0.9613038286117146,True,4482,67558,206976.0
selection|extra2_ot0_temps0|deduplicated_sensitivity|30.0|1|3,selection,extra2_ot0_temps0,deduplicated_sensitivity,3,2023-01-05,2023-06-30,2023-07-28,0.95,Hypothetical historical replay,8,1,7,30.0,2,139006,133627,5379,0,0,0.9613038286117146,True,4482,67558,206976.0
selection|extra2_ot0_temps0|deduplicated_sensitivity|30.0|2|1,selection,extra2_ot0_temps0,deduplicated_sensitivity,1,2023-01-05,2023-06-30,2023-07-28,0.95,Hypothetical historical replay,8,2,6,30.0,2,139006,112864,26142,0,0,0.8119361754168885,False,4686,156017,206976.0
selection|extra2_ot0_temps0|deduplicated_sensitivity|30.0|2|3,selection,extra2_ot0_temps0,deduplicated_sensitivity,3,2023-01-05,2023-06-30,2023-07-28,0.95,Hypothetical historical replay,8,2,6,30.0,2,139006,112864,26142,0,0,0.8119361754168885,False,4686,156017,206976.0
selection|extra2_ot0_temps0|deduplicated_sensitivity|40.0|0|1,selection,extra2_ot0_temps0,deduplicated_sensitivity,1,2023-01-05,2023-06-30,2023-07-28,0.95,Hypothetical historical replay,8,0,8,40.0,2,139006,137448,1558,0,0,0.9887918507114801,True,3734,12436,206976.0
selection|extra2_ot0_temps0|deduplicated_sensitivity|40.0|0|3,selection,extra2_ot0_temps0,deduplicated_sensitivity,3,2023-01-05,2023-06-30,2023-07-28,0.95,Hypothetical historical replay,8,0,8,40.0,2,139006,137448,1558,0,0,0.9887918507114801,True,3734,12436,206976.0
selection|extra2_ot0_temps0|deduplicated_sensitivity|40.0|1|1,selection,extra2_ot0_temps0,deduplicated_sensitivity,1,2023-01-05,2023-06-30,2023-07-28,0.95,Hypothetical historical replay,8,1,7,40.0,2,139006,136904,2102,0,0,0.9848783505747953,True,4006,18434,206976.0
selection|extra2_ot0_temps0|deduplicated_sensitivity|40.0|1|3,selection,extra2_ot0_temps0,deduplicated_sensitivity,3,2023-01-05,2023-06-30,2023-07-28,0.95,Hypothetical historical replay,8,1,7,40.0,2,139006,136904,2102,0,0,0.9848783505747953,True,4006,18434,206976.0
selection|extra2_ot0_temps0|deduplicated_sensitivity|40.0|2|1,selection,extra2_ot0_temps0,deduplicated_sensitivity,1,2023-01-05,2023-06-30,2023-07-28,0.95,Hypothetical historical replay,8,2,6,40.0,2,139006,135917,3089,0,0,0.9777779376429795,True,4278,36088,206976.0
selection|extra2_ot0_temps0|deduplicated_sensitivity|40.0|2|3,selection,extra2_ot0_temps0,deduplicated_sensitivity,3,2023-01-05,2023-06-30,2023-07-28,0.95,Hypothetical historical replay,8,2,6,40.0,2,139006,135917,3089,0,0,0.9777779376429795,True,4278,36088,206976.0
selection|extra2_ot0_temps0|deduplicated_sensitivity|50.0|0|1,selection,extra2_ot0_temps0,deduplicated_sensitivity,1,2023-01-05,2023-06-30,2023-07-28,0.95,Hypothetical historical replay,8,0,8,50.0,2,139006,138536,470,0,0,0.9966188509848496,True,3190,6488,206976.0
selection|extra2_ot0_temps0|deduplicated_sensitivity|50.0|0|3,selection,extra2_ot0_temps0,deduplicated_sensitivity,3,2023-01-05,2023-06-30,2023-07-28,0.95,Hypothetical historical replay,8,0,8,50.0,2,139006,138536,470,0,0,0.9966188509848496,True,3190,6488,206976.0
selection|extra2_ot0_temps0|deduplicated_sensitivity|50.0|1|1,selection,extra2_ot0_temps0,deduplicated_sensitivity,1,2023-01-05,2023-06-30,2023-07-28,0.95,Hypothetical historical replay,8,1,7,50.0,2,139006,137856,1150,0,0,0.9917269758139936,True,3530,9352,206976.0
selection|extra2_ot0_temps0|deduplicated_sensitivity|50.0|1|3,selection,extra2_ot0_temps0,deduplicated_sensitivity,3,2023-01-05,2023-06-30,2023-07-28,0.95,Hypothetical historical replay,8,1,7,50.0,2,139006,137856,1150,0,0,0.9917269758139936,True,3530,9352,206976.0
selection|extra2_ot0_temps0|deduplicated_sensitivity|50.0|2|1,selection,extra2_ot0_temps0,deduplicated_sensitivity,1,2023-01-05,2023-06-30,2023-07-28,0.95,Hypothetical historical replay,8,2,6,50.0,2,139006,137176,1830,0,0,0.9868351006431377,True,3870,14813,206976.0
selection|extra2_ot0_temps0|deduplicated_sensitivity|50.0|2|3,selection,extra2_ot0_temps0,deduplicated_sensitivity,3,2023-01-05,2023-06-30,2023-07-28,0.95,Hypothetical historical replay,8,2,6,50.0,2,139006,137176,1830,0,0,0.9868351006431377,True,3870,14813,206976.0
selection|extra2_ot0_temps2|retained|30.0|0|1,selection,extra2_ot0_temps2,retained,1,2023-01-05,2023-06-30,2023-07-28,0.95,Hypothetical historical replay,8,0,8,30.0,2,148824,146271,2553,0,0,0.982845508788905,True,4279,45657,209616.0
selection|extra2_ot0_temps2|retained|30.0|0|3,selection,extra2_ot0_temps2,retained,3,2023-01-05,2023-06-30,2023-07-28,0.95,Hypothetical historical replay,8,0,8,30.0,2,148824,145024,3800,0,0,0.9744664839004462,True,4279,51637,206976.0
selection|extra2_ot0_temps2|retained|30.0|1|1,selection,extra2_ot0_temps2,retained,1,2023-01-05,2023-06-30,2023-07-28,0.95,Hypothetical historical replay,8,1,7,30.0,2,148824,144561,4263,0,0,0.9713554265441058,True,4483,80301,212016.0
selection|extra2_ot0_temps2|retained|30.0|1|3,selection,extra2_ot0_temps2,retained,3,2023-01-05,2023-06-30,2023-07-28,0.95,Hypothetical historical replay,8,1,7,30.0,2,148824,140045,8779,0,0,0.9410108584636887,False,4483,95634,207456.0
selection|extra2_ot0_temps2|retained|30.0|2|1,selection,extra2_ot0_temps2,retained,1,2023-01-05,2023-06-30,2023-07-28,0.95,Hypothetical historical replay,8,2,6,30.0,2,148824,136975,11849,0,0,0.920382465193786,False,4687,130364,221616.0
selection|extra2_ot0_temps2|retained|30.0|2|3,selection,extra2_ot0_temps2,retained,3,2023-01-05,2023-06-30,2023-07-28,0.95,Hypothetical historical replay,8,2,6,30.0,2,148824,89480,59344,0,0,0.601247110681073,False,4687,251426,208656.0
selection|extra2_ot0_temps2|retained|40.0|0|1,selection,extra2_ot0_temps2,retained,1,2023-01-05,2023-06-30,2023-07-28,0.95,Hypothetical historical replay,8,0,8,40.0,2,148824,147700,1124,0,0,0.9924474547116057,True,3735,17645,207456.0
selection|extra2_ot0_temps2|retained|40.0|0|3,selection,extra2_ot0_temps2,retained,3,2023-01-05,2023-06-30,2023-07-28,0.95,Hypothetical historical replay,8,0,8,40.0,2,148824,147265,1559,0,0,0.989524539052841,True,3735,18080,206976.0
selection|extra2_ot0_temps2|retained|40.0|1|1,selection,extra2_ot0_temps2,retained,1,2023-01-05,2023-06-30,2023-07-28,0.95,Hypothetical historical replay,8,1,7,40.0,2,148824,147156,1668,0,0,0.9887921303015642,True,4007,24800,207696.0
selection|extra2_ot0_temps2|retained|40.0|1|3,selection,extra2_ot0_temps2,retained,3,2023-01-05,2023-06-30,2023-07-28,0.95,Hypothetical historical replay,8,1,7,40.0,2,148824,146707,2117,0,0,0.9857751437940118,True,4007,25860,206976.0
selection|extra2_ot0_temps2|retained|40.0|2|1,selection,extra2_ot0_temps2,retained,1,2023-01-05,2023-06-30,2023-07-28,0.95,Hypothetical historical replay,8,2,6,40.0,2,148824,146489,2335,0,0,0.9843103262914583,True,4279,44287,209616.0
selection|extra2_ot0_temps2|retained|40.0|2|3,selection,extra2_ot0_temps2,retained,3,2023-01-05,2023-06-30,2023-07-28,0.95,Hypothetical historical replay,8,2,6,40.0,2,148824,145024,3800,0,0,0.9744664839004462,True,4279,51637,206976.0
selection|extra2_ot0_temps2|retained|50.0|0|1,selection,extra2_ot0_temps2,retained,1,2023-01-05,2023-06-30,2023-07-28,0.95,Hypothetical historical replay,8,0,8,50.0,2,148824,148824,0,0,0,1.0,True,3191,9612,207456.0
selection|extra2_ot0_temps2|retained|50.0|0|3,selection,extra2_ot0_temps2,retained,3,2023-01-05,2023-06-30,2023-07-28,0.95,Hypothetical historical replay,8,0,8,50.0,2,148824,148353,471,0,0,0.9968351878729237,True,3191,10083,206976.0
selection|extra2_ot0_temps2|retained|50.0|1|1,selection,extra2_ot0_temps2,retained,1,2023-01-05,2023-06-30,2023-07-28,0.95,Hypothetical historical replay,8,1,7,50.0,2,148824,148217,607,0,0,0.9959213567704134,True,3531,13716,207456.0
selection|extra2_ot0_temps2|retained|50.0|1|3,selection,extra2_ot0_temps2,retained,3,2023-01-05,2023-06-30,2023-07-28,0.95,Hypothetical historical replay,8,1,7,50.0,2,148824,147673,1151,0,0,0.992266032360372,True,3531,14260,206976.0
selection|extra2_ot0_temps2|retained|50.0|2|1,selection,extra2_ot0_temps2,retained,1,2023-01-05,2023-06-30,2023-07-28,0.95,Hypothetical historical replay,8,2,6,50.0,2,148824,147537,1287,0,0,0.9913522012578616,True,3871,20572,207456.0
selection|extra2_ot0_temps2|retained|50.0|2|3,selection,extra2_ot0_temps2,retained,3,2023-01-05,2023-06-30,2023-07-28,0.95,Hypothetical historical replay,8,2,6,50.0,2,148824,146993,1831,0,0,0.9876968768478203,True,3871,21116,206976.0
selection|extra2_ot0_temps2|deduplicated_sensitivity|30.0|0|1,selection,extra2_ot0_temps2,deduplicated_sensitivity,1,2023-01-05,2023-06-30,2023-07-28,0.95,Hypothetical historical replay,8,0,8,30.0,2,139006,136686,2320,0,0,0.9833100729464915,True,4278,31901,208896.0
selection|extra2_ot0_temps2|deduplicated_sensitivity|30.0|0|3,selection,extra2_ot0_temps2,deduplicated_sensitivity,3,2023-01-05,2023-06-30,2023-07-28,0.95,Hypothetical historical replay,8,0,8,30.0,2,139006,135917,3089,0,0,0.9777779376429795,True,4278,36088,206976.0
selection|extra2_ot0_temps2|deduplicated_sensitivity|30.0|1|1,selection,extra2_ot0_temps2,deduplicated_sensitivity,1,2023-01-05,2023-06-30,2023-07-28,0.95,Hypothetical historical replay,8,1,7,30.0,2,139006,135671,3335,0,0,0.9760082298605816,True,4482,60293,209616.0
selection|extra2_ot0_temps2|deduplicated_sensitivity|30.0|1|3,selection,extra2_ot0_temps2,deduplicated_sensitivity,3,2023-01-05,2023-06-30,2023-07-28,0.95,Hypothetical historical replay,8,1,7,30.0,2,139006,133823,5183,0,0,0.962713839690373,True,4482,66785,207456.0
selection|extra2_ot0_temps2|deduplicated_sensitivity|30.0|2|1,selection,extra2_ot0_temps2,deduplicated_sensitivity,1,2023-01-05,2023-06-30,2023-07-28,0.95,Hypothetical historical replay,8,2,6,30.0,2,139006,133128,5878,0,0,0.9577140555083953,True,4686,98602,216096.0
selection|extra2_ot0_temps2|deduplicated_sensitivity|30.0|2|3,selection,extra2_ot0_temps2,deduplicated_sensitivity,3,2023-01-05,2023-06-30,2023-07-28,0.95,Hypothetical historical replay,8,2,6,30.0,2,139006,113999,25007,0,0,0.8201012905917731,False,4686,151453,207456.0
selection|extra2_ot0_temps2|deduplicated_sensitivity|40.0|0|1,selection,extra2_ot0_temps2,deduplicated_sensitivity,1,2023-01-05,2023-06-30,2023-07-28,0.95,Hypothetical historical replay,8,0,8,40.0,2,139006,137883,1123,0,0,0.991921212034013,True,3734,12001,207456.0
selection|extra2_ot0_temps2|deduplicated_sensitivity|40.0|0|3,selection,extra2_ot0_temps2,deduplicated_sensitivity,3,2023-01-05,2023-06-30,2023-07-28,0.95,Hypothetical historical replay,8,0,8,40.0,2,139006,137448,1558,0,0,0.9887918507114801,True,3734,12436,206976.0
selection|extra2_ot0_temps2|deduplicated_sensitivity|40.0|1|1,selection,extra2_ot0_temps2,deduplicated_sensitivity,1,2023-01-05,2023-06-30,2023-07-28,0.95,Hypothetical historical replay,8,1,7,40.0,2,139006,137339,1667,0,0,0.9880077118973282,True,4006,17405,207456.0
selection|extra2_ot0_temps2|deduplicated_sensitivity|40.0|1|3,selection,extra2_ot0_temps2,deduplicated_sensitivity,3,2023-01-05,2023-06-30,2023-07-28,0.95,Hypothetical historical replay,8,1,7,40.0,2,139006,136904,2102,0,0,0.9848783505747953,True,4006,18434,206976.0
selection|extra2_ot0_temps2|deduplicated_sensitivity|40.0|2|1,selection,extra2_ot0_temps2,deduplicated_sensitivity,1,2023-01-05,2023-06-30,2023-07-28,0.95,Hypothetical historical replay,8,2,6,40.0,2,139006,136795,2211,0,0,0.9840942117606434,True,4278,31131,208896.0
selection|extra2_ot0_temps2|deduplicated_sensitivity|40.0|2|3,selection,extra2_ot0_temps2,deduplicated_sensitivity,3,2023-01-05,2023-06-30,2023-07-28,0.95,Hypothetical historical replay,8,2,6,40.0,2,139006,135917,3089,0,0,0.9777779376429795,True,4278,36088,206976.0
selection|extra2_ot0_temps2|deduplicated_sensitivity|50.0|0|1,selection,extra2_ot0_temps2,deduplicated_sensitivity,1,2023-01-05,2023-06-30,2023-07-28,0.95,Hypothetical historical replay,8,0,8,50.0,2,139006,139006,0,0,0,1.0,True,3190,6018,207456.0
selection|extra2_ot0_temps2|deduplicated_sensitivity|50.0|0|3,selection,extra2_ot0_temps2,deduplicated_sensitivity,3,2023-01-05,2023-06-30,2023-07-28,0.95,Hypothetical historical replay,8,0,8,50.0,2,139006,138536,470,0,0,0.9966188509848496,True,3190,6488,206976.0
selection|extra2_ot0_temps2|deduplicated_sensitivity|50.0|1|1,selection,extra2_ot0_temps2,deduplicated_sensitivity,1,2023-01-05,2023-06-30,2023-07-28,0.95,Hypothetical historical replay,8,1,7,50.0,2,139006,138400,606,0,0,0.9956404759506784,True,3530,8808,207456.0
selection|extra2_ot0_temps2|deduplicated_sensitivity|50.0|1|3,selection,extra2_ot0_temps2,deduplicated_sensitivity,3,2023-01-05,2023-06-30,2023-07-28,0.95,Hypothetical historical replay,8,1,7,50.0,2,139006,137856,1150,0,0,0.9917269758139936,True,3530,9352,206976.0
selection|extra2_ot0_temps2|deduplicated_sensitivity|50.0|2|1,selection,extra2_ot0_temps2,deduplicated_sensitivity,1,2023-01-05,2023-06-30,2023-07-28,0.95,Hypothetical historical replay,8,2,6,50.0,2,139006,137720,1286,0,0,0.9907486007798224,True,3870,14269,207456.0
selection|extra2_ot0_temps2|deduplicated_sensitivity|50.0|2|3,selection,extra2_ot0_temps2,deduplicated_sensitivity,3,2023-01-05,2023-06-30,2023-07-28,0.95,Hypothetical historical replay,8,2,6,50.0,2,139006,137176,1830,0,0,0.9868351006431377,True,3870,14813,206976.0
selection|extra2_ot0_temps4|retained|30.0|0|1,selection,extra2_ot0_temps4,retained,1,2023-01-05,2023-06-30,2023-07-28,0.95,Hypothetical historical replay,8,0,8,30.0,2,148824,146829,1995,0,0,0.9865949040477342,True,4279,43074,210816.0
selection|extra2_ot0_temps4|retained|30.0|0|3,selection,extra2_ot0_temps4,retained,3,2023-01-05,2023-06-30,2023-07-28,0.95,Hypothetical historical replay,8,0,8,30.0,2,148824,145024,3800,0,0,0.9744664839004462,True,4279,51637,206976.0
selection|extra2_ot0_temps4|retained|30.0|1|1,selection,extra2_ot0_temps4,retained,1,2023-01-05,2023-06-30,2023-07-28,0.95,Hypothetical historical replay,8,1,7,30.0,2,148824,146107,2717,0,0,0.981743535988819,True,4483,73467,214896.0
selection|extra2_ot0_temps4|retained|30.0|1|3,selection,extra2_ot0_temps4,retained,3,2023-01-05,2023-06-30,2023-07-28,0.95,Hypothetical historical replay,8,1,7,30.0,2,148824,140045,8779,0,0,0.9410108584636887,False,4483,95634,207456.0
selection|extra2_ot0_temps4|retained|30.0|2|1,selection,extra2_ot0_temps4,retained,1,2023-01-05,2023-06-30,2023-07-28,0.95,Hypothetical historical replay,8,2,6,30.0,2,148824,144097,4727,0,0,0.9682376498414235,True,4687,107325,225696.0
selection|extra2_ot0_temps4|retained|30.0|2|3,selection,extra2_ot0_temps4,retained,3,2023-01-05,2023-06-30,2023-07-28,0.95,Hypothetical historical replay,8,2,6,30.0,2,148824,91120,57704,0,0,0.612266838681933,False,4687,245558,209136.0
selection|extra2_ot0_temps4|retained|40.0|0|1,selection,extra2_ot0_temps4,retained,1,2023-01-05,2023-06-30,2023-07-28,0.95,Hypothetical historical replay,8,0,8,40.0,2,148824,148135,689,0,0,0.9953703703703703,True,3735,17210,207936.0
selection|extra2_ot0_temps4|retained|40.0|0|3,selection,extra2_ot0_temps4,retained,3,2023-01-05,2023-06-30,2023-07-28,0.95,Hypothetical historical replay,8,0,8,40.0,2,148824,147265,1559,0,0,0.989524539052841,True,3735,18080,206976.0
selection|extra2_ot0_temps4|retained|40.0|1|1,selection,extra2_ot0_temps4,retained,1,2023-01-05,2023-06-30,2023-07-28,0.95,Hypothetical historical replay,8,1,7,40.0,2,148824,147591,1233,0,0,0.991715045960329,True,4007,24365,208176.0
selection|extra2_ot0_temps4|retained|40.0|1|3,selection,extra2_ot0_temps4,retained,3,2023-01-05,2023-06-30,2023-07-28,0.95,Hypothetical historical replay,8,1,7,40.0,2,148824,146707,2117,0,0,0.9857751437940118,True,4007,25860,206976.0
selection|extra2_ot0_temps4|retained|40.0|2|1,selection,extra2_ot0_temps4,retained,1,2023-01-05,2023-06-30,2023-07-28,0.95,Hypothetical historical replay,8,2,6,40.0,2,148824,147047,1777,0,0,0.9880597215502875,True,4279,42802,210096.0
selection|extra2_ot0_temps4|retained|40.0|2|3,selection,extra2_ot0_temps4,retained,3,2023-01-05,2023-06-30,2023-07-28,0.95,Hypothetical historical replay,8,2,6,40.0,2,148824,145024,3800,0,0,0.9744664839004462,True,4279,51637,206976.0
selection|extra2_ot0_temps4|retained|50.0|0|1,selection,extra2_ot0_temps4,retained,1,2023-01-05,2023-06-30,2023-07-28,0.95,Hypothetical historical replay,8,0,8,50.0,2,148824,148824,0,0,0,1.0,True,3191,9612,207456.0
selection|extra2_ot0_temps4|retained|50.0|0|3,selection,extra2_ot0_temps4,retained,3,2023-01-05,2023-06-30,2023-07-28,0.95,Hypothetical historical replay,8,0,8,50.0,2,148824,148353,471,0,0,0.9968351878729237,True,3191,10083,206976.0
selection|extra2_ot0_temps4|retained|50.0|1|1,selection,extra2_ot0_temps4,retained,1,2023-01-05,2023-06-30,2023-07-28,0.95,Hypothetical historical replay,8,1,7,50.0,2,148824,148761,63,0,0,0.9995766811804547,True,3531,13172,207936.0
selection|extra2_ot0_temps4|retained|50.0|1|3,selection,extra2_ot0_temps4,retained,3,2023-01-05,2023-06-30,2023-07-28,0.95,Hypothetical historical replay,8,1,7,50.0,2,148824,147673,1151,0,0,0.992266032360372,True,3531,14260,206976.0
selection|extra2_ot0_temps4|retained|50.0|2|1,selection,extra2_ot0_temps4,retained,1,2023-01-05,2023-06-30,2023-07-28,0.95,Hypothetical historical replay,8,2,6,50.0,2,148824,148081,743,0,0,0.9950075256679031,True,3871,20028,207936.0
selection|extra2_ot0_temps4|retained|50.0|2|3,selection,extra2_ot0_temps4,retained,3,2023-01-05,2023-06-30,2023-07-28,0.95,Hypothetical historical replay,8,2,6,50.0,2,148824,146993,1831,0,0,0.9876968768478203,True,3871,21116,206976.0
selection|extra2_ot0_temps4|deduplicated_sensitivity|30.0|0|1,selection,extra2_ot0_temps4,deduplicated_sensitivity,1,2023-01-05,2023-06-30,2023-07-28,0.95,Hypothetical historical replay,8,0,8,30.0,2,139006,137012,1994,0,0,0.9856552954548724,True,4278,30482,209616.0
selection|extra2_ot0_temps4|deduplicated_sensitivity|30.0|0|3,selection,extra2_ot0_temps4,deduplicated_sensitivity,3,2023-01-05,2023-06-30,2023-07-28,0.95,Hypothetical historical replay,8,0,8,30.0,2,139006,135917,3089,0,0,0.9777779376429795,True,4278,36088,206976.0
selection|extra2_ot0_temps4|deduplicated_sensitivity|30.0|1|1,selection,extra2_ot0_temps4,deduplicated_sensitivity,1,2023-01-05,2023-06-30,2023-07-28,0.95,Hypothetical historical replay,8,1,7,30.0,2,139006,136604,2402,0,0,0.9827201703523589,True,4482,55543,211296.0
selection|extra2_ot0_temps4|deduplicated_sensitivity|30.0|1|3,selection,extra2_ot0_temps4,deduplicated_sensitivity,3,2023-01-05,2023-06-30,2023-07-28,0.95,Hypothetical historical replay,8,1,7,30.0,2,139006,133823,5183,0,0,0.962713839690373,True,4482,66785,207456.0
selection|extra2_ot0_temps4|deduplicated_sensitivity|30.0|2|1,selection,extra2_ot0_temps4,deduplicated_sensitivity,1,2023-01-05,2023-06-30,2023-07-28,0.95,Hypothetical historical replay,8,2,6,30.0,2,139006,135425,3581,0,0,0.9742385220781836,True,4686,88157,218496.0
selection|extra2_ot0_temps4|deduplicated_sensitivity|30.0|2|3,selection,extra2_ot0_temps4,deduplicated_sensitivity,3,2023-01-05,2023-06-30,2023-07-28,0.95,Hypothetical historical replay,8,2,6,30.0,2,139006,115645,23361,0,0,0.8319425060788743,False,4686,146889,207936.0
selection|extra2_ot0_temps4|deduplicated_sensitivity|40.0|0|1,selection,extra2_ot0_temps4,deduplicated_sensitivity,1,2023-01-05,2023-06-30,2023-07-28,0.95,Hypothetical historical replay,8,0,8,40.0,2,139006,138318,688,0,0,0.9950505733565458,True,3734,11566,207936.0
selection|extra2_ot0_temps4|deduplicated_sensitivity|40.0|0|3,selection,extra2_ot0_temps4,deduplicated_sensitivity,3,2023-01-05,2023-06-30,2023-07-28,0.95,Hypothetical historical replay,8,0,8,40.0,2,139006,137448,1558,0,0,0.9887918507114801,True,3734,12436,206976.0
selection|extra2_ot0_temps4|deduplicated_sensitivity|40.0|1|1,selection,extra2_ot0_temps4,deduplicated_sensitivity,1,2023-01-05,2023-06-30,2023-07-28,0.95,Hypothetical historical replay,8,1,7,40.0,2,139006,137774,1232,0,0,0.991137073219861,True,4006,16970,207936.0
selection|extra2_ot0_temps4|deduplicated_sensitivity|40.0|1|3,selection,extra2_ot0_temps4,deduplicated_sensitivity,3,2023-01-05,2023-06-30,2023-07-28,0.95,Hypothetical historical replay,8,1,7,40.0,2,139006,136904,2102,0,0,0.9848783505747953,True,4006,18434,206976.0
selection|extra2_ot0_temps4|deduplicated_sensitivity|40.0|2|1,selection,extra2_ot0_temps4,deduplicated_sensitivity,1,2023-01-05,2023-06-30,2023-07-28,0.95,Hypothetical historical replay,8,2,6,40.0,2,139006,137230,1776,0,0,0.9872235730831763,True,4278,30264,209136.0
selection|extra2_ot0_temps4|deduplicated_sensitivity|40.0|2|3,selection,extra2_ot0_temps4,deduplicated_sensitivity,3,2023-01-05,2023-06-30,2023-07-28,0.95,Hypothetical historical replay,8,2,6,40.0,2,139006,135917,3089,0,0,0.9777779376429795,True,4278,36088,206976.0
selection|extra2_ot0_temps4|deduplicated_sensitivity|50.0|0|1,selection,extra2_ot0_temps4,deduplicated_sensitivity,1,2023-01-05,2023-06-30,2023-07-28,0.95,Hypothetical historical replay,8,0,8,50.0,2,139006,139006,0,0,0,1.0,True,3190,6018,207456.0
selection|extra2_ot0_temps4|deduplicated_sensitivity|50.0|0|3,selection,extra2_ot0_temps4,deduplicated_sensitivity,3,2023-01-05,2023-06-30,2023-07-28,0.95,Hypothetical historical replay,8,0,8,50.0,2,139006,138536,470,0,0,0.9966188509848496,True,3190,6488,206976.0
selection|extra2_ot0_temps4|deduplicated_sensitivity|50.0|1|1,selection,extra2_ot0_temps4,deduplicated_sensitivity,1,2023-01-05,2023-06-30,2023-07-28,0.95,Hypothetical historical replay,8,1,7,50.0,2,139006,138944,62,0,0,0.9995539760873632,True,3530,8264,207936.0
selection|extra2_ot0_temps4|deduplicated_sensitivity|50.0|1|3,selection,extra2_ot0_temps4,deduplicated_sensitivity,3,2023-01-05,2023-06-30,2023-07-28,0.95,Hypothetical historical replay,8,1,7,50.0,2,139006,137856,1150,0,0,0.9917269758139936,True,3530,9352,206976.0
selection|extra2_ot0_temps4|deduplicated_sensitivity|50.0|2|1,selection,extra2_ot0_temps4,deduplicated_sensitivity,1,2023-01-05,2023-06-30,2023-07-28,0.95,Hypothetical historical replay,8,2,6,50.0,2,139006,138264,742,0,0,0.9946621009165072,True,3870,13725,207936.0
selection|extra2_ot0_temps4|deduplicated_sensitivity|50.0|2|3,selection,extra2_ot0_temps4,deduplicated_sensitivity,3,2023-01-05,2023-06-30,2023-07-28,0.95,Hypothetical historical replay,8,2,6,50.0,2,139006,137176,1830,0,0,0.9868351006431377,True,3870,14813,206976.0
selection|extra2_ot2_temps0|retained|30.0|0|1,selection,extra2_ot2_temps0,retained,1,2023-01-05,2023-06-30,2023-07-28,0.95,Hypothetical historical replay,8,0,8,30.0,2,148824,146435,2389,0,0,0.983947481588991,True,4279,44675,209352.0
selection|extra2_ot2_temps0|retained|30.0|0|3,selection,extra2_ot2_temps0,retained,3,2023-01-05,2023-06-30,2023-07-28,0.95,Hypothetical historical replay,8,0,8,30.0,2,148824,146435,2389,0,0,0.983947481588991,True,4279,44675,209352.0
selection|extra2_ot2_temps0|retained|30.0|1|1,selection,extra2_ot2_temps0,retained,1,2023-01-05,2023-06-30,2023-07-28,0.95,Hypothetical historical replay,8,1,7,30.0,2,148824,144676,4148,0,0,0.9721281513734344,True,4483,80731,211233.0
selection|extra2_ot2_temps0|retained|30.0|1|3,selection,extra2_ot2_temps0,retained,3,2023-01-05,2023-06-30,2023-07-28,0.95,Hypothetical historical replay,8,1,7,30.0,2,148824,144676,4148,0,0,0.9721281513734344,True,4483,80731,211233.0
selection|extra2_ot2_temps0|retained|30.0|2|1,selection,extra2_ot2_temps0,retained,1,2023-01-05,2023-06-30,2023-07-28,0.95,Hypothetical historical replay,8,2,6,30.0,2,148824,135946,12878,0,0,0.9134682578078804,False,4687,134167,219186.0
selection|extra2_ot2_temps0|retained|30.0|2|3,selection,extra2_ot2_temps0,retained,3,2023-01-05,2023-06-30,2023-07-28,0.95,Hypothetical historical replay,8,2,6,30.0,2,148824,135946,12878,0,0,0.9134682578078804,False,4687,134167,219186.0
selection|extra2_ot2_temps0|retained|40.0|0|1,selection,extra2_ot2_temps0,retained,1,2023-01-05,2023-06-30,2023-07-28,0.95,Hypothetical historical replay,8,0,8,40.0,2,148824,147809,1015,0,0,0.9931798634628823,True,3735,17536,207504.0
selection|extra2_ot2_temps0|retained|40.0|0|3,selection,extra2_ot2_temps0,retained,3,2023-01-05,2023-06-30,2023-07-28,0.95,Hypothetical historical replay,8,0,8,40.0,2,148824,147809,1015,0,0,0.9931798634628823,True,3735,17536,207504.0
selection|extra2_ot2_temps0|retained|40.0|1|1,selection,extra2_ot2_temps0,retained,1,2023-01-05,2023-06-30,2023-07-28,0.95,Hypothetical historical replay,8,1,7,40.0,2,148824,147197,1627,0,0,0.9890676235015857,True,4007,24759,207471.0
selection|extra2_ot2_temps0|retained|40.0|1|3,selection,extra2_ot2_temps0,retained,3,2023-01-05,2023-06-30,2023-07-28,0.95,Hypothetical historical replay,8,1,7,40.0,2,148824,147197,1627,0,0,0.9890676235015857,True,4007,24759,207471.0
selection|extra2_ot2_temps0|retained|40.0|2|1,selection,extra2_ot2_temps0,retained,1,2023-01-05,2023-06-30,2023-07-28,0.95,Hypothetical historical replay,8,2,6,40.0,2,148824,146435,2389,0,0,0.983947481588991,True,4279,44658,208791.0
selection|extra2_ot2_temps0|retained|40.0|2|3,selection,extra2_ot2_temps0,retained,3,2023-01-05,2023-06-30,2023-07-28,0.95,Hypothetical historical replay,8,2,6,40.0,2,148824,146435,2389,0,0,0.983947481588991,True,4279,44658,208791.0
selection|extra2_ot2_temps0|retained|50.0|0|1,selection,extra2_ot2_temps0,retained,1,2023-01-05,2023-06-30,2023-07-28,0.95,Hypothetical historical replay,8,0,8,50.0,2,148824,148824,0,0,0,1.0,True,3191,9612,207372.0
selection|extra2_ot2_temps0|retained|50.0|0|3,selection,extra2_ot2_temps0,retained,3,2023-01-05,2023-06-30,2023-07-28,0.95,Hypothetical historical replay,8,0,8,50.0,2,148824,148824,0,0,0,1.0,True,3191,9612,207372.0
selection|extra2_ot2_temps0|retained|50.0|1|1,selection,extra2_ot2_temps0,retained,1,2023-01-05,2023-06-30,2023-07-28,0.95,Hypothetical historical replay,8,1,7,50.0,2,148824,148268,556,0,0,0.9962640434338548,True,3531,13665,207438.0
selection|extra2_ot2_temps0|retained|50.0|1|3,selection,extra2_ot2_temps0,retained,3,2023-01-05,2023-06-30,2023-07-28,0.95,Hypothetical historical replay,8,1,7,50.0,2,148824,148268,556,0,0,0.9962640434338548,True,3531,13665,207438.0
selection|extra2_ot2_temps0|retained|50.0|2|1,selection,extra2_ot2_temps0,retained,1,2023-01-05,2023-06-30,2023-07-28,0.95,Hypothetical historical replay,8,2,6,50.0,2,148824,147503,1321,0,0,0.9911237434822341,True,3871,20606,207372.0
selection|extra2_ot2_temps0|retained|50.0|2|3,selection,extra2_ot2_temps0,retained,3,2023-01-05,2023-06-30,2023-07-28,0.95,Hypothetical historical replay,8,2,6,50.0,2,148824,147503,1321,0,0,0.9911237434822341,True,3871,20606,207372.0
selection|extra2_ot2_temps0|deduplicated_sensitivity|30.0|0|1,selection,extra2_ot2_temps0,deduplicated_sensitivity,1,2023-01-05,2023-06-30,2023-07-28,0.95,Hypothetical historical replay,8,0,8,30.0,2,139006,136768,2238,0,0,0.9838999755406241,True,4278,31320,208626.0
selection|extra2_ot2_temps0|deduplicated_sensitivity|30.0|0|3,selection,extra2_ot2_temps0,deduplicated_sensitivity,3,2023-01-05,2023-06-30,2023-07-28,0.95,Hypothetical historical replay,8,0,8,30.0,2,139006,136768,2238,0,0,0.9838999755406241,True,4278,31320,208626.0
selection|extra2_ot2_temps0|deduplicated_sensitivity|30.0|1|1,selection,extra2_ot2_temps0,deduplicated_sensitivity,1,2023-01-05,2023-06-30,2023-07-28,0.95,Hypothetical historical replay,8,1,7,30.0,2,139006,135764,3242,0,0,0.9766772657295368,True,4482,60210,209253.0
selection|extra2_ot2_temps0|deduplicated_sensitivity|30.0|1|3,selection,extra2_ot2_temps0,deduplicated_sensitivity,3,2023-01-05,2023-06-30,2023-07-28,0.95,Hypothetical historical replay,8,1,7,30.0,2,139006,135764,3242,0,0,0.9766772657295368,True,4482,60210,209253.0
selection|extra2_ot2_temps0|deduplicated_sensitivity|30.0|2|1,selection,extra2_ot2_temps0,deduplicated_sensitivity,1,2023-01-05,2023-06-30,2023-07-28,0.95,Hypothetical historical replay,8,2,6,30.0,2,139006,132815,6191,0,0,0.9554623541429866,True,4686,100887,214401.0
selection|extra2_ot2_temps0|deduplicated_sensitivity|30.0|2|3,selection,extra2_ot2_temps0,deduplicated_sensitivity,3,2023-01-05,2023-06-30,2023-07-28,0.95,Hypothetical historical replay,8,2,6,30.0,2,139006,132815,6191,0,0,0.9554623541429866,True,4686,100887,214401.0
selection|extra2_ot2_temps0|deduplicated_sensitivity|40.0|0|1,selection,extra2_ot2_temps0,deduplicated_sensitivity,1,2023-01-05,2023-06-30,2023-07-28,0.95,Hypothetical historical replay,8,0,8,40.0,2,139006,137992,1014,0,0,0.9927053508481648,True,3734,11892,207504.0
selection|extra2_ot2_temps0|deduplicated_sensitivity|40.0|0|3,selection,extra2_ot2_temps0,deduplicated_sensitivity,3,2023-01-05,2023-06-30,2023-07-28,0.95,Hypothetical historical replay,8,0,8,40.0,2,139006,137992,1014,0,0,0.9927053508481648,True,3734,11892,207504.0
selection|extra2_ot2_temps0|deduplicated_sensitivity|40.0|1|1,selection,extra2_ot2_temps0,deduplicated_sensitivity,1,2023-01-05,2023-06-30,2023-07-28,0.95,Hypothetical historical replay,8,1,7,40.0,2,139006,137380,1626,0,0,0.9883026631943945,True,4006,17364,207438.0
selection|extra2_ot2_temps0|deduplicated_sensitivity|40.0|1|3,selection,extra2_ot2_temps0,deduplicated_sensitivity,3,2023-01-05,2023-06-30,2023-07-28,0.95,Hypothetical historical replay,8,1,7,40.0,2,139006,137380,1626,0,0,0.9883026631943945,True,4006,17364,207438.0
selection|extra2_ot2_temps0|deduplicated_sensitivity|40.0|2|1,selection,extra2_ot2_temps0,deduplicated_sensitivity,1,2023-01-05,2023-06-30,2023-07-28,0.95,Hypothetical historical replay,8,2,6,40.0,2,139006,136768,2238,0,0,0.9838999755406241,True,4278,31320,208230.0
selection|extra2_ot2_temps0|deduplicated_sensitivity|40.0|2|3,selection,extra2_ot2_temps0,deduplicated_sensitivity,3,2023-01-05,2023-06-30,2023-07-28,0.95,Hypothetical historical replay,8,2,6,40.0,2,139006,136768,2238,0,0,0.9838999755406241,True,4278,31320,208230.0
selection|extra2_ot2_temps0|deduplicated_sensitivity|50.0|0|1,selection,extra2_ot2_temps0,deduplicated_sensitivity,1,2023-01-05,2023-06-30,2023-07-28,0.95,Hypothetical historical replay,8,0,8,50.0,2,139006,139006,0,0,0,1.0,True,3190,6018,207372.0
selection|extra2_ot2_temps0|deduplicated_sensitivity|50.0|0|3,selection,extra2_ot2_temps0,deduplicated_sensitivity,3,2023-01-05,2023-06-30,2023-07-28,0.95,Hypothetical historical replay,8,0,8,50.0,2,139006,139006,0,0,0,1.0,True,3190,6018,207372.0
selection|extra2_ot2_temps0|deduplicated_sensitivity|50.0|1|1,selection,extra2_ot2_temps0,deduplicated_sensitivity,1,2023-01-05,2023-06-30,2023-07-28,0.95,Hypothetical historical replay,8,1,7,50.0,2,139006,138451,555,0,0,0.9960073665884925,True,3530,8757,207438.0
selection|extra2_ot2_temps0|deduplicated_sensitivity|50.0|1|3,selection,extra2_ot2_temps0,deduplicated_sensitivity,3,2023-01-05,2023-06-30,2023-07-28,0.95,Hypothetical historical replay,8,1,7,50.0,2,139006,138451,555,0,0,0.9960073665884925,True,3530,8757,207438.0
selection|extra2_ot2_temps0|deduplicated_sensitivity|50.0|2|1,selection,extra2_ot2_temps0,deduplicated_sensitivity,1,2023-01-05,2023-06-30,2023-07-28,0.95,Hypothetical historical replay,8,2,6,50.0,2,139006,137686,1320,0,0,0.9905040070212796,True,3870,14303,207372.0
selection|extra2_ot2_temps0|deduplicated_sensitivity|50.0|2|3,selection,extra2_ot2_temps0,deduplicated_sensitivity,3,2023-01-05,2023-06-30,2023-07-28,0.95,Hypothetical historical replay,8,2,6,50.0,2,139006,137686,1320,0,0,0.9905040070212796,True,3870,14303,207372.0
selection|extra2_ot2_temps2|retained|30.0|0|1,selection,extra2_ot2_temps2,retained,1,2023-01-05,2023-06-30,2023-07-28,0.95,Hypothetical historical replay,8,0,8,30.0,2,148824,146911,1913,0,0,0.9871458904477772,True,4279,42992,210474.0
selection|extra2_ot2_temps2|retained|30.0|0|3,selection,extra2_ot2_temps2,retained,3,2023-01-05,2023-06-30,2023-07-28,0.95,Hypothetical historical replay,8,0,8,30.0,2,148824,146435,2389,0,0,0.983947481588991,True,4279,44675,209352.0
selection|extra2_ot2_temps2|retained|30.0|1|1,selection,extra2_ot2_temps2,retained,1,2023-01-05,2023-06-30,2023-07-28,0.95,Hypothetical historical replay,8,1,7,30.0,2,148824,146169,2655,0,0,0.9821601354620223,True,4483,73104,214416.0
selection|extra2_ot2_temps2|retained|30.0|1|3,selection,extra2_ot2_temps2,retained,3,2023-01-05,2023-06-30,2023-07-28,0.95,Hypothetical historical replay,8,1,7,30.0,2,148824,144676,4148,0,0,0.9721281513734344,True,4483,80405,211713.0
selection|extra2_ot2_temps2|retained|30.0|2|1,selection,extra2_ot2_temps2,retained,1,2023-01-05,2023-06-30,2023-07-28,0.95,Hypothetical historical replay,8,2,6,30.0,2,148824,143539,5285,0,0,0.9644882545825942,True,4687,110366,224463.0
selection|extra2_ot2_temps2|retained|30.0|2|3,selection,extra2_ot2_temps2,retained,3,2023-01-05,2023-06-30,2023-07-28,0.95,Hypothetical historical replay,8,2,6,30.0,2,148824,135966,12858,0,0,0.9136026447347202,False,4687,133985,219270.0
selection|extra2_ot2_temps2|retained|40.0|0|1,selection,extra2_ot2_temps2,retained,1,2023-01-05,2023-06-30,2023-07-28,0.95,Hypothetical historical replay,8,0,8,40.0,2,148824,148244,580,0,0,0.996102779121647,True,3735,17101,207984.0
selection|extra2_ot2_temps2|retained|40.0|0|3,selection,extra2_ot2_temps2,retained,3,2023-01-05,2023-06-30,2023-07-28,0.95,Hypothetical historical replay,8,0,8,40.0,2,148824,147809,1015,0,0,0.9931798634628823,True,3735,17536,207504.0
selection|extra2_ot2_temps2|retained|40.0|1|1,selection,extra2_ot2_temps2,retained,1,2023-01-05,2023-06-30,2023-07-28,0.95,Hypothetical historical replay,8,1,7,40.0,2,148824,147632,1192,0,0,0.9919905391603505,True,4007,24324,208158.0
selection|extra2_ot2_temps2|retained|40.0|1|3,selection,extra2_ot2_temps2,retained,3,2023-01-05,2023-06-30,2023-07-28,0.95,Hypothetical historical replay,8,1,7,40.0,2,148824,147197,1627,0,0,0.9890676235015857,True,4007,24759,207471.0
selection|extra2_ot2_temps2|retained|40.0|2|1,selection,extra2_ot2_temps2,retained,1,2023-01-05,2023-06-30,2023-07-28,0.95,Hypothetical historical replay,8,2,6,40.0,2,148824,147020,1804,0,0,0.9878782991990539,True,4279,42829,209904.0
selection|extra2_ot2_temps2|retained|40.0|2|3,selection,extra2_ot2_temps2,retained,3,2023-01-05,2023-06-30,2023-07-28,0.95,Hypothetical historical replay,8,2,6,40.0,2,148824,146435,2389,0,0,0.983947481588991,True,4279,44658,208791.0
selection|extra2_ot2_temps2|retained|50.0|0|1,selection,extra2_ot2_temps2,retained,1,2023-01-05,2023-06-30,2023-07-28,0.95,Hypothetical historical replay,8,0,8,50.0,2,148824,148824,0,0,0,1.0,True,3191,9612,207456.0
selection|extra2_ot2_temps2|retained|50.0|0|3,selection,extra2_ot2_temps2,retained,3,2023-01-05,2023-06-30,2023-07-28,0.95,Hypothetical historical replay,8,0,8,50.0,2,148824,148824,0,0,0,1.0,True,3191,9612,207372.0
selection|extra2_ot2_temps2|retained|50.0|1|1,selection,extra2_ot2_temps2,retained,1,2023-01-05,2023-06-30,2023-07-28,0.95,Hypothetical historical replay,8,1,7,50.0,2,148824,148812,12,0,0,0.9999193678438961,True,3531,13121,207918.0
selection|extra2_ot2_temps2|retained|50.0|1|3,selection,extra2_ot2_temps2,retained,3,2023-01-05,2023-06-30,2023-07-28,0.95,Hypothetical historical replay,8,1,7,50.0,2,148824,148268,556,0,0,0.9962640434338548,True,3531,13665,207438.0
selection|extra2_ot2_temps2|retained|50.0|2|1,selection,extra2_ot2_temps2,retained,1,2023-01-05,2023-06-30,2023-07-28,0.95,Hypothetical historical replay,8,2,6,50.0,2,148824,148047,777,0,0,0.9947790678922754,True,3871,20062,207852.0
selection|extra2_ot2_temps2|retained|50.0|2|3,selection,extra2_ot2_temps2,retained,3,2023-01-05,2023-06-30,2023-07-28,0.95,Hypothetical historical replay,8,2,6,50.0,2,148824,147503,1321,0,0,0.9911237434822341,True,3871,20606,207372.0
selection|extra2_ot2_temps2|deduplicated_sensitivity|30.0|0|1,selection,extra2_ot2_temps2,deduplicated_sensitivity,1,2023-01-05,2023-06-30,2023-07-28,0.95,Hypothetical historical replay,8,0,8,30.0,2,139006,137094,1912,0,0,0.9862451980490051,True,4278,30400,209424.0
selection|extra2_ot2_temps2|deduplicated_sensitivity|30.0|0|3,selection,extra2_ot2_temps2,deduplicated_sensitivity,3,2023-01-05,2023-06-30,2023-07-28,0.95,Hypothetical historical replay,8,0,8,30.0,2,139006,136768,2238,0,0,0.9838999755406241,True,4278,31320,208626.0
selection|extra2_ot2_temps2|deduplicated_sensitivity|30.0|1|1,selection,extra2_ot2_temps2,deduplicated_sensitivity,1,2023-01-05,2023-06-30,2023-07-28,0.95,Hypothetical historical replay,8,1,7,30.0,2,139006,136635,2371,0,0,0.9829431823086773,True,4482,55264,211125.0
selection|extra2_ot2_temps2|deduplicated_sensitivity|30.0|1|3,selection,extra2_ot2_temps2,deduplicated_sensitivity,3,2023-01-05,2023-06-30,2023-07-28,0.95,Hypothetical historical replay,8,1,7,30.0,2,139006,135764,3242,0,0,0.9766772657295368,True,4482,59884,209733.0
selection|extra2_ot2_temps2|deduplicated_sensitivity|30.0|2|1,selection,extra2_ot2_temps2,deduplicated_sensitivity,1,2023-01-05,2023-06-30,2023-07-28,0.95,Hypothetical historical replay,8,2,6,30.0,2,139006,135365,3641,0,0,0.9738068860336964,True,4686,89295,217809.0
selection|extra2_ot2_temps2|deduplicated_sensitivity|30.0|2|3,selection,extra2_ot2_temps2,deduplicated_sensitivity,3,2023-01-05,2023-06-30,2023-07-28,0.95,Hypothetical historical replay,8,2,6,30.0,2,139006,132834,6172,0,0,0.9555990388904076,True,4686,100734,214485.0
selection|extra2_ot2_temps2|deduplicated_sensitivity|40.0|0|1,selection,extra2_ot2_temps2,deduplicated_sensitivity,1,2023-01-05,2023-06-30,2023-07-28,0.95,Hypothetical historical replay,8,0,8,40.0,2,139006,138427,579,0,0,0.9958347121706976,True,3734,11457,207984.0
selection|extra2_ot2_temps2|deduplicated_sensitivity|40.0|0|3,selection,extra2_ot2_temps2,deduplicated_sensitivity,3,2023-01-05,2023-06-30,2023-07-28,0.95,Hypothetical historical replay,8,0,8,40.0,2,139006,137992,1014,0,0,0.9927053508481648,True,3734,11892,207504.0
selection|extra2_ot2_temps2|deduplicated_sensitivity|40.0|1|1,selection,extra2_ot2_temps2,deduplicated_sensitivity,1,2023-01-05,2023-06-30,2023-07-28,0.95,Hypothetical historical replay,8,1,7,40.0,2,139006,137815,1191,0,0,0.9914320245169274,True,4006,16929,207918.0
selection|extra2_ot2_temps2|deduplicated_sensitivity|40.0|1|3,selection,extra2_ot2_temps2,deduplicated_sensitivity,3,2023-01-05,2023-06-30,2023-07-28,0.95,Hypothetical historical replay,8,1,7,40.0,2,139006,137380,1626,0,0,0.9883026631943945,True,4006,17364,207438.0
selection|extra2_ot2_temps2|deduplicated_sensitivity|40.0|2|1,selection,extra2_ot2_temps2,deduplicated_sensitivity,1,2023-01-05,2023-06-30,2023-07-28,0.95,Hypothetical historical replay,8,2,6,40.0,2,139006,137203,1803,0,0,0.987029336863157,True,4278,30291,209052.0
selection|extra2_ot2_temps2|deduplicated_sensitivity|40.0|2|3,selection,extra2_ot2_temps2,deduplicated_sensitivity,3,2023-01-05,2023-06-30,2023-07-28,0.95,Hypothetical historical replay,8,2,6,40.0,2,139006,136768,2238,0,0,0.9838999755406241,True,4278,31320,208230.0
selection|extra2_ot2_temps2|deduplicated_sensitivity|50.0|0|1,selection,extra2_ot2_temps2,deduplicated_sensitivity,1,2023-01-05,2023-06-30,2023-07-28,0.95,Hypothetical historical replay,8,0,8,50.0,2,139006,139006,0,0,0,1.0,True,3190,6018,207456.0
selection|extra2_ot2_temps2|deduplicated_sensitivity|50.0|0|3,selection,extra2_ot2_temps2,deduplicated_sensitivity,3,2023-01-05,2023-06-30,2023-07-28,0.95,Hypothetical historical replay,8,0,8,50.0,2,139006,139006,0,0,0,1.0,True,3190,6018,207372.0
selection|extra2_ot2_temps2|deduplicated_sensitivity|50.0|1|1,selection,extra2_ot2_temps2,deduplicated_sensitivity,1,2023-01-05,2023-06-30,2023-07-28,0.95,Hypothetical historical replay,8,1,7,50.0,2,139006,138995,11,0,0,0.9999208667251773,True,3530,8213,207918.0
selection|extra2_ot2_temps2|deduplicated_sensitivity|50.0|1|3,selection,extra2_ot2_temps2,deduplicated_sensitivity,3,2023-01-05,2023-06-30,2023-07-28,0.95,Hypothetical historical replay,8,1,7,50.0,2,139006,138451,555,0,0,0.9960073665884925,True,3530,8757,207438.0
selection|extra2_ot2_temps2|deduplicated_sensitivity|50.0|2|1,selection,extra2_ot2_temps2,deduplicated_sensitivity,1,2023-01-05,2023-06-30,2023-07-28,0.95,Hypothetical historical replay,8,2,6,50.0,2,139006,138230,776,0,0,0.9944175071579644,True,3870,13759,207852.0
selection|extra2_ot2_temps2|deduplicated_sensitivity|50.0|2|3,selection,extra2_ot2_temps2,deduplicated_sensitivity,3,2023-01-05,2023-06-30,2023-07-28,0.95,Hypothetical historical replay,8,2,6,50.0,2,139006,137686,1320,0,0,0.9905040070212796,True,3870,14303,207372.0
selection|extra2_ot2_temps4|retained|30.0|0|1,selection,extra2_ot2_temps4,retained,1,2023-01-05,2023-06-30,2023-07-28,0.95,Hypothetical historical replay,8,0,8,30.0,2,148824,147237,1587,0,0,0.9893363973552652,True,4279,42666,210624.0
selection|extra2_ot2_temps4|retained|30.0|0|3,selection,extra2_ot2_temps4,retained,3,2023-01-05,2023-06-30,2023-07-28,0.95,Hypothetical historical replay,8,0,8,30.0,2,148824,146435,2389,0,0,0.983947481588991,True,4279,44675,209352.0
selection|extra2_ot2_temps4|retained|30.0|1|1,selection,extra2_ot2_temps4,retained,1,2023-01-05,2023-06-30,2023-07-28,0.95,Hypothetical historical replay,8,1,7,30.0,2,148824,146778,2046,0,0,0.9862522173842928,True,4483,70399,215787.0
selection|extra2_ot2_temps4|retained|30.0|1|3,selection,extra2_ot2_temps4,retained,3,2023-01-05,2023-06-30,2023-07-28,0.95,Hypothetical historical replay,8,1,7,30.0,2,148824,144676,4148,0,0,0.9721281513734344,True,4483,80405,211713.0
selection|extra2_ot2_temps4|retained|30.0|2|1,selection,extra2_ot2_temps4,retained,1,2023-01-05,2023-06-30,2023-07-28,0.95,Hypothetical historical replay,8,2,6,30.0,2,148824,145627,3197,0,0,0.9785182497446648,True,4687,101937,227112.0
selection|extra2_ot2_temps4|retained|30.0|2|3,selection,extra2_ot2_temps4,retained,3,2023-01-05,2023-06-30,2023-07-28,0.95,Hypothetical historical replay,8,2,6,30.0,2,148824,136045,12779,0,0,0.9141334730957372,False,4687,133524,219552.0
selection|extra2_ot2_temps4|retained|40.0|0|1,selection,extra2_ot2_temps4,retained,1,2023-01-05,2023-06-30,2023-07-28,0.95,Hypothetical historical replay,8,0,8,40.0,2,148824,148679,145,0,0,0.9990256947804118,True,3735,16666,208464.0
selection|extra2_ot2_temps4|retained|40.0|0|3,selection,extra2_ot2_temps4,retained,3,2023-01-05,2023-06-30,2023-07-28,0.95,Hypothetical historical replay,8,0,8,40.0,2,148824,147809,1015,0,0,0.9931798634628823,True,3735,17536,207504.0
selection|extra2_ot2_temps4|retained|40.0|1|1,selection,extra2_ot2_temps4,retained,1,2023-01-05,2023-06-30,2023-07-28,0.95,Hypothetical historical replay,8,1,7,40.0,2,148824,148067,757,0,0,0.9949134548191152,True,4007,23889,208638.0
selection|extra2_ot2_temps4|retained|40.0|1|3,selection,extra2_ot2_temps4,retained,3,2023-01-05,2023-06-30,2023-07-28,0.95,Hypothetical historical replay,8,1,7,40.0,2,148824,147197,1627,0,0,0.9890676235015857,True,4007,24759,207471.0
selection|extra2_ot2_temps4|retained|40.0|2|1,selection,extra2_ot2_temps4,retained,1,2023-01-05,2023-06-30,2023-07-28,0.95,Hypothetical historical replay,8,2,6,40.0,2,148824,147455,1369,0,0,0.9908012148578186,True,4279,42394,210252.0
selection|extra2_ot2_temps4|retained|40.0|2|3,selection,extra2_ot2_temps4,retained,3,2023-01-05,2023-06-30,2023-07-28,0.95,Hypothetical historical replay,8,2,6,40.0,2,148824,146435,2389,0,0,0.983947481588991,True,4279,44658,208791.0
selection|extra2_ot2_temps4|retained|50.0|0|1,selection,extra2_ot2_temps4,retained,1,2023-01-05,2023-06-30,2023-07-28,0.95,Hypothetical historical replay,8,0,8,50.0,2,148824,148824,0,0,0,1.0,True,3191,9612,207456.0
selection|extra2_ot2_temps4|retained|50.0|0|3,selection,extra2_ot2_temps4,retained,3,2023-01-05,2023-06-30,2023-07-28,0.95,Hypothetical historical replay,8,0,8,50.0,2,148824,148824,0,0,0,1.0,True,3191,9612,207372.0
selection|extra2_ot2_temps4|retained|50.0|1|1,selection,extra2_ot2_temps4,retained,1,2023-01-05,2023-06-30,2023-07-28,0.95,Hypothetical historical replay,8,1,7,50.0,2,148824,148824,0,0,0,1.0,True,3531,13109,208002.0
selection|extra2_ot2_temps4|retained|50.0|1|3,selection,extra2_ot2_temps4,retained,3,2023-01-05,2023-06-30,2023-07-28,0.95,Hypothetical historical replay,8,1,7,50.0,2,148824,148268,556,0,0,0.9962640434338548,True,3531,13665,207438.0
selection|extra2_ot2_temps4|retained|50.0|2|1,selection,extra2_ot2_temps4,retained,1,2023-01-05,2023-06-30,2023-07-28,0.95,Hypothetical historical replay,8,2,6,50.0,2,148824,148591,233,0,0,0.9984343923023168,True,3871,19518,208332.0
selection|extra2_ot2_temps4|retained|50.0|2|3,selection,extra2_ot2_temps4,retained,3,2023-01-05,2023-06-30,2023-07-28,0.95,Hypothetical historical replay,8,2,6,50.0,2,148824,147503,1321,0,0,0.9911237434822341,True,3871,20606,207372.0
selection|extra2_ot2_temps4|deduplicated_sensitivity|30.0|0|1,selection,extra2_ot2_temps4,deduplicated_sensitivity,1,2023-01-05,2023-06-30,2023-07-28,0.95,Hypothetical historical replay,8,0,8,30.0,2,139006,137420,1586,0,0,0.988590420557386,True,4278,30074,209424.0
selection|extra2_ot2_temps4|deduplicated_sensitivity|30.0|0|3,selection,extra2_ot2_temps4,deduplicated_sensitivity,3,2023-01-05,2023-06-30,2023-07-28,0.95,Hypothetical historical replay,8,0,8,30.0,2,139006,136768,2238,0,0,0.9838999755406241,True,4278,31320,208626.0
selection|extra2_ot2_temps4|deduplicated_sensitivity|30.0|1|1,selection,extra2_ot2_temps4,deduplicated_sensitivity,1,2023-01-05,2023-06-30,2023-07-28,0.95,Hypothetical historical replay,8,1,7,30.0,2,139006,136961,2045,0,0,0.9852884048170583,True,4482,54049,211758.0
selection|extra2_ot2_temps4|deduplicated_sensitivity|30.0|1|3,selection,extra2_ot2_temps4,deduplicated_sensitivity,3,2023-01-05,2023-06-30,2023-07-28,0.95,Hypothetical historical replay,8,1,7,30.0,2,139006,135764,3242,0,0,0.9766772657295368,True,4482,59884,209733.0
selection|extra2_ot2_temps4|deduplicated_sensitivity|30.0|2|1,selection,extra2_ot2_temps4,deduplicated_sensitivity,1,2023-01-05,2023-06-30,2023-07-28,0.95,Hypothetical historical replay,8,2,6,30.0,2,139006,136343,2663,0,0,0.9808425535588392,True,4686,83933,219600.0
selection|extra2_ot2_temps4|deduplicated_sensitivity|30.0|2|3,selection,extra2_ot2_temps4,deduplicated_sensitivity,3,2023-01-05,2023-06-30,2023-07-28,0.95,Hypothetical historical replay,8,2,6,30.0,2,139006,132913,6093,0,0,0.9561673596823159,True,4686,100247,214767.0
selection|extra2_ot2_temps4|deduplicated_sensitivity|40.0|0|1,selection,extra2_ot2_temps4,deduplicated_sensitivity,1,2023-01-05,2023-06-30,2023-07-28,0.95,Hypothetical historical replay,8,0,8,40.0,2,139006,138862,144,0,0,0.9989640734932305,True,3734,11022,208464.0
selection|extra2_ot2_temps4|deduplicated_sensitivity|40.0|0|3,selection,extra2_ot2_temps4,deduplicated_sensitivity,3,2023-01-05,2023-06-30,2023-07-28,0.95,Hypothetical historical replay,8,0,8,40.0,2,139006,137992,1014,0,0,0.9927053508481648,True,3734,11892,207504.0
selection|extra2_ot2_temps4|deduplicated_sensitivity|40.0|1|1,selection,extra2_ot2_temps4,deduplicated_sensitivity,1,2023-01-05,2023-06-30,2023-07-28,0.95,Hypothetical historical replay,8,1,7,40.0,2,139006,138250,756,0,0,0.9945613858394602,True,4006,16494,208398.0
selection|extra2_ot2_temps4|deduplicated_sensitivity|40.0|1|3,selection,extra2_ot2_temps4,deduplicated_sensitivity,3,2023-01-05,2023-06-30,2023-07-28,0.95,Hypothetical historical replay,8,1,7,40.0,2,139006,137380,1626,0,0,0.9883026631943945,True,4006,17364,207438.0
selection|extra2_ot2_temps4|deduplicated_sensitivity|40.0|2|1,selection,extra2_ot2_temps4,deduplicated_sensitivity,1,2023-01-05,2023-06-30,2023-07-28,0.95,Hypothetical historical replay,8,2,6,40.0,2,139006,137638,1368,0,0,0.9901586981856898,True,4278,29856,209292.0
selection|extra2_ot2_temps4|deduplicated_sensitivity|40.0|2|3,selection,extra2_ot2_temps4,deduplicated_sensitivity,3,2023-01-05,2023-06-30,2023-07-28,0.95,Hypothetical historical replay,8,2,6,40.0,2,139006,136768,2238,0,0,0.9838999755406241,True,4278,31320,208230.0
selection|extra2_ot2_temps4|deduplicated_sensitivity|50.0|0|1,selection,extra2_ot2_temps4,deduplicated_sensitivity,1,2023-01-05,2023-06-30,2023-07-28,0.95,Hypothetical historical replay,8,0,8,50.0,2,139006,139006,0,0,0,1.0,True,3190,6018,207456.0
selection|extra2_ot2_temps4|deduplicated_sensitivity|50.0|0|3,selection,extra2_ot2_temps4,deduplicated_sensitivity,3,2023-01-05,2023-06-30,2023-07-28,0.95,Hypothetical historical replay,8,0,8,50.0,2,139006,139006,0,0,0,1.0,True,3190,6018,207372.0
selection|extra2_ot2_temps4|deduplicated_sensitivity|50.0|1|1,selection,extra2_ot2_temps4,deduplicated_sensitivity,1,2023-01-05,2023-06-30,2023-07-28,0.95,Hypothetical historical replay,8,1,7,50.0,2,139006,139006,0,0,0,1.0,True,3530,8202,208002.0
selection|extra2_ot2_temps4|deduplicated_sensitivity|50.0|1|3,selection,extra2_ot2_temps4,deduplicated_sensitivity,3,2023-01-05,2023-06-30,2023-07-28,0.95,Hypothetical historical replay,8,1,7,50.0,2,139006,138451,555,0,0,0.9960073665884925,True,3530,8757,207438.0
selection|extra2_ot2_temps4|deduplicated_sensitivity|50.0|2|1,selection,extra2_ot2_temps4,deduplicated_sensitivity,1,2023-01-05,2023-06-30,2023-07-28,0.95,Hypothetical historical replay,8,2,6,50.0,2,139006,138774,232,0,0,0.9983310072946492,True,3870,13215,208332.0
selection|extra2_ot2_temps4|deduplicated_sensitivity|50.0|2|3,selection,extra2_ot2_temps4,deduplicated_sensitivity,3,2023-01-05,2023-06-30,2023-07-28,0.95,Hypothetical historical replay,8,2,6,50.0,2,139006,137686,1320,0,0,0.9905040070212796,True,3870,14303,207372.0
selection|extra3_ot0_temps0|retained|30.0|0|1,selection,extra3_ot0_temps0,retained,1,2023-01-05,2023-06-30,2023-07-28,0.95,Hypothetical historical replay,9,0,9,30.0,2,148824,146435,2389,0,0,0.983947481588991,True,4075,29955,232848.0
selection|extra3_ot0_temps0|retained|30.0|0|3,selection,extra3_ot0_temps0,retained,3,2023-01-05,2023-06-30,2023-07-28,0.95,Hypothetical historical replay,9,0,9,30.0,2,148824,146435,2389,0,0,0.983947481588991,True,4075,29955,232848.0
selection|extra3_ot0_temps0|retained|30.0|1|1,selection,extra3_ot0_temps0,retained,1,2023-01-05,2023-06-30,2023-07-28,0.95,Hypothetical historical replay,9,1,8,30.0,2,148824,145024,3800,0,0,0.9744664839004462,True,4279,51637,232848.0
selection|extra3_ot0_temps0|retained|30.0|1|3,selection,extra3_ot0_temps0,retained,3,2023-01-05,2023-06-30,2023-07-28,0.95,Hypothetical historical replay,9,1,8,30.0,2,148824,145024,3800,0,0,0.9744664839004462,True,4279,51637,232848.0
selection|extra3_ot0_temps0|retained|30.0|2|1,selection,extra3_ot0_temps0,retained,1,2023-01-05,2023-06-30,2023-07-28,0.95,Hypothetical historical replay,9,2,7,30.0,2,148824,139847,8977,0,0,0.939680427887975,False,4483,96410,232848.0
selection|extra3_ot0_temps0|retained|30.0|2|3,selection,extra3_ot0_temps0,retained,3,2023-01-05,2023-06-30,2023-07-28,0.95,Hypothetical historical replay,9,2,7,30.0,2,148824,139847,8977,0,0,0.939680427887975,False,4483,96410,232848.0
selection|extra3_ot0_temps0|retained|40.0|0|1,selection,extra3_ot0_temps0,retained,1,2023-01-05,2023-06-30,2023-07-28,0.95,Hypothetical historical replay,9,0,9,40.0,2,148824,147809,1015,0,0,0.9931798634628823,True,3463,13313,232848.0
selection|extra3_ot0_temps0|retained|40.0|0|3,selection,extra3_ot0_temps0,retained,3,2023-01-05,2023-06-30,2023-07-28,0.95,Hypothetical historical replay,9,0,9,40.0,2,148824,147809,1015,0,0,0.9931798634628823,True,3463,13313,232848.0
selection|extra3_ot0_temps0|retained|40.0|1|1,selection,extra3_ot0_temps0,retained,1,2023-01-05,2023-06-30,2023-07-28,0.95,Hypothetical historical replay,9,1,8,40.0,2,148824,147265,1559,0,0,0.989524539052841,True,3735,18080,232848.0
selection|extra3_ot0_temps0|retained|40.0|1|3,selection,extra3_ot0_temps0,retained,3,2023-01-05,2023-06-30,2023-07-28,0.95,Hypothetical historical replay,9,1,8,40.0,2,148824,147265,1559,0,0,0.989524539052841,True,3735,18080,232848.0
selection|extra3_ot0_temps0|retained|40.0|2|1,selection,extra3_ot0_temps0,retained,1,2023-01-05,2023-06-30,2023-07-28,0.95,Hypothetical historical replay,9,2,7,40.0,2,148824,146707,2117,0,0,0.9857751437940118,True,4007,25860,232848.0
selection|extra3_ot0_temps0|retained|40.0|2|3,selection,extra3_ot0_temps0,retained,3,2023-01-05,2023-06-30,2023-07-28,0.95,Hypothetical historical replay,9,2,7,40.0,2,148824,146707,2117,0,0,0.9857751437940118,True,4007,25860,232848.0
selection|extra3_ot0_temps0|retained|50.0|0|1,selection,extra3_ot0_temps0,retained,1,2023-01-05,2023-06-30,2023-07-28,0.95,Hypothetical historical replay,9,0,9,50.0,2,148824,148824,0,0,0,1.0,True,2851,7189,232848.0
selection|extra3_ot0_temps0|retained|50.0|0|3,selection,extra3_ot0_temps0,retained,3,2023-01-05,2023-06-30,2023-07-28,0.95,Hypothetical historical replay,9,0,9,50.0,2,148824,148824,0,0,0,1.0,True,2851,7189,232848.0
selection|extra3_ot0_temps0|retained|50.0|1|1,selection,extra3_ot0_temps0,retained,1,2023-01-05,2023-06-30,2023-07-28,0.95,Hypothetical historical replay,9,1,8,50.0,2,148824,148353,471,0,0,0.9968351878729237,True,3191,10083,232848.0
selection|extra3_ot0_temps0|retained|50.0|1|3,selection,extra3_ot0_temps0,retained,3,2023-01-05,2023-06-30,2023-07-28,0.95,Hypothetical historical replay,9,1,8,50.0,2,148824,148353,471,0,0,0.9968351878729237,True,3191,10083,232848.0
selection|extra3_ot0_temps0|retained|50.0|2|1,selection,extra3_ot0_temps0,retained,1,2023-01-05,2023-06-30,2023-07-28,0.95,Hypothetical historical replay,9,2,7,50.0,2,148824,147673,1151,0,0,0.992266032360372,True,3531,14260,232848.0
selection|extra3_ot0_temps0|retained|50.0|2|3,selection,extra3_ot0_temps0,retained,3,2023-01-05,2023-06-30,2023-07-28,0.95,Hypothetical historical replay,9,2,7,50.0,2,148824,147673,1151,0,0,0.992266032360372,True,3531,14260,232848.0
selection|extra3_ot0_temps0|deduplicated_sensitivity|30.0|0|1,selection,extra3_ot0_temps0,deduplicated_sensitivity,1,2023-01-05,2023-06-30,2023-07-28,0.95,Hypothetical historical replay,9,0,9,30.0,2,139006,136768,2238,0,0,0.9838999755406241,True,4074,21459,232848.0
selection|extra3_ot0_temps0|deduplicated_sensitivity|30.0|0|3,selection,extra3_ot0_temps0,deduplicated_sensitivity,3,2023-01-05,2023-06-30,2023-07-28,0.95,Hypothetical historical replay,9,0,9,30.0,2,139006,136768,2238,0,0,0.9838999755406241,True,4074,21459,232848.0
selection|extra3_ot0_temps0|deduplicated_sensitivity|30.0|1|1,selection,extra3_ot0_temps0,deduplicated_sensitivity,1,2023-01-05,2023-06-30,2023-07-28,0.95,Hypothetical historical replay,9,1,8,30.0,2,139006,135917,3089,0,0,0.9777779376429795,True,4278,36088,232848.0
selection|extra3_ot0_temps0|deduplicated_sensitivity|30.0|1|3,selection,extra3_ot0_temps0,deduplicated_sensitivity,3,2023-01-05,2023-06-30,2023-07-28,0.95,Hypothetical historical replay,9,1,8,30.0,2,139006,135917,3089,0,0,0.9777779376429795,True,4278,36088,232848.0
selection|extra3_ot0_temps0|deduplicated_sensitivity|30.0|2|1,selection,extra3_ot0_temps0,deduplicated_sensitivity,1,2023-01-05,2023-06-30,2023-07-28,0.95,Hypothetical historical replay,9,2,7,30.0,2,139006,133627,5379,0,0,0.9613038286117146,True,4482,67558,232848.0
selection|extra3_ot0_temps0|deduplicated_sensitivity|30.0|2|3,selection,extra3_ot0_temps0,deduplicated_sensitivity,3,2023-01-05,2023-06-30,2023-07-28,0.95,Hypothetical historical replay,9,2,7,30.0,2,139006,133627,5379,0,0,0.9613038286117146,True,4482,67558,232848.0
selection|extra3_ot0_temps0|deduplicated_sensitivity|40.0|0|1,selection,extra3_ot0_temps0,deduplicated_sensitivity,1,2023-01-05,2023-06-30,2023-07-28,0.95,Hypothetical historical replay,9,0,9,40.0,2,139006,137992,1014,0,0,0.9927053508481648,True,3462,8630,232848.0
selection|extra3_ot0_temps0|deduplicated_sensitivity|40.0|0|3,selection,extra3_ot0_temps0,deduplicated_sensitivity,3,2023-01-05,2023-06-30,2023-07-28,0.95,Hypothetical historical replay,9,0,9,40.0,2,139006,137992,1014,0,0,0.9927053508481648,True,3462,8630,232848.0
selection|extra3_ot0_temps0|deduplicated_sensitivity|40.0|1|1,selection,extra3_ot0_temps0,deduplicated_sensitivity,1,2023-01-05,2023-06-30,2023-07-28,0.95,Hypothetical historical replay,9,1,8,40.0,2,139006,137448,1558,0,0,0.9887918507114801,True,3734,12436,232848.0
selection|extra3_ot0_temps0|deduplicated_sensitivity|40.0|1|3,selection,extra3_ot0_temps0,deduplicated_sensitivity,3,2023-01-05,2023-06-30,2023-07-28,0.95,Hypothetical historical replay,9,1,8,40.0,2,139006,137448,1558,0,0,0.9887918507114801,True,3734,12436,232848.0
selection|extra3_ot0_temps0|deduplicated_sensitivity|40.0|2|1,selection,extra3_ot0_temps0,deduplicated_sensitivity,1,2023-01-05,2023-06-30,2023-07-28,0.95,Hypothetical historical replay,9,2,7,40.0,2,139006,136904,2102,0,0,0.9848783505747953,True,4006,18434,232848.0
selection|extra3_ot0_temps0|deduplicated_sensitivity|40.0|2|3,selection,extra3_ot0_temps0,deduplicated_sensitivity,3,2023-01-05,2023-06-30,2023-07-28,0.95,Hypothetical historical replay,9,2,7,40.0,2,139006,136904,2102,0,0,0.9848783505747953,True,4006,18434,232848.0
selection|extra3_ot0_temps0|deduplicated_sensitivity|50.0|0|1,selection,extra3_ot0_temps0,deduplicated_sensitivity,1,2023-01-05,2023-06-30,2023-07-28,0.95,Hypothetical historical replay,9,0,9,50.0,2,139006,139006,0,0,0,1.0,True,2850,4658,232848.0
selection|extra3_ot0_temps0|deduplicated_sensitivity|50.0|0|3,selection,extra3_ot0_temps0,deduplicated_sensitivity,3,2023-01-05,2023-06-30,2023-07-28,0.95,Hypothetical historical replay,9,0,9,50.0,2,139006,139006,0,0,0,1.0,True,2850,4658,232848.0
selection|extra3_ot0_temps0|deduplicated_sensitivity|50.0|1|1,selection,extra3_ot0_temps0,deduplicated_sensitivity,1,2023-01-05,2023-06-30,2023-07-28,0.95,Hypothetical historical replay,9,1,8,50.0,2,139006,138536,470,0,0,0.9966188509848496,True,3190,6488,232848.0
selection|extra3_ot0_temps0|deduplicated_sensitivity|50.0|1|3,selection,extra3_ot0_temps0,deduplicated_sensitivity,3,2023-01-05,2023-06-30,2023-07-28,0.95,Hypothetical historical replay,9,1,8,50.0,2,139006,138536,470,0,0,0.9966188509848496,True,3190,6488,232848.0
selection|extra3_ot0_temps0|deduplicated_sensitivity|50.0|2|1,selection,extra3_ot0_temps0,deduplicated_sensitivity,1,2023-01-05,2023-06-30,2023-07-28,0.95,Hypothetical historical replay,9,2,7,50.0,2,139006,137856,1150,0,0,0.9917269758139936,True,3530,9352,232848.0
selection|extra3_ot0_temps0|deduplicated_sensitivity|50.0|2|3,selection,extra3_ot0_temps0,deduplicated_sensitivity,3,2023-01-05,2023-06-30,2023-07-28,0.95,Hypothetical historical replay,9,2,7,50.0,2,139006,137856,1150,0,0,0.9917269758139936,True,3530,9352,232848.0
selection|extra3_ot0_temps2|retained|30.0|0|1,selection,extra3_ot0_temps2,retained,1,2023-01-05,2023-06-30,2023-07-28,0.95,Hypothetical historical replay,9,0,9,30.0,2,148824,146911,1913,0,0,0.9871458904477772,True,4075,28111,233808.0
selection|extra3_ot0_temps2|retained|30.0|0|3,selection,extra3_ot0_temps2,retained,3,2023-01-05,2023-06-30,2023-07-28,0.95,Hypothetical historical replay,9,0,9,30.0,2,148824,146435,2389,0,0,0.983947481588991,True,4075,29955,232848.0
selection|extra3_ot0_temps2|retained|30.0|1|1,selection,extra3_ot0_temps2,retained,1,2023-01-05,2023-06-30,2023-07-28,0.95,Hypothetical historical replay,9,1,8,30.0,2,148824,146271,2553,0,0,0.982845508788905,True,4279,45657,235488.0
selection|extra3_ot0_temps2|retained|30.0|1|3,selection,extra3_ot0_temps2,retained,3,2023-01-05,2023-06-30,2023-07-28,0.95,Hypothetical historical replay,9,1,8,30.0,2,148824,145024,3800,0,0,0.9744664839004462,True,4279,51637,232848.0
selection|extra3_ot0_temps2|retained|30.0|2|1,selection,extra3_ot0_temps2,retained,1,2023-01-05,2023-06-30,2023-07-28,0.95,Hypothetical historical replay,9,2,7,30.0,2,148824,144561,4263,0,0,0.9713554265441058,True,4483,80301,237888.0
selection|extra3_ot0_temps2|retained|30.0|2|3,selection,extra3_ot0_temps2,retained,3,2023-01-05,2023-06-30,2023-07-28,0.95,Hypothetical historical replay,9,2,7,30.0,2,148824,140045,8779,0,0,0.9410108584636887,False,4483,95634,233328.0
selection|extra3_ot0_temps2|retained|40.0|0|1,selection,extra3_ot0_temps2,retained,1,2023-01-05,2023-06-30,2023-07-28,0.95,Hypothetical historical replay,9,0,9,40.0,2,148824,148244,580,0,0,0.996102779121647,True,3463,12878,233328.0
selection|extra3_ot0_temps2|retained|40.0|0|3,selection,extra3_ot0_temps2,retained,3,2023-01-05,2023-06-30,2023-07-28,0.95,Hypothetical historical replay,9,0,9,40.0,2,148824,147809,1015,0,0,0.9931798634628823,True,3463,13313,232848.0
selection|extra3_ot0_temps2|retained|40.0|1|1,selection,extra3_ot0_temps2,retained,1,2023-01-05,2023-06-30,2023-07-28,0.95,Hypothetical historical replay,9,1,8,40.0,2,148824,147700,1124,0,0,0.9924474547116057,True,3735,17645,233328.0
selection|extra3_ot0_temps2|retained|40.0|1|3,selection,extra3_ot0_temps2,retained,3,2023-01-05,2023-06-30,2023-07-28,0.95,Hypothetical historical replay,9,1,8,40.0,2,148824,147265,1559,0,0,0.989524539052841,True,3735,18080,232848.0
selection|extra3_ot0_temps2|retained|40.0|2|1,selection,extra3_ot0_temps2,retained,1,2023-01-05,2023-06-30,2023-07-28,0.95,Hypothetical historical replay,9,2,7,40.0,2,148824,147156,1668,0,0,0.9887921303015642,True,4007,24800,233568.0
selection|extra3_ot0_temps2|retained|40.0|2|3,selection,extra3_ot0_temps2,retained,3,2023-01-05,2023-06-30,2023-07-28,0.95,Hypothetical historical replay,9,2,7,40.0,2,148824,146707,2117,0,0,0.9857751437940118,True,4007,25860,232848.0
selection|extra3_ot0_temps2|retained|50.0|0|1,selection,extra3_ot0_temps2,retained,1,2023-01-05,2023-06-30,2023-07-28,0.95,Hypothetical historical replay,9,0,9,50.0,2,148824,148824,0,0,0,1.0,True,2851,7189,232848.0
selection|extra3_ot0_temps2|retained|50.0|0|3,selection,extra3_ot0_temps2,retained,3,2023-01-05,2023-06-30,2023-07-28,0.95,Hypothetical historical replay,9,0,9,50.0,2,148824,148824,0,0,0,1.0,True,2851,7189,232848.0
selection|extra3_ot0_temps2|retained|50.0|1|1,selection,extra3_ot0_temps2,retained,1,2023-01-05,2023-06-30,2023-07-28,0.95,Hypothetical historical replay,9,1,8,50.0,2,148824,148824,0,0,0,1.0,True,3191,9612,233328.0
selection|extra3_ot0_temps2|retained|50.0|1|3,selection,extra3_ot0_temps2,retained,3,2023-01-05,2023-06-30,2023-07-28,0.95,Hypothetical historical replay,9,1,8,50.0,2,148824,148353,471,0,0,0.9968351878729237,True,3191,10083,232848.0
selection|extra3_ot0_temps2|retained|50.0|2|1,selection,extra3_ot0_temps2,retained,1,2023-01-05,2023-06-30,2023-07-28,0.95,Hypothetical historical replay,9,2,7,50.0,2,148824,148217,607,0,0,0.9959213567704134,True,3531,13716,233328.0
selection|extra3_ot0_temps2|retained|50.0|2|3,selection,extra3_ot0_temps2,retained,3,2023-01-05,2023-06-30,2023-07-28,0.95,Hypothetical historical replay,9,2,7,50.0,2,148824,147673,1151,0,0,0.992266032360372,True,3531,14260,232848.0
selection|extra3_ot0_temps2|deduplicated_sensitivity|30.0|0|1,selection,extra3_ot0_temps2,deduplicated_sensitivity,1,2023-01-05,2023-06-30,2023-07-28,0.95,Hypothetical historical replay,9,0,9,30.0,2,139006,137094,1912,0,0,0.9862451980490051,True,4074,19927,233568.0
selection|extra3_ot0_temps2|deduplicated_sensitivity|30.0|0|3,selection,extra3_ot0_temps2,deduplicated_sensitivity,3,2023-01-05,2023-06-30,2023-07-28,0.95,Hypothetical historical replay,9,0,9,30.0,2,139006,136768,2238,0,0,0.9838999755406241,True,4074,21459,232848.0
selection|extra3_ot0_temps2|deduplicated_sensitivity|30.0|1|1,selection,extra3_ot0_temps2,deduplicated_sensitivity,1,2023-01-05,2023-06-30,2023-07-28,0.95,Hypothetical historical replay,9,1,8,30.0,2,139006,136686,2320,0,0,0.9833100729464915,True,4278,31901,234768.0
selection|extra3_ot0_temps2|deduplicated_sensitivity|30.0|1|3,selection,extra3_ot0_temps2,deduplicated_sensitivity,3,2023-01-05,2023-06-30,2023-07-28,0.95,Hypothetical historical replay,9,1,8,30.0,2,139006,135917,3089,0,0,0.9777779376429795,True,4278,36088,232848.0
selection|extra3_ot0_temps2|deduplicated_sensitivity|30.0|2|1,selection,extra3_ot0_temps2,deduplicated_sensitivity,1,2023-01-05,2023-06-30,2023-07-28,0.95,Hypothetical historical replay,9,2,7,30.0,2,139006,135671,3335,0,0,0.9760082298605816,True,4482,60293,235488.0
selection|extra3_ot0_temps2|deduplicated_sensitivity|30.0|2|3,selection,extra3_ot0_temps2,deduplicated_sensitivity,3,2023-01-05,2023-06-30,2023-07-28,0.95,Hypothetical historical replay,9,2,7,30.0,2,139006,133823,5183,0,0,0.962713839690373,True,4482,66785,233328.0
selection|extra3_ot0_temps2|deduplicated_sensitivity|40.0|0|1,selection,extra3_ot0_temps2,deduplicated_sensitivity,1,2023-01-05,2023-06-30,2023-07-28,0.95,Hypothetical historical replay,9,0,9,40.0,2,139006,138427,579,0,0,0.9958347121706976,True,3462,8195,233328.0
selection|extra3_ot0_temps2|deduplicated_sensitivity|40.0|0|3,selection,extra3_ot0_temps2,deduplicated_sensitivity,3,2023-01-05,2023-06-30,2023-07-28,0.95,Hypothetical historical replay,9,0,9,40.0,2,139006,137992,1014,0,0,0.9927053508481648,True,3462,8630,232848.0
selection|extra3_ot0_temps2|deduplicated_sensitivity|40.0|1|1,selection,extra3_ot0_temps2,deduplicated_sensitivity,1,2023-01-05,2023-06-30,2023-07-28,0.95,Hypothetical historical replay,9,1,8,40.0,2,139006,137883,1123,0,0,0.991921212034013,True,3734,12001,233328.0
selection|extra3_ot0_temps2|deduplicated_sensitivity|40.0|1|3,selection,extra3_ot0_temps2,deduplicated_sensitivity,3,2023-01-05,2023-06-30,2023-07-28,0.95,Hypothetical historical replay,9,1,8,40.0,2,139006,137448,1558,0,0,0.9887918507114801,True,3734,12436,232848.0
selection|extra3_ot0_temps2|deduplicated_sensitivity|40.0|2|1,selection,extra3_ot0_temps2,deduplicated_sensitivity,1,2023-01-05,2023-06-30,2023-07-28,0.95,Hypothetical historical replay,9,2,7,40.0,2,139006,137339,1667,0,0,0.9880077118973282,True,4006,17405,233328.0
selection|extra3_ot0_temps2|deduplicated_sensitivity|40.0|2|3,selection,extra3_ot0_temps2,deduplicated_sensitivity,3,2023-01-05,2023-06-30,2023-07-28,0.95,Hypothetical historical replay,9,2,7,40.0,2,139006,136904,2102,0,0,0.9848783505747953,True,4006,18434,232848.0
selection|extra3_ot0_temps2|deduplicated_sensitivity|50.0|0|1,selection,extra3_ot0_temps2,deduplicated_sensitivity,1,2023-01-05,2023-06-30,2023-07-28,0.95,Hypothetical historical replay,9,0,9,50.0,2,139006,139006,0,0,0,1.0,True,2850,4658,232848.0
selection|extra3_ot0_temps2|deduplicated_sensitivity|50.0|0|3,selection,extra3_ot0_temps2,deduplicated_sensitivity,3,2023-01-05,2023-06-30,2023-07-28,0.95,Hypothetical historical replay,9,0,9,50.0,2,139006,139006,0,0,0,1.0,True,2850,4658,232848.0
selection|extra3_ot0_temps2|deduplicated_sensitivity|50.0|1|1,selection,extra3_ot0_temps2,deduplicated_sensitivity,1,2023-01-05,2023-06-30,2023-07-28,0.95,Hypothetical historical replay,9,1,8,50.0,2,139006,139006,0,0,0,1.0,True,3190,6018,233328.0
selection|extra3_ot0_temps2|deduplicated_sensitivity|50.0|1|3,selection,extra3_ot0_temps2,deduplicated_sensitivity,3,2023-01-05,2023-06-30,2023-07-28,0.95,Hypothetical historical replay,9,1,8,50.0,2,139006,138536,470,0,0,0.9966188509848496,True,3190,6488,232848.0
selection|extra3_ot0_temps2|deduplicated_sensitivity|50.0|2|1,selection,extra3_ot0_temps2,deduplicated_sensitivity,1,2023-01-05,2023-06-30,2023-07-28,0.95,Hypothetical historical replay,9,2,7,50.0,2,139006,138400,606,0,0,0.9956404759506784,True,3530,8808,233328.0
selection|extra3_ot0_temps2|deduplicated_sensitivity|50.0|2|3,selection,extra3_ot0_temps2,deduplicated_sensitivity,3,2023-01-05,2023-06-30,2023-07-28,0.95,Hypothetical historical replay,9,2,7,50.0,2,139006,137856,1150,0,0,0.9917269758139936,True,3530,9352,232848.0
selection|extra3_ot0_temps4|retained|30.0|0|1,selection,extra3_ot0_temps4,retained,1,2023-01-05,2023-06-30,2023-07-28,0.95,Hypothetical historical replay,9,0,9,30.0,2,148824,147237,1587,0,0,0.9893363973552652,True,4075,27785,234048.0
selection|extra3_ot0_temps4|retained|30.0|0|3,selection,extra3_ot0_temps4,retained,3,2023-01-05,2023-06-30,2023-07-28,0.95,Hypothetical historical replay,9,0,9,30.0,2,148824,146435,2389,0,0,0.983947481588991,True,4075,29955,232848.0
selection|extra3_ot0_temps4|retained|30.0|1|1,selection,extra3_ot0_temps4,retained,1,2023-01-05,2023-06-30,2023-07-28,0.95,Hypothetical historical replay,9,1,8,30.0,2,148824,146829,1995,0,0,0.9865949040477342,True,4279,43074,236688.0
selection|extra3_ot0_temps4|retained|30.0|1|3,selection,extra3_ot0_temps4,retained,3,2023-01-05,2023-06-30,2023-07-28,0.95,Hypothetical historical replay,9,1,8,30.0,2,148824,145024,3800,0,0,0.9744664839004462,True,4279,51637,232848.0
selection|extra3_ot0_temps4|retained|30.0|2|1,selection,extra3_ot0_temps4,retained,1,2023-01-05,2023-06-30,2023-07-28,0.95,Hypothetical historical replay,9,2,7,30.0,2,148824,146107,2717,0,0,0.981743535988819,True,4483,73467,240768.0
selection|extra3_ot0_temps4|retained|30.0|2|3,selection,extra3_ot0_temps4,retained,3,2023-01-05,2023-06-30,2023-07-28,0.95,Hypothetical historical replay,9,2,7,30.0,2,148824,140045,8779,0,0,0.9410108584636887,False,4483,95634,233328.0
selection|extra3_ot0_temps4|retained|40.0|0|1,selection,extra3_ot0_temps4,retained,1,2023-01-05,2023-06-30,2023-07-28,0.95,Hypothetical historical replay,9,0,9,40.0,2,148824,148679,145,0,0,0.9990256947804118,True,3463,12443,233808.0
selection|extra3_ot0_temps4|retained|40.0|0|3,selection,extra3_ot0_temps4,retained,3,2023-01-05,2023-06-30,2023-07-28,0.95,Hypothetical historical replay,9,0,9,40.0,2,148824,147809,1015,0,0,0.9931798634628823,True,3463,13313,232848.0
selection|extra3_ot0_temps4|retained|40.0|1|1,selection,extra3_ot0_temps4,retained,1,2023-01-05,2023-06-30,2023-07-28,0.95,Hypothetical historical replay,9,1,8,40.0,2,148824,148135,689,0,0,0.9953703703703703,True,3735,17210,233808.0
selection|extra3_ot0_temps4|retained|40.0|1|3,selection,extra3_ot0_temps4,retained,3,2023-01-05,2023-06-30,2023-07-28,0.95,Hypothetical historical replay,9,1,8,40.0,2,148824,147265,1559,0,0,0.989524539052841,True,3735,18080,232848.0
selection|extra3_ot0_temps4|retained|40.0|2|1,selection,extra3_ot0_temps4,retained,1,2023-01-05,2023-06-30,2023-07-28,0.95,Hypothetical historical replay,9,2,7,40.0,2,148824,147591,1233,0,0,0.991715045960329,True,4007,24365,234048.0
selection|extra3_ot0_temps4|retained|40.0|2|3,selection,extra3_ot0_temps4,retained,3,2023-01-05,2023-06-30,2023-07-28,0.95,Hypothetical historical replay,9,2,7,40.0,2,148824,146707,2117,0,0,0.9857751437940118,True,4007,25860,232848.0
selection|extra3_ot0_temps4|retained|50.0|0|1,selection,extra3_ot0_temps4,retained,1,2023-01-05,2023-06-30,2023-07-28,0.95,Hypothetical historical replay,9,0,9,50.0,2,148824,148824,0,0,0,1.0,True,2851,7189,232848.0
selection|extra3_ot0_temps4|retained|50.0|0|3,selection,extra3_ot0_temps4,retained,3,2023-01-05,2023-06-30,2023-07-28,0.95,Hypothetical historical replay,9,0,9,50.0,2,148824,148824,0,0,0,1.0,True,2851,7189,232848.0
selection|extra3_ot0_temps4|retained|50.0|1|1,selection,extra3_ot0_temps4,retained,1,2023-01-05,2023-06-30,2023-07-28,0.95,Hypothetical historical replay,9,1,8,50.0,2,148824,148824,0,0,0,1.0,True,3191,9612,233328.0
selection|extra3_ot0_temps4|retained|50.0|1|3,selection,extra3_ot0_temps4,retained,3,2023-01-05,2023-06-30,2023-07-28,0.95,Hypothetical historical replay,9,1,8,50.0,2,148824,148353,471,0,0,0.9968351878729237,True,3191,10083,232848.0
selection|extra3_ot0_temps4|retained|50.0|2|1,selection,extra3_ot0_temps4,retained,1,2023-01-05,2023-06-30,2023-07-28,0.95,Hypothetical historical replay,9,2,7,50.0,2,148824,148761,63,0,0,0.9995766811804547,True,3531,13172,233808.0
selection|extra3_ot0_temps4|retained|50.0|2|3,selection,extra3_ot0_temps4,retained,3,2023-01-05,2023-06-30,2023-07-28,0.95,Hypothetical historical replay,9,2,7,50.0,2,148824,147673,1151,0,0,0.992266032360372,True,3531,14260,232848.0
selection|extra3_ot0_temps4|deduplicated_sensitivity|30.0|0|1,selection,extra3_ot0_temps4,deduplicated_sensitivity,1,2023-01-05,2023-06-30,2023-07-28,0.95,Hypothetical historical replay,9,0,9,30.0,2,139006,137420,1586,0,0,0.988590420557386,True,4074,19601,233808.0
selection|extra3_ot0_temps4|deduplicated_sensitivity|30.0|0|3,selection,extra3_ot0_temps4,deduplicated_sensitivity,3,2023-01-05,2023-06-30,2023-07-28,0.95,Hypothetical historical replay,9,0,9,30.0,2,139006,136768,2238,0,0,0.9838999755406241,True,4074,21459,232848.0
selection|extra3_ot0_temps4|deduplicated_sensitivity|30.0|1|1,selection,extra3_ot0_temps4,deduplicated_sensitivity,1,2023-01-05,2023-06-30,2023-07-28,0.95,Hypothetical historical replay,9,1,8,30.0,2,139006,137012,1994,0,0,0.9856552954548724,True,4278,30482,235488.0
selection|extra3_ot0_temps4|deduplicated_sensitivity|30.0|1|3,selection,extra3_ot0_temps4,deduplicated_sensitivity,3,2023-01-05,2023-06-30,2023-07-28,0.95,Hypothetical historical replay,9,1,8,30.0,2,139006,135917,3089,0,0,0.9777779376429795,True,4278,36088,232848.0
selection|extra3_ot0_temps4|deduplicated_sensitivity|30.0|2|1,selection,extra3_ot0_temps4,deduplicated_sensitivity,1,2023-01-05,2023-06-30,2023-07-28,0.95,Hypothetical historical replay,9,2,7,30.0,2,139006,136604,2402,0,0,0.9827201703523589,True,4482,55543,237168.0
selection|extra3_ot0_temps4|deduplicated_sensitivity|30.0|2|3,selection,extra3_ot0_temps4,deduplicated_sensitivity,3,2023-01-05,2023-06-30,2023-07-28,0.95,Hypothetical historical replay,9,2,7,30.0,2,139006,133823,5183,0,0,0.962713839690373,True,4482,66785,233328.0
selection|extra3_ot0_temps4|deduplicated_sensitivity|40.0|0|1,selection,extra3_ot0_temps4,deduplicated_sensitivity,1,2023-01-05,2023-06-30,2023-07-28,0.95,Hypothetical historical replay,9,0,9,40.0,2,139006,138862,144,0,0,0.9989640734932305,True,3462,7760,233808.0
selection|extra3_ot0_temps4|deduplicated_sensitivity|40.0|0|3,selection,extra3_ot0_temps4,deduplicated_sensitivity,3,2023-01-05,2023-06-30,2023-07-28,0.95,Hypothetical historical replay,9,0,9,40.0,2,139006,137992,1014,0,0,0.9927053508481648,True,3462,8630,232848.0
selection|extra3_ot0_temps4|deduplicated_sensitivity|40.0|1|1,selection,extra3_ot0_temps4,deduplicated_sensitivity,1,2023-01-05,2023-06-30,2023-07-28,0.95,Hypothetical historical replay,9,1,8,40.0,2,139006,138318,688,0,0,0.9950505733565458,True,3734,11566,233808.0
selection|extra3_ot0_temps4|deduplicated_sensitivity|40.0|1|3,selection,extra3_ot0_temps4,deduplicated_sensitivity,3,2023-01-05,2023-06-30,2023-07-28,0.95,Hypothetical historical replay,9,1,8,40.0,2,139006,137448,1558,0,0,0.9887918507114801,True,3734,12436,232848.0
selection|extra3_ot0_temps4|deduplicated_sensitivity|40.0|2|1,selection,extra3_ot0_temps4,deduplicated_sensitivity,1,2023-01-05,2023-06-30,2023-07-28,0.95,Hypothetical historical replay,9,2,7,40.0,2,139006,137774,1232,0,0,0.991137073219861,True,4006,16970,233808.0
selection|extra3_ot0_temps4|deduplicated_sensitivity|40.0|2|3,selection,extra3_ot0_temps4,deduplicated_sensitivity,3,2023-01-05,2023-06-30,2023-07-28,0.95,Hypothetical historical replay,9,2,7,40.0,2,139006,136904,2102,0,0,0.9848783505747953,True,4006,18434,232848.0
selection|extra3_ot0_temps4|deduplicated_sensitivity|50.0|0|1,selection,extra3_ot0_temps4,deduplicated_sensitivity,1,2023-01-05,2023-06-30,2023-07-28,0.95,Hypothetical historical replay,9,0,9,50.0,2,139006,139006,0,0,0,1.0,True,2850,4658,232848.0
selection|extra3_ot0_temps4|deduplicated_sensitivity|50.0|0|3,selection,extra3_ot0_temps4,deduplicated_sensitivity,3,2023-01-05,2023-06-30,2023-07-28,0.95,Hypothetical historical replay,9,0,9,50.0,2,139006,139006,0,0,0,1.0,True,2850,4658,232848.0
selection|extra3_ot0_temps4|deduplicated_sensitivity|50.0|1|1,selection,extra3_ot0_temps4,deduplicated_sensitivity,1,2023-01-05,2023-06-30,2023-07-28,0.95,Hypothetical historical replay,9,1,8,50.0,2,139006,139006,0,0,0,1.0,True,3190,6018,233328.0
selection|extra3_ot0_temps4|deduplicated_sensitivity|50.0|1|3,selection,extra3_ot0_temps4,deduplicated_sensitivity,3,2023-01-05,2023-06-30,2023-07-28,0.95,Hypothetical historical replay,9,1,8,50.0,2,139006,138536,470,0,0,0.9966188509848496,True,3190,6488,232848.0
selection|extra3_ot0_temps4|deduplicated_sensitivity|50.0|2|1,selection,extra3_ot0_temps4,deduplicated_sensitivity,1,2023-01-05,2023-06-30,2023-07-28,0.95,Hypothetical historical replay,9,2,7,50.0,2,139006,138944,62,0,0,0.9995539760873632,True,3530,8264,233808.0
selection|extra3_ot0_temps4|deduplicated_sensitivity|50.0|2|3,selection,extra3_ot0_temps4,deduplicated_sensitivity,3,2023-01-05,2023-06-30,2023-07-28,0.95,Hypothetical historical replay,9,2,7,50.0,2,139006,137856,1150,0,0,0.9917269758139936,True,3530,9352,232848.0
selection|extra3_ot2_temps0|retained|30.0|0|1,selection,extra3_ot2_temps0,retained,1,2023-01-05,2023-06-30,2023-07-28,0.95,Hypothetical historical replay,9,0,9,30.0,2,148824,147044,1780,0,0,0.9880395635112617,True,4075,27978,233640.0
selection|extra3_ot2_temps0|retained|30.0|0|3,selection,extra3_ot2_temps0,retained,3,2023-01-05,2023-06-30,2023-07-28,0.95,Hypothetical historical replay,9,0,9,30.0,2,148824,147044,1780,0,0,0.9880395635112617,True,4075,27978,233640.0
selection|extra3_ot2_temps0|retained|30.0|1|1,selection,extra3_ot2_temps0,retained,1,2023-01-05,2023-06-30,2023-07-28,0.95,Hypothetical historical replay,9,1,8,30.0,2,148824,146435,2389,0,0,0.983947481588991,True,4279,44675,235224.0
selection|extra3_ot2_temps0|retained|30.0|1|3,selection,extra3_ot2_temps0,retained,3,2023-01-05,2023-06-30,2023-07-28,0.95,Hypothetical historical replay,9,1,8,30.0,2,148824,146435,2389,0,0,0.983947481588991,True,4279,44675,235224.0
selection|extra3_ot2_temps0|retained|30.0|2|1,selection,extra3_ot2_temps0,retained,1,2023-01-05,2023-06-30,2023-07-28,0.95,Hypothetical historical replay,9,2,7,30.0,2,148824,144676,4148,0,0,0.9721281513734344,True,4483,80731,237105.0
selection|extra3_ot2_temps0|retained|30.0|2|3,selection,extra3_ot2_temps0,retained,3,2023-01-05,2023-06-30,2023-07-28,0.95,Hypothetical historical replay,9,2,7,30.0,2,148824,144676,4148,0,0,0.9721281513734344,True,4483,80731,237105.0
selection|extra3_ot2_temps0|retained|40.0|0|1,selection,extra3_ot2_temps0,retained,1,2023-01-05,2023-06-30,2023-07-28,0.95,Hypothetical historical replay,9,0,9,40.0,2,148824,148421,403,0,0,0.9972921034241788,True,3463,12701,233442.0
selection|extra3_ot2_temps0|retained|40.0|0|3,selection,extra3_ot2_temps0,retained,3,2023-01-05,2023-06-30,2023-07-28,0.95,Hypothetical historical replay,9,0,9,40.0,2,148824,148421,403,0,0,0.9972921034241788,True,3463,12701,233442.0
selection|extra3_ot2_temps0|retained|40.0|1|1,selection,extra3_ot2_temps0,retained,1,2023-01-05,2023-06-30,2023-07-28,0.95,Hypothetical historical replay,9,1,8,40.0,2,148824,147809,1015,0,0,0.9931798634628823,True,3735,17536,233376.0
selection|extra3_ot2_temps0|retained|40.0|1|3,selection,extra3_ot2_temps0,retained,3,2023-01-05,2023-06-30,2023-07-28,0.95,Hypothetical historical replay,9,1,8,40.0,2,148824,147809,1015,0,0,0.9931798634628823,True,3735,17536,233376.0
selection|extra3_ot2_temps0|retained|40.0|2|1,selection,extra3_ot2_temps0,retained,1,2023-01-05,2023-06-30,2023-07-28,0.95,Hypothetical historical replay,9,2,7,40.0,2,148824,147197,1627,0,0,0.9890676235015857,True,4007,24759,233343.0
selection|extra3_ot2_temps0|retained|40.0|2|3,selection,extra3_ot2_temps0,retained,3,2023-01-05,2023-06-30,2023-07-28,0.95,Hypothetical historical replay,9,2,7,40.0,2,148824,147197,1627,0,0,0.9890676235015857,True,4007,24759,233343.0
selection|extra3_ot2_temps0|retained|50.0|0|1,selection,extra3_ot2_temps0,retained,1,2023-01-05,2023-06-30,2023-07-28,0.95,Hypothetical historical replay,9,0,9,50.0,2,148824,148824,0,0,0,1.0,True,2851,7189,232848.0
selection|extra3_ot2_temps0|retained|50.0|0|3,selection,extra3_ot2_temps0,retained,3,2023-01-05,2023-06-30,2023-07-28,0.95,Hypothetical historical replay,9,0,9,50.0,2,148824,148824,0,0,0,1.0,True,2851,7189,232848.0
selection|extra3_ot2_temps0|retained|50.0|1|1,selection,extra3_ot2_temps0,retained,1,2023-01-05,2023-06-30,2023-07-28,0.95,Hypothetical historical replay,9,1,8,50.0,2,148824,148824,0,0,0,1.0,True,3191,9612,233244.0
selection|extra3_ot2_temps0|retained|50.0|1|3,selection,extra3_ot2_temps0,retained,3,2023-01-05,2023-06-30,2023-07-28,0.95,Hypothetical historical replay,9,1,8,50.0,2,148824,148824,0,0,0,1.0,True,3191,9612,233244.0
selection|extra3_ot2_temps0|retained|50.0|2|1,selection,extra3_ot2_temps0,retained,1,2023-01-05,2023-06-30,2023-07-28,0.95,Hypothetical historical replay,9,2,7,50.0,2,148824,148268,556,0,0,0.9962640434338548,True,3531,13665,233310.0
selection|extra3_ot2_temps0|retained|50.0|2|3,selection,extra3_ot2_temps0,retained,3,2023-01-05,2023-06-30,2023-07-28,0.95,Hypothetical historical replay,9,2,7,50.0,2,148824,148268,556,0,0,0.9962640434338548,True,3531,13665,233310.0
selection|extra3_ot2_temps0|deduplicated_sensitivity|30.0|0|1,selection,extra3_ot2_temps0,deduplicated_sensitivity,1,2023-01-05,2023-06-30,2023-07-28,0.95,Hypothetical historical replay,9,0,9,30.0,2,139006,137227,1779,0,0,0.9872019912809519,True,4074,19794,233442.0
selection|extra3_ot2_temps0|deduplicated_sensitivity|30.0|0|3,selection,extra3_ot2_temps0,deduplicated_sensitivity,3,2023-01-05,2023-06-30,2023-07-28,0.95,Hypothetical historical replay,9,0,9,30.0,2,139006,137227,1779,0,0,0.9872019912809519,True,4074,19794,233442.0
selection|extra3_ot2_temps0|deduplicated_sensitivity|30.0|1|1,selection,extra3_ot2_temps0,deduplicated_sensitivity,1,2023-01-05,2023-06-30,2023-07-28,0.95,Hypothetical historical replay,9,1,8,30.0,2,139006,136768,2238,0,0,0.9838999755406241,True,4278,31320,234498.0
selection|extra3_ot2_temps0|deduplicated_sensitivity|30.0|1|3,selection,extra3_ot2_temps0,deduplicated_sensitivity,3,2023-01-05,2023-06-30,2023-07-28,0.95,Hypothetical historical replay,9,1,8,30.0,2,139006,136768,2238,0,0,0.9838999755406241,True,4278,31320,234498.0
selection|extra3_ot2_temps0|deduplicated_sensitivity|30.0|2|1,selection,extra3_ot2_temps0,deduplicated_sensitivity,1,2023-01-05,2023-06-30,2023-07-28,0.95,Hypothetical historical replay,9,2,7,30.0,2,139006,135764,3242,0,0,0.9766772657295368,True,4482,60210,235125.0
selection|extra3_ot2_temps0|deduplicated_sensitivity|30.0|2|3,selection,extra3_ot2_temps0,deduplicated_sensitivity,3,2023-01-05,2023-06-30,2023-07-28,0.95,Hypothetical historical replay,9,2,7,30.0,2,139006,135764,3242,0,0,0.9766772657295368,True,4482,60210,235125.0
selection|extra3_ot2_temps0|deduplicated_sensitivity|40.0|0|1,selection,extra3_ot2_temps0,deduplicated_sensitivity,1,2023-01-05,2023-06-30,2023-07-28,0.95,Hypothetical historical replay,9,0,9,40.0,2,139006,138604,402,0,0,0.9971080385019352,True,3462,8018,233442.0
selection|extra3_ot2_temps0|deduplicated_sensitivity|40.0|0|3,selection,extra3_ot2_temps0,deduplicated_sensitivity,3,2023-01-05,2023-06-30,2023-07-28,0.95,Hypothetical historical replay,9,0,9,40.0,2,139006,138604,402,0,0,0.9971080385019352,True,3462,8018,233442.0
selection|extra3_ot2_temps0|deduplicated_sensitivity|40.0|1|1,selection,extra3_ot2_temps0,deduplicated_sensitivity,1,2023-01-05,2023-06-30,2023-07-28,0.95,Hypothetical historical replay,9,1,8,40.0,2,139006,137992,1014,0,0,0.9927053508481648,True,3734,11892,233376.0
selection|extra3_ot2_temps0|deduplicated_sensitivity|40.0|1|3,selection,extra3_ot2_temps0,deduplicated_sensitivity,3,2023-01-05,2023-06-30,2023-07-28,0.95,Hypothetical historical replay,9,1,8,40.0,2,139006,137992,1014,0,0,0.9927053508481648,True,3734,11892,233376.0
selection|extra3_ot2_temps0|deduplicated_sensitivity|40.0|2|1,selection,extra3_ot2_temps0,deduplicated_sensitivity,1,2023-01-05,2023-06-30,2023-07-28,0.95,Hypothetical historical replay,9,2,7,40.0,2,139006,137380,1626,0,0,0.9883026631943945,True,4006,17364,233310.0
selection|extra3_ot2_temps0|deduplicated_sensitivity|40.0|2|3,selection,extra3_ot2_temps0,deduplicated_sensitivity,3,2023-01-05,2023-06-30,2023-07-28,0.95,Hypothetical historical replay,9,2,7,40.0,2,139006,137380,1626,0,0,0.9883026631943945,True,4006,17364,233310.0
selection|extra3_ot2_temps0|deduplicated_sensitivity|50.0|0|1,selection,extra3_ot2_temps0,deduplicated_sensitivity,1,2023-01-05,2023-06-30,2023-07-28,0.95,Hypothetical historical replay,9,0,9,50.0,2,139006,139006,0,0,0,1.0,True,2850,4658,232848.0
selection|extra3_ot2_temps0|deduplicated_sensitivity|50.0|0|3,selection,extra3_ot2_temps0,deduplicated_sensitivity,3,2023-01-05,2023-06-30,2023-07-28,0.95,Hypothetical historical replay,9,0,9,50.0,2,139006,139006,0,0,0,1.0,True,2850,4658,232848.0
selection|extra3_ot2_temps0|deduplicated_sensitivity|50.0|1|1,selection,extra3_ot2_temps0,deduplicated_sensitivity,1,2023-01-05,2023-06-30,2023-07-28,0.95,Hypothetical historical replay,9,1,8,50.0,2,139006,139006,0,0,0,1.0,True,3190,6018,233244.0
selection|extra3_ot2_temps0|deduplicated_sensitivity|50.0|1|3,selection,extra3_ot2_temps0,deduplicated_sensitivity,3,2023-01-05,2023-06-30,2023-07-28,0.95,Hypothetical historical replay,9,1,8,50.0,2,139006,139006,0,0,0,1.0,True,3190,6018,233244.0
selection|extra3_ot2_temps0|deduplicated_sensitivity|50.0|2|1,selection,extra3_ot2_temps0,deduplicated_sensitivity,1,2023-01-05,2023-06-30,2023-07-28,0.95,Hypothetical historical replay,9,2,7,50.0,2,139006,138451,555,0,0,0.9960073665884925,True,3530,8757,233310.0
selection|extra3_ot2_temps0|deduplicated_sensitivity|50.0|2|3,selection,extra3_ot2_temps0,deduplicated_sensitivity,3,2023-01-05,2023-06-30,2023-07-28,0.95,Hypothetical historical replay,9,2,7,50.0,2,139006,138451,555,0,0,0.9960073665884925,True,3530,8757,233310.0
selection|extra3_ot2_temps2|retained|30.0|0|1,selection,extra3_ot2_temps2,retained,1,2023-01-05,2023-06-30,2023-07-28,0.95,Hypothetical historical replay,9,0,9,30.0,2,148824,147370,1454,0,0,0.9902300704187497,True,4075,27652,234162.0
selection|extra3_ot2_temps2|retained|30.0|0|3,selection,extra3_ot2_temps2,retained,3,2023-01-05,2023-06-30,2023-07-28,0.95,Hypothetical historical replay,9,0,9,30.0,2,148824,147044,1780,0,0,0.9880395635112617,True,4075,27978,233640.0
selection|extra3_ot2_temps2|retained|30.0|1|1,selection,extra3_ot2_temps2,retained,1,2023-01-05,2023-06-30,2023-07-28,0.95,Hypothetical historical replay,9,1,8,30.0,2,148824,146911,1913,0,0,0.9871458904477772,True,4279,42992,236346.0
selection|extra3_ot2_temps2|retained|30.0|1|3,selection,extra3_ot2_temps2,retained,3,2023-01-05,2023-06-30,2023-07-28,0.95,Hypothetical historical replay,9,1,8,30.0,2,148824,146435,2389,0,0,0.983947481588991,True,4279,44675,235224.0
selection|extra3_ot2_temps2|retained|30.0|2|1,selection,extra3_ot2_temps2,retained,1,2023-01-05,2023-06-30,2023-07-28,0.95,Hypothetical historical replay,9,2,7,30.0,2,148824,146169,2655,0,0,0.9821601354620223,True,4483,73104,240288.0
selection|extra3_ot2_temps2|retained|30.0|2|3,selection,extra3_ot2_temps2,retained,3,2023-01-05,2023-06-30,2023-07-28,0.95,Hypothetical historical replay,9,2,7,30.0,2,148824,144676,4148,0,0,0.9721281513734344,True,4483,80405,237585.0
selection|extra3_ot2_temps2|retained|40.0|0|1,selection,extra3_ot2_temps2,retained,1,2023-01-05,2023-06-30,2023-07-28,0.95,Hypothetical historical replay,9,0,9,40.0,2,148824,148824,0,0,0,1.0,True,3463,12298,233922.0
selection|extra3_ot2_temps2|retained|40.0|0|3,selection,extra3_ot2_temps2,retained,3,2023-01-05,2023-06-30,2023-07-28,0.95,Hypothetical historical replay,9,0,9,40.0,2,148824,148421,403,0,0,0.9972921034241788,True,3463,12701,233442.0
selection|extra3_ot2_temps2|retained|40.0|1|1,selection,extra3_ot2_temps2,retained,1,2023-01-05,2023-06-30,2023-07-28,0.95,Hypothetical historical replay,9,1,8,40.0,2,148824,148244,580,0,0,0.996102779121647,True,3735,17101,233856.0
selection|extra3_ot2_temps2|retained|40.0|1|3,selection,extra3_ot2_temps2,retained,3,2023-01-05,2023-06-30,2023-07-28,0.95,Hypothetical historical replay,9,1,8,40.0,2,148824,147809,1015,0,0,0.9931798634628823,True,3735,17536,233376.0
selection|extra3_ot2_temps2|retained|40.0|2|1,selection,extra3_ot2_temps2,retained,1,2023-01-05,2023-06-30,2023-07-28,0.95,Hypothetical historical replay,9,2,7,40.0,2,148824,147632,1192,0,0,0.9919905391603505,True,4007,24324,234030.0
selection|extra3_ot2_temps2|retained|40.0|2|3,selection,extra3_ot2_temps2,retained,3,2023-01-05,2023-06-30,2023-07-28,0.95,Hypothetical historical replay,9,2,7,40.0,2,148824,147197,1627,0,0,0.9890676235015857,True,4007,24759,233343.0
selection|extra3_ot2_temps2|retained|50.0|0|1,selection,extra3_ot2_temps2,retained,1,2023-01-05,2023-06-30,2023-07-28,0.95,Hypothetical historical replay,9,0,9,50.0,2,148824,148824,0,0,0,1.0,True,2851,7189,232848.0
selection|extra3_ot2_temps2|retained|50.0|0|3,selection,extra3_ot2_temps2,retained,3,2023-01-05,2023-06-30,2023-07-28,0.95,Hypothetical historical replay,9,0,9,50.0,2,148824,148824,0,0,0,1.0,True,2851,7189,232848.0
selection|extra3_ot2_temps2|retained|50.0|1|1,selection,extra3_ot2_temps2,retained,1,2023-01-05,2023-06-30,2023-07-28,0.95,Hypothetical historical replay,9,1,8,50.0,2,148824,148824,0,0,0,1.0,True,3191,9612,233328.0
selection|extra3_ot2_temps2|retained|50.0|1|3,selection,extra3_ot2_temps2,retained,3,2023-01-05,2023-06-30,2023-07-28,0.95,Hypothetical historical replay,9,1,8,50.0,2,148824,148824,0,0,0,1.0,True,3191,9612,233244.0
selection|extra3_ot2_temps2|retained|50.0|2|1,selection,extra3_ot2_temps2,retained,1,2023-01-05,2023-06-30,2023-07-28,0.95,Hypothetical historical replay,9,2,7,50.0,2,148824,148812,12,0,0,0.9999193678438961,True,3531,13121,233790.0
selection|extra3_ot2_temps2|retained|50.0|2|3,selection,extra3_ot2_temps2,retained,3,2023-01-05,2023-06-30,2023-07-28,0.95,Hypothetical historical replay,9,2,7,50.0,2,148824,148268,556,0,0,0.9962640434338548,True,3531,13665,233310.0
selection|extra3_ot2_temps2|deduplicated_sensitivity|30.0|0|1,selection,extra3_ot2_temps2,deduplicated_sensitivity,1,2023-01-05,2023-06-30,2023-07-28,0.95,Hypothetical historical replay,9,0,9,30.0,2,139006,137553,1453,0,0,0.9895472137893329,True,4074,19468,233922.0
selection|extra3_ot2_temps2|deduplicated_sensitivity|30.0|0|3,selection,extra3_ot2_temps2,deduplicated_sensitivity,3,2023-01-05,2023-06-30,2023-07-28,0.95,Hypothetical historical replay,9,0,9,30.0,2,139006,137227,1779,0,0,0.9872019912809519,True,4074,19794,233442.0
selection|extra3_ot2_temps2|deduplicated_sensitivity|30.0|1|1,selection,extra3_ot2_temps2,deduplicated_sensitivity,1,2023-01-05,2023-06-30,2023-07-28,0.95,Hypothetical historical replay,9,1,8,30.0,2,139006,137094,1912,0,0,0.9862451980490051,True,4278,30400,235296.0
selection|extra3_ot2_temps2|deduplicated_sensitivity|30.0|1|3,selection,extra3_ot2_temps2,deduplicated_sensitivity,3,2023-01-05,2023-06-30,2023-07-28,0.95,Hypothetical historical replay,9,1,8,30.0,2,139006,136768,2238,0,0,0.9838999755406241,True,4278,31320,234498.0
selection|extra3_ot2_temps2|deduplicated_sensitivity|30.0|2|1,selection,extra3_ot2_temps2,deduplicated_sensitivity,1,2023-01-05,2023-06-30,2023-07-28,0.95,Hypothetical historical replay,9,2,7,30.0,2,139006,136635,2371,0,0,0.9829431823086773,True,4482,55264,236997.0
selection|extra3_ot2_temps2|deduplicated_sensitivity|30.0|2|3,selection,extra3_ot2_temps2,deduplicated_sensitivity,3,2023-01-05,2023-06-30,2023-07-28,0.95,Hypothetical historical replay,9,2,7,30.0,2,139006,135764,3242,0,0,0.9766772657295368,True,4482,59884,235605.0
selection|extra3_ot2_temps2|deduplicated_sensitivity|40.0|0|1,selection,extra3_ot2_temps2,deduplicated_sensitivity,1,2023-01-05,2023-06-30,2023-07-28,0.95,Hypothetical historical replay,9,0,9,40.0,2,139006,139006,0,0,0,1.0,True,3462,7616,233922.0
selection|extra3_ot2_temps2|deduplicated_sensitivity|40.0|0|3,selection,extra3_ot2_temps2,deduplicated_sensitivity,3,2023-01-05,2023-06-30,2023-07-28,0.95,Hypothetical historical replay,9,0,9,40.0,2,139006,138604,402,0,0,0.9971080385019352,True,3462,8018,233442.0
selection|extra3_ot2_temps2|deduplicated_sensitivity|40.0|1|1,selection,extra3_ot2_temps2,deduplicated_sensitivity,1,2023-01-05,2023-06-30,2023-07-28,0.95,Hypothetical historical replay,9,1,8,40.0,2,139006,138427,579,0,0,0.9958347121706976,True,3734,11457,233856.0
selection|extra3_ot2_temps2|deduplicated_sensitivity|40.0|1|3,selection,extra3_ot2_temps2,deduplicated_sensitivity,3,2023-01-05,2023-06-30,2023-07-28,0.95,Hypothetical historical replay,9,1,8,40.0,2,139006,137992,1014,0,0,0.9927053508481648,True,3734,11892,233376.0
selection|extra3_ot2_temps2|deduplicated_sensitivity|40.0|2|1,selection,extra3_ot2_temps2,deduplicated_sensitivity,1,2023-01-05,2023-06-30,2023-07-28,0.95,Hypothetical historical replay,9,2,7,40.0,2,139006,137815,1191,0,0,0.9914320245169274,True,4006,16929,233790.0
selection|extra3_ot2_temps2|deduplicated_sensitivity|40.0|2|3,selection,extra3_ot2_temps2,deduplicated_sensitivity,3,2023-01-05,2023-06-30,2023-07-28,0.95,Hypothetical historical replay,9,2,7,40.0,2,139006,137380,1626,0,0,0.9883026631943945,True,4006,17364,233310.0
selection|extra3_ot2_temps2|deduplicated_sensitivity|50.0|0|1,selection,extra3_ot2_temps2,deduplicated_sensitivity,1,2023-01-05,2023-06-30,2023-07-28,0.95,Hypothetical historical replay,9,0,9,50.0,2,139006,139006,0,0,0,1.0,True,2850,4658,232848.0
selection|extra3_ot2_temps2|deduplicated_sensitivity|50.0|0|3,selection,extra3_ot2_temps2,deduplicated_sensitivity,3,2023-01-05,2023-06-30,2023-07-28,0.95,Hypothetical historical replay,9,0,9,50.0,2,139006,139006,0,0,0,1.0,True,2850,4658,232848.0
selection|extra3_ot2_temps2|deduplicated_sensitivity|50.0|1|1,selection,extra3_ot2_temps2,deduplicated_sensitivity,1,2023-01-05,2023-06-30,2023-07-28,0.95,Hypothetical historical replay,9,1,8,50.0,2,139006,139006,0,0,0,1.0,True,3190,6018,233328.0
selection|extra3_ot2_temps2|deduplicated_sensitivity|50.0|1|3,selection,extra3_ot2_temps2,deduplicated_sensitivity,3,2023-01-05,2023-06-30,2023-07-28,0.95,Hypothetical historical replay,9,1,8,50.0,2,139006,139006,0,0,0,1.0,True,3190,6018,233244.0
selection|extra3_ot2_temps2|deduplicated_sensitivity|50.0|2|1,selection,extra3_ot2_temps2,deduplicated_sensitivity,1,2023-01-05,2023-06-30,2023-07-28,0.95,Hypothetical historical replay,9,2,7,50.0,2,139006,138995,11,0,0,0.9999208667251773,True,3530,8213,233790.0
selection|extra3_ot2_temps2|deduplicated_sensitivity|50.0|2|3,selection,extra3_ot2_temps2,deduplicated_sensitivity,3,2023-01-05,2023-06-30,2023-07-28,0.95,Hypothetical historical replay,9,2,7,50.0,2,139006,138451,555,0,0,0.9960073665884925,True,3530,8757,233310.0
selection|extra3_ot2_temps4|retained|30.0|0|1,selection,extra3_ot2_temps4,retained,1,2023-01-05,2023-06-30,2023-07-28,0.95,Hypothetical historical replay,9,0,9,30.0,2,148824,147696,1128,0,0,0.9924205773262377,True,4075,27326,234642.0
selection|extra3_ot2_temps4|retained|30.0|0|3,selection,extra3_ot2_temps4,retained,3,2023-01-05,2023-06-30,2023-07-28,0.95,Hypothetical historical replay,9,0,9,30.0,2,148824,147044,1780,0,0,0.9880395635112617,True,4075,27978,233640.0
selection|extra3_ot2_temps4|retained|30.0|1|1,selection,extra3_ot2_temps4,retained,1,2023-01-05,2023-06-30,2023-07-28,0.95,Hypothetical historical replay,9,1,8,30.0,2,148824,147237,1587,0,0,0.9893363973552652,True,4279,42666,236496.0
selection|extra3_ot2_temps4|retained|30.0|1|3,selection,extra3_ot2_temps4,retained,3,2023-01-05,2023-06-30,2023-07-28,0.95,Hypothetical historical replay,9,1,8,30.0,2,148824,146435,2389,0,0,0.983947481588991,True,4279,44675,235224.0
selection|extra3_ot2_temps4|retained|30.0|2|1,selection,extra3_ot2_temps4,retained,1,2023-01-05,2023-06-30,2023-07-28,0.95,Hypothetical historical replay,9,2,7,30.0,2,148824,146778,2046,0,0,0.9862522173842928,True,4483,70399,241659.0
selection|extra3_ot2_temps4|retained|30.0|2|3,selection,extra3_ot2_temps4,retained,3,2023-01-05,2023-06-30,2023-07-28,0.95,Hypothetical historical replay,9,2,7,30.0,2,148824,144676,4148,0,0,0.9721281513734344,True,4483,80405,237585.0
selection|extra3_ot2_temps4|retained|40.0|0|1,selection,extra3_ot2_temps4,retained,1,2023-01-05,2023-06-30,2023-07-28,0.95,Hypothetical historical replay,9,0,9,40.0,2,148824,148824,0,0,0,1.0,True,3463,12298,233973.0
selection|extra3_ot2_temps4|retained|40.0|0|3,selection,extra3_ot2_temps4,retained,3,2023-01-05,2023-06-30,2023-07-28,0.95,Hypothetical historical replay,9,0,9,40.0,2,148824,148421,403,0,0,0.9972921034241788,True,3463,12701,233442.0
selection|extra3_ot2_temps4|retained|40.0|1|1,selection,extra3_ot2_temps4,retained,1,2023-01-05,2023-06-30,2023-07-28,0.95,Hypothetical historical replay,9,1,8,40.0,2,148824,148679,145,0,0,0.9990256947804118,True,3735,16666,234336.0
selection|extra3_ot2_temps4|retained|40.0|1|3,selection,extra3_ot2_temps4,retained,3,2023-01-05,2023-06-30,2023-07-28,0.95,Hypothetical historical replay,9,1,8,40.0,2,148824,147809,1015,0,0,0.9931798634628823,True,3735,17536,233376.0
selection|extra3_ot2_temps4|retained|40.0|2|1,selection,extra3_ot2_temps4,retained,1,2023-01-05,2023-06-30,2023-07-28,0.95,Hypothetical historical replay,9,2,7,40.0,2,148824,148067,757,0,0,0.9949134548191152,True,4007,23889,234510.0
selection|extra3_ot2_temps4|retained|40.0|2|3,selection,extra3_ot2_temps4,retained,3,2023-01-05,2023-06-30,2023-07-28,0.95,Hypothetical historical replay,9,2,7,40.0,2,148824,147197,1627,0,0,0.9890676235015857,True,4007,24759,233343.0
selection|extra3_ot2_temps4|retained|50.0|0|1,selection,extra3_ot2_temps4,retained,1,2023-01-05,2023-06-30,2023-07-28,0.95,Hypothetical historical replay,9,0,9,50.0,2,148824,148824,0,0,0,1.0,True,2851,7189,232848.0
selection|extra3_ot2_temps4|retained|50.0|0|3,selection,extra3_ot2_temps4,retained,3,2023-01-05,2023-06-30,2023-07-28,0.95,Hypothetical historical replay,9,0,9,50.0,2,148824,148824,0,0,0,1.0,True,2851,7189,232848.0
selection|extra3_ot2_temps4|retained|50.0|1|1,selection,extra3_ot2_temps4,retained,1,2023-01-05,2023-06-30,2023-07-28,0.95,Hypothetical historical replay,9,1,8,50.0,2,148824,148824,0,0,0,1.0,True,3191,9612,233328.0
selection|extra3_ot2_temps4|retained|50.0|1|3,selection,extra3_ot2_temps4,retained,3,2023-01-05,2023-06-30,2023-07-28,0.95,Hypothetical historical replay,9,1,8,50.0,2,148824,148824,0,0,0,1.0,True,3191,9612,233244.0
selection|extra3_ot2_temps4|retained|50.0|2|1,selection,extra3_ot2_temps4,retained,1,2023-01-05,2023-06-30,2023-07-28,0.95,Hypothetical historical replay,9,2,7,50.0,2,148824,148824,0,0,0,1.0,True,3531,13109,233874.0
selection|extra3_ot2_temps4|retained|50.0|2|3,selection,extra3_ot2_temps4,retained,3,2023-01-05,2023-06-30,2023-07-28,0.95,Hypothetical historical replay,9,2,7,50.0,2,148824,148268,556,0,0,0.9962640434338548,True,3531,13665,233310.0
selection|extra3_ot2_temps4|deduplicated_sensitivity|30.0|0|1,selection,extra3_ot2_temps4,deduplicated_sensitivity,1,2023-01-05,2023-06-30,2023-07-28,0.95,Hypothetical historical replay,9,0,9,30.0,2,139006,137879,1127,0,0,0.9918924362977137,True,4074,19142,234402.0
selection|extra3_ot2_temps4|deduplicated_sensitivity|30.0|0|3,selection,extra3_ot2_temps4,deduplicated_sensitivity,3,2023-01-05,2023-06-30,2023-07-28,0.95,Hypothetical historical replay,9,0,9,30.0,2,139006,137227,1779,0,0,0.9872019912809519,True,4074,19794,233442.0
selection|extra3_ot2_temps4|deduplicated_sensitivity|30.0|1|1,selection,extra3_ot2_temps4,deduplicated_sensitivity,1,2023-01-05,2023-06-30,2023-07-28,0.95,Hypothetical historical replay,9,1,8,30.0,2,139006,137420,1586,0,0,0.988590420557386,True,4278,30074,235296.0
selection|extra3_ot2_temps4|deduplicated_sensitivity|30.0|1|3,selection,extra3_ot2_temps4,deduplicated_sensitivity,3,2023-01-05,2023-06-30,2023-07-28,0.95,Hypothetical historical replay,9,1,8,30.0,2,139006,136768,2238,0,0,0.9838999755406241,True,4278,31320,234498.0
selection|extra3_ot2_temps4|deduplicated_sensitivity|30.0|2|1,selection,extra3_ot2_temps4,deduplicated_sensitivity,1,2023-01-05,2023-06-30,2023-07-28,0.95,Hypothetical historical replay,9,2,7,30.0,2,139006,136961,2045,0,0,0.9852884048170583,True,4482,54049,237630.0
selection|extra3_ot2_temps4|deduplicated_sensitivity|30.0|2|3,selection,extra3_ot2_temps4,deduplicated_sensitivity,3,2023-01-05,2023-06-30,2023-07-28,0.95,Hypothetical historical replay,9,2,7,30.0,2,139006,135764,3242,0,0,0.9766772657295368,True,4482,59884,235605.0
selection|extra3_ot2_temps4|deduplicated_sensitivity|40.0|0|1,selection,extra3_ot2_temps4,deduplicated_sensitivity,1,2023-01-05,2023-06-30,2023-07-28,0.95,Hypothetical historical replay,9,0,9,40.0,2,139006,139006,0,0,0,1.0,True,3462,7616,233973.0
selection|extra3_ot2_temps4|deduplicated_sensitivity|40.0|0|3,selection,extra3_ot2_temps4,deduplicated_sensitivity,3,2023-01-05,2023-06-30,2023-07-28,0.95,Hypothetical historical replay,9,0,9,40.0,2,139006,138604,402,0,0,0.9971080385019352,True,3462,8018,233442.0
selection|extra3_ot2_temps4|deduplicated_sensitivity|40.0|1|1,selection,extra3_ot2_temps4,deduplicated_sensitivity,1,2023-01-05,2023-06-30,2023-07-28,0.95,Hypothetical historical replay,9,1,8,40.0,2,139006,138862,144,0,0,0.9989640734932305,True,3734,11022,234336.0
selection|extra3_ot2_temps4|deduplicated_sensitivity|40.0|1|3,selection,extra3_ot2_temps4,deduplicated_sensitivity,3,2023-01-05,2023-06-30,2023-07-28,0.95,Hypothetical historical replay,9,1,8,40.0,2,139006,137992,1014,0,0,0.9927053508481648,True,3734,11892,233376.0
selection|extra3_ot2_temps4|deduplicated_sensitivity|40.0|2|1,selection,extra3_ot2_temps4,deduplicated_sensitivity,1,2023-01-05,2023-06-30,2023-07-28,0.95,Hypothetical historical replay,9,2,7,40.0,2,139006,138250,756,0,0,0.9945613858394602,True,4006,16494,234270.0
selection|extra3_ot2_temps4|deduplicated_sensitivity|40.0|2|3,selection,extra3_ot2_temps4,deduplicated_sensitivity,3,2023-01-05,2023-06-30,2023-07-28,0.95,Hypothetical historical replay,9,2,7,40.0,2,139006,137380,1626,0,0,0.9883026631943945,True,4006,17364,233310.0
selection|extra3_ot2_temps4|deduplicated_sensitivity|50.0|0|1,selection,extra3_ot2_temps4,deduplicated_sensitivity,1,2023-01-05,2023-06-30,2023-07-28,0.95,Hypothetical historical replay,9,0,9,50.0,2,139006,139006,0,0,0,1.0,True,2850,4658,232848.0
selection|extra3_ot2_temps4|deduplicated_sensitivity|50.0|0|3,selection,extra3_ot2_temps4,deduplicated_sensitivity,3,2023-01-05,2023-06-30,2023-07-28,0.95,Hypothetical historical replay,9,0,9,50.0,2,139006,139006,0,0,0,1.0,True,2850,4658,232848.0
selection|extra3_ot2_temps4|deduplicated_sensitivity|50.0|1|1,selection,extra3_ot2_temps4,deduplicated_sensitivity,1,2023-01-05,2023-06-30,2023-07-28,0.95,Hypothetical historical replay,9,1,8,50.0,2,139006,139006,0,0,0,1.0,True,3190,6018,233328.0
selection|extra3_ot2_temps4|deduplicated_sensitivity|50.0|1|3,selection,extra3_ot2_temps4,deduplicated_sensitivity,3,2023-01-05,2023-06-30,2023-07-28,0.95,Hypothetical historical replay,9,1,8,50.0,2,139006,139006,0,0,0,1.0,True,3190,6018,233244.0
selection|extra3_ot2_temps4|deduplicated_sensitivity|50.0|2|1,selection,extra3_ot2_temps4,deduplicated_sensitivity,1,2023-01-05,2023-06-30,2023-07-28,0.95,Hypothetical historical replay,9,2,7,50.0,2,139006,139006,0,0,0,1.0,True,3530,8202,233874.0
selection|extra3_ot2_temps4|deduplicated_sensitivity|50.0|2|3,selection,extra3_ot2_temps4,deduplicated_sensitivity,3,2023-01-05,2023-06-30,2023-07-28,0.95,Hypothetical historical replay,9,2,7,50.0,2,139006,138451,555,0,0,0.9960073665884925,True,3530,8757,233310.0
selection|extra4_ot0_temps0|retained|30.0|0|1,selection,extra4_ot0_temps0,retained,1,2023-01-05,2023-06-30,2023-07-28,0.95,Hypothetical historical replay,10,0,10,30.0,2,148824,146993,1831,0,0,0.9876968768478203,True,3871,21116,258720.0
selection|extra4_ot0_temps0|retained|30.0|0|3,selection,extra4_ot0_temps0,retained,3,2023-01-05,2023-06-30,2023-07-28,0.95,Hypothetical historical replay,10,0,10,30.0,2,148824,146993,1831,0,0,0.9876968768478203,True,3871,21116,258720.0
selection|extra4_ot0_temps0|retained|30.0|1|1,selection,extra4_ot0_temps0,retained,1,2023-01-05,2023-06-30,2023-07-28,0.95,Hypothetical historical replay,10,1,9,30.0,2,148824,146435,2389,0,0,0.983947481588991,True,4075,29955,258720.0
selection|extra4_ot0_temps0|retained|30.0|1|3,selection,extra4_ot0_temps0,retained,3,2023-01-05,2023-06-30,2023-07-28,0.95,Hypothetical historical replay,10,1,9,30.0,2,148824,146435,2389,0,0,0.983947481588991,True,4075,29955,258720.0
selection|extra4_ot0_temps0|retained|30.0|2|1,selection,extra4_ot0_temps0,retained,1,2023-01-05,2023-06-30,2023-07-28,0.95,Hypothetical historical replay,10,2,8,30.0,2,148824,145024,3800,0,0,0.9744664839004462,True,4279,51637,258720.0
selection|extra4_ot0_temps0|retained|30.0|2|3,selection,extra4_ot0_temps0,retained,3,2023-01-05,2023-06-30,2023-07-28,0.95,Hypothetical historical replay,10,2,8,30.0,2,148824,145024,3800,0,0,0.9744664839004462,True,4279,51637,258720.0
selection|extra4_ot0_temps0|retained|40.0|0|1,selection,extra4_ot0_temps0,retained,1,2023-01-05,2023-06-30,2023-07-28,0.95,Hypothetical historical replay,10,0,10,40.0,2,148824,148353,471,0,0,0.9968351878729237,True,3191,10083,258720.0
selection|extra4_ot0_temps0|retained|40.0|0|3,selection,extra4_ot0_temps0,retained,3,2023-01-05,2023-06-30,2023-07-28,0.95,Hypothetical historical replay,10,0,10,40.0,2,148824,148353,471,0,0,0.9968351878729237,True,3191,10083,258720.0
selection|extra4_ot0_temps0|retained|40.0|1|1,selection,extra4_ot0_temps0,retained,1,2023-01-05,2023-06-30,2023-07-28,0.95,Hypothetical historical replay,10,1,9,40.0,2,148824,147809,1015,0,0,0.9931798634628823,True,3463,13313,258720.0
selection|extra4_ot0_temps0|retained|40.0|1|3,selection,extra4_ot0_temps0,retained,3,2023-01-05,2023-06-30,2023-07-28,0.95,Hypothetical historical replay,10,1,9,40.0,2,148824,147809,1015,0,0,0.9931798634628823,True,3463,13313,258720.0
selection|extra4_ot0_temps0|retained|40.0|2|1,selection,extra4_ot0_temps0,retained,1,2023-01-05,2023-06-30,2023-07-28,0.95,Hypothetical historical replay,10,2,8,40.0,2,148824,147265,1559,0,0,0.989524539052841,True,3735,18080,258720.0
selection|extra4_ot0_temps0|retained|40.0|2|3,selection,extra4_ot0_temps0,retained,3,2023-01-05,2023-06-30,2023-07-28,0.95,Hypothetical historical replay,10,2,8,40.0,2,148824,147265,1559,0,0,0.989524539052841,True,3735,18080,258720.0
selection|extra4_ot0_temps0|retained|50.0|0|1,selection,extra4_ot0_temps0,retained,1,2023-01-05,2023-06-30,2023-07-28,0.95,Hypothetical historical replay,10,0,10,50.0,2,148824,148824,0,0,0,1.0,True,2511,5477,258720.0
selection|extra4_ot0_temps0|retained|50.0|0|3,selection,extra4_ot0_temps0,retained,3,2023-01-05,2023-06-30,2023-07-28,0.95,Hypothetical historical replay,10,0,10,50.0,2,148824,148824,0,0,0,1.0,True,2511,5477,258720.0
selection|extra4_ot0_temps0|retained|50.0|1|1,selection,extra4_ot0_temps0,retained,1,2023-01-05,2023-06-30,2023-07-28,0.95,Hypothetical historical replay,10,1,9,50.0,2,148824,148824,0,0,0,1.0,True,2851,7189,258720.0
selection|extra4_ot0_temps0|retained|50.0|1|3,selection,extra4_ot0_temps0,retained,3,2023-01-05,2023-06-30,2023-07-28,0.95,Hypothetical historical replay,10,1,9,50.0,2,148824,148824,0,0,0,1.0,True,2851,7189,258720.0
selection|extra4_ot0_temps0|retained|50.0|2|1,selection,extra4_ot0_temps0,retained,1,2023-01-05,2023-06-30,2023-07-28,0.95,Hypothetical historical replay,10,2,8,50.0,2,148824,148353,471,0,0,0.9968351878729237,True,3191,10083,258720.0
selection|extra4_ot0_temps0|retained|50.0|2|3,selection,extra4_ot0_temps0,retained,3,2023-01-05,2023-06-30,2023-07-28,0.95,Hypothetical historical replay,10,2,8,50.0,2,148824,148353,471,0,0,0.9968351878729237,True,3191,10083,258720.0
selection|extra4_ot0_temps0|deduplicated_sensitivity|30.0|0|1,selection,extra4_ot0_temps0,deduplicated_sensitivity,1,2023-01-05,2023-06-30,2023-07-28,0.95,Hypothetical historical replay,10,0,10,30.0,2,139006,137176,1830,0,0,0.9868351006431377,True,3870,14813,258720.0
selection|extra4_ot0_temps0|deduplicated_sensitivity|30.0|0|3,selection,extra4_ot0_temps0,deduplicated_sensitivity,3,2023-01-05,2023-06-30,2023-07-28,0.95,Hypothetical historical replay,10,0,10,30.0,2,139006,137176,1830,0,0,0.9868351006431377,True,3870,14813,258720.0
selection|extra4_ot0_temps0|deduplicated_sensitivity|30.0|1|1,selection,extra4_ot0_temps0,deduplicated_sensitivity,1,2023-01-05,2023-06-30,2023-07-28,0.95,Hypothetical historical replay,10,1,9,30.0,2,139006,136768,2238,0,0,0.9838999755406241,True,4074,21459,258720.0
selection|extra4_ot0_temps0|deduplicated_sensitivity|30.0|1|3,selection,extra4_ot0_temps0,deduplicated_sensitivity,3,2023-01-05,2023-06-30,2023-07-28,0.95,Hypothetical historical replay,10,1,9,30.0,2,139006,136768,2238,0,0,0.9838999755406241,True,4074,21459,258720.0
selection|extra4_ot0_temps0|deduplicated_sensitivity|30.0|2|1,selection,extra4_ot0_temps0,deduplicated_sensitivity,1,2023-01-05,2023-06-30,2023-07-28,0.95,Hypothetical historical replay,10,2,8,30.0,2,139006,135917,3089,0,0,0.9777779376429795,True,4278,36088,258720.0
selection|extra4_ot0_temps0|deduplicated_sensitivity|30.0|2|3,selection,extra4_ot0_temps0,deduplicated_sensitivity,3,2023-01-05,2023-06-30,2023-07-28,0.95,Hypothetical historical replay,10,2,8,30.0,2,139006,135917,3089,0,0,0.9777779376429795,True,4278,36088,258720.0
selection|extra4_ot0_temps0|deduplicated_sensitivity|40.0|0|1,selection,extra4_ot0_temps0,deduplicated_sensitivity,1,2023-01-05,2023-06-30,2023-07-28,0.95,Hypothetical historical replay,10,0,10,40.0,2,139006,138536,470,0,0,0.9966188509848496,True,3190,6488,258720.0
selection|extra4_ot0_temps0|deduplicated_sensitivity|40.0|0|3,selection,extra4_ot0_temps0,deduplicated_sensitivity,3,2023-01-05,2023-06-30,2023-07-28,0.95,Hypothetical historical replay,10,0,10,40.0,2,139006,138536,470,0,0,0.9966188509848496,True,3190,6488,258720.0
selection|extra4_ot0_temps0|deduplicated_sensitivity|40.0|1|1,selection,extra4_ot0_temps0,deduplicated_sensitivity,1,2023-01-05,2023-06-30,2023-07-28,0.95,Hypothetical historical replay,10,1,9,40.0,2,139006,137992,1014,0,0,0.9927053508481648,True,3462,8630,258720.0
selection|extra4_ot0_temps0|deduplicated_sensitivity|40.0|1|3,selection,extra4_ot0_temps0,deduplicated_sensitivity,3,2023-01-05,2023-06-30,2023-07-28,0.95,Hypothetical historical replay,10,1,9,40.0,2,139006,137992,1014,0,0,0.9927053508481648,True,3462,8630,258720.0
selection|extra4_ot0_temps0|deduplicated_sensitivity|40.0|2|1,selection,extra4_ot0_temps0,deduplicated_sensitivity,1,2023-01-05,2023-06-30,2023-07-28,0.95,Hypothetical historical replay,10,2,8,40.0,2,139006,137448,1558,0,0,0.9887918507114801,True,3734,12436,258720.0
selection|extra4_ot0_temps0|deduplicated_sensitivity|40.0|2|3,selection,extra4_ot0_temps0,deduplicated_sensitivity,3,2023-01-05,2023-06-30,2023-07-28,0.95,Hypothetical historical replay,10,2,8,40.0,2,139006,137448,1558,0,0,0.9887918507114801,True,3734,12436,258720.0
selection|extra4_ot0_temps0|deduplicated_sensitivity|50.0|0|1,selection,extra4_ot0_temps0,deduplicated_sensitivity,1,2023-01-05,2023-06-30,2023-07-28,0.95,Hypothetical historical replay,10,0,10,50.0,2,139006,139006,0,0,0,1.0,True,2510,3628,258720.0
selection|extra4_ot0_temps0|deduplicated_sensitivity|50.0|0|3,selection,extra4_ot0_temps0,deduplicated_sensitivity,3,2023-01-05,2023-06-30,2023-07-28,0.95,Hypothetical historical replay,10,0,10,50.0,2,139006,139006,0,0,0,1.0,True,2510,3628,258720.0
selection|extra4_ot0_temps0|deduplicated_sensitivity|50.0|1|1,selection,extra4_ot0_temps0,deduplicated_sensitivity,1,2023-01-05,2023-06-30,2023-07-28,0.95,Hypothetical historical replay,10,1,9,50.0,2,139006,139006,0,0,0,1.0,True,2850,4658,258720.0
selection|extra4_ot0_temps0|deduplicated_sensitivity|50.0|1|3,selection,extra4_ot0_temps0,deduplicated_sensitivity,3,2023-01-05,2023-06-30,2023-07-28,0.95,Hypothetical historical replay,10,1,9,50.0,2,139006,139006,0,0,0,1.0,True,2850,4658,258720.0
selection|extra4_ot0_temps0|deduplicated_sensitivity|50.0|2|1,selection,extra4_ot0_temps0,deduplicated_sensitivity,1,2023-01-05,2023-06-30,2023-07-28,0.95,Hypothetical historical replay,10,2,8,50.0,2,139006,138536,470,0,0,0.9966188509848496,True,3190,6488,258720.0
selection|extra4_ot0_temps0|deduplicated_sensitivity|50.0|2|3,selection,extra4_ot0_temps0,deduplicated_sensitivity,3,2023-01-05,2023-06-30,2023-07-28,0.95,Hypothetical historical replay,10,2,8,50.0,2,139006,138536,470,0,0,0.9966188509848496,True,3190,6488,258720.0
selection|extra4_ot0_temps2|retained|30.0|0|1,selection,extra4_ot0_temps2,retained,1,2023-01-05,2023-06-30,2023-07-28,0.95,Hypothetical historical replay,10,0,10,30.0,2,148824,147319,1505,0,0,0.9898873837553083,True,3871,20790,259200.0
selection|extra4_ot0_temps2|retained|30.0|0|3,selection,extra4_ot0_temps2,retained,3,2023-01-05,2023-06-30,2023-07-28,0.95,Hypothetical historical replay,10,0,10,30.0,2,148824,146993,1831,0,0,0.9876968768478203,True,3871,21116,258720.0
selection|extra4_ot0_temps2|retained|30.0|1|1,selection,extra4_ot0_temps2,retained,1,2023-01-05,2023-06-30,2023-07-28,0.95,Hypothetical historical replay,10,1,9,30.0,2,148824,146911,1913,0,0,0.9871458904477772,True,4075,28111,259680.0
selection|extra4_ot0_temps2|retained|30.0|1|3,selection,extra4_ot0_temps2,retained,3,2023-01-05,2023-06-30,2023-07-28,0.95,Hypothetical historical replay,10,1,9,30.0,2,148824,146435,2389,0,0,0.983947481588991,True,4075,29955,258720.0
selection|extra4_ot0_temps2|retained|30.0|2|1,selection,extra4_ot0_temps2,retained,1,2023-01-05,2023-06-30,2023-07-28,0.95,Hypothetical historical replay,10,2,8,30.0,2,148824,146271,2553,0,0,0.982845508788905,True,4279,45657,261360.0
selection|extra4_ot0_temps2|retained|30.0|2|3,selection,extra4_ot0_temps2,retained,3,2023-01-05,2023-06-30,2023-07-28,0.95,Hypothetical historical replay,10,2,8,30.0,2,148824,145024,3800,0,0,0.9744664839004462,True,4279,51637,258720.0
selection|extra4_ot0_temps2|retained|40.0|0|1,selection,extra4_ot0_temps2,retained,1,2023-01-05,2023-06-30,2023-07-28,0.95,Hypothetical historical replay,10,0,10,40.0,2,148824,148788,36,0,0,0.9997581035316885,True,3191,9648,259200.0
selection|extra4_ot0_temps2|retained|40.0|0|3,selection,extra4_ot0_temps2,retained,3,2023-01-05,2023-06-30,2023-07-28,0.95,Hypothetical historical replay,10,0,10,40.0,2,148824,148353,471,0,0,0.9968351878729237,True,3191,10083,258720.0
selection|extra4_ot0_temps2|retained|40.0|1|1,selection,extra4_ot0_temps2,retained,1,2023-01-05,2023-06-30,2023-07-28,0.95,Hypothetical historical replay,10,1,9,40.0,2,148824,148244,580,0,0,0.996102779121647,True,3463,12878,259200.0
selection|extra4_ot0_temps2|retained|40.0|1|3,selection,extra4_ot0_temps2,retained,3,2023-01-05,2023-06-30,2023-07-28,0.95,Hypothetical historical replay,10,1,9,40.0,2,148824,147809,1015,0,0,0.9931798634628823,True,3463,13313,258720.0
selection|extra4_ot0_temps2|retained|40.0|2|1,selection,extra4_ot0_temps2,retained,1,2023-01-05,2023-06-30,2023-07-28,0.95,Hypothetical historical replay,10,2,8,40.0,2,148824,147700,1124,0,0,0.9924474547116057,True,3735,17645,259200.0
selection|extra4_ot0_temps2|retained|40.0|2|3,selection,extra4_ot0_temps2,retained,3,2023-01-05,2023-06-30,2023-07-28,0.95,Hypothetical historical replay,10,2,8,40.0,2,148824,147265,1559,0,0,0.989524539052841,True,3735,18080,258720.0
selection|extra4_ot0_temps2|retained|50.0|0|1,selection,extra4_ot0_temps2,retained,1,2023-01-05,2023-06-30,2023-07-28,0.95,Hypothetical historical replay,10,0,10,50.0,2,148824,148824,0,0,0,1.0,True,2511,5477,258720.0
selection|extra4_ot0_temps2|retained|50.0|0|3,selection,extra4_ot0_temps2,retained,3,2023-01-05,2023-06-30,2023-07-28,0.95,Hypothetical historical replay,10,0,10,50.0,2,148824,148824,0,0,0,1.0,True,2511,5477,258720.0
selection|extra4_ot0_temps2|retained|50.0|1|1,selection,extra4_ot0_temps2,retained,1,2023-01-05,2023-06-30,2023-07-28,0.95,Hypothetical historical replay,10,1,9,50.0,2,148824,148824,0,0,0,1.0,True,2851,7189,258720.0
selection|extra4_ot0_temps2|retained|50.0|1|3,selection,extra4_ot0_temps2,retained,3,2023-01-05,2023-06-30,2023-07-28,0.95,Hypothetical historical replay,10,1,9,50.0,2,148824,148824,0,0,0,1.0,True,2851,7189,258720.0
selection|extra4_ot0_temps2|retained|50.0|2|1,selection,extra4_ot0_temps2,retained,1,2023-01-05,2023-06-30,2023-07-28,0.95,Hypothetical historical replay,10,2,8,50.0,2,148824,148824,0,0,0,1.0,True,3191,9612,259200.0
selection|extra4_ot0_temps2|retained|50.0|2|3,selection,extra4_ot0_temps2,retained,3,2023-01-05,2023-06-30,2023-07-28,0.95,Hypothetical historical replay,10,2,8,50.0,2,148824,148353,471,0,0,0.9968351878729237,True,3191,10083,258720.0
selection|extra4_ot0_temps2|deduplicated_sensitivity|30.0|0|1,selection,extra4_ot0_temps2,deduplicated_sensitivity,1,2023-01-05,2023-06-30,2023-07-28,0.95,Hypothetical historical replay,10,0,10,30.0,2,139006,137502,1504,0,0,0.9891803231515186,True,3870,14487,259200.0
selection|extra4_ot0_temps2|deduplicated_sensitivity|30.0|0|3,selection,extra4_ot0_temps2,deduplicated_sensitivity,3,2023-01-05,2023-06-30,2023-07-28,0.95,Hypothetical historical replay,10,0,10,30.0,2,139006,137176,1830,0,0,0.9868351006431377,True,3870,14813,258720.0
selection|extra4_ot0_temps2|deduplicated_sensitivity|30.0|1|1,selection,extra4_ot0_temps2,deduplicated_sensitivity,1,2023-01-05,2023-06-30,2023-07-28,0.95,Hypothetical historical replay,10,1,9,30.0,2,139006,137094,1912,0,0,0.9862451980490051,True,4074,19927,259440.0
selection|extra4_ot0_temps2|deduplicated_sensitivity|30.0|1|3,selection,extra4_ot0_temps2,deduplicated_sensitivity,3,2023-01-05,2023-06-30,2023-07-28,0.95,Hypothetical historical replay,10,1,9,30.0,2,139006,136768,2238,0,0,0.9838999755406241,True,4074,21459,258720.0
selection|extra4_ot0_temps2|deduplicated_sensitivity|30.0|2|1,selection,extra4_ot0_temps2,deduplicated_sensitivity,1,2023-01-05,2023-06-30,2023-07-28,0.95,Hypothetical historical replay,10,2,8,30.0,2,139006,136686,2320,0,0,0.9833100729464915,True,4278,31901,260640.0
selection|extra4_ot0_temps2|deduplicated_sensitivity|30.0|2|3,selection,extra4_ot0_temps2,deduplicated_sensitivity,3,2023-01-05,2023-06-30,2023-07-28,0.95,Hypothetical historical replay,10,2,8,30.0,2,139006,135917,3089,0,0,0.9777779376429795,True,4278,36088,258720.0
selection|extra4_ot0_temps2|deduplicated_sensitivity|40.0|0|1,selection,extra4_ot0_temps2,deduplicated_sensitivity,1,2023-01-05,2023-06-30,2023-07-28,0.95,Hypothetical historical replay,10,0,10,40.0,2,139006,138971,35,0,0,0.9997482123073824,True,3190,6053,259200.0
selection|extra4_ot0_temps2|deduplicated_sensitivity|40.0|0|3,selection,extra4_ot0_temps2,deduplicated_sensitivity,3,2023-01-05,2023-06-30,2023-07-28,0.95,Hypothetical historical replay,10,0,10,40.0,2,139006,138536,470,0,0,0.9966188509848496,True,3190,6488,258720.0
selection|extra4_ot0_temps2|deduplicated_sensitivity|40.0|1|1,selection,extra4_ot0_temps2,deduplicated_sensitivity,1,2023-01-05,2023-06-30,2023-07-28,0.95,Hypothetical historical replay,10,1,9,40.0,2,139006,138427,579,0,0,0.9958347121706976,True,3462,8195,259200.0
selection|extra4_ot0_temps2|deduplicated_sensitivity|40.0|1|3,selection,extra4_ot0_temps2,deduplicated_sensitivity,3,2023-01-05,2023-06-30,2023-07-28,0.95,Hypothetical historical replay,10,1,9,40.0,2,139006,137992,1014,0,0,0.9927053508481648,True,3462,8630,258720.0
selection|extra4_ot0_temps2|deduplicated_sensitivity|40.0|2|1,selection,extra4_ot0_temps2,deduplicated_sensitivity,1,2023-01-05,2023-06-30,2023-07-28,0.95,Hypothetical historical replay,10,2,8,40.0,2,139006,137883,1123,0,0,0.991921212034013,True,3734,12001,259200.0
selection|extra4_ot0_temps2|deduplicated_sensitivity|40.0|2|3,selection,extra4_ot0_temps2,deduplicated_sensitivity,3,2023-01-05,2023-06-30,2023-07-28,0.95,Hypothetical historical replay,10,2,8,40.0,2,139006,137448,1558,0,0,0.9887918507114801,True,3734,12436,258720.0
selection|extra4_ot0_temps2|deduplicated_sensitivity|50.0|0|1,selection,extra4_ot0_temps2,deduplicated_sensitivity,1,2023-01-05,2023-06-30,2023-07-28,0.95,Hypothetical historical replay,10,0,10,50.0,2,139006,139006,0,0,0,1.0,True,2510,3628,258720.0
selection|extra4_ot0_temps2|deduplicated_sensitivity|50.0|0|3,selection,extra4_ot0_temps2,deduplicated_sensitivity,3,2023-01-05,2023-06-30,2023-07-28,0.95,Hypothetical historical replay,10,0,10,50.0,2,139006,139006,0,0,0,1.0,True,2510,3628,258720.0
selection|extra4_ot0_temps2|deduplicated_sensitivity|50.0|1|1,selection,extra4_ot0_temps2,deduplicated_sensitivity,1,2023-01-05,2023-06-30,2023-07-28,0.95,Hypothetical historical replay,10,1,9,50.0,2,139006,139006,0,0,0,1.0,True,2850,4658,258720.0
selection|extra4_ot0_temps2|deduplicated_sensitivity|50.0|1|3,selection,extra4_ot0_temps2,deduplicated_sensitivity,3,2023-01-05,2023-06-30,2023-07-28,0.95,Hypothetical historical replay,10,1,9,50.0,2,139006,139006,0,0,0,1.0,True,2850,4658,258720.0
selection|extra4_ot0_temps2|deduplicated_sensitivity|50.0|2|1,selection,extra4_ot0_temps2,deduplicated_sensitivity,1,2023-01-05,2023-06-30,2023-07-28,0.95,Hypothetical historical replay,10,2,8,50.0,2,139006,139006,0,0,0,1.0,True,3190,6018,259200.0
selection|extra4_ot0_temps2|deduplicated_sensitivity|50.0|2|3,selection,extra4_ot0_temps2,deduplicated_sensitivity,3,2023-01-05,2023-06-30,2023-07-28,0.95,Hypothetical historical replay,10,2,8,50.0,2,139006,138536,470,0,0,0.9966188509848496,True,3190,6488,258720.0
selection|extra4_ot0_temps4|retained|30.0|0|1,selection,extra4_ot0_temps4,retained,1,2023-01-05,2023-06-30,2023-07-28,0.95,Hypothetical historical replay,10,0,10,30.0,2,148824,147645,1179,0,0,0.9920778906627963,True,3871,20464,259680.0
selection|extra4_ot0_temps4|retained|30.0|0|3,selection,extra4_ot0_temps4,retained,3,2023-01-05,2023-06-30,2023-07-28,0.95,Hypothetical historical replay,10,0,10,30.0,2,148824,146993,1831,0,0,0.9876968768478203,True,3871,21116,258720.0
selection|extra4_ot0_temps4|retained|30.0|1|1,selection,extra4_ot0_temps4,retained,1,2023-01-05,2023-06-30,2023-07-28,0.95,Hypothetical historical replay,10,1,9,30.0,2,148824,147237,1587,0,0,0.9893363973552652,True,4075,27785,259920.0
selection|extra4_ot0_temps4|retained|30.0|1|3,selection,extra4_ot0_temps4,retained,3,2023-01-05,2023-06-30,2023-07-28,0.95,Hypothetical historical replay,10,1,9,30.0,2,148824,146435,2389,0,0,0.983947481588991,True,4075,29955,258720.0
selection|extra4_ot0_temps4|retained|30.0|2|1,selection,extra4_ot0_temps4,retained,1,2023-01-05,2023-06-30,2023-07-28,0.95,Hypothetical historical replay,10,2,8,30.0,2,148824,146829,1995,0,0,0.9865949040477342,True,4279,43074,262560.0
selection|extra4_ot0_temps4|retained|30.0|2|3,selection,extra4_ot0_temps4,retained,3,2023-01-05,2023-06-30,2023-07-28,0.95,Hypothetical historical replay,10,2,8,30.0,2,148824,145024,3800,0,0,0.9744664839004462,True,4279,51637,258720.0
selection|extra4_ot0_temps4|retained|40.0|0|1,selection,extra4_ot0_temps4,retained,1,2023-01-05,2023-06-30,2023-07-28,0.95,Hypothetical historical replay,10,0,10,40.0,2,148824,148824,0,0,0,1.0,True,3191,9612,259440.0
selection|extra4_ot0_temps4|retained|40.0|0|3,selection,extra4_ot0_temps4,retained,3,2023-01-05,2023-06-30,2023-07-28,0.95,Hypothetical historical replay,10,0,10,40.0,2,148824,148353,471,0,0,0.9968351878729237,True,3191,10083,258720.0
selection|extra4_ot0_temps4|retained|40.0|1|1,selection,extra4_ot0_temps4,retained,1,2023-01-05,2023-06-30,2023-07-28,0.95,Hypothetical historical replay,10,1,9,40.0,2,148824,148679,145,0,0,0.9990256947804118,True,3463,12443,259680.0
selection|extra4_ot0_temps4|retained|40.0|1|3,selection,extra4_ot0_temps4,retained,3,2023-01-05,2023-06-30,2023-07-28,0.95,Hypothetical historical replay,10,1,9,40.0,2,148824,147809,1015,0,0,0.9931798634628823,True,3463,13313,258720.0
selection|extra4_ot0_temps4|retained|40.0|2|1,selection,extra4_ot0_temps4,retained,1,2023-01-05,2023-06-30,2023-07-28,0.95,Hypothetical historical replay,10,2,8,40.0,2,148824,148135,689,0,0,0.9953703703703703,True,3735,17210,259680.0
selection|extra4_ot0_temps4|retained|40.0|2|3,selection,extra4_ot0_temps4,retained,3,2023-01-05,2023-06-30,2023-07-28,0.95,Hypothetical historical replay,10,2,8,40.0,2,148824,147265,1559,0,0,0.989524539052841,True,3735,18080,258720.0
selection|extra4_ot0_temps4|retained|50.0|0|1,selection,extra4_ot0_temps4,retained,1,2023-01-05,2023-06-30,2023-07-28,0.95,Hypothetical historical replay,10,0,10,50.0,2,148824,148824,0,0,0,1.0,True,2511,5477,258720.0
selection|extra4_ot0_temps4|retained|50.0|0|3,selection,extra4_ot0_temps4,retained,3,2023-01-05,2023-06-30,2023-07-28,0.95,Hypothetical historical replay,10,0,10,50.0,2,148824,148824,0,0,0,1.0,True,2511,5477,258720.0
selection|extra4_ot0_temps4|retained|50.0|1|1,selection,extra4_ot0_temps4,retained,1,2023-01-05,2023-06-30,2023-07-28,0.95,Hypothetical historical replay,10,1,9,50.0,2,148824,148824,0,0,0,1.0,True,2851,7189,258720.0
selection|extra4_ot0_temps4|retained|50.0|1|3,selection,extra4_ot0_temps4,retained,3,2023-01-05,2023-06-30,2023-07-28,0.95,Hypothetical historical replay,10,1,9,50.0,2,148824,148824,0,0,0,1.0,True,2851,7189,258720.0
selection|extra4_ot0_temps4|retained|50.0|2|1,selection,extra4_ot0_temps4,retained,1,2023-01-05,2023-06-30,2023-07-28,0.95,Hypothetical historical replay,10,2,8,50.0,2,148824,148824,0,0,0,1.0,True,3191,9612,259200.0
selection|extra4_ot0_temps4|retained|50.0|2|3,selection,extra4_ot0_temps4,retained,3,2023-01-05,2023-06-30,2023-07-28,0.95,Hypothetical historical replay,10,2,8,50.0,2,148824,148353,471,0,0,0.9968351878729237,True,3191,10083,258720.0
selection|extra4_ot0_temps4|deduplicated_sensitivity|30.0|0|1,selection,extra4_ot0_temps4,deduplicated_sensitivity,1,2023-01-05,2023-06-30,2023-07-28,0.95,Hypothetical historical replay,10,0,10,30.0,2,139006,137828,1178,0,0,0.9915255456598996,True,3870,14161,259680.0
selection|extra4_ot0_temps4|deduplicated_sensitivity|30.0|0|3,selection,extra4_ot0_temps4,deduplicated_sensitivity,3,2023-01-05,2023-06-30,2023-07-28,0.95,Hypothetical historical replay,10,0,10,30.0,2,139006,137176,1830,0,0,0.9868351006431377,True,3870,14813,258720.0
selection|extra4_ot0_temps4|deduplicated_sensitivity|30.0|1|1,selection,extra4_ot0_temps4,deduplicated_sensitivity,1,2023-01-05,2023-06-30,2023-07-28,0.95,Hypothetical historical replay,10,1,9,30.0,2,139006,137420,1586,0,0,0.988590420557386,True,4074,19601,259680.0
selection|extra4_ot0_temps4|deduplicated_sensitivity|30.0|1|3,selection,extra4_ot0_temps4,deduplicated_sensitivity,3,2023-01-05,2023-06-30,2023-07-28,0.95,Hypothetical historical replay,10,1,9,30.0,2,139006,136768,2238,0,0,0.9838999755406241,True,4074,21459,258720.0
selection|extra4_ot0_temps4|deduplicated_sensitivity|30.0|2|1,selection,extra4_ot0_temps4,deduplicated_sensitivity,1,2023-01-05,2023-06-30,2023-07-28,0.95,Hypothetical historical replay,10,2,8,30.0,2,139006,137012,1994,0,0,0.9856552954548724,True,4278,30482,261360.0
selection|extra4_ot0_temps4|deduplicated_sensitivity|30.0|2|3,selection,extra4_ot0_temps4,deduplicated_sensitivity,3,2023-01-05,2023-06-30,2023-07-28,0.95,Hypothetical historical replay,10,2,8,30.0,2,139006,135917,3089,0,0,0.9777779376429795,True,4278,36088,258720.0
selection|extra4_ot0_temps4|deduplicated_sensitivity|40.0|0|1,selection,extra4_ot0_temps4,deduplicated_sensitivity,1,2023-01-05,2023-06-30,2023-07-28,0.95,Hypothetical historical replay,10,0,10,40.0,2,139006,139006,0,0,0,1.0,True,3190,6018,259440.0
selection|extra4_ot0_temps4|deduplicated_sensitivity|40.0|0|3,selection,extra4_ot0_temps4,deduplicated_sensitivity,3,2023-01-05,2023-06-30,2023-07-28,0.95,Hypothetical historical replay,10,0,10,40.0,2,139006,138536,470,0,0,0.9966188509848496,True,3190,6488,258720.0
selection|extra4_ot0_temps4|deduplicated_sensitivity|40.0|1|1,selection,extra4_ot0_temps4,deduplicated_sensitivity,1,2023-01-05,2023-06-30,2023-07-28,0.95,Hypothetical historical replay,10,1,9,40.0,2,139006,138862,144,0,0,0.9989640734932305,True,3462,7760,259680.0
selection|extra4_ot0_temps4|deduplicated_sensitivity|40.0|1|3,selection,extra4_ot0_temps4,deduplicated_sensitivity,3,2023-01-05,2023-06-30,2023-07-28,0.95,Hypothetical historical replay,10,1,9,40.0,2,139006,137992,1014,0,0,0.9927053508481648,True,3462,8630,258720.0
selection|extra4_ot0_temps4|deduplicated_sensitivity|40.0|2|1,selection,extra4_ot0_temps4,deduplicated_sensitivity,1,2023-01-05,2023-06-30,2023-07-28,0.95,Hypothetical historical replay,10,2,8,40.0,2,139006,138318,688,0,0,0.9950505733565458,True,3734,11566,259680.0
selection|extra4_ot0_temps4|deduplicated_sensitivity|40.0|2|3,selection,extra4_ot0_temps4,deduplicated_sensitivity,3,2023-01-05,2023-06-30,2023-07-28,0.95,Hypothetical historical replay,10,2,8,40.0,2,139006,137448,1558,0,0,0.9887918507114801,True,3734,12436,258720.0
selection|extra4_ot0_temps4|deduplicated_sensitivity|50.0|0|1,selection,extra4_ot0_temps4,deduplicated_sensitivity,1,2023-01-05,2023-06-30,2023-07-28,0.95,Hypothetical historical replay,10,0,10,50.0,2,139006,139006,0,0,0,1.0,True,2510,3628,258720.0
selection|extra4_ot0_temps4|deduplicated_sensitivity|50.0|0|3,selection,extra4_ot0_temps4,deduplicated_sensitivity,3,2023-01-05,2023-06-30,2023-07-28,0.95,Hypothetical historical replay,10,0,10,50.0,2,139006,139006,0,0,0,1.0,True,2510,3628,258720.0
selection|extra4_ot0_temps4|deduplicated_sensitivity|50.0|1|1,selection,extra4_ot0_temps4,deduplicated_sensitivity,1,2023-01-05,2023-06-30,2023-07-28,0.95,Hypothetical historical replay,10,1,9,50.0,2,139006,139006,0,0,0,1.0,True,2850,4658,258720.0
selection|extra4_ot0_temps4|deduplicated_sensitivity|50.0|1|3,selection,extra4_ot0_temps4,deduplicated_sensitivity,3,2023-01-05,2023-06-30,2023-07-28,0.95,Hypothetical historical replay,10,1,9,50.0,2,139006,139006,0,0,0,1.0,True,2850,4658,258720.0
selection|extra4_ot0_temps4|deduplicated_sensitivity|50.0|2|1,selection,extra4_ot0_temps4,deduplicated_sensitivity,1,2023-01-05,2023-06-30,2023-07-28,0.95,Hypothetical historical replay,10,2,8,50.0,2,139006,139006,0,0,0,1.0,True,3190,6018,259200.0
selection|extra4_ot0_temps4|deduplicated_sensitivity|50.0|2|3,selection,extra4_ot0_temps4,deduplicated_sensitivity,3,2023-01-05,2023-06-30,2023-07-28,0.95,Hypothetical historical replay,10,2,8,50.0,2,139006,138536,470,0,0,0.9966188509848496,True,3190,6488,258720.0
selection|extra4_ot2_temps0|retained|30.0|0|1,selection,extra4_ot2_temps0,retained,1,2023-01-05,2023-06-30,2023-07-28,0.95,Hypothetical historical replay,10,0,10,30.0,2,148824,147503,1321,0,0,0.9911237434822341,True,3871,20606,259380.0
selection|extra4_ot2_temps0|retained|30.0|0|3,selection,extra4_ot2_temps0,retained,3,2023-01-05,2023-06-30,2023-07-28,0.95,Hypothetical historical replay,10,0,10,30.0,2,148824,147503,1321,0,0,0.9911237434822341,True,3871,20606,259380.0
selection|extra4_ot2_temps0|retained|30.0|1|1,selection,extra4_ot2_temps0,retained,1,2023-01-05,2023-06-30,2023-07-28,0.95,Hypothetical historical replay,10,1,9,30.0,2,148824,147044,1780,0,0,0.9880395635112617,True,4075,27978,259512.0
selection|extra4_ot2_temps0|retained|30.0|1|3,selection,extra4_ot2_temps0,retained,3,2023-01-05,2023-06-30,2023-07-28,0.95,Hypothetical historical replay,10,1,9,30.0,2,148824,147044,1780,0,0,0.9880395635112617,True,4075,27978,259512.0
selection|extra4_ot2_temps0|retained|30.0|2|1,selection,extra4_ot2_temps0,retained,1,2023-01-05,2023-06-30,2023-07-28,0.95,Hypothetical historical replay,10,2,8,30.0,2,148824,146435,2389,0,0,0.983947481588991,True,4279,44675,261096.0
selection|extra4_ot2_temps0|retained|30.0|2|3,selection,extra4_ot2_temps0,retained,3,2023-01-05,2023-06-30,2023-07-28,0.95,Hypothetical historical replay,10,2,8,30.0,2,148824,146435,2389,0,0,0.983947481588991,True,4279,44675,261096.0
selection|extra4_ot2_temps0|retained|40.0|0|1,selection,extra4_ot2_temps0,retained,1,2023-01-05,2023-06-30,2023-07-28,0.95,Hypothetical historical replay,10,0,10,40.0,2,148824,148824,0,0,0,1.0,True,3191,9612,259182.0
selection|extra4_ot2_temps0|retained|40.0|0|3,selection,extra4_ot2_temps0,retained,3,2023-01-05,2023-06-30,2023-07-28,0.95,Hypothetical historical replay,10,0,10,40.0,2,148824,148824,0,0,0,1.0,True,3191,9612,259182.0
selection|extra4_ot2_temps0|retained|40.0|1|1,selection,extra4_ot2_temps0,retained,1,2023-01-05,2023-06-30,2023-07-28,0.95,Hypothetical historical replay,10,1,9,40.0,2,148824,148421,403,0,0,0.9972921034241788,True,3463,12701,259314.0
selection|extra4_ot2_temps0|retained|40.0|1|3,selection,extra4_ot2_temps0,retained,3,2023-01-05,2023-06-30,2023-07-28,0.95,Hypothetical historical replay,10,1,9,40.0,2,148824,148421,403,0,0,0.9972921034241788,True,3463,12701,259314.0
selection|extra4_ot2_temps0|retained|40.0|2|1,selection,extra4_ot2_temps0,retained,1,2023-01-05,2023-06-30,2023-07-28,0.95,Hypothetical historical replay,10,2,8,40.0,2,148824,147809,1015,0,0,0.9931798634628823,True,3735,17536,259248.0
selection|extra4_ot2_temps0|retained|40.0|2|3,selection,extra4_ot2_temps0,retained,3,2023-01-05,2023-06-30,2023-07-28,0.95,Hypothetical historical replay,10,2,8,40.0,2,148824,147809,1015,0,0,0.9931798634628823,True,3735,17536,259248.0
selection|extra4_ot2_temps0|retained|50.0|0|1,selection,extra4_ot2_temps0,retained,1,2023-01-05,2023-06-30,2023-07-28,0.95,Hypothetical historical replay,10,0,10,50.0,2,148824,148824,0,0,0,1.0,True,2511,5477,258720.0
selection|extra4_ot2_temps0|retained|50.0|0|3,selection,extra4_ot2_temps0,retained,3,2023-01-05,2023-06-30,2023-07-28,0.95,Hypothetical historical replay,10,0,10,50.0,2,148824,148824,0,0,0,1.0,True,2511,5477,258720.0
selection|extra4_ot2_temps0|retained|50.0|1|1,selection,extra4_ot2_temps0,retained,1,2023-01-05,2023-06-30,2023-07-28,0.95,Hypothetical historical replay,10,1,9,50.0,2,148824,148824,0,0,0,1.0,True,2851,7189,258720.0
selection|extra4_ot2_temps0|retained|50.0|1|3,selection,extra4_ot2_temps0,retained,3,2023-01-05,2023-06-30,2023-07-28,0.95,Hypothetical historical replay,10,1,9,50.0,2,148824,148824,0,0,0,1.0,True,2851,7189,258720.0
selection|extra4_ot2_temps0|retained|50.0|2|1,selection,extra4_ot2_temps0,retained,1,2023-01-05,2023-06-30,2023-07-28,0.95,Hypothetical historical replay,10,2,8,50.0,2,148824,148824,0,0,0,1.0,True,3191,9612,259116.0
selection|extra4_ot2_temps0|retained|50.0|2|3,selection,extra4_ot2_temps0,retained,3,2023-01-05,2023-06-30,2023-07-28,0.95,Hypothetical historical replay,10,2,8,50.0,2,148824,148824,0,0,0,1.0,True,3191,9612,259116.0
selection|extra4_ot2_temps0|deduplicated_sensitivity|30.0|0|1,selection,extra4_ot2_temps0,deduplicated_sensitivity,1,2023-01-05,2023-06-30,2023-07-28,0.95,Hypothetical historical replay,10,0,10,30.0,2,139006,137686,1320,0,0,0.9905040070212796,True,3870,14303,259380.0
selection|extra4_ot2_temps0|deduplicated_sensitivity|30.0|0|3,selection,extra4_ot2_temps0,deduplicated_sensitivity,3,2023-01-05,2023-06-30,2023-07-28,0.95,Hypothetical historical replay,10,0,10,30.0,2,139006,137686,1320,0,0,0.9905040070212796,True,3870,14303,259380.0
selection|extra4_ot2_temps0|deduplicated_sensitivity|30.0|1|1,selection,extra4_ot2_temps0,deduplicated_sensitivity,1,2023-01-05,2023-06-30,2023-07-28,0.95,Hypothetical historical replay,10,1,9,30.0,2,139006,137227,1779,0,0,0.9872019912809519,True,4074,19794,259314.0
selection|extra4_ot2_temps0|deduplicated_sensitivity|30.0|1|3,selection,extra4_ot2_temps0,deduplicated_sensitivity,3,2023-01-05,2023-06-30,2023-07-28,0.95,Hypothetical historical replay,10,1,9,30.0,2,139006,137227,1779,0,0,0.9872019912809519,True,4074,19794,259314.0
selection|extra4_ot2_temps0|deduplicated_sensitivity|30.0|2|1,selection,extra4_ot2_temps0,deduplicated_sensitivity,1,2023-01-05,2023-06-30,2023-07-28,0.95,Hypothetical historical replay,10,2,8,30.0,2,139006,136768,2238,0,0,0.9838999755406241,True,4278,31320,260370.0
selection|extra4_ot2_temps0|deduplicated_sensitivity|30.0|2|3,selection,extra4_ot2_temps0,deduplicated_sensitivity,3,2023-01-05,2023-06-30,2023-07-28,0.95,Hypothetical historical replay,10,2,8,30.0,2,139006,136768,2238,0,0,0.9838999755406241,True,4278,31320,260370.0
selection|extra4_ot2_temps0|deduplicated_sensitivity|40.0|0|1,selection,extra4_ot2_temps0,deduplicated_sensitivity,1,2023-01-05,2023-06-30,2023-07-28,0.95,Hypothetical historical replay,10,0,10,40.0,2,139006,139006,0,0,0,1.0,True,3190,6018,259182.0
selection|extra4_ot2_temps0|deduplicated_sensitivity|40.0|0|3,selection,extra4_ot2_temps0,deduplicated_sensitivity,3,2023-01-05,2023-06-30,2023-07-28,0.95,Hypothetical historical replay,10,0,10,40.0,2,139006,139006,0,0,0,1.0,True,3190,6018,259182.0
selection|extra4_ot2_temps0|deduplicated_sensitivity|40.0|1|1,selection,extra4_ot2_temps0,deduplicated_sensitivity,1,2023-01-05,2023-06-30,2023-07-28,0.95,Hypothetical historical replay,10,1,9,40.0,2,139006,138604,402,0,0,0.9971080385019352,True,3462,8018,259314.0
selection|extra4_ot2_temps0|deduplicated_sensitivity|40.0|1|3,selection,extra4_ot2_temps0,deduplicated_sensitivity,3,2023-01-05,2023-06-30,2023-07-28,0.95,Hypothetical historical replay,10,1,9,40.0,2,139006,138604,402,0,0,0.9971080385019352,True,3462,8018,259314.0
selection|extra4_ot2_temps0|deduplicated_sensitivity|40.0|2|1,selection,extra4_ot2_temps0,deduplicated_sensitivity,1,2023-01-05,2023-06-30,2023-07-28,0.95,Hypothetical historical replay,10,2,8,40.0,2,139006,137992,1014,0,0,0.9927053508481648,True,3734,11892,259248.0
selection|extra4_ot2_temps0|deduplicated_sensitivity|40.0|2|3,selection,extra4_ot2_temps0,deduplicated_sensitivity,3,2023-01-05,2023-06-30,2023-07-28,0.95,Hypothetical historical replay,10,2,8,40.0,2,139006,137992,1014,0,0,0.9927053508481648,True,3734,11892,259248.0
selection|extra4_ot2_temps0|deduplicated_sensitivity|50.0|0|1,selection,extra4_ot2_temps0,deduplicated_sensitivity,1,2023-01-05,2023-06-30,2023-07-28,0.95,Hypothetical historical replay,10,0,10,50.0,2,139006,139006,0,0,0,1.0,True,2510,3628,258720.0
selection|extra4_ot2_temps0|deduplicated_sensitivity|50.0|0|3,selection,extra4_ot2_temps0,deduplicated_sensitivity,3,2023-01-05,2023-06-30,2023-07-28,0.95,Hypothetical historical replay,10,0,10,50.0,2,139006,139006,0,0,0,1.0,True,2510,3628,258720.0
selection|extra4_ot2_temps0|deduplicated_sensitivity|50.0|1|1,selection,extra4_ot2_temps0,deduplicated_sensitivity,1,2023-01-05,2023-06-30,2023-07-28,0.95,Hypothetical historical replay,10,1,9,50.0,2,139006,139006,0,0,0,1.0,True,2850,4658,258720.0
selection|extra4_ot2_temps0|deduplicated_sensitivity|50.0|1|3,selection,extra4_ot2_temps0,deduplicated_sensitivity,3,2023-01-05,2023-06-30,2023-07-28,0.95,Hypothetical historical replay,10,1,9,50.0,2,139006,139006,0,0,0,1.0,True,2850,4658,258720.0
selection|extra4_ot2_temps0|deduplicated_sensitivity|50.0|2|1,selection,extra4_ot2_temps0,deduplicated_sensitivity,1,2023-01-05,2023-06-30,2023-07-28,0.95,Hypothetical historical replay,10,2,8,50.0,2,139006,139006,0,0,0,1.0,True,3190,6018,259116.0
selection|extra4_ot2_temps0|deduplicated_sensitivity|50.0|2|3,selection,extra4_ot2_temps0,deduplicated_sensitivity,3,2023-01-05,2023-06-30,2023-07-28,0.95,Hypothetical historical replay,10,2,8,50.0,2,139006,139006,0,0,0,1.0,True,3190,6018,259116.0
selection|extra4_ot2_temps2|retained|30.0|0|1,selection,extra4_ot2_temps2,retained,1,2023-01-05,2023-06-30,2023-07-28,0.95,Hypothetical historical replay,10,0,10,30.0,2,148824,147829,995,0,0,0.9933142503897221,True,3871,20280,259860.0
selection|extra4_ot2_temps2|retained|30.0|0|3,selection,extra4_ot2_temps2,retained,3,2023-01-05,2023-06-30,2023-07-28,0.95,Hypothetical historical replay,10,0,10,30.0,2,148824,147503,1321,0,0,0.9911237434822341,True,3871,20606,259380.0
selection|extra4_ot2_temps2|retained|30.0|1|1,selection,extra4_ot2_temps2,retained,1,2023-01-05,2023-06-30,2023-07-28,0.95,Hypothetical historical replay,10,1,9,30.0,2,148824,147370,1454,0,0,0.9902300704187497,True,4075,27652,260034.0
selection|extra4_ot2_temps2|retained|30.0|1|3,selection,extra4_ot2_temps2,retained,3,2023-01-05,2023-06-30,2023-07-28,0.95,Hypothetical historical replay,10,1,9,30.0,2,148824,147044,1780,0,0,0.9880395635112617,True,4075,27978,259512.0
selection|extra4_ot2_temps2|retained|30.0|2|1,selection,extra4_ot2_temps2,retained,1,2023-01-05,2023-06-30,2023-07-28,0.95,Hypothetical historical replay,10,2,8,30.0,2,148824,146911,1913,0,0,0.9871458904477772,True,4279,42992,262218.0
selection|extra4_ot2_temps2|retained|30.0|2|3,selection,extra4_ot2_temps2,retained,3,2023-01-05,2023-06-30,2023-07-28,0.95,Hypothetical historical replay,10,2,8,30.0,2,148824,146435,2389,0,0,0.983947481588991,True,4279,44675,261096.0
selection|extra4_ot2_temps2|retained|40.0|0|1,selection,extra4_ot2_temps2,retained,1,2023-01-05,2023-06-30,2023-07-28,0.95,Hypothetical historical replay,10,0,10,40.0,2,148824,148824,0,0,0,1.0,True,3191,9612,259266.0
selection|extra4_ot2_temps2|retained|40.0|0|3,selection,extra4_ot2_temps2,retained,3,2023-01-05,2023-06-30,2023-07-28,0.95,Hypothetical historical replay,10,0,10,40.0,2,148824,148824,0,0,0,1.0,True,3191,9612,259182.0
selection|extra4_ot2_temps2|retained|40.0|1|1,selection,extra4_ot2_temps2,retained,1,2023-01-05,2023-06-30,2023-07-28,0.95,Hypothetical historical replay,10,1,9,40.0,2,148824,148824,0,0,0,1.0,True,3463,12298,259794.0
selection|extra4_ot2_temps2|retained|40.0|1|3,selection,extra4_ot2_temps2,retained,3,2023-01-05,2023-06-30,2023-07-28,0.95,Hypothetical historical replay,10,1,9,40.0,2,148824,148421,403,0,0,0.9972921034241788,True,3463,12701,259314.0
selection|extra4_ot2_temps2|retained|40.0|2|1,selection,extra4_ot2_temps2,retained,1,2023-01-05,2023-06-30,2023-07-28,0.95,Hypothetical historical replay,10,2,8,40.0,2,148824,148244,580,0,0,0.996102779121647,True,3735,17101,259728.0
selection|extra4_ot2_temps2|retained|40.0|2|3,selection,extra4_ot2_temps2,retained,3,2023-01-05,2023-06-30,2023-07-28,0.95,Hypothetical historical replay,10,2,8,40.0,2,148824,147809,1015,0,0,0.9931798634628823,True,3735,17536,259248.0
selection|extra4_ot2_temps2|retained|50.0|0|1,selection,extra4_ot2_temps2,retained,1,2023-01-05,2023-06-30,2023-07-28,0.95,Hypothetical historical replay,10,0,10,50.0,2,148824,148824,0,0,0,1.0,True,2511,5477,258720.0
selection|extra4_ot2_temps2|retained|50.0|0|3,selection,extra4_ot2_temps2,retained,3,2023-01-05,2023-06-30,2023-07-28,0.95,Hypothetical historical replay,10,0,10,50.0,2,148824,148824,0,0,0,1.0,True,2511,5477,258720.0
selection|extra4_ot2_temps2|retained|50.0|1|1,selection,extra4_ot2_temps2,retained,1,2023-01-05,2023-06-30,2023-07-28,0.95,Hypothetical historical replay,10,1,9,50.0,2,148824,148824,0,0,0,1.0,True,2851,7189,258720.0
selection|extra4_ot2_temps2|retained|50.0|1|3,selection,extra4_ot2_temps2,retained,3,2023-01-05,2023-06-30,2023-07-28,0.95,Hypothetical historical replay,10,1,9,50.0,2,148824,148824,0,0,0,1.0,True,2851,7189,258720.0
selection|extra4_ot2_temps2|retained|50.0|2|1,selection,extra4_ot2_temps2,retained,1,2023-01-05,2023-06-30,2023-07-28,0.95,Hypothetical historical replay,10,2,8,50.0,2,148824,148824,0,0,0,1.0,True,3191,9612,259200.0
selection|extra4_ot2_temps2|retained|50.0|2|3,selection,extra4_ot2_temps2,retained,3,2023-01-05,2023-06-30,2023-07-28,0.95,Hypothetical historical replay,10,2,8,50.0,2,148824,148824,0,0,0,1.0,True,3191,9612,259116.0
selection|extra4_ot2_temps2|deduplicated_sensitivity|30.0|0|1,selection,extra4_ot2_temps2,deduplicated_sensitivity,1,2023-01-05,2023-06-30,2023-07-28,0.95,Hypothetical historical replay,10,0,10,30.0,2,139006,138012,994,0,0,0.9928492295296606,True,3870,13977,259860.0
selection|extra4_ot2_temps2|deduplicated_sensitivity|30.0|0|3,selection,extra4_ot2_temps2,deduplicated_sensitivity,3,2023-01-05,2023-06-30,2023-07-28,0.95,Hypothetical historical replay,10,0,10,30.0,2,139006,137686,1320,0,0,0.9905040070212796,True,3870,14303,259380.0
selection|extra4_ot2_temps2|deduplicated_sensitivity|30.0|1|1,selection,extra4_ot2_temps2,deduplicated_sensitivity,1,2023-01-05,2023-06-30,2023-07-28,0.95,Hypothetical historical replay,10,1,9,30.0,2,139006,137553,1453,0,0,0.9895472137893329,True,4074,19468,259794.0
selection|extra4_ot2_temps2|deduplicated_sensitivity|30.0|1|3,selection,extra4_ot2_temps2,deduplicated_sensitivity,3,2023-01-05,2023-06-30,2023-07-28,0.95,Hypothetical historical replay,10,1,9,30.0,2,139006,137227,1779,0,0,0.9872019912809519,True,4074,19794,259314.0
selection|extra4_ot2_temps2|deduplicated_sensitivity|30.0|2|1,selection,extra4_ot2_temps2,deduplicated_sensitivity,1,2023-01-05,2023-06-30,2023-07-28,0.95,Hypothetical historical replay,10,2,8,30.0,2,139006,137094,1912,0,0,0.9862451980490051,True,4278,30400,261168.0
selection|extra4_ot2_temps2|deduplicated_sensitivity|30.0|2|3,selection,extra4_ot2_temps2,deduplicated_sensitivity,3,2023-01-05,2023-06-30,2023-07-28,0.95,Hypothetical historical replay,10,2,8,30.0,2,139006,136768,2238,0,0,0.9838999755406241,True,4278,31320,260370.0
selection|extra4_ot2_temps2|deduplicated_sensitivity|40.0|0|1,selection,extra4_ot2_temps2,deduplicated_sensitivity,1,2023-01-05,2023-06-30,2023-07-28,0.95,Hypothetical historical replay,10,0,10,40.0,2,139006,139006,0,0,0,1.0,True,3190,6018,259266.0
selection|extra4_ot2_temps2|deduplicated_sensitivity|40.0|0|3,selection,extra4_ot2_temps2,deduplicated_sensitivity,3,2023-01-05,2023-06-30,2023-07-28,0.95,Hypothetical historical replay,10,0,10,40.0,2,139006,139006,0,0,0,1.0,True,3190,6018,259182.0
selection|extra4_ot2_temps2|deduplicated_sensitivity|40.0|1|1,selection,extra4_ot2_temps2,deduplicated_sensitivity,1,2023-01-05,2023-06-30,2023-07-28,0.95,Hypothetical historical replay,10,1,9,40.0,2,139006,139006,0,0,0,1.0,True,3462,7616,259794.0
selection|extra4_ot2_temps2|deduplicated_sensitivity|40.0|1|3,selection,extra4_ot2_temps2,deduplicated_sensitivity,3,2023-01-05,2023-06-30,2023-07-28,0.95,Hypothetical historical replay,10,1,9,40.0,2,139006,138604,402,0,0,0.9971080385019352,True,3462,8018,259314.0
selection|extra4_ot2_temps2|deduplicated_sensitivity|40.0|2|1,selection,extra4_ot2_temps2,deduplicated_sensitivity,1,2023-01-05,2023-06-30,2023-07-28,0.95,Hypothetical historical replay,10,2,8,40.0,2,139006,138427,579,0,0,0.9958347121706976,True,3734,11457,259728.0
selection|extra4_ot2_temps2|deduplicated_sensitivity|40.0|2|3,selection,extra4_ot2_temps2,deduplicated_sensitivity,3,2023-01-05,2023-06-30,2023-07-28,0.95,Hypothetical historical replay,10,2,8,40.0,2,139006,137992,1014,0,0,0.9927053508481648,True,3734,11892,259248.0
selection|extra4_ot2_temps2|deduplicated_sensitivity|50.0|0|1,selection,extra4_ot2_temps2,deduplicated_sensitivity,1,2023-01-05,2023-06-30,2023-07-28,0.95,Hypothetical historical replay,10,0,10,50.0,2,139006,139006,0,0,0,1.0,True,2510,3628,258720.0
selection|extra4_ot2_temps2|deduplicated_sensitivity|50.0|0|3,selection,extra4_ot2_temps2,deduplicated_sensitivity,3,2023-01-05,2023-06-30,2023-07-28,0.95,Hypothetical historical replay,10,0,10,50.0,2,139006,139006,0,0,0,1.0,True,2510,3628,258720.0
selection|extra4_ot2_temps2|deduplicated_sensitivity|50.0|1|1,selection,extra4_ot2_temps2,deduplicated_sensitivity,1,2023-01-05,2023-06-30,2023-07-28,0.95,Hypothetical historical replay,10,1,9,50.0,2,139006,139006,0,0,0,1.0,True,2850,4658,258720.0
selection|extra4_ot2_temps2|deduplicated_sensitivity|50.0|1|3,selection,extra4_ot2_temps2,deduplicated_sensitivity,3,2023-01-05,2023-06-30,2023-07-28,0.95,Hypothetical historical replay,10,1,9,50.0,2,139006,139006,0,0,0,1.0,True,2850,4658,258720.0
selection|extra4_ot2_temps2|deduplicated_sensitivity|50.0|2|1,selection,extra4_ot2_temps2,deduplicated_sensitivity,1,2023-01-05,2023-06-30,2023-07-28,0.95,Hypothetical historical replay,10,2,8,50.0,2,139006,139006,0,0,0,1.0,True,3190,6018,259200.0
selection|extra4_ot2_temps2|deduplicated_sensitivity|50.0|2|3,selection,extra4_ot2_temps2,deduplicated_sensitivity,3,2023-01-05,2023-06-30,2023-07-28,0.95,Hypothetical historical replay,10,2,8,50.0,2,139006,139006,0,0,0,1.0,True,3190,6018,259116.0
selection|extra4_ot2_temps4|retained|30.0|0|1,selection,extra4_ot2_temps4,retained,1,2023-01-05,2023-06-30,2023-07-28,0.95,Hypothetical historical replay,10,0,10,30.0,2,148824,148155,669,0,0,0.9955047572972101,True,3871,19954,260340.0
selection|extra4_ot2_temps4|retained|30.0|0|3,selection,extra4_ot2_temps4,retained,3,2023-01-05,2023-06-30,2023-07-28,0.95,Hypothetical historical replay,10,0,10,30.0,2,148824,147503,1321,0,0,0.9911237434822341,True,3871,20606,259380.0
selection|extra4_ot2_temps4|retained|30.0|1|1,selection,extra4_ot2_temps4,retained,1,2023-01-05,2023-06-30,2023-07-28,0.95,Hypothetical historical replay,10,1,9,30.0,2,148824,147696,1128,0,0,0.9924205773262377,True,4075,27326,260514.0
selection|extra4_ot2_temps4|retained|30.0|1|3,selection,extra4_ot2_temps4,retained,3,2023-01-05,2023-06-30,2023-07-28,0.95,Hypothetical historical replay,10,1,9,30.0,2,148824,147044,1780,0,0,0.9880395635112617,True,4075,27978,259512.0
selection|extra4_ot2_temps4|retained|30.0|2|1,selection,extra4_ot2_temps4,retained,1,2023-01-05,2023-06-30,2023-07-28,0.95,Hypothetical historical replay,10,2,8,30.0,2,148824,147237,1587,0,0,0.9893363973552652,True,4279,42666,262368.0
selection|extra4_ot2_temps4|retained|30.0|2|3,selection,extra4_ot2_temps4,retained,3,2023-01-05,2023-06-30,2023-07-28,0.95,Hypothetical historical replay,10,2,8,30.0,2,148824,146435,2389,0,0,0.983947481588991,True,4279,44675,261096.0
selection|extra4_ot2_temps4|retained|40.0|0|1,selection,extra4_ot2_temps4,retained,1,2023-01-05,2023-06-30,2023-07-28,0.95,Hypothetical historical replay,10,0,10,40.0,2,148824,148824,0,0,0,1.0,True,3191,9612,259440.0
selection|extra4_ot2_temps4|retained|40.0|0|3,selection,extra4_ot2_temps4,retained,3,2023-01-05,2023-06-30,2023-07-28,0.95,Hypothetical historical replay,10,0,10,40.0,2,148824,148824,0,0,0,1.0,True,3191,9612,259182.0
selection|extra4_ot2_temps4|retained|40.0|1|1,selection,extra4_ot2_temps4,retained,1,2023-01-05,2023-06-30,2023-07-28,0.95,Hypothetical historical replay,10,1,9,40.0,2,148824,148824,0,0,0,1.0,True,3463,12298,259845.0
selection|extra4_ot2_temps4|retained|40.0|1|3,selection,extra4_ot2_temps4,retained,3,2023-01-05,2023-06-30,2023-07-28,0.95,Hypothetical historical replay,10,1,9,40.0,2,148824,148421,403,0,0,0.9972921034241788,True,3463,12701,259314.0
selection|extra4_ot2_temps4|retained|40.0|2|1,selection,extra4_ot2_temps4,retained,1,2023-01-05,2023-06-30,2023-07-28,0.95,Hypothetical historical replay,10,2,8,40.0,2,148824,148679,145,0,0,0.9990256947804118,True,3735,16666,260208.0
selection|extra4_ot2_temps4|retained|40.0|2|3,selection,extra4_ot2_temps4,retained,3,2023-01-05,2023-06-30,2023-07-28,0.95,Hypothetical historical replay,10,2,8,40.0,2,148824,147809,1015,0,0,0.9931798634628823,True,3735,17536,259248.0
selection|extra4_ot2_temps4|retained|50.0|0|1,selection,extra4_ot2_temps4,retained,1,2023-01-05,2023-06-30,2023-07-28,0.95,Hypothetical historical replay,10,0,10,50.0,2,148824,148824,0,0,0,1.0,True,2511,5477,258720.0
selection|extra4_ot2_temps4|retained|50.0|0|3,selection,extra4_ot2_temps4,retained,3,2023-01-05,2023-06-30,2023-07-28,0.95,Hypothetical historical replay,10,0,10,50.0,2,148824,148824,0,0,0,1.0,True,2511,5477,258720.0
selection|extra4_ot2_temps4|retained|50.0|1|1,selection,extra4_ot2_temps4,retained,1,2023-01-05,2023-06-30,2023-07-28,0.95,Hypothetical historical replay,10,1,9,50.0,2,148824,148824,0,0,0,1.0,True,2851,7189,258720.0
selection|extra4_ot2_temps4|retained|50.0|1|3,selection,extra4_ot2_temps4,retained,3,2023-01-05,2023-06-30,2023-07-28,0.95,Hypothetical historical replay,10,1,9,50.0,2,148824,148824,0,0,0,1.0,True,2851,7189,258720.0
selection|extra4_ot2_temps4|retained|50.0|2|1,selection,extra4_ot2_temps4,retained,1,2023-01-05,2023-06-30,2023-07-28,0.95,Hypothetical historical replay,10,2,8,50.0,2,148824,148824,0,0,0,1.0,True,3191,9612,259200.0
selection|extra4_ot2_temps4|retained|50.0|2|3,selection,extra4_ot2_temps4,retained,3,2023-01-05,2023-06-30,2023-07-28,0.95,Hypothetical historical replay,10,2,8,50.0,2,148824,148824,0,0,0,1.0,True,3191,9612,259116.0
selection|extra4_ot2_temps4|deduplicated_sensitivity|30.0|0|1,selection,extra4_ot2_temps4,deduplicated_sensitivity,1,2023-01-05,2023-06-30,2023-07-28,0.95,Hypothetical historical replay,10,0,10,30.0,2,139006,138338,668,0,0,0.9951944520380416,True,3870,13651,260340.0
selection|extra4_ot2_temps4|deduplicated_sensitivity|30.0|0|3,selection,extra4_ot2_temps4,deduplicated_sensitivity,3,2023-01-05,2023-06-30,2023-07-28,0.95,Hypothetical historical replay,10,0,10,30.0,2,139006,137686,1320,0,0,0.9905040070212796,True,3870,14303,259380.0
selection|extra4_ot2_temps4|deduplicated_sensitivity|30.0|1|1,selection,extra4_ot2_temps4,deduplicated_sensitivity,1,2023-01-05,2023-06-30,2023-07-28,0.95,Hypothetical historical replay,10,1,9,30.0,2,139006,137879,1127,0,0,0.9918924362977137,True,4074,19142,260274.0
selection|extra4_ot2_temps4|deduplicated_sensitivity|30.0|1|3,selection,extra4_ot2_temps4,deduplicated_sensitivity,3,2023-01-05,2023-06-30,2023-07-28,0.95,Hypothetical historical replay,10,1,9,30.0,2,139006,137227,1779,0,0,0.9872019912809519,True,4074,19794,259314.0
selection|extra4_ot2_temps4|deduplicated_sensitivity|30.0|2|1,selection,extra4_ot2_temps4,deduplicated_sensitivity,1,2023-01-05,2023-06-30,2023-07-28,0.95,Hypothetical historical replay,10,2,8,30.0,2,139006,137420,1586,0,0,0.988590420557386,True,4278,30074,261168.0
selection|extra4_ot2_temps4|deduplicated_sensitivity|30.0|2|3,selection,extra4_ot2_temps4,deduplicated_sensitivity,3,2023-01-05,2023-06-30,2023-07-28,0.95,Hypothetical historical replay,10,2,8,30.0,2,139006,136768,2238,0,0,0.9838999755406241,True,4278,31320,260370.0
selection|extra4_ot2_temps4|deduplicated_sensitivity|40.0|0|1,selection,extra4_ot2_temps4,deduplicated_sensitivity,1,2023-01-05,2023-06-30,2023-07-28,0.95,Hypothetical historical replay,10,0,10,40.0,2,139006,139006,0,0,0,1.0,True,3190,6018,259440.0
selection|extra4_ot2_temps4|deduplicated_sensitivity|40.0|0|3,selection,extra4_ot2_temps4,deduplicated_sensitivity,3,2023-01-05,2023-06-30,2023-07-28,0.95,Hypothetical historical replay,10,0,10,40.0,2,139006,139006,0,0,0,1.0,True,3190,6018,259182.0
selection|extra4_ot2_temps4|deduplicated_sensitivity|40.0|1|1,selection,extra4_ot2_temps4,deduplicated_sensitivity,1,2023-01-05,2023-06-30,2023-07-28,0.95,Hypothetical historical replay,10,1,9,40.0,2,139006,139006,0,0,0,1.0,True,3462,7616,259845.0
selection|extra4_ot2_temps4|deduplicated_sensitivity|40.0|1|3,selection,extra4_ot2_temps4,deduplicated_sensitivity,3,2023-01-05,2023-06-30,2023-07-28,0.95,Hypothetical historical replay,10,1,9,40.0,2,139006,138604,402,0,0,0.9971080385019352,True,3462,8018,259314.0
selection|extra4_ot2_temps4|deduplicated_sensitivity|40.0|2|1,selection,extra4_ot2_temps4,deduplicated_sensitivity,1,2023-01-05,2023-06-30,2023-07-28,0.95,Hypothetical historical replay,10,2,8,40.0,2,139006,138862,144,0,0,0.9989640734932305,True,3734,11022,260208.0
selection|extra4_ot2_temps4|deduplicated_sensitivity|40.0|2|3,selection,extra4_ot2_temps4,deduplicated_sensitivity,3,2023-01-05,2023-06-30,2023-07-28,0.95,Hypothetical historical replay,10,2,8,40.0,2,139006,137992,1014,0,0,0.9927053508481648,True,3734,11892,259248.0
selection|extra4_ot2_temps4|deduplicated_sensitivity|50.0|0|1,selection,extra4_ot2_temps4,deduplicated_sensitivity,1,2023-01-05,2023-06-30,2023-07-28,0.95,Hypothetical historical replay,10,0,10,50.0,2,139006,139006,0,0,0,1.0,True,2510,3628,258720.0
selection|extra4_ot2_temps4|deduplicated_sensitivity|50.0|0|3,selection,extra4_ot2_temps4,deduplicated_sensitivity,3,2023-01-05,2023-06-30,2023-07-28,0.95,Hypothetical historical replay,10,0,10,50.0,2,139006,139006,0,0,0,1.0,True,2510,3628,258720.0
selection|extra4_ot2_temps4|deduplicated_sensitivity|50.0|1|1,selection,extra4_ot2_temps4,deduplicated_sensitivity,1,2023-01-05,2023-06-30,2023-07-28,0.95,Hypothetical historical replay,10,1,9,50.0,2,139006,139006,0,0,0,1.0,True,2850,4658,258720.0
selection|extra4_ot2_temps4|deduplicated_sensitivity|50.0|1|3,selection,extra4_ot2_temps4,deduplicated_sensitivity,3,2023-01-05,2023-06-30,2023-07-28,0.95,Hypothetical historical replay,10,1,9,50.0,2,139006,139006,0,0,0,1.0,True,2850,4658,258720.0
selection|extra4_ot2_temps4|deduplicated_sensitivity|50.0|2|1,selection,extra4_ot2_temps4,deduplicated_sensitivity,1,2023-01-05,2023-06-30,2023-07-28,0.95,Hypothetical historical replay,10,2,8,50.0,2,139006,139006,0,0,0,1.0,True,3190,6018,259200.0
selection|extra4_ot2_temps4|deduplicated_sensitivity|50.0|2|3,selection,extra4_ot2_temps4,deduplicated_sensitivity,3,2023-01-05,2023-06-30,2023-07-28,0.95,Hypothetical historical replay,10,2,8,50.0,2,139006,139006,0,0,0,1.0,True,3190,6018,259116.0
evaluation|extra0_ot0_temps0|retained|30.0|0|1,evaluation,extra0_ot0_temps0,retained,1,2023-07-03,2023-10-19,2023-11-16,0.95,Hypothetical historical replay,6,0,6,30.0,2,79371,48196,31175,0,0,0.6072243010671404,False,4123,129736,104544.0
evaluation|extra0_ot0_temps0|retained|30.0|0|3,evaluation,extra0_ot0_temps0,retained,3,2023-07-03,2023-10-19,2023-11-16,0.95,Hypothetical historical replay,6,0,6,30.0,2,79371,48196,31175,0,0,0.6072243010671404,False,4123,129736,104544.0
evaluation|extra0_ot0_temps0|retained|30.0|1|1,evaluation,extra0_ot0_temps0,retained,1,2023-07-03,2023-10-19,2023-11-16,0.95,Hypothetical historical replay,6,1,5,30.0,2,79371,28923,50448,0,0,0.36440261556487885,False,9165,415929,104544.0
evaluation|extra0_ot0_temps0|retained|30.0|1|3,evaluation,extra0_ot0_temps0,retained,3,2023-07-03,2023-10-19,2023-11-16,0.95,Hypothetical historical replay,6,1,5,30.0,2,79371,28923,50448,0,0,0.36440261556487885,False,9165,415929,104544.0
evaluation|extra0_ot0_temps0|retained|30.0|2|1,evaluation,extra0_ot0_temps0,retained,1,2023-07-03,2023-10-19,2023-11-16,0.95,Hypothetical historical replay,6,2,4,30.0,2,79371,15828,63543,0,0,0.19941792342291265,False,16546,910037,104544.0
evaluation|extra0_ot0_temps0|retained|30.0|2|3,evaluation,extra0_ot0_temps0,retained,3,2023-07-03,2023-10-19,2023-11-16,0.95,Hypothetical historical replay,6,2,4,30.0,2,79371,15828,63543,0,0,0.19941792342291265,False,16546,910037,104544.0
evaluation|extra0_ot0_temps0|retained|40.0|0|1,evaluation,extra0_ot0_temps0,retained,1,2023-07-03,2023-10-19,2023-11-16,0.95,Hypothetical historical replay,6,0,6,40.0,2,79371,73605,5766,0,0,0.9273538194050723,False,3715,42289,104544.0
evaluation|extra0_ot0_temps0|retained|40.0|0|3,evaluation,extra0_ot0_temps0,retained,3,2023-07-03,2023-10-19,2023-11-16,0.95,Hypothetical historical replay,6,0,6,40.0,2,79371,73605,5766,0,0,0.9273538194050723,False,3715,42289,104544.0
evaluation|extra0_ot0_temps0|retained|40.0|1|1,evaluation,extra0_ot0_temps0,retained,1,2023-07-03,2023-10-19,2023-11-16,0.95,Hypothetical historical replay,6,1,5,40.0,2,79371,59979,19392,0,0,0.7556790263446347,False,3987,88344,104544.0
evaluation|extra0_ot0_temps0|retained|40.0|1|3,evaluation,extra0_ot0_temps0,retained,3,2023-07-03,2023-10-19,2023-11-16,0.95,Hypothetical historical replay,6,1,5,40.0,2,79371,59979,19392,0,0,0.7556790263446347,False,3987,88344,104544.0
evaluation|extra0_ot0_temps0|retained|40.0|2|1,evaluation,extra0_ot0_temps0,retained,1,2023-07-03,2023-10-19,2023-11-16,0.95,Hypothetical historical replay,6,2,4,40.0,2,79371,29936,49435,0,0,0.37716546345642615,False,7125,299954,104544.0
evaluation|extra0_ot0_temps0|retained|40.0|2|3,evaluation,extra0_ot0_temps0,retained,3,2023-07-03,2023-10-19,2023-11-16,0.95,Hypothetical historical replay,6,2,4,40.0,2,79371,29936,49435,0,0,0.37716546345642615,False,7125,299954,104544.0
evaluation|extra0_ot0_temps0|retained|50.0|0|1,evaluation,extra0_ot0_temps0,retained,1,2023-07-03,2023-10-19,2023-11-16,0.95,Hypothetical historical replay,6,0,6,50.0,2,79371,77585,1786,0,0,0.9774980786433332,True,3307,18388,104544.0
evaluation|extra0_ot0_temps0|retained|50.0|0|3,evaluation,extra0_ot0_temps0,retained,3,2023-07-03,2023-10-19,2023-11-16,0.95,Hypothetical historical replay,6,0,6,50.0,2,79371,77585,1786,0,0,0.9774980786433332,True,3307,18388,104544.0
evaluation|extra0_ot0_temps0|retained|50.0|1|1,evaluation,extra0_ot0_temps0,retained,1,2023-07-03,2023-10-19,2023-11-16,0.95,Hypothetical historical replay,6,1,5,50.0,2,79371,74829,4542,0,0,0.9427750689798541,False,3647,34809,104544.0
evaluation|extra0_ot0_temps0|retained|50.0|1|3,evaluation,extra0_ot0_temps0,retained,3,2023-07-03,2023-10-19,2023-11-16,0.95,Hypothetical historical replay,6,1,5,50.0,2,79371,74829,4542,0,0,0.9427750689798541,False,3647,34809,104544.0
evaluation|extra0_ot0_temps0|retained|50.0|2|1,evaluation,extra0_ot0_temps0,retained,1,2023-07-03,2023-10-19,2023-11-16,0.95,Hypothetical historical replay,6,2,4,50.0,2,79371,59979,19392,0,0,0.7556790263446347,False,3987,88344,104544.0
evaluation|extra0_ot0_temps0|retained|50.0|2|3,evaluation,extra0_ot0_temps0,retained,3,2023-07-03,2023-10-19,2023-11-16,0.95,Hypothetical historical replay,6,2,4,50.0,2,79371,59979,19392,0,0,0.7556790263446347,False,3987,88344,104544.0
evaluation|extra0_ot0_temps0|deduplicated_sensitivity|30.0|0|1,evaluation,extra0_ot0_temps0,deduplicated_sensitivity,1,2023-07-03,2023-10-19,2023-11-16,0.95,Hypothetical historical replay,6,0,6,30.0,2,76454,51379,25075,0,0,0.6720250085018442,False,4123,109453,104544.0
evaluation|extra0_ot0_temps0|deduplicated_sensitivity|30.0|0|3,evaluation,extra0_ot0_temps0,deduplicated_sensitivity,3,2023-07-03,2023-10-19,2023-11-16,0.95,Hypothetical historical replay,6,0,6,30.0,2,76454,51379,25075,0,0,0.6720250085018442,False,4123,109453,104544.0
evaluation|extra0_ot0_temps0|deduplicated_sensitivity|30.0|1|1,evaluation,extra0_ot0_temps0,deduplicated_sensitivity,1,2023-07-03,2023-10-19,2023-11-16,0.95,Hypothetical historical replay,6,1,5,30.0,2,76454,29040,47414,0,0,0.37983624140005756,False,6249,283842,104544.0
evaluation|extra0_ot0_temps0|deduplicated_sensitivity|30.0|1|3,evaluation,extra0_ot0_temps0,deduplicated_sensitivity,3,2023-07-03,2023-10-19,2023-11-16,0.95,Hypothetical historical replay,6,1,5,30.0,2,76454,29040,47414,0,0,0.37983624140005756,False,6249,283842,104544.0
evaluation|extra0_ot0_temps0|deduplicated_sensitivity|30.0|2|1,evaluation,extra0_ot0_temps0,deduplicated_sensitivity,1,2023-07-03,2023-10-19,2023-11-16,0.95,Hypothetical historical replay,6,2,4,30.0,2,76454,15832,60622,0,0,0.20707876631700106,False,13630,727373,104544.0
evaluation|extra0_ot0_temps0|deduplicated_sensitivity|30.0|2|3,evaluation,extra0_ot0_temps0,deduplicated_sensitivity,3,2023-07-03,2023-10-19,2023-11-16,0.95,Hypothetical historical replay,6,2,4,30.0,2,76454,15832,60622,0,0,0.20707876631700106,False,13630,727373,104544.0
evaluation|extra0_ot0_temps0|deduplicated_sensitivity|40.0|0|1,evaluation,extra0_ot0_temps0,deduplicated_sensitivity,1,2023-07-03,2023-10-19,2023-11-16,0.95,Hypothetical historical replay,6,0,6,40.0,2,76454,71348,5106,0,0,0.933214743505899,False,3715,35869,104544.0
evaluation|extra0_ot0_temps0|deduplicated_sensitivity|40.0|0|3,evaluation,extra0_ot0_temps0,deduplicated_sensitivity,3,2023-07-03,2023-10-19,2023-11-16,0.95,Hypothetical historical replay,6,0,6,40.0,2,76454,71348,5106,0,0,0.933214743505899,False,3715,35869,104544.0
evaluation|extra0_ot0_temps0|deduplicated_sensitivity|40.0|1|1,evaluation,extra0_ot0_temps0,deduplicated_sensitivity,1,2023-07-03,2023-10-19,2023-11-16,0.95,Hypothetical historical replay,6,1,5,40.0,2,76454,59418,17036,0,0,0.777173202186936,False,3987,77228,104544.0
evaluation|extra0_ot0_temps0|deduplicated_sensitivity|40.0|1|3,evaluation,extra0_ot0_temps0,deduplicated_sensitivity,3,2023-07-03,2023-10-19,2023-11-16,0.95,Hypothetical historical replay,6,1,5,40.0,2,76454,59418,17036,0,0,0.777173202186936,False,3987,77228,104544.0
evaluation|extra0_ot0_temps0|deduplicated_sensitivity|40.0|2|1,evaluation,extra0_ot0_temps0,deduplicated_sensitivity,1,2023-07-03,2023-10-19,2023-11-16,0.95,Hypothetical historical replay,6,2,4,40.0,2,76454,36286,40168,0,0,0.4746121851047689,False,4751,180563,104544.0
evaluation|extra0_ot0_temps0|deduplicated_sensitivity|40.0|2|3,evaluation,extra0_ot0_temps0,deduplicated_sensitivity,3,2023-07-03,2023-10-19,2023-11-16,0.95,Hypothetical historical replay,6,2,4,40.0,2,76454,36286,40168,0,0,0.4746121851047689,False,4751,180563,104544.0
evaluation|extra0_ot0_temps0|deduplicated_sensitivity|50.0|0|1,evaluation,extra0_ot0_temps0,deduplicated_sensitivity,1,2023-07-03,2023-10-19,2023-11-16,0.95,Hypothetical historical replay,6,0,6,50.0,2,76454,74668,1786,0,0,0.9766395479634813,True,3307,15392,104544.0
evaluation|extra0_ot0_temps0|deduplicated_sensitivity|50.0|0|3,evaluation,extra0_ot0_temps0,deduplicated_sensitivity,3,2023-07-03,2023-10-19,2023-11-16,0.95,Hypothetical historical replay,6,0,6,50.0,2,76454,74668,1786,0,0,0.9766395479634813,True,3307,15392,104544.0
evaluation|extra0_ot0_temps0|deduplicated_sensitivity|50.0|1|1,evaluation,extra0_ot0_temps0,deduplicated_sensitivity,1,2023-07-03,2023-10-19,2023-11-16,0.95,Hypothetical historical replay,6,1,5,50.0,2,76454,72244,4210,0,0,0.9449342088052947,False,3647,29745,104544.0
evaluation|extra0_ot0_temps0|deduplicated_sensitivity|50.0|1|3,evaluation,extra0_ot0_temps0,deduplicated_sensitivity,3,2023-07-03,2023-10-19,2023-11-16,0.95,Hypothetical historical replay,6,1,5,50.0,2,76454,72244,4210,0,0,0.9449342088052947,False,3647,29745,104544.0
evaluation|extra0_ot0_temps0|deduplicated_sensitivity|50.0|2|1,evaluation,extra0_ot0_temps0,deduplicated_sensitivity,1,2023-07-03,2023-10-19,2023-11-16,0.95,Hypothetical historical replay,6,2,4,50.0,2,76454,59418,17036,0,0,0.777173202186936,False,3987,77228,104544.0
evaluation|extra0_ot0_temps0|deduplicated_sensitivity|50.0|2|3,evaluation,extra0_ot0_temps0,deduplicated_sensitivity,3,2023-07-03,2023-10-19,2023-11-16,0.95,Hypothetical historical replay,6,2,4,50.0,2,76454,59418,17036,0,0,0.777173202186936,False,3987,77228,104544.0
evaluation|extra3_ot2_temps0|retained|30.0|0|1,evaluation,extra3_ot2_temps0,retained,1,2023-07-03,2023-10-19,2023-11-16,0.95,Hypothetical historical replay,9,0,9,30.0,2,79371,77687,1684,0,0,0.978783182774565,True,3511,21638,158070.0
evaluation|extra3_ot2_temps0|retained|30.0|0|3,evaluation,extra3_ot2_temps0,retained,3,2023-07-03,2023-10-19,2023-11-16,0.95,Hypothetical historical replay,9,0,9,30.0,2,79371,77687,1684,0,0,0.978783182774565,True,3511,21638,158070.0
evaluation|extra3_ot2_temps0|retained|30.0|1|1,evaluation,extra3_ot2_temps0,retained,1,2023-07-03,2023-10-19,2023-11-16,0.95,Hypothetical historical replay,9,1,8,30.0,2,79371,76257,3114,0,0,0.9607665268170994,True,3715,31512,159192.0
evaluation|extra3_ot2_temps0|retained|30.0|1|3,evaluation,extra3_ot2_temps0,retained,3,2023-07-03,2023-10-19,2023-11-16,0.95,Hypothetical historical replay,9,1,8,30.0,2,79371,76257,3114,0,0,0.9607665268170994,True,3715,31512,159192.0
evaluation|extra3_ot2_temps0|retained|30.0|2|1,evaluation,extra3_ot2_temps0,retained,1,2023-07-03,2023-10-19,2023-11-16,0.95,Hypothetical historical replay,9,2,7,30.0,2,79371,72941,6430,0,0,0.9189880434919555,False,3919,53771,160347.0
evaluation|extra3_ot2_temps0|retained|30.0|2|3,evaluation,extra3_ot2_temps0,retained,3,2023-07-03,2023-10-19,2023-11-16,0.95,Hypothetical historical replay,9,2,7,30.0,2,79371,72941,6430,0,0,0.9189880434919555,False,3919,53771,160347.0
evaluation|extra3_ot2_temps0|retained|40.0|0|1,evaluation,extra3_ot2_temps0,retained,1,2023-07-03,2023-10-19,2023-11-16,0.95,Hypothetical historical replay,9,0,9,40.0,2,79371,79371,0,0,0,1.0,True,2899,12167,157278.0
evaluation|extra3_ot2_temps0|retained|40.0|0|3,evaluation,extra3_ot2_temps0,retained,3,2023-07-03,2023-10-19,2023-11-16,0.95,Hypothetical historical replay,9,0,9,40.0,2,79371,79371,0,0,0,1.0,True,2899,12167,157278.0
evaluation|extra3_ot2_temps0|retained|40.0|1|1,evaluation,extra3_ot2_temps0,retained,1,2023-07-03,2023-10-19,2023-11-16,0.95,Hypothetical historical replay,9,1,8,40.0,2,79371,78920,451,0,0,0.9943178238903377,True,3171,15124,157608.0
evaluation|extra3_ot2_temps0|retained|40.0|1|3,evaluation,extra3_ot2_temps0,retained,3,2023-07-03,2023-10-19,2023-11-16,0.95,Hypothetical historical replay,9,1,8,40.0,2,79371,78920,451,0,0,0.9943178238903377,True,3171,15124,157608.0
evaluation|extra3_ot2_temps0|retained|40.0|2|1,evaluation,extra3_ot2_temps0,retained,1,2023-07-03,2023-10-19,2023-11-16,0.95,Hypothetical historical replay,9,2,7,40.0,2,79371,77993,1378,0,0,0.9826384951682604,True,3443,19388,157740.0
evaluation|extra3_ot2_temps0|retained|40.0|2|3,evaluation,extra3_ot2_temps0,retained,3,2023-07-03,2023-10-19,2023-11-16,0.95,Hypothetical historical replay,9,2,7,40.0,2,79371,77993,1378,0,0,0.9826384951682604,True,3443,19388,157740.0
evaluation|extra3_ot2_temps0|retained|50.0|0|1,evaluation,extra3_ot2_temps0,retained,1,2023-07-03,2023-10-19,2023-11-16,0.95,Hypothetical historical replay,9,0,9,50.0,2,79371,79371,0,0,0,1.0,True,2287,9440,156816.0
evaluation|extra3_ot2_temps0|retained|50.0|0|3,evaluation,extra3_ot2_temps0,retained,3,2023-07-03,2023-10-19,2023-11-16,0.95,Hypothetical historical replay,9,0,9,50.0,2,79371,79371,0,0,0,1.0,True,2287,9440,156816.0
evaluation|extra3_ot2_temps0|retained|50.0|1|1,evaluation,extra3_ot2_temps0,retained,1,2023-07-03,2023-10-19,2023-11-16,0.95,Hypothetical historical replay,9,1,8,50.0,2,79371,79371,0,0,0,1.0,True,2627,10704,156816.0
evaluation|extra3_ot2_temps0|retained|50.0|1|3,evaluation,extra3_ot2_temps0,retained,3,2023-07-03,2023-10-19,2023-11-16,0.95,Hypothetical historical replay,9,1,8,50.0,2,79371,79371,0,0,0,1.0,True,2627,10704,156816.0
evaluation|extra3_ot2_temps0|retained|50.0|2|1,evaluation,extra3_ot2_temps0,retained,1,2023-07-03,2023-10-19,2023-11-16,0.95,Hypothetical historical replay,9,2,7,50.0,2,79371,79371,0,0,0,1.0,True,2967,12607,157278.0
evaluation|extra3_ot2_temps0|retained|50.0|2|3,evaluation,extra3_ot2_temps0,retained,3,2023-07-03,2023-10-19,2023-11-16,0.95,Hypothetical historical replay,9,2,7,50.0,2,79371,79371,0,0,0,1.0,True,2967,12607,157278.0
evaluation|extra3_ot2_temps0|deduplicated_sensitivity|30.0|0|1,evaluation,extra3_ot2_temps0,deduplicated_sensitivity,1,2023-07-03,2023-10-19,2023-11-16,0.95,Hypothetical historical replay,9,0,9,30.0,2,76454,74770,1684,0,0,0.9779736835221179,True,3511,18239,158004.0
evaluation|extra3_ot2_temps0|deduplicated_sensitivity|30.0|0|3,evaluation,extra3_ot2_temps0,deduplicated_sensitivity,3,2023-07-03,2023-10-19,2023-11-16,0.95,Hypothetical historical replay,9,0,9,30.0,2,76454,74770,1684,0,0,0.9779736835221179,True,3511,18239,158004.0
evaluation|extra3_ot2_temps0|deduplicated_sensitivity|30.0|1|1,evaluation,extra3_ot2_temps0,deduplicated_sensitivity,1,2023-07-03,2023-10-19,2023-11-16,0.95,Hypothetical historical replay,9,1,8,30.0,2,76454,73671,2783,0,0,0.9635990268658278,True,3715,26110,159126.0
evaluation|extra3_ot2_temps0|deduplicated_sensitivity|30.0|1|3,evaluation,extra3_ot2_temps0,deduplicated_sensitivity,3,2023-07-03,2023-10-19,2023-11-16,0.95,Hypothetical historical replay,9,1,8,30.0,2,76454,73671,2783,0,0,0.9635990268658278,True,3715,26110,159126.0
evaluation|extra3_ot2_temps0|deduplicated_sensitivity|30.0|2|1,evaluation,extra3_ot2_temps0,deduplicated_sensitivity,1,2023-07-03,2023-10-19,2023-11-16,0.95,Hypothetical historical replay,9,2,7,30.0,2,76454,71042,5412,0,0,0.9292123368299893,False,3919,45180,160182.0
evaluation|extra3_ot2_temps0|deduplicated_sensitivity|30.0|2|3,evaluation,extra3_ot2_temps0,deduplicated_sensitivity,3,2023-07-03,2023-10-19,2023-11-16,0.95,Hypothetical historical replay,9,2,7,30.0,2,76454,71042,5412,0,0,0.9292123368299893,False,3919,45180,160182.0
evaluation|extra3_ot2_temps0|deduplicated_sensitivity|40.0|0|1,evaluation,extra3_ot2_temps0,deduplicated_sensitivity,1,2023-07-03,2023-10-19,2023-11-16,0.95,Hypothetical historical replay,9,0,9,40.0,2,76454,76454,0,0,0,1.0,True,2899,9332,157278.0
evaluation|extra3_ot2_temps0|deduplicated_sensitivity|40.0|0|3,evaluation,extra3_ot2_temps0,deduplicated_sensitivity,3,2023-07-03,2023-10-19,2023-11-16,0.95,Hypothetical historical replay,9,0,9,40.0,2,76454,76454,0,0,0,1.0,True,2899,9332,157278.0
evaluation|extra3_ot2_temps0|deduplicated_sensitivity|40.0|1|1,evaluation,extra3_ot2_temps0,deduplicated_sensitivity,1,2023-07-03,2023-10-19,2023-11-16,0.95,Hypothetical historical replay,9,1,8,40.0,2,76454,76003,451,0,0,0.9941010280691658,True,3171,12128,157608.0
evaluation|extra3_ot2_temps0|deduplicated_sensitivity|40.0|1|3,evaluation,extra3_ot2_temps0,deduplicated_sensitivity,3,2023-07-03,2023-10-19,2023-11-16,0.95,Hypothetical historical replay,9,1,8,40.0,2,76454,76003,451,0,0,0.9941010280691658,True,3171,12128,157608.0
evaluation|extra3_ot2_temps0|deduplicated_sensitivity|40.0|2|1,evaluation,extra3_ot2_temps0,deduplicated_sensitivity,1,2023-07-03,2023-10-19,2023-11-16,0.95,Hypothetical historical replay,9,2,7,40.0,2,76454,75076,1378,0,0,0.9819760901980276,True,3443,16264,157740.0
evaluation|extra3_ot2_temps0|deduplicated_sensitivity|40.0|2|3,evaluation,extra3_ot2_temps0,deduplicated_sensitivity,3,2023-07-03,2023-10-19,2023-11-16,0.95,Hypothetical historical replay,9,2,7,40.0,2,76454,75076,1378,0,0,0.9819760901980276,True,3443,16264,157740.0
evaluation|extra3_ot2_temps0|deduplicated_sensitivity|50.0|0|1,evaluation,extra3_ot2_temps0,deduplicated_sensitivity,1,2023-07-03,2023-10-19,2023-11-16,0.95,Hypothetical historical replay,9,0,9,50.0,2,76454,76454,0,0,0,1.0,True,2287,6605,156816.0
evaluation|extra3_ot2_temps0|deduplicated_sensitivity|50.0|0|3,evaluation,extra3_ot2_temps0,deduplicated_sensitivity,3,2023-07-03,2023-10-19,2023-11-16,0.95,Hypothetical historical replay,9,0,9,50.0,2,76454,76454,0,0,0,1.0,True,2287,6605,156816.0
evaluation|extra3_ot2_temps0|deduplicated_sensitivity|50.0|1|1,evaluation,extra3_ot2_temps0,deduplicated_sensitivity,1,2023-07-03,2023-10-19,2023-11-16,0.95,Hypothetical historical replay,9,1,8,50.0,2,76454,76454,0,0,0,1.0,True,2627,7869,156816.0
evaluation|extra3_ot2_temps0|deduplicated_sensitivity|50.0|1|3,evaluation,extra3_ot2_temps0,deduplicated_sensitivity,3,2023-07-03,2023-10-19,2023-11-16,0.95,Hypothetical historical replay,9,1,8,50.0,2,76454,76454,0,0,0,1.0,True,2627,7869,156816.0
evaluation|extra3_ot2_temps0|deduplicated_sensitivity|50.0|2|1,evaluation,extra3_ot2_temps0,deduplicated_sensitivity,1,2023-07-03,2023-10-19,2023-11-16,0.95,Hypothetical historical replay,9,2,7,50.0,2,76454,76454,0,0,0,1.0,True,2967,9772,157278.0
evaluation|extra3_ot2_temps0|deduplicated_sensitivity|50.0|2|3,evaluation,extra3_ot2_temps0,deduplicated_sensitivity,3,2023-07-03,2023-10-19,2023-11-16,0.95,Hypothetical historical replay,9,2,7,50.0,2,76454,76454,0,0,0,1.0,True,2967,9772,157278.0
