policy,basis,extra_workers,ot_limit,temp_limit,lead_days,workers,absent,present_workers,rate,service_days,arrivals,completed_on_time,completed_late,overdue_unfinished,pending_not_due,on_time_unit_share,target_met,peak_backlog,backlog_unit_days,regular_cost,overtime_cost,temporary_cost,committed_future_temp_shifts,committed_future_temp_cost,total_cost,overtime_paid_hours,temporary_shifts
extra0_ot0_temps0,retained,0,0,0,1,6,0,6,30.0,2,228195,129428,98767,0,0,0.5671815771598852,False,4687,413524,238656.0,0.0,0.0,0,0,238656.0,0,0
extra0_ot0_temps0,retained,0,0,0,3,6,0,6,30.0,2,228195,129428,98767,0,0,0.5671815771598852,False,4687,413524,238656.0,0.0,0.0,0,0,238656.0,0,0
extra0_ot0_temps0,retained,0,0,0,1,6,1,5,30.0,2,228195,3704,224491,0,0,0.016231731633033153,False,20214,3777723,238656.0,0.0,0.0,0,0,238656.0,0,0
extra0_ot0_temps0,retained,0,0,0,3,6,1,5,30.0,2,228195,3704,224491,0,0,0.016231731633033153,False,20214,3777723,238656.0,0.0,0.0,0,0,238656.0,0,0
extra0_ot0_temps0,retained,0,0,0,1,6,2,4,30.0,2,228195,1826,182590,43779,0,0.008001928175463966,False,60481,11062932,238656.0,0.0,0.0,0,0,238656.0,0,0
extra0_ot0_temps0,retained,0,0,0,3,6,2,4,30.0,2,228195,1826,182590,43779,0,0.008001928175463966,False,60481,11062932,238656.0,0.0,0.0,0,0,238656.0,0,0
extra0_ot0_temps0,retained,0,0,0,1,6,0,6,40.0,2,228195,218629,9566,0,0,0.9580797125265672,True,4279,93937,238656.0,0.0,0.0,0,0,238656.0,0,0
extra0_ot0_temps0,retained,0,0,0,3,6,0,6,40.0,2,228195,218629,9566,0,0,0.9580797125265672,True,4279,93937,238656.0,0.0,0.0,0,0,238656.0,0,0
extra0_ot0_temps0,retained,0,0,0,1,6,1,5,40.0,2,228195,192393,35802,0,0,0.8431078682705581,False,4551,219978,238656.0,0.0,0.0,0,0,238656.0,0,0
extra0_ot0_temps0,retained,0,0,0,3,6,1,5,40.0,2,228195,192393,35802,0,0,0.8431078682705581,False,4551,219978,238656.0,0.0,0.0,0,0,238656.0,0,0
extra0_ot0_temps0,retained,0,0,0,1,6,2,4,40.0,2,228195,26533,201662,0,0,0.11627336269418699,False,12168,1598176,238656.0,0.0,0.0,0,0,238656.0,0,0
extra0_ot0_temps0,retained,0,0,0,3,6,2,4,40.0,2,228195,26533,201662,0,0,0.11627336269418699,False,12168,1598176,238656.0,0.0,0.0,0,0,238656.0,0,0
extra0_ot0_temps0,retained,0,0,0,1,6,0,6,50.0,2,228195,224578,3617,0,0,0.9841495212427968,True,3871,39504,238656.0,0.0,0.0,0,0,238656.0,0,0
extra0_ot0_temps0,retained,0,0,0,3,6,0,6,50.0,2,228195,224578,3617,0,0,0.9841495212427968,True,3871,39504,238656.0,0.0,0.0,0,0,238656.0,0,0
extra0_ot0_temps0,retained,0,0,0,1,6,1,5,50.0,2,228195,220533,7662,0,0,0.966423453625189,True,4211,77716,238656.0,0.0,0.0,0,0,238656.0,0,0
extra0_ot0_temps0,retained,0,0,0,3,6,1,5,50.0,2,228195,220533,7662,0,0,0.966423453625189,True,4211,77716,238656.0,0.0,0.0,0,0,238656.0,0,0
extra0_ot0_temps0,retained,0,0,0,1,6,2,4,50.0,2,228195,192393,35802,0,0,0.8431078682705581,False,4551,219978,238656.0,0.0,0.0,0,0,238656.0,0,0
extra0_ot0_temps0,retained,0,0,0,3,6,2,4,50.0,2,228195,192393,35802,0,0,0.8431078682705581,False,4551,219978,238656.0,0.0,0.0,0,0,238656.0,0,0
extra0_ot0_temps0,deduplicated_sensitivity,0,0,0,1,6,0,6,30.0,2,215460,164243,51217,0,0,0.7622899842198088,False,4686,265470,238656.0,0.0,0.0,0,0,238656.0,0,0
extra0_ot0_temps0,deduplicated_sensitivity,0,0,0,3,6,0,6,30.0,2,215460,164243,51217,0,0,0.7622899842198088,False,4686,265470,238656.0,0.0,0.0,0,0,238656.0,0,0
extra0_ot0_temps0,deduplicated_sensitivity,0,0,0,1,6,1,5,30.0,2,215460,19332,196128,0,0,0.08972431077694236,False,12786,1774507,238656.0,0.0,0.0,0,0,238656.0,0,0
extra0_ot0_temps0,deduplicated_sensitivity,0,0,0,3,6,1,5,30.0,2,215460,19332,196128,0,0,0.08972431077694236,False,12786,1774507,238656.0,0.0,0.0,0,0,238656.0,0,0
extra0_ot0_temps0,deduplicated_sensitivity,0,0,0,1,6,2,4,30.0,2,215460,1826,182590,31044,0,0.008474890931031282,False,47746,8909551,238656.0,0.0,0.0,0,0,238656.0,0,0
extra0_ot0_temps0,deduplicated_sensitivity,0,0,0,3,6,2,4,30.0,2,215460,1826,182590,31044,0,0.008474890931031282,False,47746,8909551,238656.0,0.0,0.0,0,0,238656.0,0,0
extra0_ot0_temps0,deduplicated_sensitivity,0,0,0,1,6,0,6,40.0,2,215460,207265,8195,0,0,0.9619650979300102,True,4278,71957,238656.0,0.0,0.0,0,0,238656.0,0,0
extra0_ot0_temps0,deduplicated_sensitivity,0,0,0,3,6,0,6,40.0,2,215460,207265,8195,0,0,0.9619650979300102,True,4278,71957,238656.0,0.0,0.0,0,0,238656.0,0,0
extra0_ot0_temps0,deduplicated_sensitivity,0,0,0,1,6,1,5,40.0,2,215460,191261,24199,0,0,0.8876868096166342,False,4550,160617,238656.0,0.0,0.0,0,0,238656.0,0,0
extra0_ot0_temps0,deduplicated_sensitivity,0,0,0,3,6,1,5,40.0,2,215460,191261,24199,0,0,0.8876868096166342,False,4550,160617,238656.0,0.0,0.0,0,0,238656.0,0,0
extra0_ot0_temps0,deduplicated_sensitivity,0,0,0,1,6,2,4,40.0,2,215460,53696,161764,0,0,0.24921563167177202,False,7602,839713,238656.0,0.0,0.0,0,0,238656.0,0,0
extra0_ot0_temps0,deduplicated_sensitivity,0,0,0,3,6,2,4,40.0,2,215460,53696,161764,0,0,0.24921563167177202,False,7602,839713,238656.0,0.0,0.0,0,0,238656.0,0,0
extra0_ot0_temps0,deduplicated_sensitivity,0,0,0,1,6,0,6,50.0,2,215460,211844,3616,0,0,0.9832173025155482,True,3870,30205,238656.0,0.0,0.0,0,0,238656.0,0,0
extra0_ot0_temps0,deduplicated_sensitivity,0,0,0,3,6,0,6,50.0,2,215460,211844,3616,0,0,0.9832173025155482,True,3870,30205,238656.0,0.0,0.0,0,0,238656.0,0,0
extra0_ot0_temps0,deduplicated_sensitivity,0,0,0,1,6,1,5,50.0,2,215460,208569,6891,0,0,0.9680172653856864,True,4210,59773,238656.0,0.0,0.0,0,0,238656.0,0,0
extra0_ot0_temps0,deduplicated_sensitivity,0,0,0,3,6,1,5,50.0,2,215460,208569,6891,0,0,0.9680172653856864,True,4210,59773,238656.0,0.0,0.0,0,0,238656.0,0,0
extra0_ot0_temps0,deduplicated_sensitivity,0,0,0,1,6,2,4,50.0,2,215460,191261,24199,0,0,0.8876868096166342,False,4550,160617,238656.0,0.0,0.0,0,0,238656.0,0,0
extra0_ot0_temps0,deduplicated_sensitivity,0,0,0,3,6,2,4,50.0,2,215460,191261,24199,0,0,0.8876868096166342,False,4550,160617,238656.0,0.0,0.0,0,0,238656.0,0,0
extra0_ot0_temps2,retained,0,0,2,1,6,0,6,30.0,2,228195,203557,24638,0,0,0.8920309384517627,False,4687,210208,238656.0,0.0,23760.0,0,0,262416.0,0,99
extra0_ot0_temps2,retained,0,0,2,3,6,0,6,30.0,2,228195,140535,87660,0,0,0.6158548609741669,False,4687,372366,238656.0,0.0,2640.0,0,0,241296.0,0,11
extra0_ot0_temps2,retained,0,0,2,1,6,1,5,30.0,2,228195,154910,73285,0,0,0.6788492298253687,False,4891,351413,238656.0,0.0,48240.0,0,0,286896.0,0,201
extra0_ot0_temps2,retained,0,0,2,3,6,1,5,30.0,2,228195,38895,189300,0,0,0.17044632879773877,False,6560,772758,238656.0,0.0,34320.0,0,0,272976.0,0,143
extra0_ot0_temps2,retained,0,0,2,1,6,2,4,30.0,2,228195,34445,193750,0,0,0.15094546330988848,False,8790,1123124,238656.0,0.0,89280.0,0,0,327936.0,0,372
extra0_ot0_temps2,retained,0,0,2,3,6,2,4,30.0,2,228195,9021,219174,0,0,0.039531979228291596,False,11072,1646477,238656.0,0.0,84000.0,0,0,322656.0,0,350
extra0_ot0_temps2,retained,0,0,2,1,6,0,6,40.0,2,228195,222881,5314,0,0,0.9767128990556323,True,4279,75230,238656.0,0.0,4800.0,0,0,243456.0,0,20
extra0_ot0_temps2,retained,0,0,2,3,6,0,6,40.0,2,228195,218629,9566,0,0,0.9580797125265672,True,4279,93937,238656.0,0.0,0.0,0,0,238656.0,0,0
extra0_ot0_temps2,retained,0,0,2,1,6,1,5,40.0,2,228195,217294,10901,0,0,0.9522294528802121,True,4551,147824,238656.0,0.0,11520.0,0,0,250176.0,0,48
extra0_ot0_temps2,retained,0,0,2,3,6,1,5,40.0,2,228195,193216,34979,0,0,0.8467144328315694,False,4551,218238,238656.0,0.0,480.0,0,0,239136.0,0,2
extra0_ot0_temps2,retained,0,0,2,1,6,2,4,40.0,2,228195,195415,32780,0,0,0.856350927934442,False,4823,249447,238656.0,0.0,32640.0,0,0,271296.0,0,136
extra0_ot0_temps2,retained,0,0,2,3,6,2,4,40.0,2,228195,74688,153507,0,0,0.32729902057450866,False,5920,611223,238656.0,0.0,14400.0,0,0,253056.0,0,60
extra0_ot0_temps2,retained,0,0,2,1,6,0,6,50.0,2,228195,226185,2010,0,0,0.9911917439032406,True,3871,37328,238656.0,0.0,1440.0,0,0,240096.0,0,6
extra0_ot0_temps2,retained,0,0,2,3,6,0,6,50.0,2,228195,224578,3617,0,0,0.9841495212427968,True,3871,39504,238656.0,0.0,0.0,0,0,238656.0,0,0
extra0_ot0_temps2,retained,0,0,2,1,6,1,5,50.0,2,228195,224170,4025,0,0,0.9823615767216635,True,4211,63051,238656.0,0.0,3600.0,0,0,242256.0,0,15
extra0_ot0_temps2,retained,0,0,2,3,6,1,5,50.0,2,228195,220533,7662,0,0,0.966423453625189,True,4211,77716,238656.0,0.0,0.0,0,0,238656.0,0,0
extra0_ot0_temps2,retained,0,0,2,1,6,2,4,50.0,2,228195,218629,9566,0,0,0.9580797125265672,True,4551,141060,238656.0,0.0,10560.0,0,0,249216.0,0,44
extra0_ot0_temps2,retained,0,0,2,3,6,2,4,50.0,2,228195,193271,34924,0,0,0.8469554547645654,False,4551,217964,238656.0,0.0,480.0,0,0,239136.0,0,2
extra0_ot0_temps2,deduplicated_sensitivity,0,0,2,1,6,0,6,30.0,2,215460,198608,16852,0,0,0.9217859463473499,False,4686,167225,238656.0,0.0,16560.0,0,0,255216.0,0,69
extra0_ot0_temps2,deduplicated_sensitivity,0,0,2,3,6,0,6,30.0,2,215460,166827,48633,0,0,0.7742829295460875,False,4686,254712,238656.0,0.0,1440.0,0,0,240096.0,0,6
extra0_ot0_temps2,deduplicated_sensitivity,0,0,2,1,6,1,5,30.0,2,215460,168950,46510,0,0,0.784136266592407,False,4890,270830,238656.0,0.0,38880.0,0,0,277536.0,0,162
extra0_ot0_temps2,deduplicated_sensitivity,0,0,2,3,6,1,5,30.0,2,215460,77239,138221,0,0,0.3584841733964541,False,6138,568682,238656.0,0.0,20640.0,0,0,259296.0,0,86
extra0_ot0_temps2,deduplicated_sensitivity,0,0,2,1,6,2,4,30.0,2,215460,75319,140141,0,0,0.34957300659055046,False,5910,606728,238656.0,0.0,75360.0,0,0,314016.0,0,314
extra0_ot0_temps2,deduplicated_sensitivity,0,0,2,3,6,2,4,30.0,2,215460,15967,199493,0,0,0.07410656270305394,False,7866,1091017,238656.0,0.0,68880.0,0,0,307536.0,0,287
extra0_ot0_temps2,deduplicated_sensitivity,0,0,2,1,6,0,6,40.0,2,215460,210574,4886,0,0,0.9773229369720597,True,4278,56754,238656.0,0.0,4080.0,0,0,242736.0,0,17
extra0_ot0_temps2,deduplicated_sensitivity,0,0,2,3,6,0,6,40.0,2,215460,207265,8195,0,0,0.9619650979300102,True,4278,71957,238656.0,0.0,0.0,0,0,238656.0,0,0
extra0_ot0_temps2,deduplicated_sensitivity,0,0,2,1,6,1,5,40.0,2,215460,206422,9038,0,0,0.9580525387542932,True,4550,119738,238656.0,0.0,7200.0,0,0,245856.0,0,30
extra0_ot0_temps2,deduplicated_sensitivity,0,0,2,3,6,1,5,40.0,2,215460,192083,23377,0,0,0.8915019029054116,False,4550,158877,238656.0,0.0,480.0,0,0,239136.0,0,2
extra0_ot0_temps2,deduplicated_sensitivity,0,0,2,1,6,2,4,40.0,2,215460,193582,21878,0,0,0.8984591107398124,False,4822,200828,238656.0,0.0,25680.0,0,0,264336.0,0,107
extra0_ot0_temps2,deduplicated_sensitivity,0,0,2,3,6,2,4,40.0,2,215460,96971,118489,0,0,0.45006497725795974,False,5892,472957,238656.0,0.0,7920.0,0,0,246576.0,0,33
extra0_ot0_temps2,deduplicated_sensitivity,0,0,2,1,6,0,6,50.0,2,215460,213451,2009,0,0,0.9906757634827811,True,3870,28029,238656.0,0.0,1440.0,0,0,240096.0,0,6
extra0_ot0_temps2,deduplicated_sensitivity,0,0,2,3,6,0,6,50.0,2,215460,211844,3616,0,0,0.9832173025155482,True,3870,30205,238656.0,0.0,0.0,0,0,238656.0,0,0
extra0_ot0_temps2,deduplicated_sensitivity,0,0,2,1,6,1,5,50.0,2,215460,211436,4024,0,0,0.9813236795692936,True,4210,48398,238656.0,0.0,2640.0,0,0,241296.0,0,11
extra0_ot0_temps2,deduplicated_sensitivity,0,0,2,3,6,1,5,50.0,2,215460,208569,6891,0,0,0.9680172653856864,True,4210,59773,238656.0,0.0,0.0,0,0,238656.0,0,0
extra0_ot0_temps2,deduplicated_sensitivity,0,0,2,1,6,2,4,50.0,2,215460,207753,7707,0,0,0.9642300194931774,True,4550,112983,238656.0,0.0,6720.0,0,0,245376.0,0,28
extra0_ot0_temps2,deduplicated_sensitivity,0,0,2,3,6,2,4,50.0,2,215460,192137,23323,0,0,0.8917525294718277,False,4550,158606,238656.0,0.0,480.0,0,0,239136.0,0,2
extra0_ot0_temps4,retained,0,0,4,1,6,0,6,30.0,2,228195,216355,11840,0,0,0.9481145511514275,False,4687,173442,238656.0,0.0,30240.0,0,0,268896.0,0,126
extra0_ot0_temps4,retained,0,0,4,3,6,0,6,30.0,2,228195,142338,85857,0,0,0.6237559981594689,False,4687,365520,238656.0,0.0,3360.0,0,0,242016.0,0,14
extra0_ot0_temps4,retained,0,0,4,1,6,1,5,30.0,2,228195,201878,26317,0,0,0.8846731961699423,False,4891,244152,238656.0,0.0,58560.0,0,0,297216.0,0,244
extra0_ot0_temps4,retained,0,0,4,3,6,1,5,30.0,2,228195,42785,185410,0,0,0.18749315278599443,False,5853,704258,238656.0,0.0,35040.0,0,0,273696.0,0,146
extra0_ot0_temps4,retained,0,0,4,1,6,2,4,30.0,2,228195,174163,54032,0,0,0.7632200530248252,False,5095,331493,238656.0,0.0,101520.0,0,0,340176.0,0,423
extra0_ot0_temps4,retained,0,0,4,3,6,2,4,30.0,2,228195,21627,206568,0,0,0.09477420627095247,False,6804,884329,238656.0,0.0,88560.0,0,0,327216.0,0,369
extra0_ot0_temps4,retained,0,0,4,1,6,0,6,40.0,2,228195,224740,3455,0,0,0.9848594403908938,True,4279,71123,238656.0,0.0,6240.0,0,0,244896.0,0,26
extra0_ot0_temps4,retained,0,0,4,3,6,0,6,40.0,2,228195,218629,9566,0,0,0.9580797125265672,True,4279,93937,238656.0,0.0,0.0,0,0,238656.0,0,0
extra0_ot0_temps4,retained,0,0,4,1,6,1,5,40.0,2,228195,221846,6349,0,0,0.9721773044983457,True,4551,129790,238656.0,0.0,14880.0,0,0,253536.0,0,62
extra0_ot0_temps4,retained,0,0,4,3,6,1,5,40.0,2,228195,193271,34924,0,0,0.8469554547645654,False,4551,217856,238656.0,0.0,720.0,0,0,239376.0,0,3
extra0_ot0_temps4,retained,0,0,4,1,6,2,4,40.0,2,228195,214640,13555,0,0,0.9405990490589189,False,4823,199025,238656.0,0.0,38160.0,0,0,276816.0,0,159
extra0_ot0_temps4,retained,0,0,4,3,6,2,4,40.0,2,228195,79030,149165,0,0,0.34632660663029424,False,5847,574305,238656.0,0.0,15600.0,0,0,254256.0,0,65
extra0_ot0_temps4,retained,0,0,4,1,6,0,6,50.0,2,228195,227273,922,0,0,0.9959595959595959,True,3871,36240,238656.0,0.0,2400.0,0,0,241056.0,0,10
extra0_ot0_temps4,retained,0,0,4,3,6,0,6,50.0,2,228195,224578,3617,0,0,0.9841495212427968,True,3871,39504,238656.0,0.0,0.0,0,0,238656.0,0,0
extra0_ot0_temps4,retained,0,0,4,1,6,1,5,50.0,2,228195,225802,2393,0,0,0.9895133548061965,True,4211,60875,238656.0,0.0,4560.0,0,0,243216.0,0,19
extra0_ot0_temps4,retained,0,0,4,3,6,1,5,50.0,2,228195,220533,7662,0,0,0.966423453625189,True,4211,77716,238656.0,0.0,0.0,0,0,238656.0,0,0
extra0_ot0_temps4,retained,0,0,4,1,6,2,4,50.0,2,228195,223361,4834,0,0,0.9788163631981419,True,4551,122686,238656.0,0.0,12720.0,0,0,251376.0,0,53
extra0_ot0_temps4,retained,0,0,4,3,6,2,4,50.0,2,228195,193271,34924,0,0,0.8469554547645654,False,4551,217964,238656.0,0.0,480.0,0,0,239136.0,0,2
extra0_ot0_temps4,deduplicated_sensitivity,0,0,4,1,6,0,6,30.0,2,215460,206251,9209,0,0,0.9572588879606424,True,4686,142890,238656.0,0.0,20880.0,0,0,259536.0,0,87
extra0_ot0_temps4,deduplicated_sensitivity,0,0,4,3,6,0,6,30.0,2,215460,168636,46824,0,0,0.7826789195210248,False,4686,249170,238656.0,0.0,2160.0,0,0,240816.0,0,9
extra0_ot0_temps4,deduplicated_sensitivity,0,0,4,1,6,1,5,30.0,2,215460,196798,18662,0,0,0.9133853151397011,False,4890,204020,238656.0,0.0,46080.0,0,0,284736.0,0,192
extra0_ot0_temps4,deduplicated_sensitivity,0,0,4,3,6,1,5,30.0,2,215460,82413,133047,0,0,0.3824979114452799,False,5812,527707,238656.0,0.0,21840.0,0,0,260496.0,0,91
extra0_ot0_temps4,deduplicated_sensitivity,0,0,4,1,6,2,4,30.0,2,215460,177802,37658,0,0,0.8252204585537919,False,5094,278905,238656.0,0.0,85920.0,0,0,324576.0,0,358
extra0_ot0_temps4,deduplicated_sensitivity,0,0,4,3,6,2,4,30.0,2,215460,25566,189894,0,0,0.11865775549986077,False,6725,777568,238656.0,0.0,69840.0,0,0,308496.0,0,291
extra0_ot0_temps4,deduplicated_sensitivity,0,0,4,1,6,0,6,40.0,2,215460,212006,3454,0,0,0.9839691822147962,True,4278,54074,238656.0,0.0,4800.0,0,0,243456.0,0,20
extra0_ot0_temps4,deduplicated_sensitivity,0,0,4,3,6,0,6,40.0,2,215460,207265,8195,0,0,0.9619650979300102,True,4278,71957,238656.0,0.0,0.0,0,0,238656.0,0,0
extra0_ot0_temps4,deduplicated_sensitivity,0,0,4,1,6,1,5,40.0,2,215460,210016,5444,0,0,0.974733129119094,True,4550,104556,238656.0,0.0,9600.0,0,0,248256.0,0,40
extra0_ot0_temps4,deduplicated_sensitivity,0,0,4,3,6,1,5,40.0,2,215460,192137,23323,0,0,0.8917525294718277,False,4550,158498,238656.0,0.0,720.0,0,0,239376.0,0,3
extra0_ot0_temps4,deduplicated_sensitivity,0,0,4,1,6,2,4,40.0,2,215460,205706,9754,0,0,0.954729416132925,True,4822,165934,238656.0,0.0,29760.0,0,0,268416.0,0,124
extra0_ot0_temps4,deduplicated_sensitivity,0,0,4,3,6,2,4,40.0,2,215460,100500,114960,0,0,0.46644388749651905,False,5892,454956,238656.0,0.0,8400.0,0,0,247056.0,0,35
extra0_ot0_temps4,deduplicated_sensitivity,0,0,4,1,6,0,6,50.0,2,215460,214539,921,0,0,0.9957254246727931,True,3870,26941,238656.0,0.0,2400.0,0,0,241056.0,0,10
extra0_ot0_temps4,deduplicated_sensitivity,0,0,4,3,6,0,6,50.0,2,215460,211844,3616,0,0,0.9832173025155482,True,3870,30205,238656.0,0.0,0.0,0,0,238656.0,0,0
extra0_ot0_temps4,deduplicated_sensitivity,0,0,4,1,6,1,5,50.0,2,215460,213068,2392,0,0,0.9888981713543117,True,4210,46222,238656.0,0.0,3600.0,0,0,242256.0,0,15
extra0_ot0_temps4,deduplicated_sensitivity,0,0,4,3,6,1,5,50.0,2,215460,208569,6891,0,0,0.9680172653856864,True,4210,59773,238656.0,0.0,0.0,0,0,238656.0,0,0
extra0_ot0_temps4,deduplicated_sensitivity,0,0,4,1,6,2,4,50.0,2,215460,211028,4432,0,0,0.9794300566230391,True,4550,100631,238656.0,0.0,8400.0,0,0,247056.0,0,35
extra0_ot0_temps4,deduplicated_sensitivity,0,0,4,3,6,2,4,50.0,2,215460,192137,23323,0,0,0.8917525294718277,False,4550,158606,238656.0,0.0,480.0,0,0,239136.0,0,2
extra0_ot2_temps0,retained,0,2,0,1,6,0,6,30.0,2,228195,201878,26317,0,0,0.8846731961699423,False,4687,215695,238656.0,19767.0,0.0,0,0,258423.0,599,0
extra0_ot2_temps0,retained,0,2,0,3,6,0,6,30.0,2,228195,201878,26317,0,0,0.8846731961699423,False,4687,215695,238656.0,19767.0,0.0,0,0,258423.0,599,0
extra0_ot2_temps0,retained,0,2,0,1,6,1,5,30.0,2,228195,130398,97797,0,0,0.5714323276145402,False,4891,426916,238656.0,38148.0,0.0,0,0,276804.0,1156,0
extra0_ot2_temps0,retained,0,2,0,3,6,1,5,30.0,2,228195,130398,97797,0,0,0.5714323276145402,False,4891,426916,238656.0,38148.0,0.0,0,0,276804.0,1156,0
extra0_ot2_temps0,retained,0,2,0,1,6,2,4,30.0,2,228195,2740,225455,0,0,0.012007274480159513,False,20418,3841575,238656.0,58773.0,0.0,0,0,297429.0,1781,0
extra0_ot2_temps0,retained,0,2,0,3,6,2,4,30.0,2,228195,2740,225455,0,0,0.012007274480159513,False,20418,3841575,238656.0,58773.0,0.0,0,0,297429.0,1781,0
extra0_ot2_temps0,retained,0,2,0,1,6,0,6,40.0,2,228195,222692,5503,0,0,0.975884660049519,True,4279,76181,238656.0,3597.0,0.0,0,0,242253.0,109,0
extra0_ot2_temps0,retained,0,2,0,3,6,0,6,40.0,2,228195,222692,5503,0,0,0.975884660049519,True,4279,76181,238656.0,3597.0,0.0,0,0,242253.0,109,0
extra0_ot2_temps0,retained,0,2,0,1,6,1,5,40.0,2,228195,214865,13330,0,0,0.9415850478757203,False,4551,159239,238656.0,8019.0,0.0,0,0,246675.0,243,0
extra0_ot2_temps0,retained,0,2,0,3,6,1,5,40.0,2,228195,214865,13330,0,0,0.9415850478757203,False,4551,159239,238656.0,8019.0,0.0,0,0,246675.0,243,0
extra0_ot2_temps0,retained,0,2,0,1,6,2,4,40.0,2,228195,165858,62337,0,0,0.7268257411424439,False,4823,318579,238656.0,23991.0,0.0,0,0,262647.0,727,0
extra0_ot2_temps0,retained,0,2,0,3,6,2,4,40.0,2,228195,165858,62337,0,0,0.7268257411424439,False,4823,318579,238656.0,23991.0,0.0,0,0,262647.0,727,0
extra0_ot2_temps0,retained,0,2,0,1,6,0,6,50.0,2,228195,226108,2087,0,0,0.9908543131970464,True,3871,37464,238656.0,1188.0,0.0,0,0,239844.0,36,0
extra0_ot2_temps0,retained,0,2,0,3,6,0,6,50.0,2,228195,226108,2087,0,0,0.9908543131970464,True,3871,37464,238656.0,1188.0,0.0,0,0,239844.0,36,0
extra0_ot2_temps0,retained,0,2,0,1,6,1,5,50.0,2,228195,223783,4412,0,0,0.980665658756765,True,4211,63907,238656.0,2475.0,0.0,0,0,241131.0,75,0
extra0_ot2_temps0,retained,0,2,0,3,6,1,5,50.0,2,228195,223783,4412,0,0,0.980665658756765,True,4211,63907,238656.0,2475.0,0.0,0,0,241131.0,75,0
extra0_ot2_temps0,retained,0,2,0,1,6,2,4,50.0,2,228195,214814,13381,0,0,0.9413615548105787,False,4551,159388,238656.0,6402.0,0.0,0,0,245058.0,194,0
extra0_ot2_temps0,retained,0,2,0,3,6,2,4,50.0,2,228195,214814,13381,0,0,0.9413615548105787,False,4551,159388,238656.0,6402.0,0.0,0,0,245058.0,194,0
extra0_ot2_temps0,deduplicated_sensitivity,0,2,0,1,6,0,6,30.0,2,215460,197757,17703,0,0,0.9178362573099416,False,4686,171237,238656.0,13563.0,0.0,0,0,252219.0,411,0
extra0_ot2_temps0,deduplicated_sensitivity,0,2,0,3,6,0,6,30.0,2,215460,197757,17703,0,0,0.9178362573099416,False,4686,171237,238656.0,13563.0,0.0,0,0,252219.0,411,0
extra0_ot2_temps0,deduplicated_sensitivity,0,2,0,1,6,1,5,30.0,2,215460,154445,61015,0,0,0.7168151861134318,False,4890,309541,238656.0,30030.0,0.0,0,0,268686.0,910,0
extra0_ot2_temps0,deduplicated_sensitivity,0,2,0,3,6,1,5,30.0,2,215460,154445,61015,0,0,0.7168151861134318,False,4890,309541,238656.0,30030.0,0.0,0,0,268686.0,910,0
extra0_ot2_temps0,deduplicated_sensitivity,0,2,0,1,6,2,4,30.0,2,215460,12905,202555,0,0,0.05989510814072217,False,13449,1950304,238656.0,54978.0,0.0,0,0,293634.0,1666,0
extra0_ot2_temps0,deduplicated_sensitivity,0,2,0,3,6,2,4,30.0,2,215460,12905,202555,0,0,0.05989510814072217,False,13449,1950304,238656.0,54978.0,0.0,0,0,293634.0,1666,0
extra0_ot2_temps0,deduplicated_sensitivity,0,2,0,1,6,0,6,40.0,2,215460,210439,5021,0,0,0.9766963705560197,True,4278,57430,238656.0,2970.0,0.0,0,0,241626.0,90,0
extra0_ot2_temps0,deduplicated_sensitivity,0,2,0,3,6,0,6,40.0,2,215460,210439,5021,0,0,0.9766963705560197,True,4278,57430,238656.0,2970.0,0.0,0,0,241626.0,90,0
extra0_ot2_temps0,deduplicated_sensitivity,0,2,0,1,6,1,5,40.0,2,215460,205193,10267,0,0,0.9523484637519726,True,4550,125868,238656.0,5247.0,0.0,0,0,243903.0,159,0
extra0_ot2_temps0,deduplicated_sensitivity,0,2,0,3,6,1,5,40.0,2,215460,205193,10267,0,0,0.9523484637519726,True,4550,125868,238656.0,5247.0,0.0,0,0,243903.0,159,0
extra0_ot2_temps0,deduplicated_sensitivity,0,2,0,1,6,2,4,40.0,2,215460,174396,41064,0,0,0.8094124199387357,False,4822,248119,238656.0,18381.0,0.0,0,0,257037.0,557,0
extra0_ot2_temps0,deduplicated_sensitivity,0,2,0,3,6,2,4,40.0,2,215460,174396,41064,0,0,0.8094124199387357,False,4822,248119,238656.0,18381.0,0.0,0,0,257037.0,557,0
extra0_ot2_temps0,deduplicated_sensitivity,0,2,0,1,6,0,6,50.0,2,215460,213374,2086,0,0,0.9903183885640026,True,3870,28165,238656.0,1188.0,0.0,0,0,239844.0,36,0
extra0_ot2_temps0,deduplicated_sensitivity,0,2,0,3,6,0,6,50.0,2,215460,213374,2086,0,0,0.9903183885640026,True,3870,28165,238656.0,1188.0,0.0,0,0,239844.0,36,0
extra0_ot2_temps0,deduplicated_sensitivity,0,2,0,1,6,1,5,50.0,2,215460,211079,4381,0,0,0.9796667594913209,True,4210,48964,238656.0,1914.0,0.0,0,0,240570.0,58,0
extra0_ot2_temps0,deduplicated_sensitivity,0,2,0,3,6,1,5,50.0,2,215460,211079,4381,0,0,0.9796667594913209,True,4210,48964,238656.0,1914.0,0.0,0,0,240570.0,58,0
extra0_ot2_temps0,deduplicated_sensitivity,0,2,0,1,6,2,4,50.0,2,215460,205159,10301,0,0,0.9521906618397846,True,4550,126174,238656.0,4158.0,0.0,0,0,242814.0,126,0
extra0_ot2_temps0,deduplicated_sensitivity,0,2,0,3,6,2,4,50.0,2,215460,205159,10301,0,0,0.9521906618397846,True,4550,126174,238656.0,4158.0,0.0,0,0,242814.0,126,0
extra0_ot2_temps2,retained,0,2,2,1,6,0,6,30.0,2,228195,215465,12730,0,0,0.9442143780538574,False,4687,177910,238656.0,8976.0,19200.0,0,0,266832.0,272,80
extra0_ot2_temps2,retained,0,2,2,3,6,0,6,30.0,2,228195,202448,25747,0,0,0.8871710598391727,False,4687,214138,238656.0,19305.0,960.0,0,0,258921.0,585,4
extra0_ot2_temps2,retained,0,2,2,1,6,1,5,30.0,2,228195,197656,30539,0,0,0.8661714761497842,False,4891,258145,238656.0,17193.0,36960.0,0,0,292809.0,521,154
extra0_ot2_temps2,retained,0,2,2,3,6,1,5,30.0,2,228195,145548,82647,0,0,0.6378229146125025,False,4891,375511,238656.0,35013.0,5760.0,0,0,279429.0,1061,24
extra0_ot2_temps2,retained,0,2,2,1,6,2,4,30.0,2,228195,139221,88974,0,0,0.6100966278840465,False,5095,413586,238656.0,28908.0,64080.0,0,0,331644.0,876,267
extra0_ot2_temps2,retained,0,2,2,3,6,2,4,30.0,2,228195,54324,173871,0,0,0.23805955432853482,False,5964,690980,238656.0,46134.0,38880.0,0,0,323670.0,1398,162
extra0_ot2_temps2,retained,0,2,2,1,6,0,6,40.0,2,228195,224659,3536,0,0,0.9845044808168453,True,4279,71231,238656.0,1551.0,4320.0,0,0,244527.0,47,18
extra0_ot2_temps2,retained,0,2,2,3,6,0,6,40.0,2,228195,222692,5503,0,0,0.975884660049519,True,4279,76181,238656.0,3597.0,0.0,0,0,242253.0,109,0
extra0_ot2_temps2,retained,0,2,2,1,6,1,5,40.0,2,228195,221181,7014,0,0,0.969263130217577,True,4551,132595,238656.0,3795.0,9360.0,0,0,251811.0,115,39
extra0_ot2_temps2,retained,0,2,2,3,6,1,5,40.0,2,228195,214865,13330,0,0,0.9415850478757203,False,4551,158804,238656.0,8019.0,480.0,0,0,247155.0,243,2
extra0_ot2_temps2,retained,0,2,2,1,6,2,4,40.0,2,228195,210224,17971,0,0,0.9212471789478297,False,4823,212660,238656.0,8415.0,26880.0,0,0,273951.0,255,112
extra0_ot2_temps2,retained,0,2,2,3,6,2,4,40.0,2,228195,175250,52945,0,0,0.767983522864217,False,4823,295532,238656.0,22605.0,2400.0,0,0,263661.0,685,10
extra0_ot2_temps2,retained,0,2,2,1,6,0,6,50.0,2,228195,227205,990,0,0,0.9956616052060737,True,3871,36308,238656.0,792.0,1440.0,0,0,240888.0,24,6
extra0_ot2_temps2,retained,0,2,2,3,6,0,6,50.0,2,228195,226108,2087,0,0,0.9908543131970464,True,3871,37464,238656.0,1188.0,0.0,0,0,239844.0,36,0
extra0_ot2_temps2,retained,0,2,2,1,6,1,5,50.0,2,228195,225445,2750,0,0,0.9879489033502049,True,4211,61351,238656.0,990.0,3120.0,0,0,242766.0,30,13
extra0_ot2_temps2,retained,0,2,2,3,6,1,5,50.0,2,228195,223783,4412,0,0,0.980665658756765,True,4211,63907,238656.0,2475.0,0.0,0,0,241131.0,75,0
extra0_ot2_temps2,retained,0,2,2,1,6,2,4,50.0,2,228195,221944,6251,0,0,0.9726067617607748,True,4551,127734,238656.0,2475.0,9120.0,0,0,250251.0,75,38
extra0_ot2_temps2,retained,0,2,2,3,6,2,4,50.0,2,228195,214814,13381,0,0,0.9413615548105787,False,4551,158844,238656.0,6402.0,480.0,0,0,245538.0,194,2
extra0_ot2_temps2,deduplicated_sensitivity,0,2,2,1,6,0,6,30.0,2,215460,205767,9693,0,0,0.9550125313283208,True,4686,145746,238656.0,5742.0,13920.0,0,0,258318.0,174,58
extra0_ot2_temps2,deduplicated_sensitivity,0,2,2,3,6,0,6,30.0,2,215460,198326,17134,0,0,0.9204771187227327,False,4686,169709,238656.0,13101.0,960.0,0,0,252717.0,397,4
extra0_ot2_temps2,deduplicated_sensitivity,0,2,2,1,6,1,5,30.0,2,215460,194574,20886,0,0,0.9030632135895293,False,4890,212415,238656.0,12606.0,30240.0,0,0,281502.0,382,126
extra0_ot2_temps2,deduplicated_sensitivity,0,2,2,3,6,1,5,30.0,2,215460,159641,55819,0,0,0.7409310312819085,False,4890,290031,238656.0,28974.0,2880.0,0,0,270510.0,878,12
extra0_ot2_temps2,deduplicated_sensitivity,0,2,2,1,6,2,4,30.0,2,215460,158041,57419,0,0,0.7335050589436555,False,5094,326116,238656.0,23892.0,54720.0,0,0,317268.0,724,228
extra0_ot2_temps2,deduplicated_sensitivity,0,2,2,3,6,2,4,30.0,2,215460,78597,136863,0,0,0.3647869674185464,False,5817,545731,238656.0,42702.0,26400.0,0,0,307758.0,1294,110
extra0_ot2_temps2,deduplicated_sensitivity,0,2,2,1,6,0,6,40.0,2,215460,211925,3535,0,0,0.9835932423651722,True,4278,54182,238656.0,1188.0,3360.0,0,0,243204.0,36,14
extra0_ot2_temps2,deduplicated_sensitivity,0,2,2,3,6,0,6,40.0,2,215460,210439,5021,0,0,0.9766963705560197,True,4278,57430,238656.0,2970.0,0.0,0,0,241626.0,90,0
extra0_ot2_temps2,deduplicated_sensitivity,0,2,2,1,6,1,5,40.0,2,215460,209446,6014,0,0,0.9720876264735914,True,4550,106723,238656.0,2838.0,5760.0,0,0,247254.0,86,24
extra0_ot2_temps2,deduplicated_sensitivity,0,2,2,3,6,1,5,40.0,2,215460,205193,10267,0,0,0.9523484637519726,True,4550,125433,238656.0,5247.0,480.0,0,0,244383.0,159,2
extra0_ot2_temps2,deduplicated_sensitivity,0,2,2,1,6,2,4,40.0,2,215460,202545,12915,0,0,0.9400584795321637,False,4822,178294,238656.0,6369.0,21120.0,0,0,266145.0,193,88
extra0_ot2_temps2,deduplicated_sensitivity,0,2,2,3,6,2,4,40.0,2,215460,180519,34941,0,0,0.8378306878306878,False,4822,233485,238656.0,17457.0,1680.0,0,0,257793.0,529,7
extra0_ot2_temps2,deduplicated_sensitivity,0,2,2,1,6,0,6,50.0,2,215460,214471,989,0,0,0.9954098208484173,True,3870,27009,238656.0,792.0,1440.0,0,0,240888.0,24,6
extra0_ot2_temps2,deduplicated_sensitivity,0,2,2,3,6,0,6,50.0,2,215460,213374,2086,0,0,0.9903183885640026,True,3870,28165,238656.0,1188.0,0.0,0,0,239844.0,36,0
extra0_ot2_temps2,deduplicated_sensitivity,0,2,2,1,6,1,5,50.0,2,215460,212711,2749,0,0,0.987241251276339,True,4210,46698,238656.0,990.0,2160.0,0,0,241806.0,30,9
extra0_ot2_temps2,deduplicated_sensitivity,0,2,2,3,6,1,5,50.0,2,215460,211079,4381,0,0,0.9796667594913209,True,4210,48964,238656.0,1914.0,0.0,0,0,240570.0,58,0
extra0_ot2_temps2,deduplicated_sensitivity,0,2,2,1,6,2,4,50.0,2,215460,210099,5361,0,0,0.9751183514341409,True,4550,103346,238656.0,1980.0,5520.0,0,0,246156.0,60,23
extra0_ot2_temps2,deduplicated_sensitivity,0,2,2,3,6,2,4,50.0,2,215460,205159,10301,0,0,0.9521906618397846,True,4550,125630,238656.0,4158.0,480.0,0,0,243294.0,126,2
extra0_ot2_temps4,retained,0,2,4,1,6,0,6,30.0,2,228195,220005,8190,0,0,0.9641096430684283,True,4687,161490,238656.0,4653.0,27120.0,0,0,270429.0,141,113
extra0_ot2_temps4,retained,0,2,4,3,6,0,6,30.0,2,228195,202853,25342,0,0,0.8889458577094151,False,4687,212862,238656.0,19107.0,1680.0,0,0,259443.0,579,7
extra0_ot2_temps4,retained,0,2,4,1,6,1,5,30.0,2,228195,212132,16063,0,0,0.9296084489143057,False,4891,218879,238656.0,8910.0,51840.0,0,0,299406.0,270,216
extra0_ot2_temps4,retained,0,2,4,3,6,1,5,30.0,2,228195,148815,79380,0,0,0.6521396174324591,False,4891,364696,238656.0,34815.0,6720.0,0,0,280191.0,1055,28
extra0_ot2_temps4,retained,0,2,4,1,6,2,4,30.0,2,228195,196463,31732,0,0,0.8609434913122549,False,5095,285836,238656.0,13662.0,88560.0,0,0,340878.0,414,369
extra0_ot2_temps4,retained,0,2,4,3,6,2,4,30.0,2,228195,65383,162812,0,0,0.2865224917285655,False,5493,604884,238656.0,45144.0,41760.0,0,0,325560.0,1368,174
extra0_ot2_temps4,retained,0,2,4,1,6,0,6,40.0,2,228195,225964,2231,0,0,0.9902232739542934,True,4279,69491,238656.0,1188.0,5760.0,0,0,245604.0,36,24
extra0_ot2_temps4,retained,0,2,4,3,6,0,6,40.0,2,228195,222692,5503,0,0,0.975884660049519,True,4279,76181,238656.0,3597.0,0.0,0,0,242253.0,109,0
extra0_ot2_temps4,retained,0,2,4,1,6,1,5,40.0,2,228195,223863,4332,0,0,0.98101623611385,True,4551,123541,238656.0,1650.0,13440.0,0,0,253746.0,50,56
extra0_ot2_temps4,retained,0,2,4,3,6,1,5,40.0,2,228195,214865,13330,0,0,0.9415850478757203,False,4551,158587,238656.0,8019.0,720.0,0,0,247395.0,243,3
extra0_ot2_temps4,retained,0,2,4,1,6,2,4,40.0,2,228195,218758,9437,0,0,0.9586450185148667,True,4823,186652,238656.0,3630.0,35520.0,0,0,277806.0,110,148
extra0_ot2_temps4,retained,0,2,4,3,6,2,4,40.0,2,228195,177011,51184,0,0,0.7757006069370495,False,4823,291496,238656.0,21813.0,3600.0,0,0,264069.0,661,15
extra0_ot2_temps4,retained,0,2,4,1,6,0,6,50.0,2,228195,227962,233,0,0,0.99897894344749,True,3871,35518,238656.0,561.0,2400.0,0,0,241617.0,17,10
extra0_ot2_temps4,retained,0,2,4,3,6,0,6,50.0,2,228195,226108,2087,0,0,0.9908543131970464,True,3871,37464,238656.0,1188.0,0.0,0,0,239844.0,36,0
extra0_ot2_temps4,retained,0,2,4,1,6,1,5,50.0,2,228195,226763,1432,0,0,0.9937246653081794,True,4211,59771,238656.0,759.0,4560.0,0,0,243975.0,23,19
extra0_ot2_temps4,retained,0,2,4,3,6,1,5,50.0,2,228195,223783,4412,0,0,0.980665658756765,True,4211,63907,238656.0,2475.0,0.0,0,0,241131.0,75,0
extra0_ot2_temps4,retained,0,2,4,1,6,2,4,50.0,2,228195,224735,3460,0,0,0.9848375293060759,True,4551,120751,238656.0,1089.0,11520.0,0,0,251265.0,33,48
extra0_ot2_temps4,retained,0,2,4,3,6,2,4,50.0,2,228195,214814,13381,0,0,0.9413615548105787,False,4551,158844,238656.0,6402.0,480.0,0,0,245538.0,194,2
extra0_ot2_temps4,deduplicated_sensitivity,0,2,4,1,6,0,6,30.0,2,215460,208916,6544,0,0,0.969627773136545,True,4686,132742,238656.0,3432.0,18960.0,0,0,261048.0,104,79
extra0_ot2_temps4,deduplicated_sensitivity,0,2,4,3,6,0,6,30.0,2,215460,198731,16729,0,0,0.922356817970853,False,4686,168407,238656.0,12903.0,1680.0,0,0,253239.0,391,7
extra0_ot2_temps4,deduplicated_sensitivity,0,2,4,1,6,1,5,30.0,2,215460,203678,11782,0,0,0.9453169961941892,False,4890,186646,238656.0,6633.0,42000.0,0,0,287289.0,201,175
extra0_ot2_temps4,deduplicated_sensitivity,0,2,4,3,6,1,5,30.0,2,215460,160796,54664,0,0,0.7462916550635849,False,4890,285793,238656.0,28974.0,3360.0,0,0,270990.0,878,14
extra0_ot2_temps4,deduplicated_sensitivity,0,2,4,1,6,2,4,30.0,2,215460,193020,22440,0,0,0.8958507379560011,False,5094,244674,238656.0,9966.0,76320.0,0,0,324942.0,302,318
extra0_ot2_temps4,deduplicated_sensitivity,0,2,4,3,6,2,4,30.0,2,215460,89854,125606,0,0,0.4170333240508679,False,5446,492588,238656.0,40986.0,30000.0,0,0,309642.0,1242,125
extra0_ot2_temps4,deduplicated_sensitivity,0,2,4,1,6,0,6,40.0,2,215460,213230,2230,0,0,0.9896500510535599,True,4278,52442,238656.0,1188.0,4320.0,0,0,244164.0,36,18
extra0_ot2_temps4,deduplicated_sensitivity,0,2,4,3,6,0,6,40.0,2,215460,210439,5021,0,0,0.9766963705560197,True,4278,57430,238656.0,2970.0,0.0,0,0,241626.0,90,0
extra0_ot2_temps4,deduplicated_sensitivity,0,2,4,1,6,1,5,40.0,2,215460,211394,4066,0,0,0.9811287477954145,True,4550,100925,238656.0,1056.0,8640.0,0,0,248352.0,32,36
extra0_ot2_temps4,deduplicated_sensitivity,0,2,4,3,6,1,5,40.0,2,215460,205193,10267,0,0,0.9523484637519726,True,4550,125216,238656.0,5247.0,720.0,0,0,244623.0,159,3
extra0_ot2_temps4,deduplicated_sensitivity,0,2,4,1,6,2,4,40.0,2,215460,208484,6976,0,0,0.9676227606052168,True,4822,155231,238656.0,2508.0,27840.0,0,0,269004.0,76,116
extra0_ot2_temps4,deduplicated_sensitivity,0,2,4,3,6,2,4,40.0,2,215460,181368,34092,0,0,0.8417710944026734,False,4822,231474,238656.0,16830.0,2640.0,0,0,258126.0,510,11
extra0_ot2_temps4,deduplicated_sensitivity,0,2,4,1,6,0,6,50.0,2,215460,215228,232,0,0,0.9989232340109533,True,3870,26219,238656.0,561.0,2400.0,0,0,241617.0,17,10
extra0_ot2_temps4,deduplicated_sensitivity,0,2,4,3,6,0,6,50.0,2,215460,213374,2086,0,0,0.9903183885640026,True,3870,28165,238656.0,1188.0,0.0,0,0,239844.0,36,0
extra0_ot2_temps4,deduplicated_sensitivity,0,2,4,1,6,1,5,50.0,2,215460,214029,1431,0,0,0.9933583959899749,True,4210,45118,238656.0,759.0,3600.0,0,0,243015.0,23,15
extra0_ot2_temps4,deduplicated_sensitivity,0,2,4,3,6,1,5,50.0,2,215460,211079,4381,0,0,0.9796667594913209,True,4210,48964,238656.0,1914.0,0.0,0,0,240570.0,58,0
extra0_ot2_temps4,deduplicated_sensitivity,0,2,4,1,6,2,4,50.0,2,215460,212048,3412,0,0,0.9841641139886754,True,4550,99446,238656.0,792.0,7440.0,0,0,246888.0,24,31
extra0_ot2_temps4,deduplicated_sensitivity,0,2,4,3,6,2,4,50.0,2,215460,205159,10301,0,0,0.9521906618397846,True,4550,125630,238656.0,4158.0,480.0,0,0,243294.0,126,2
extra1_ot0_temps0,retained,1,0,0,1,7,0,7,30.0,2,228195,204541,23654,0,0,0.8963430399439076,False,4483,171981,278432.0,0.0,0.0,0,0,278432.0,0,0
extra1_ot0_temps0,retained,1,0,0,3,7,0,7,30.0,2,228195,204541,23654,0,0,0.8963430399439076,False,4483,171981,278432.0,0.0,0.0,0,0,278432.0,0,0
extra1_ot0_temps0,retained,1,0,0,1,7,1,6,30.0,2,228195,129428,98767,0,0,0.5671815771598852,False,4687,413524,278432.0,0.0,0.0,0,0,278432.0,0,0
extra1_ot0_temps0,retained,1,0,0,3,7,1,6,30.0,2,228195,129428,98767,0,0,0.5671815771598852,False,4687,413524,278432.0,0.0,0.0,0,0,278432.0,0,0
extra1_ot0_temps0,retained,1,0,0,1,7,2,5,30.0,2,228195,3704,224491,0,0,0.016231731633033153,False,20214,3777723,278432.0,0.0,0.0,0,0,278432.0,0,0
extra1_ot0_temps0,retained,1,0,0,3,7,2,5,30.0,2,228195,3704,224491,0,0,0.016231731633033153,False,20214,3777723,278432.0,0.0,0.0,0,0,278432.0,0,0
extra1_ot0_temps0,retained,1,0,0,1,7,0,7,40.0,2,228195,223748,4447,0,0,0.9805122811630403,True,4007,46676,278432.0,0.0,0.0,0,0,278432.0,0,0
extra1_ot0_temps0,retained,1,0,0,3,7,0,7,40.0,2,228195,223748,4447,0,0,0.9805122811630403,True,4007,46676,278432.0,0.0,0.0,0,0,278432.0,0,0
extra1_ot0_temps0,retained,1,0,0,1,7,1,6,40.0,2,228195,218629,9566,0,0,0.9580797125265672,True,4279,93937,278432.0,0.0,0.0,0,0,278432.0,0,0
extra1_ot0_temps0,retained,1,0,0,3,7,1,6,40.0,2,228195,218629,9566,0,0,0.9580797125265672,True,4279,93937,278432.0,0.0,0.0,0,0,278432.0,0,0
extra1_ot0_temps0,retained,1,0,0,1,7,2,5,40.0,2,228195,192393,35802,0,0,0.8431078682705581,False,4551,219978,278432.0,0.0,0.0,0,0,278432.0,0,0
extra1_ot0_temps0,retained,1,0,0,3,7,2,5,40.0,2,228195,192393,35802,0,0,0.8431078682705581,False,4551,219978,278432.0,0.0,0.0,0,0,278432.0,0,0
extra1_ot0_temps0,retained,1,0,0,1,7,0,7,50.0,2,228195,226457,1738,0,0,0.9923837069173295,True,3531,27462,278432.0,0.0,0.0,0,0,278432.0,0,0
extra1_ot0_temps0,retained,1,0,0,3,7,0,7,50.0,2,228195,226457,1738,0,0,0.9923837069173295,True,3531,27462,278432.0,0.0,0.0,0,0,278432.0,0,0
extra1_ot0_temps0,retained,1,0,0,1,7,1,6,50.0,2,228195,224578,3617,0,0,0.9841495212427968,True,3871,39504,278432.0,0.0,0.0,0,0,278432.0,0,0
extra1_ot0_temps0,retained,1,0,0,3,7,1,6,50.0,2,228195,224578,3617,0,0,0.9841495212427968,True,3871,39504,278432.0,0.0,0.0,0,0,278432.0,0,0
extra1_ot0_temps0,retained,1,0,0,1,7,2,5,50.0,2,228195,220533,7662,0,0,0.966423453625189,True,4211,77716,278432.0,0.0,0.0,0,0,278432.0,0,0
extra1_ot0_temps0,retained,1,0,0,3,7,2,5,50.0,2,228195,220533,7662,0,0,0.966423453625189,True,4211,77716,278432.0,0.0,0.0,0,0,278432.0,0,0
extra1_ot0_temps0,deduplicated_sensitivity,1,0,0,1,7,0,7,30.0,2,215460,197457,18003,0,0,0.9164438874965191,False,4482,132310,278432.0,0.0,0.0,0,0,278432.0,0,0
extra1_ot0_temps0,deduplicated_sensitivity,1,0,0,3,7,0,7,30.0,2,215460,197457,18003,0,0,0.9164438874965191,False,4482,132310,278432.0,0.0,0.0,0,0,278432.0,0,0
extra1_ot0_temps0,deduplicated_sensitivity,1,0,0,1,7,1,6,30.0,2,215460,164243,51217,0,0,0.7622899842198088,False,4686,265470,278432.0,0.0,0.0,0,0,278432.0,0,0
extra1_ot0_temps0,deduplicated_sensitivity,1,0,0,3,7,1,6,30.0,2,215460,164243,51217,0,0,0.7622899842198088,False,4686,265470,278432.0,0.0,0.0,0,0,278432.0,0,0
extra1_ot0_temps0,deduplicated_sensitivity,1,0,0,1,7,2,5,30.0,2,215460,19332,196128,0,0,0.08972431077694236,False,12786,1774507,278432.0,0.0,0.0,0,0,278432.0,0,0
extra1_ot0_temps0,deduplicated_sensitivity,1,0,0,3,7,2,5,30.0,2,215460,19332,196128,0,0,0.08972431077694236,False,12786,1774507,278432.0,0.0,0.0,0,0,278432.0,0,0
extra1_ot0_temps0,deduplicated_sensitivity,1,0,0,1,7,0,7,40.0,2,215460,211028,4432,0,0,0.9794300566230391,True,4006,36126,278432.0,0.0,0.0,0,0,278432.0,0,0
extra1_ot0_temps0,deduplicated_sensitivity,1,0,0,3,7,0,7,40.0,2,215460,211028,4432,0,0,0.9794300566230391,True,4006,36126,278432.0,0.0,0.0,0,0,278432.0,0,0
extra1_ot0_temps0,deduplicated_sensitivity,1,0,0,1,7,1,6,40.0,2,215460,207265,8195,0,0,0.9619650979300102,True,4278,71957,278432.0,0.0,0.0,0,0,278432.0,0,0
extra1_ot0_temps0,deduplicated_sensitivity,1,0,0,3,7,1,6,40.0,2,215460,207265,8195,0,0,0.9619650979300102,True,4278,71957,278432.0,0.0,0.0,0,0,278432.0,0,0
extra1_ot0_temps0,deduplicated_sensitivity,1,0,0,1,7,2,5,40.0,2,215460,191261,24199,0,0,0.8876868096166342,False,4550,160617,278432.0,0.0,0.0,0,0,278432.0,0,0
extra1_ot0_temps0,deduplicated_sensitivity,1,0,0,3,7,2,5,40.0,2,215460,191261,24199,0,0,0.8876868096166342,False,4550,160617,278432.0,0.0,0.0,0,0,278432.0,0,0
extra1_ot0_temps0,deduplicated_sensitivity,1,0,0,1,7,0,7,50.0,2,215460,213723,1737,0,0,0.991938178780284,True,3530,19719,278432.0,0.0,0.0,0,0,278432.0,0,0
extra1_ot0_temps0,deduplicated_sensitivity,1,0,0,3,7,0,7,50.0,2,215460,213723,1737,0,0,0.991938178780284,True,3530,19719,278432.0,0.0,0.0,0,0,278432.0,0,0
extra1_ot0_temps0,deduplicated_sensitivity,1,0,0,1,7,1,6,50.0,2,215460,211844,3616,0,0,0.9832173025155482,True,3870,30205,278432.0,0.0,0.0,0,0,278432.0,0,0
extra1_ot0_temps0,deduplicated_sensitivity,1,0,0,3,7,1,6,50.0,2,215460,211844,3616,0,0,0.9832173025155482,True,3870,30205,278432.0,0.0,0.0,0,0,278432.0,0,0
extra1_ot0_temps0,deduplicated_sensitivity,1,0,0,1,7,2,5,50.0,2,215460,208569,6891,0,0,0.9680172653856864,True,4210,59773,278432.0,0.0,0.0,0,0,278432.0,0,0
extra1_ot0_temps0,deduplicated_sensitivity,1,0,0,3,7,2,5,50.0,2,215460,208569,6891,0,0,0.9680172653856864,True,4210,59773,278432.0,0.0,0.0,0,0,278432.0,0,0
extra1_ot0_temps2,retained,1,0,2,1,7,0,7,30.0,2,228195,217264,10931,0,0,0.9520979863713053,True,4483,135453,278432.0,0.0,9120.0,0,0,287552.0,0,38
extra1_ot0_temps2,retained,1,0,2,3,7,0,7,30.0,2,228195,204739,23456,0,0,0.8972107189026929,False,4483,171205,278432.0,0.0,480.0,0,0,278912.0,0,2
extra1_ot0_temps2,retained,1,0,2,1,7,1,6,30.0,2,228195,203557,24638,0,0,0.8920309384517627,False,4687,210208,278432.0,0.0,23760.0,0,0,302192.0,0,99
extra1_ot0_temps2,retained,1,0,2,3,7,1,6,30.0,2,228195,140535,87660,0,0,0.6158548609741669,False,4687,372366,278432.0,0.0,2640.0,0,0,281072.0,0,11
extra1_ot0_temps2,retained,1,0,2,1,7,2,5,30.0,2,228195,154910,73285,0,0,0.6788492298253687,False,4891,351413,278432.0,0.0,48240.0,0,0,326672.0,0,201
extra1_ot0_temps2,retained,1,0,2,3,7,2,5,30.0,2,228195,38895,189300,0,0,0.17044632879773877,False,6560,772758,278432.0,0.0,34320.0,0,0,312752.0,0,143
extra1_ot0_temps2,retained,1,0,2,1,7,0,7,40.0,2,228195,225067,3128,0,0,0.9862924253379785,True,4007,44311,278432.0,0.0,1680.0,0,0,280112.0,0,7
extra1_ot0_temps2,retained,1,0,2,3,7,0,7,40.0,2,228195,223748,4447,0,0,0.9805122811630403,True,4007,46676,278432.0,0.0,0.0,0,0,278432.0,0,0
extra1_ot0_temps2,retained,1,0,2,1,7,1,6,40.0,2,228195,222881,5314,0,0,0.9767128990556323,True,4279,75230,278432.0,0.0,4800.0,0,0,283232.0,0,20
extra1_ot0_temps2,retained,1,0,2,3,7,1,6,40.0,2,228195,218629,9566,0,0,0.9580797125265672,True,4279,93937,278432.0,0.0,0.0,0,0,278432.0,0,0
extra1_ot0_temps2,retained,1,0,2,1,7,2,5,40.0,2,228195,217294,10901,0,0,0.9522294528802121,True,4551,147824,278432.0,0.0,11520.0,0,0,289952.0,0,48
extra1_ot0_temps2,retained,1,0,2,3,7,2,5,40.0,2,228195,193216,34979,0,0,0.8467144328315694,False,4551,218238,278432.0,0.0,480.0,0,0,278912.0,0,2
extra1_ot0_temps2,retained,1,0,2,1,7,0,7,50.0,2,228195,227545,650,0,0,0.9971515589736848,True,3531,26374,278432.0,0.0,960.0,0,0,279392.0,0,4
extra1_ot0_temps2,retained,1,0,2,3,7,0,7,50.0,2,228195,226457,1738,0,0,0.9923837069173295,True,3531,27462,278432.0,0.0,0.0,0,0,278432.0,0,0
extra1_ot0_temps2,retained,1,0,2,1,7,1,6,50.0,2,228195,226185,2010,0,0,0.9911917439032406,True,3871,37328,278432.0,0.0,1440.0,0,0,279872.0,0,6
extra1_ot0_temps2,retained,1,0,2,3,7,1,6,50.0,2,228195,224578,3617,0,0,0.9841495212427968,True,3871,39504,278432.0,0.0,0.0,0,0,278432.0,0,0
extra1_ot0_temps2,retained,1,0,2,1,7,2,5,50.0,2,228195,224170,4025,0,0,0.9823615767216635,True,4211,63051,278432.0,0.0,3600.0,0,0,282032.0,0,15
extra1_ot0_temps2,retained,1,0,2,3,7,2,5,50.0,2,228195,220533,7662,0,0,0.966423453625189,True,4211,77716,278432.0,0.0,0.0,0,0,278432.0,0,0
extra1_ot0_temps2,deduplicated_sensitivity,1,0,2,1,7,0,7,30.0,2,215460,206665,8795,0,0,0.9591803583031653,True,4482,105272,278432.0,0.0,6480.0,0,0,284912.0,0,27
extra1_ot0_temps2,deduplicated_sensitivity,1,0,2,3,7,0,7,30.0,2,215460,197653,17807,0,0,0.9173535691079551,False,4482,131537,278432.0,0.0,480.0,0,0,278912.0,0,2
extra1_ot0_temps2,deduplicated_sensitivity,1,0,2,1,7,1,6,30.0,2,215460,198608,16852,0,0,0.9217859463473499,False,4686,167225,278432.0,0.0,16560.0,0,0,294992.0,0,69
extra1_ot0_temps2,deduplicated_sensitivity,1,0,2,3,7,1,6,30.0,2,215460,166827,48633,0,0,0.7742829295460875,False,4686,254712,278432.0,0.0,1440.0,0,0,279872.0,0,6
extra1_ot0_temps2,deduplicated_sensitivity,1,0,2,1,7,2,5,30.0,2,215460,168950,46510,0,0,0.784136266592407,False,4890,270830,278432.0,0.0,38880.0,0,0,317312.0,0,162
extra1_ot0_temps2,deduplicated_sensitivity,1,0,2,3,7,2,5,30.0,2,215460,77239,138221,0,0,0.3584841733964541,False,6138,568682,278432.0,0.0,20640.0,0,0,299072.0,0,86
extra1_ot0_temps2,deduplicated_sensitivity,1,0,2,1,7,0,7,40.0,2,215460,212333,3127,0,0,0.9854868653114267,True,4006,33792,278432.0,0.0,1440.0,0,0,279872.0,0,6
extra1_ot0_temps2,deduplicated_sensitivity,1,0,2,3,7,0,7,40.0,2,215460,211028,4432,0,0,0.9794300566230391,True,4006,36126,278432.0,0.0,0.0,0,0,278432.0,0,0
extra1_ot0_temps2,deduplicated_sensitivity,1,0,2,1,7,1,6,40.0,2,215460,210574,4886,0,0,0.9773229369720597,True,4278,56754,278432.0,0.0,4080.0,0,0,282512.0,0,17
extra1_ot0_temps2,deduplicated_sensitivity,1,0,2,3,7,1,6,40.0,2,215460,207265,8195,0,0,0.9619650979300102,True,4278,71957,278432.0,0.0,0.0,0,0,278432.0,0,0
extra1_ot0_temps2,deduplicated_sensitivity,1,0,2,1,7,2,5,40.0,2,215460,206422,9038,0,0,0.9580525387542932,True,4550,119738,278432.0,0.0,7200.0,0,0,285632.0,0,30
extra1_ot0_temps2,deduplicated_sensitivity,1,0,2,3,7,2,5,40.0,2,215460,192083,23377,0,0,0.8915019029054116,False,4550,158877,278432.0,0.0,480.0,0,0,278912.0,0,2
extra1_ot0_temps2,deduplicated_sensitivity,1,0,2,1,7,0,7,50.0,2,215460,214811,649,0,0,0.9969878399702962,True,3530,18631,278432.0,0.0,960.0,0,0,279392.0,0,4
extra1_ot0_temps2,deduplicated_sensitivity,1,0,2,3,7,0,7,50.0,2,215460,213723,1737,0,0,0.991938178780284,True,3530,19719,278432.0,0.0,0.0,0,0,278432.0,0,0
extra1_ot0_temps2,deduplicated_sensitivity,1,0,2,1,7,1,6,50.0,2,215460,213451,2009,0,0,0.9906757634827811,True,3870,28029,278432.0,0.0,1440.0,0,0,279872.0,0,6
extra1_ot0_temps2,deduplicated_sensitivity,1,0,2,3,7,1,6,50.0,2,215460,211844,3616,0,0,0.9832173025155482,True,3870,30205,278432.0,0.0,0.0,0,0,278432.0,0,0
extra1_ot0_temps2,deduplicated_sensitivity,1,0,2,1,7,2,5,50.0,2,215460,211436,4024,0,0,0.9813236795692936,True,4210,48398,278432.0,0.0,2640.0,0,0,281072.0,0,11
extra1_ot0_temps2,deduplicated_sensitivity,1,0,2,3,7,2,5,50.0,2,215460,208569,6891,0,0,0.9680172653856864,True,4210,59773,278432.0,0.0,0.0,0,0,278432.0,0,0
extra1_ot0_temps4,retained,1,0,4,1,7,0,7,30.0,2,228195,221340,6855,0,0,0.9699599027147834,True,4483,117485,278432.0,0.0,14160.0,0,0,292592.0,0,59
extra1_ot0_temps4,retained,1,0,4,3,7,0,7,30.0,2,228195,204739,23456,0,0,0.8972107189026929,False,4483,171205,278432.0,0.0,480.0,0,0,278912.0,0,2
extra1_ot0_temps4,retained,1,0,4,1,7,1,6,30.0,2,228195,216355,11840,0,0,0.9481145511514275,False,4687,173442,278432.0,0.0,30240.0,0,0,308672.0,0,126
extra1_ot0_temps4,retained,1,0,4,3,7,1,6,30.0,2,228195,142338,85857,0,0,0.6237559981594689,False,4687,365520,278432.0,0.0,3360.0,0,0,281792.0,0,14
extra1_ot0_temps4,retained,1,0,4,1,7,2,5,30.0,2,228195,201878,26317,0,0,0.8846731961699423,False,4891,244152,278432.0,0.0,58560.0,0,0,336992.0,0,244
extra1_ot0_temps4,retained,1,0,4,3,7,2,5,30.0,2,228195,42785,185410,0,0,0.18749315278599443,False,5853,704258,278432.0,0.0,35040.0,0,0,313472.0,0,146
extra1_ot0_temps4,retained,1,0,4,1,7,0,7,40.0,2,228195,226293,1902,0,0,0.9916650233353054,True,4007,42571,278432.0,0.0,3120.0,0,0,281552.0,0,13
extra1_ot0_temps4,retained,1,0,4,3,7,0,7,40.0,2,228195,223748,4447,0,0,0.9805122811630403,True,4007,46676,278432.0,0.0,0.0,0,0,278432.0,0,0
extra1_ot0_temps4,retained,1,0,4,1,7,1,6,40.0,2,228195,224740,3455,0,0,0.9848594403908938,True,4279,71123,278432.0,0.0,6240.0,0,0,284672.0,0,26
extra1_ot0_temps4,retained,1,0,4,3,7,1,6,40.0,2,228195,218629,9566,0,0,0.9580797125265672,True,4279,93937,278432.0,0.0,0.0,0,0,278432.0,0,0
extra1_ot0_temps4,retained,1,0,4,1,7,2,5,40.0,2,228195,221846,6349,0,0,0.9721773044983457,True,4551,129790,278432.0,0.0,14880.0,0,0,293312.0,0,62
extra1_ot0_temps4,retained,1,0,4,3,7,2,5,40.0,2,228195,193271,34924,0,0,0.8469554547645654,False,4551,217856,278432.0,0.0,720.0,0,0,279152.0,0,3
extra1_ot0_temps4,retained,1,0,4,1,7,0,7,50.0,2,228195,228132,63,0,0,0.9997239203312956,True,3531,25651,278432.0,0.0,1680.0,0,0,280112.0,0,7
extra1_ot0_temps4,retained,1,0,4,3,7,0,7,50.0,2,228195,226457,1738,0,0,0.9923837069173295,True,3531,27462,278432.0,0.0,0.0,0,0,278432.0,0,0
extra1_ot0_temps4,retained,1,0,4,1,7,1,6,50.0,2,228195,227273,922,0,0,0.9959595959595959,True,3871,36240,278432.0,0.0,2400.0,0,0,280832.0,0,10
extra1_ot0_temps4,retained,1,0,4,3,7,1,6,50.0,2,228195,224578,3617,0,0,0.9841495212427968,True,3871,39504,278432.0,0.0,0.0,0,0,278432.0,0,0
extra1_ot0_temps4,retained,1,0,4,1,7,2,5,50.0,2,228195,225802,2393,0,0,0.9895133548061965,True,4211,60875,278432.0,0.0,4560.0,0,0,282992.0,0,19
extra1_ot0_temps4,retained,1,0,4,3,7,2,5,50.0,2,228195,220533,7662,0,0,0.966423453625189,True,4211,77716,278432.0,0.0,0.0,0,0,278432.0,0,0
extra1_ot0_temps4,deduplicated_sensitivity,1,0,4,1,7,0,7,30.0,2,215460,209524,5936,0,0,0.9724496426250813,True,4482,92501,278432.0,0.0,9600.0,0,0,288032.0,0,40
extra1_ot0_temps4,deduplicated_sensitivity,1,0,4,3,7,0,7,30.0,2,215460,197653,17807,0,0,0.9173535691079551,False,4482,131537,278432.0,0.0,480.0,0,0,278912.0,0,2
extra1_ot0_temps4,deduplicated_sensitivity,1,0,4,1,7,1,6,30.0,2,215460,206251,9209,0,0,0.9572588879606424,True,4686,142890,278432.0,0.0,20880.0,0,0,299312.0,0,87
extra1_ot0_temps4,deduplicated_sensitivity,1,0,4,3,7,1,6,30.0,2,215460,168636,46824,0,0,0.7826789195210248,False,4686,249170,278432.0,0.0,2160.0,0,0,280592.0,0,9
extra1_ot0_temps4,deduplicated_sensitivity,1,0,4,1,7,2,5,30.0,2,215460,196798,18662,0,0,0.9133853151397011,False,4890,204020,278432.0,0.0,46080.0,0,0,324512.0,0,192
extra1_ot0_temps4,deduplicated_sensitivity,1,0,4,3,7,2,5,30.0,2,215460,82413,133047,0,0,0.3824979114452799,False,5812,527707,278432.0,0.0,21840.0,0,0,300272.0,0,91
extra1_ot0_temps4,deduplicated_sensitivity,1,0,4,1,7,0,7,40.0,2,215460,213559,1901,0,0,0.9911770166156131,True,4006,32070,278432.0,0.0,2880.0,0,0,281312.0,0,12
extra1_ot0_temps4,deduplicated_sensitivity,1,0,4,3,7,0,7,40.0,2,215460,211028,4432,0,0,0.9794300566230391,True,4006,36126,278432.0,0.0,0.0,0,0,278432.0,0,0
extra1_ot0_temps4,deduplicated_sensitivity,1,0,4,1,7,1,6,40.0,2,215460,212006,3454,0,0,0.9839691822147962,True,4278,54074,278432.0,0.0,4800.0,0,0,283232.0,0,20
extra1_ot0_temps4,deduplicated_sensitivity,1,0,4,3,7,1,6,40.0,2,215460,207265,8195,0,0,0.9619650979300102,True,4278,71957,278432.0,0.0,0.0,0,0,278432.0,0,0
extra1_ot0_temps4,deduplicated_sensitivity,1,0,4,1,7,2,5,40.0,2,215460,210016,5444,0,0,0.974733129119094,True,4550,104556,278432.0,0.0,9600.0,0,0,288032.0,0,40
extra1_ot0_temps4,deduplicated_sensitivity,1,0,4,3,7,2,5,40.0,2,215460,192137,23323,0,0,0.8917525294718277,False,4550,158498,278432.0,0.0,720.0,0,0,279152.0,0,3
extra1_ot0_temps4,deduplicated_sensitivity,1,0,4,1,7,0,7,50.0,2,215460,215398,62,0,0,0.9997122435718927,True,3530,17908,278432.0,0.0,1680.0,0,0,280112.0,0,7
extra1_ot0_temps4,deduplicated_sensitivity,1,0,4,3,7,0,7,50.0,2,215460,213723,1737,0,0,0.991938178780284,True,3530,19719,278432.0,0.0,0.0,0,0,278432.0,0,0
extra1_ot0_temps4,deduplicated_sensitivity,1,0,4,1,7,1,6,50.0,2,215460,214539,921,0,0,0.9957254246727931,True,3870,26941,278432.0,0.0,2400.0,0,0,280832.0,0,10
extra1_ot0_temps4,deduplicated_sensitivity,1,0,4,3,7,1,6,50.0,2,215460,211844,3616,0,0,0.9832173025155482,True,3870,30205,278432.0,0.0,0.0,0,0,278432.0,0,0
extra1_ot0_temps4,deduplicated_sensitivity,1,0,4,1,7,2,5,50.0,2,215460,213068,2392,0,0,0.9888981713543117,True,4210,46222,278432.0,0.0,3600.0,0,0,282032.0,0,15
extra1_ot0_temps4,deduplicated_sensitivity,1,0,4,3,7,2,5,50.0,2,215460,208569,6891,0,0,0.9680172653856864,True,4210,59773,278432.0,0.0,0.0,0,0,278432.0,0,0
extra1_ot2_temps0,retained,1,2,0,1,7,0,7,30.0,2,228195,217617,10578,0,0,0.9536449089594425,True,4483,135172,278432.0,7788.0,0.0,0,0,286220.0,236,0
extra1_ot2_temps0,retained,1,2,0,3,7,0,7,30.0,2,228195,217617,10578,0,0,0.9536449089594425,True,4483,135172,278432.0,7788.0,0.0,0,0,286220.0,236,0
extra1_ot2_temps0,retained,1,2,0,1,7,1,6,30.0,2,228195,201878,26317,0,0,0.8846731961699423,False,4687,215695,278432.0,19767.0,0.0,0,0,298199.0,599,0
extra1_ot2_temps0,retained,1,2,0,3,7,1,6,30.0,2,228195,201878,26317,0,0,0.8846731961699423,False,4687,215695,278432.0,19767.0,0.0,0,0,298199.0,599,0
extra1_ot2_temps0,retained,1,2,0,1,7,2,5,30.0,2,228195,130398,97797,0,0,0.5714323276145402,False,4891,426916,278432.0,38148.0,0.0,0,0,316580.0,1156,0
extra1_ot2_temps0,retained,1,2,0,3,7,2,5,30.0,2,228195,130398,97797,0,0,0.5714323276145402,False,4891,426916,278432.0,38148.0,0.0,0,0,316580.0,1156,0
extra1_ot2_temps0,retained,1,2,0,1,7,0,7,40.0,2,228195,225190,3005,0,0,0.9868314380244966,True,4007,44147,278432.0,1419.0,0.0,0,0,279851.0,43,0
extra1_ot2_temps0,retained,1,2,0,3,7,0,7,40.0,2,228195,225190,3005,0,0,0.9868314380244966,True,4007,44147,278432.0,1419.0,0.0,0,0,279851.0,43,0
extra1_ot2_temps0,retained,1,2,0,1,7,1,6,40.0,2,228195,222692,5503,0,0,0.975884660049519,True,4279,76181,278432.0,3597.0,0.0,0,0,282029.0,109,0
extra1_ot2_temps0,retained,1,2,0,3,7,1,6,40.0,2,228195,222692,5503,0,0,0.975884660049519,True,4279,76181,278432.0,3597.0,0.0,0,0,282029.0,109,0
extra1_ot2_temps0,retained,1,2,0,1,7,2,5,40.0,2,228195,214865,13330,0,0,0.9415850478757203,False,4551,159239,278432.0,8019.0,0.0,0,0,286451.0,243,0
extra1_ot2_temps0,retained,1,2,0,3,7,2,5,40.0,2,228195,214865,13330,0,0,0.9415850478757203,False,4551,159239,278432.0,8019.0,0.0,0,0,286451.0,243,0
extra1_ot2_temps0,retained,1,2,0,1,7,0,7,50.0,2,228195,227639,556,0,0,0.9975634873682596,True,3531,26272,278432.0,924.0,0.0,0,0,279356.0,28,0
extra1_ot2_temps0,retained,1,2,0,3,7,0,7,50.0,2,228195,227639,556,0,0,0.9975634873682596,True,3531,26272,278432.0,924.0,0.0,0,0,279356.0,28,0
extra1_ot2_temps0,retained,1,2,0,1,7,1,6,50.0,2,228195,226108,2087,0,0,0.9908543131970464,True,3871,37464,278432.0,1188.0,0.0,0,0,279620.0,36,0
extra1_ot2_temps0,retained,1,2,0,3,7,1,6,50.0,2,228195,226108,2087,0,0,0.9908543131970464,True,3871,37464,278432.0,1188.0,0.0,0,0,279620.0,36,0
extra1_ot2_temps0,retained,1,2,0,1,7,2,5,50.0,2,228195,223783,4412,0,0,0.980665658756765,True,4211,63907,278432.0,2475.0,0.0,0,0,280907.0,75,0
extra1_ot2_temps0,retained,1,2,0,3,7,2,5,50.0,2,228195,223783,4412,0,0,0.980665658756765,True,4211,63907,278432.0,2475.0,0.0,0,0,280907.0,75,0
extra1_ot2_temps0,deduplicated_sensitivity,1,2,0,1,7,0,7,30.0,2,215460,206806,8654,0,0,0.9598347721154739,True,4482,105390,278432.0,5643.0,0.0,0,0,284075.0,171,0
extra1_ot2_temps0,deduplicated_sensitivity,1,2,0,3,7,0,7,30.0,2,215460,206806,8654,0,0,0.9598347721154739,True,4482,105390,278432.0,5643.0,0.0,0,0,284075.0,171,0
extra1_ot2_temps0,deduplicated_sensitivity,1,2,0,1,7,1,6,30.0,2,215460,197757,17703,0,0,0.9178362573099416,False,4686,171237,278432.0,13563.0,0.0,0,0,291995.0,411,0
extra1_ot2_temps0,deduplicated_sensitivity,1,2,0,3,7,1,6,30.0,2,215460,197757,17703,0,0,0.9178362573099416,False,4686,171237,278432.0,13563.0,0.0,0,0,291995.0,411,0
extra1_ot2_temps0,deduplicated_sensitivity,1,2,0,1,7,2,5,30.0,2,215460,154445,61015,0,0,0.7168151861134318,False,4890,309541,278432.0,30030.0,0.0,0,0,308462.0,910,0
extra1_ot2_temps0,deduplicated_sensitivity,1,2,0,3,7,2,5,30.0,2,215460,154445,61015,0,0,0.7168151861134318,False,4890,309541,278432.0,30030.0,0.0,0,0,308462.0,910,0
extra1_ot2_temps0,deduplicated_sensitivity,1,2,0,1,7,0,7,40.0,2,215460,212456,3004,0,0,0.9860577369349299,True,4006,33628,278432.0,1386.0,0.0,0,0,279818.0,42,0
extra1_ot2_temps0,deduplicated_sensitivity,1,2,0,3,7,0,7,40.0,2,215460,212456,3004,0,0,0.9860577369349299,True,4006,33628,278432.0,1386.0,0.0,0,0,279818.0,42,0
extra1_ot2_temps0,deduplicated_sensitivity,1,2,0,1,7,1,6,40.0,2,215460,210439,5021,0,0,0.9766963705560197,True,4278,57430,278432.0,2970.0,0.0,0,0,281402.0,90,0
extra1_ot2_temps0,deduplicated_sensitivity,1,2,0,3,7,1,6,40.0,2,215460,210439,5021,0,0,0.9766963705560197,True,4278,57430,278432.0,2970.0,0.0,0,0,281402.0,90,0
extra1_ot2_temps0,deduplicated_sensitivity,1,2,0,1,7,2,5,40.0,2,215460,205193,10267,0,0,0.9523484637519726,True,4550,125868,278432.0,5247.0,0.0,0,0,283679.0,159,0
extra1_ot2_temps0,deduplicated_sensitivity,1,2,0,3,7,2,5,40.0,2,215460,205193,10267,0,0,0.9523484637519726,True,4550,125868,278432.0,5247.0,0.0,0,0,283679.0,159,0
extra1_ot2_temps0,deduplicated_sensitivity,1,2,0,1,7,0,7,50.0,2,215460,214905,555,0,0,0.9974241158451684,True,3530,18529,278432.0,924.0,0.0,0,0,279356.0,28,0
extra1_ot2_temps0,deduplicated_sensitivity,1,2,0,3,7,0,7,50.0,2,215460,214905,555,0,0,0.9974241158451684,True,3530,18529,278432.0,924.0,0.0,0,0,279356.0,28,0
extra1_ot2_temps0,deduplicated_sensitivity,1,2,0,1,7,1,6,50.0,2,215460,213374,2086,0,0,0.9903183885640026,True,3870,28165,278432.0,1188.0,0.0,0,0,279620.0,36,0
extra1_ot2_temps0,deduplicated_sensitivity,1,2,0,3,7,1,6,50.0,2,215460,213374,2086,0,0,0.9903183885640026,True,3870,28165,278432.0,1188.0,0.0,0,0,279620.0,36,0
extra1_ot2_temps0,deduplicated_sensitivity,1,2,0,1,7,2,5,50.0,2,215460,211079,4381,0,0,0.9796667594913209,True,4210,48964,278432.0,1914.0,0.0,0,0,280346.0,58,0
extra1_ot2_temps0,deduplicated_sensitivity,1,2,0,3,7,2,5,50.0,2,215460,211079,4381,0,0,0.9796667594913209,True,4210,48964,278432.0,1914.0,0.0,0,0,280346.0,58,0
extra1_ot2_temps2,retained,1,2,2,1,7,0,7,30.0,2,228195,221557,6638,0,0,0.9709108437958763,True,4483,117555,278432.0,5016.0,7920.0,0,0,291368.0,152,33
extra1_ot2_temps2,retained,1,2,2,3,7,0,7,30.0,2,228195,217617,10578,0,0,0.9536449089594425,True,4483,134846,278432.0,7788.0,480.0,0,0,286700.0,236,2
extra1_ot2_temps2,retained,1,2,2,1,7,1,6,30.0,2,228195,215465,12730,0,0,0.9442143780538574,False,4687,177910,278432.0,8976.0,19200.0,0,0,306608.0,272,80
extra1_ot2_temps2,retained,1,2,2,3,7,1,6,30.0,2,228195,202448,25747,0,0,0.8871710598391727,False,4687,214138,278432.0,19305.0,960.0,0,0,298697.0,585,4
extra1_ot2_temps2,retained,1,2,2,1,7,2,5,30.0,2,228195,197656,30539,0,0,0.8661714761497842,False,4891,258145,278432.0,17193.0,36960.0,0,0,332585.0,521,154
extra1_ot2_temps2,retained,1,2,2,3,7,2,5,30.0,2,228195,145548,82647,0,0,0.6378229146125025,False,4891,375511,278432.0,35013.0,5760.0,0,0,319205.0,1061,24
extra1_ot2_temps2,retained,1,2,2,1,7,0,7,40.0,2,228195,226375,1820,0,0,0.9920243651263174,True,4007,42611,278432.0,1287.0,1680.0,0,0,281399.0,39,7
extra1_ot2_temps2,retained,1,2,2,3,7,0,7,40.0,2,228195,225190,3005,0,0,0.9868314380244966,True,4007,44147,278432.0,1419.0,0.0,0,0,279851.0,43,0
extra1_ot2_temps2,retained,1,2,2,1,7,1,6,40.0,2,228195,224659,3536,0,0,0.9845044808168453,True,4279,71231,278432.0,1551.0,4320.0,0,0,284303.0,47,18
extra1_ot2_temps2,retained,1,2,2,3,7,1,6,40.0,2,228195,222692,5503,0,0,0.975884660049519,True,4279,76181,278432.0,3597.0,0.0,0,0,282029.0,109,0
extra1_ot2_temps2,retained,1,2,2,1,7,2,5,40.0,2,228195,221181,7014,0,0,0.969263130217577,True,4551,132595,278432.0,3795.0,9360.0,0,0,291587.0,115,39
extra1_ot2_temps2,retained,1,2,2,3,7,2,5,40.0,2,228195,214865,13330,0,0,0.9415850478757203,False,4551,158804,278432.0,8019.0,480.0,0,0,286931.0,243,2
extra1_ot2_temps2,retained,1,2,2,1,7,0,7,50.0,2,228195,228183,12,0,0,0.9999474133964372,True,3531,25694,278432.0,528.0,960.0,0,0,279920.0,16,4
extra1_ot2_temps2,retained,1,2,2,3,7,0,7,50.0,2,228195,227639,556,0,0,0.9975634873682596,True,3531,26272,278432.0,924.0,0.0,0,0,279356.0,28,0
extra1_ot2_temps2,retained,1,2,2,1,7,1,6,50.0,2,228195,227205,990,0,0,0.9956616052060737,True,3871,36308,278432.0,792.0,1440.0,0,0,280664.0,24,6
extra1_ot2_temps2,retained,1,2,2,3,7,1,6,50.0,2,228195,226108,2087,0,0,0.9908543131970464,True,3871,37464,278432.0,1188.0,0.0,0,0,279620.0,36,0
extra1_ot2_temps2,retained,1,2,2,1,7,2,5,50.0,2,228195,225445,2750,0,0,0.9879489033502049,True,4211,61351,278432.0,990.0,3120.0,0,0,282542.0,30,13
extra1_ot2_temps2,retained,1,2,2,3,7,2,5,50.0,2,228195,223783,4412,0,0,0.980665658756765,True,4211,63907,278432.0,2475.0,0.0,0,0,280907.0,75,0
extra1_ot2_temps2,deduplicated_sensitivity,1,2,2,1,7,0,7,30.0,2,215460,209710,5750,0,0,0.9733129119094032,True,4482,91677,278432.0,3861.0,5040.0,0,0,287333.0,117,21
extra1_ot2_temps2,deduplicated_sensitivity,1,2,2,3,7,0,7,30.0,2,215460,206806,8654,0,0,0.9598347721154739,True,4482,105064,278432.0,5643.0,480.0,0,0,284555.0,171,2
extra1_ot2_temps2,deduplicated_sensitivity,1,2,2,1,7,1,6,30.0,2,215460,205767,9693,0,0,0.9550125313283208,True,4686,145746,278432.0,5742.0,13920.0,0,0,298094.0,174,58
extra1_ot2_temps2,deduplicated_sensitivity,1,2,2,3,7,1,6,30.0,2,215460,198326,17134,0,0,0.9204771187227327,False,4686,169709,278432.0,13101.0,960.0,0,0,292493.0,397,4
extra1_ot2_temps2,deduplicated_sensitivity,1,2,2,1,7,2,5,30.0,2,215460,194574,20886,0,0,0.9030632135895293,False,4890,212415,278432.0,12606.0,30240.0,0,0,321278.0,382,126
extra1_ot2_temps2,deduplicated_sensitivity,1,2,2,3,7,2,5,30.0,2,215460,159641,55819,0,0,0.7409310312819085,False,4890,290031,278432.0,28974.0,2880.0,0,0,310286.0,878,12
extra1_ot2_temps2,deduplicated_sensitivity,1,2,2,1,7,0,7,40.0,2,215460,213641,1819,0,0,0.9915575976979486,True,4006,32092,278432.0,1287.0,1440.0,0,0,281159.0,39,6
extra1_ot2_temps2,deduplicated_sensitivity,1,2,2,3,7,0,7,40.0,2,215460,212456,3004,0,0,0.9860577369349299,True,4006,33628,278432.0,1386.0,0.0,0,0,279818.0,42,0
extra1_ot2_temps2,deduplicated_sensitivity,1,2,2,1,7,1,6,40.0,2,215460,211925,3535,0,0,0.9835932423651722,True,4278,54182,278432.0,1188.0,3360.0,0,0,282980.0,36,14
extra1_ot2_temps2,deduplicated_sensitivity,1,2,2,3,7,1,6,40.0,2,215460,210439,5021,0,0,0.9766963705560197,True,4278,57430,278432.0,2970.0,0.0,0,0,281402.0,90,0
extra1_ot2_temps2,deduplicated_sensitivity,1,2,2,1,7,2,5,40.0,2,215460,209446,6014,0,0,0.9720876264735914,True,4550,106723,278432.0,2838.0,5760.0,0,0,287030.0,86,24
extra1_ot2_temps2,deduplicated_sensitivity,1,2,2,3,7,2,5,40.0,2,215460,205193,10267,0,0,0.9523484637519726,True,4550,125433,278432.0,5247.0,480.0,0,0,284159.0,159,2
extra1_ot2_temps2,deduplicated_sensitivity,1,2,2,1,7,0,7,50.0,2,215460,215449,11,0,0,0.9999489464401745,True,3530,17951,278432.0,528.0,960.0,0,0,279920.0,16,4
extra1_ot2_temps2,deduplicated_sensitivity,1,2,2,3,7,0,7,50.0,2,215460,214905,555,0,0,0.9974241158451684,True,3530,18529,278432.0,924.0,0.0,0,0,279356.0,28,0
extra1_ot2_temps2,deduplicated_sensitivity,1,2,2,1,7,1,6,50.0,2,215460,214471,989,0,0,0.9954098208484173,True,3870,27009,278432.0,792.0,1440.0,0,0,280664.0,24,6
extra1_ot2_temps2,deduplicated_sensitivity,1,2,2,3,7,1,6,50.0,2,215460,213374,2086,0,0,0.9903183885640026,True,3870,28165,278432.0,1188.0,0.0,0,0,279620.0,36,0
extra1_ot2_temps2,deduplicated_sensitivity,1,2,2,1,7,2,5,50.0,2,215460,212711,2749,0,0,0.987241251276339,True,4210,46698,278432.0,990.0,2160.0,0,0,281582.0,30,9
extra1_ot2_temps2,deduplicated_sensitivity,1,2,2,3,7,2,5,50.0,2,215460,211079,4381,0,0,0.9796667594913209,True,4210,48964,278432.0,1914.0,0.0,0,0,280346.0,58,0
extra1_ot2_temps4,retained,1,2,4,1,7,0,7,30.0,2,228195,223671,4524,0,0,0.9801748504568462,True,4483,109080,278432.0,2607.0,12720.0,0,0,293759.0,79,53
extra1_ot2_temps4,retained,1,2,4,3,7,0,7,30.0,2,228195,217617,10578,0,0,0.9536449089594425,True,4483,134846,278432.0,7788.0,480.0,0,0,286700.0,236,2
extra1_ot2_temps4,retained,1,2,4,1,7,1,6,30.0,2,228195,220005,8190,0,0,0.9641096430684283,True,4687,161490,278432.0,4653.0,27120.0,0,0,310205.0,141,113
extra1_ot2_temps4,retained,1,2,4,3,7,1,6,30.0,2,228195,202853,25342,0,0,0.8889458577094151,False,4687,212862,278432.0,19107.0,1680.0,0,0,299219.0,579,7
extra1_ot2_temps4,retained,1,2,4,1,7,2,5,30.0,2,228195,212132,16063,0,0,0.9296084489143057,False,4891,218879,278432.0,8910.0,51840.0,0,0,339182.0,270,216
extra1_ot2_temps4,retained,1,2,4,3,7,2,5,30.0,2,228195,148815,79380,0,0,0.6521396174324591,False,4891,364696,278432.0,34815.0,6720.0,0,0,319967.0,1055,28
extra1_ot2_temps4,retained,1,2,4,1,7,0,7,40.0,2,228195,227245,950,0,0,0.9958368938846163,True,4007,41619,278432.0,924.0,3120.0,0,0,282476.0,28,13
extra1_ot2_temps4,retained,1,2,4,3,7,0,7,40.0,2,228195,225190,3005,0,0,0.9868314380244966,True,4007,44147,278432.0,1419.0,0.0,0,0,279851.0,43,0
extra1_ot2_temps4,retained,1,2,4,1,7,1,6,40.0,2,228195,225964,2231,0,0,0.9902232739542934,True,4279,69491,278432.0,1188.0,5760.0,0,0,285380.0,36,24
extra1_ot2_temps4,retained,1,2,4,3,7,1,6,40.0,2,228195,222692,5503,0,0,0.975884660049519,True,4279,76181,278432.0,3597.0,0.0,0,0,282029.0,109,0
extra1_ot2_temps4,retained,1,2,4,1,7,2,5,40.0,2,228195,223863,4332,0,0,0.98101623611385,True,4551,123541,278432.0,1650.0,13440.0,0,0,293522.0,50,56
extra1_ot2_temps4,retained,1,2,4,3,7,2,5,40.0,2,228195,214865,13330,0,0,0.9415850478757203,False,4551,158587,278432.0,8019.0,720.0,0,0,287171.0,243,3
extra1_ot2_temps4,retained,1,2,4,1,7,0,7,50.0,2,228195,228195,0,0,0,1.0,True,3531,25588,278432.0,66.0,1680.0,0,0,280178.0,2,7
extra1_ot2_temps4,retained,1,2,4,3,7,0,7,50.0,2,228195,227639,556,0,0,0.9975634873682596,True,3531,26272,278432.0,924.0,0.0,0,0,279356.0,28,0
extra1_ot2_temps4,retained,1,2,4,1,7,1,6,50.0,2,228195,227962,233,0,0,0.99897894344749,True,3871,35518,278432.0,561.0,2400.0,0,0,281393.0,17,10
extra1_ot2_temps4,retained,1,2,4,3,7,1,6,50.0,2,228195,226108,2087,0,0,0.9908543131970464,True,3871,37464,278432.0,1188.0,0.0,0,0,279620.0,36,0
extra1_ot2_temps4,retained,1,2,4,1,7,2,5,50.0,2,228195,226763,1432,0,0,0.9937246653081794,True,4211,59771,278432.0,759.0,4560.0,0,0,283751.0,23,19
extra1_ot2_temps4,retained,1,2,4,3,7,2,5,50.0,2,228195,223783,4412,0,0,0.980665658756765,True,4211,63907,278432.0,2475.0,0.0,0,0,280907.0,75,0
extra1_ot2_temps4,deduplicated_sensitivity,1,2,4,1,7,0,7,30.0,2,215460,211199,4261,0,0,0.9802237074166898,True,4482,86016,278432.0,1716.0,8640.0,0,0,288788.0,52,36
extra1_ot2_temps4,deduplicated_sensitivity,1,2,4,3,7,0,7,30.0,2,215460,206806,8654,0,0,0.9598347721154739,True,4482,105064,278432.0,5643.0,480.0,0,0,284555.0,171,2
extra1_ot2_temps4,deduplicated_sensitivity,1,2,4,1,7,1,6,30.0,2,215460,208916,6544,0,0,0.969627773136545,True,4686,132742,278432.0,3432.0,18960.0,0,0,300824.0,104,79
extra1_ot2_temps4,deduplicated_sensitivity,1,2,4,3,7,1,6,30.0,2,215460,198731,16729,0,0,0.922356817970853,False,4686,168407,278432.0,12903.0,1680.0,0,0,293015.0,391,7
extra1_ot2_temps4,deduplicated_sensitivity,1,2,4,1,7,2,5,30.0,2,215460,203678,11782,0,0,0.9453169961941892,False,4890,186646,278432.0,6633.0,42000.0,0,0,327065.0,201,175
extra1_ot2_temps4,deduplicated_sensitivity,1,2,4,3,7,2,5,30.0,2,215460,160796,54664,0,0,0.7462916550635849,False,4890,285793,278432.0,28974.0,3360.0,0,0,310766.0,878,14
extra1_ot2_temps4,deduplicated_sensitivity,1,2,4,1,7,0,7,40.0,2,215460,214511,949,0,0,0.9955954701568737,True,4006,31118,278432.0,924.0,2880.0,0,0,282236.0,28,12
extra1_ot2_temps4,deduplicated_sensitivity,1,2,4,3,7,0,7,40.0,2,215460,212456,3004,0,0,0.9860577369349299,True,4006,33628,278432.0,1386.0,0.0,0,0,279818.0,42,0
extra1_ot2_temps4,deduplicated_sensitivity,1,2,4,1,7,1,6,40.0,2,215460,213230,2230,0,0,0.9896500510535599,True,4278,52442,278432.0,1188.0,4320.0,0,0,283940.0,36,18
extra1_ot2_temps4,deduplicated_sensitivity,1,2,4,3,7,1,6,40.0,2,215460,210439,5021,0,0,0.9766963705560197,True,4278,57430,278432.0,2970.0,0.0,0,0,281402.0,90,0
extra1_ot2_temps4,deduplicated_sensitivity,1,2,4,1,7,2,5,40.0,2,215460,211394,4066,0,0,0.9811287477954145,True,4550,100925,278432.0,1056.0,8640.0,0,0,288128.0,32,36
extra1_ot2_temps4,deduplicated_sensitivity,1,2,4,3,7,2,5,40.0,2,215460,205193,10267,0,0,0.9523484637519726,True,4550,125216,278432.0,5247.0,720.0,0,0,284399.0,159,3
extra1_ot2_temps4,deduplicated_sensitivity,1,2,4,1,7,0,7,50.0,2,215460,215460,0,0,0,1.0,True,3530,17846,278432.0,66.0,1680.0,0,0,280178.0,2,7
extra1_ot2_temps4,deduplicated_sensitivity,1,2,4,3,7,0,7,50.0,2,215460,214905,555,0,0,0.9974241158451684,True,3530,18529,278432.0,924.0,0.0,0,0,279356.0,28,0
extra1_ot2_temps4,deduplicated_sensitivity,1,2,4,1,7,1,6,50.0,2,215460,215228,232,0,0,0.9989232340109533,True,3870,26219,278432.0,561.0,2400.0,0,0,281393.0,17,10
extra1_ot2_temps4,deduplicated_sensitivity,1,2,4,3,7,1,6,50.0,2,215460,213374,2086,0,0,0.9903183885640026,True,3870,28165,278432.0,1188.0,0.0,0,0,279620.0,36,0
extra1_ot2_temps4,deduplicated_sensitivity,1,2,4,1,7,2,5,50.0,2,215460,214029,1431,0,0,0.9933583959899749,True,4210,45118,278432.0,759.0,3600.0,0,0,282791.0,23,15
extra1_ot2_temps4,deduplicated_sensitivity,1,2,4,3,7,2,5,50.0,2,215460,211079,4381,0,0,0.9796667594913209,True,4210,48964,278432.0,1914.0,0.0,0,0,280346.0,58,0
extra2_ot0_temps0,retained,2,0,0,1,8,0,8,30.0,2,228195,218629,9566,0,0,0.9580797125265672,True,4279,93937,318208.0,0.0,0.0,0,0,318208.0,0,0
extra2_ot0_temps0,retained,2,0,0,3,8,0,8,30.0,2,228195,218629,9566,0,0,0.9580797125265672,True,4279,93937,318208.0,0.0,0.0,0,0,318208.0,0,0
extra2_ot0_temps0,retained,2,0,0,1,8,1,7,30.0,2,228195,204541,23654,0,0,0.8963430399439076,False,4483,171981,318208.0,0.0,0.0,0,0,318208.0,0,0
extra2_ot0_temps0,retained,2,0,0,3,8,1,7,30.0,2,228195,204541,23654,0,0,0.8963430399439076,False,4483,171981,318208.0,0.0,0.0,0,0,318208.0,0,0
extra2_ot0_temps0,retained,2,0,0,1,8,2,6,30.0,2,228195,129428,98767,0,0,0.5671815771598852,False,4687,413524,318208.0,0.0,0.0,0,0,318208.0,0,0
extra2_ot0_temps0,retained,2,0,0,3,8,2,6,30.0,2,228195,129428,98767,0,0,0.5671815771598852,False,4687,413524,318208.0,0.0,0.0,0,0,318208.0,0,0
extra2_ot0_temps0,retained,2,0,0,1,8,0,8,40.0,2,228195,225394,2801,0,0,0.9877254102850632,True,3735,34292,318208.0,0.0,0.0,0,0,318208.0,0,0
extra2_ot0_temps0,retained,2,0,0,3,8,0,8,40.0,2,228195,225394,2801,0,0,0.9877254102850632,True,3735,34292,318208.0,0.0,0.0,0,0,318208.0,0,0
extra2_ot0_temps0,retained,2,0,0,1,8,1,7,40.0,2,228195,223748,4447,0,0,0.9805122811630403,True,4007,46676,318208.0,0.0,0.0,0,0,318208.0,0,0
extra2_ot0_temps0,retained,2,0,0,3,8,1,7,40.0,2,228195,223748,4447,0,0,0.9805122811630403,True,4007,46676,318208.0,0.0,0.0,0,0,318208.0,0,0
extra2_ot0_temps0,retained,2,0,0,1,8,2,6,40.0,2,228195,218629,9566,0,0,0.9580797125265672,True,4279,93937,318208.0,0.0,0.0,0,0,318208.0,0,0
extra2_ot0_temps0,retained,2,0,0,3,8,2,6,40.0,2,228195,218629,9566,0,0,0.9580797125265672,True,4279,93937,318208.0,0.0,0.0,0,0,318208.0,0,0
extra2_ot0_temps0,retained,2,0,0,1,8,0,8,50.0,2,228195,227724,471,0,0,0.9979359758101624,True,3191,20787,318208.0,0.0,0.0,0,0,318208.0,0,0
extra2_ot0_temps0,retained,2,0,0,3,8,0,8,50.0,2,228195,227724,471,0,0,0.9979359758101624,True,3191,20787,318208.0,0.0,0.0,0,0,318208.0,0,0
extra2_ot0_temps0,retained,2,0,0,1,8,1,7,50.0,2,228195,226457,1738,0,0,0.9923837069173295,True,3531,27462,318208.0,0.0,0.0,0,0,318208.0,0,0
extra2_ot0_temps0,retained,2,0,0,3,8,1,7,50.0,2,228195,226457,1738,0,0,0.9923837069173295,True,3531,27462,318208.0,0.0,0.0,0,0,318208.0,0,0
extra2_ot0_temps0,retained,2,0,0,1,8,2,6,50.0,2,228195,224578,3617,0,0,0.9841495212427968,True,3871,39504,318208.0,0.0,0.0,0,0,318208.0,0,0
extra2_ot0_temps0,retained,2,0,0,3,8,2,6,50.0,2,228195,224578,3617,0,0,0.9841495212427968,True,3871,39504,318208.0,0.0,0.0,0,0,318208.0,0,0
extra2_ot0_temps0,deduplicated_sensitivity,2,0,0,1,8,0,8,30.0,2,215460,207265,8195,0,0,0.9619650979300102,True,4278,71957,318208.0,0.0,0.0,0,0,318208.0,0,0
extra2_ot0_temps0,deduplicated_sensitivity,2,0,0,3,8,0,8,30.0,2,215460,207265,8195,0,0,0.9619650979300102,True,4278,71957,318208.0,0.0,0.0,0,0,318208.0,0,0
extra2_ot0_temps0,deduplicated_sensitivity,2,0,0,1,8,1,7,30.0,2,215460,197457,18003,0,0,0.9164438874965191,False,4482,132310,318208.0,0.0,0.0,0,0,318208.0,0,0
extra2_ot0_temps0,deduplicated_sensitivity,2,0,0,3,8,1,7,30.0,2,215460,197457,18003,0,0,0.9164438874965191,False,4482,132310,318208.0,0.0,0.0,0,0,318208.0,0,0
extra2_ot0_temps0,deduplicated_sensitivity,2,0,0,1,8,2,6,30.0,2,215460,164243,51217,0,0,0.7622899842198088,False,4686,265470,318208.0,0.0,0.0,0,0,318208.0,0,0
extra2_ot0_temps0,deduplicated_sensitivity,2,0,0,3,8,2,6,30.0,2,215460,164243,51217,0,0,0.7622899842198088,False,4686,265470,318208.0,0.0,0.0,0,0,318208.0,0,0
extra2_ot0_temps0,deduplicated_sensitivity,2,0,0,1,8,0,8,40.0,2,215460,212660,2800,0,0,0.9870045484080572,True,3734,25652,318208.0,0.0,0.0,0,0,318208.0,0,0
extra2_ot0_temps0,deduplicated_sensitivity,2,0,0,3,8,0,8,40.0,2,215460,212660,2800,0,0,0.9870045484080572,True,3734,25652,318208.0,0.0,0.0,0,0,318208.0,0,0
extra2_ot0_temps0,deduplicated_sensitivity,2,0,0,1,8,1,7,40.0,2,215460,211028,4432,0,0,0.9794300566230391,True,4006,36126,318208.0,0.0,0.0,0,0,318208.0,0,0
extra2_ot0_temps0,deduplicated_sensitivity,2,0,0,3,8,1,7,40.0,2,215460,211028,4432,0,0,0.9794300566230391,True,4006,36126,318208.0,0.0,0.0,0,0,318208.0,0,0
extra2_ot0_temps0,deduplicated_sensitivity,2,0,0,1,8,2,6,40.0,2,215460,207265,8195,0,0,0.9619650979300102,True,4278,71957,318208.0,0.0,0.0,0,0,318208.0,0,0
extra2_ot0_temps0,deduplicated_sensitivity,2,0,0,3,8,2,6,40.0,2,215460,207265,8195,0,0,0.9619650979300102,True,4278,71957,318208.0,0.0,0.0,0,0,318208.0,0,0
extra2_ot0_temps0,deduplicated_sensitivity,2,0,0,1,8,0,8,50.0,2,215460,214990,470,0,0,0.9978186206256382,True,3190,14357,318208.0,0.0,0.0,0,0,318208.0,0,0
extra2_ot0_temps0,deduplicated_sensitivity,2,0,0,3,8,0,8,50.0,2,215460,214990,470,0,0,0.9978186206256382,True,3190,14357,318208.0,0.0,0.0,0,0,318208.0,0,0
extra2_ot0_temps0,deduplicated_sensitivity,2,0,0,1,8,1,7,50.0,2,215460,213723,1737,0,0,0.991938178780284,True,3530,19719,318208.0,0.0,0.0,0,0,318208.0,0,0
extra2_ot0_temps0,deduplicated_sensitivity,2,0,0,3,8,1,7,50.0,2,215460,213723,1737,0,0,0.991938178780284,True,3530,19719,318208.0,0.0,0.0,0,0,318208.0,0,0
extra2_ot0_temps0,deduplicated_sensitivity,2,0,0,1,8,2,6,50.0,2,215460,211844,3616,0,0,0.9832173025155482,True,3870,30205,318208.0,0.0,0.0,0,0,318208.0,0,0
extra2_ot0_temps0,deduplicated_sensitivity,2,0,0,3,8,2,6,50.0,2,215460,211844,3616,0,0,0.9832173025155482,True,3870,30205,318208.0,0.0,0.0,0,0,318208.0,0,0
extra2_ot0_temps2,retained,2,0,2,1,8,0,8,30.0,2,228195,222118,6077,0,0,0.9733692675124346,True,4279,78235,318208.0,0.0,5040.0,0,0,323248.0,0,21
extra2_ot0_temps2,retained,2,0,2,3,8,0,8,30.0,2,228195,218629,9566,0,0,0.9580797125265672,True,4279,93937,318208.0,0.0,0.0,0,0,318208.0,0,0
extra2_ot0_temps2,retained,2,0,2,1,8,1,7,30.0,2,228195,217264,10931,0,0,0.9520979863713053,True,4483,135453,318208.0,0.0,9120.0,0,0,327328.0,0,38
extra2_ot0_temps2,retained,2,0,2,3,8,1,7,30.0,2,228195,204739,23456,0,0,0.8972107189026929,False,4483,171205,318208.0,0.0,480.0,0,0,318688.0,0,2
extra2_ot0_temps2,retained,2,0,2,1,8,2,6,30.0,2,228195,203557,24638,0,0,0.8920309384517627,False,4687,210208,318208.0,0.0,23760.0,0,0,341968.0,0,99
extra2_ot0_temps2,retained,2,0,2,3,8,2,6,30.0,2,228195,140535,87660,0,0,0.6158548609741669,False,4687,372366,318208.0,0.0,2640.0,0,0,320848.0,0,11
extra2_ot0_temps2,retained,2,0,2,1,8,0,8,40.0,2,228195,226511,1684,0,0,0.9926203466333618,True,3735,32628,318208.0,0.0,1440.0,0,0,319648.0,0,6
extra2_ot0_temps2,retained,2,0,2,3,8,0,8,40.0,2,228195,225394,2801,0,0,0.9877254102850632,True,3735,34292,318208.0,0.0,0.0,0,0,318208.0,0,0
extra2_ot0_temps2,retained,2,0,2,1,8,1,7,40.0,2,228195,225067,3128,0,0,0.9862924253379785,True,4007,44311,318208.0,0.0,1680.0,0,0,319888.0,0,7
extra2_ot0_temps2,retained,2,0,2,3,8,1,7,40.0,2,228195,223748,4447,0,0,0.9805122811630403,True,4007,46676,318208.0,0.0,0.0,0,0,318208.0,0,0
extra2_ot0_temps2,retained,2,0,2,1,8,2,6,40.0,2,228195,222881,5314,0,0,0.9767128990556323,True,4279,75230,318208.0,0.0,4800.0,0,0,323008.0,0,20
extra2_ot0_temps2,retained,2,0,2,3,8,2,6,40.0,2,228195,218629,9566,0,0,0.9580797125265672,True,4279,93937,318208.0,0.0,0.0,0,0,318208.0,0,0
extra2_ot0_temps2,retained,2,0,2,1,8,0,8,50.0,2,228195,228195,0,0,0,1.0,True,3191,20316,318208.0,0.0,480.0,0,0,318688.0,0,2
extra2_ot0_temps2,retained,2,0,2,3,8,0,8,50.0,2,228195,227724,471,0,0,0.9979359758101624,True,3191,20787,318208.0,0.0,0.0,0,0,318208.0,0,0
extra2_ot0_temps2,retained,2,0,2,1,8,1,7,50.0,2,228195,227545,650,0,0,0.9971515589736848,True,3531,26374,318208.0,0.0,960.0,0,0,319168.0,0,4
extra2_ot0_temps2,retained,2,0,2,3,8,1,7,50.0,2,228195,226457,1738,0,0,0.9923837069173295,True,3531,27462,318208.0,0.0,0.0,0,0,318208.0,0,0
extra2_ot0_temps2,retained,2,0,2,1,8,2,6,50.0,2,228195,226185,2010,0,0,0.9911917439032406,True,3871,37328,318208.0,0.0,1440.0,0,0,319648.0,0,6
extra2_ot0_temps2,retained,2,0,2,3,8,2,6,50.0,2,228195,224578,3617,0,0,0.9841495212427968,True,3871,39504,318208.0,0.0,0.0,0,0,318208.0,0,0
extra2_ot0_temps2,deduplicated_sensitivity,2,0,2,1,8,0,8,30.0,2,215460,210016,5444,0,0,0.974733129119094,True,4278,58928,318208.0,0.0,4320.0,0,0,322528.0,0,18
extra2_ot0_temps2,deduplicated_sensitivity,2,0,2,3,8,0,8,30.0,2,215460,207265,8195,0,0,0.9619650979300102,True,4278,71957,318208.0,0.0,0.0,0,0,318208.0,0,0
extra2_ot0_temps2,deduplicated_sensitivity,2,0,2,1,8,1,7,30.0,2,215460,206665,8795,0,0,0.9591803583031653,True,4482,105272,318208.0,0.0,6480.0,0,0,324688.0,0,27
extra2_ot0_temps2,deduplicated_sensitivity,2,0,2,3,8,1,7,30.0,2,215460,197653,17807,0,0,0.9173535691079551,False,4482,131537,318208.0,0.0,480.0,0,0,318688.0,0,2
extra2_ot0_temps2,deduplicated_sensitivity,2,0,2,1,8,2,6,30.0,2,215460,198608,16852,0,0,0.9217859463473499,False,4686,167225,318208.0,0.0,16560.0,0,0,334768.0,0,69
extra2_ot0_temps2,deduplicated_sensitivity,2,0,2,3,8,2,6,30.0,2,215460,166827,48633,0,0,0.7742829295460875,False,4686,254712,318208.0,0.0,1440.0,0,0,319648.0,0,6
extra2_ot0_temps2,deduplicated_sensitivity,2,0,2,1,8,0,8,40.0,2,215460,213777,1683,0,0,0.9921888053467001,True,3734,24148,318208.0,0.0,1440.0,0,0,319648.0,0,6
extra2_ot0_temps2,deduplicated_sensitivity,2,0,2,3,8,0,8,40.0,2,215460,212660,2800,0,0,0.9870045484080572,True,3734,25652,318208.0,0.0,0.0,0,0,318208.0,0,0
extra2_ot0_temps2,deduplicated_sensitivity,2,0,2,1,8,1,7,40.0,2,215460,212333,3127,0,0,0.9854868653114267,True,4006,33792,318208.0,0.0,1440.0,0,0,319648.0,0,6
extra2_ot0_temps2,deduplicated_sensitivity,2,0,2,3,8,1,7,40.0,2,215460,211028,4432,0,0,0.9794300566230391,True,4006,36126,318208.0,0.0,0.0,0,0,318208.0,0,0
extra2_ot0_temps2,deduplicated_sensitivity,2,0,2,1,8,2,6,40.0,2,215460,210574,4886,0,0,0.9773229369720597,True,4278,56754,318208.0,0.0,4080.0,0,0,322288.0,0,17
extra2_ot0_temps2,deduplicated_sensitivity,2,0,2,3,8,2,6,40.0,2,215460,207265,8195,0,0,0.9619650979300102,True,4278,71957,318208.0,0.0,0.0,0,0,318208.0,0,0
extra2_ot0_temps2,deduplicated_sensitivity,2,0,2,1,8,0,8,50.0,2,215460,215460,0,0,0,1.0,True,3190,13887,318208.0,0.0,480.0,0,0,318688.0,0,2
extra2_ot0_temps2,deduplicated_sensitivity,2,0,2,3,8,0,8,50.0,2,215460,214990,470,0,0,0.9978186206256382,True,3190,14357,318208.0,0.0,0.0,0,0,318208.0,0,0
extra2_ot0_temps2,deduplicated_sensitivity,2,0,2,1,8,1,7,50.0,2,215460,214811,649,0,0,0.9969878399702962,True,3530,18631,318208.0,0.0,960.0,0,0,319168.0,0,4
extra2_ot0_temps2,deduplicated_sensitivity,2,0,2,3,8,1,7,50.0,2,215460,213723,1737,0,0,0.991938178780284,True,3530,19719,318208.0,0.0,0.0,0,0,318208.0,0,0
extra2_ot0_temps2,deduplicated_sensitivity,2,0,2,1,8,2,6,50.0,2,215460,213451,2009,0,0,0.9906757634827811,True,3870,28029,318208.0,0.0,1440.0,0,0,319648.0,0,6
extra2_ot0_temps2,deduplicated_sensitivity,2,0,2,3,8,2,6,50.0,2,215460,211844,3616,0,0,0.9832173025155482,True,3870,30205,318208.0,0.0,0.0,0,0,318208.0,0,0
extra2_ot0_temps4,retained,2,0,4,1,8,0,8,30.0,2,228195,224079,4116,0,0,0.9819627949779793,True,4279,72063,318208.0,0.0,7440.0,0,0,325648.0,0,31
extra2_ot0_temps4,retained,2,0,4,3,8,0,8,30.0,2,228195,218629,9566,0,0,0.9580797125265672,True,4279,93937,318208.0,0.0,0.0,0,0,318208.0,0,0
extra2_ot0_temps4,retained,2,0,4,1,8,1,7,30.0,2,228195,221340,6855,0,0,0.9699599027147834,True,4483,117485,318208.0,0.0,14160.0,0,0,332368.0,0,59
extra2_ot0_temps4,retained,2,0,4,3,8,1,7,30.0,2,228195,204739,23456,0,0,0.8972107189026929,False,4483,171205,318208.0,0.0,480.0,0,0,318688.0,0,2
extra2_ot0_temps4,retained,2,0,4,1,8,2,6,30.0,2,228195,216355,11840,0,0,0.9481145511514275,False,4687,173442,318208.0,0.0,30240.0,0,0,348448.0,0,126
extra2_ot0_temps4,retained,2,0,4,3,8,2,6,30.0,2,228195,142338,85857,0,0,0.6237559981594689,False,4687,365520,318208.0,0.0,3360.0,0,0,321568.0,0,14
extra2_ot0_temps4,retained,2,0,4,1,8,0,8,40.0,2,228195,227381,814,0,0,0.9964328753916606,True,3735,31758,318208.0,0.0,2400.0,0,0,320608.0,0,10
extra2_ot0_temps4,retained,2,0,4,3,8,0,8,40.0,2,228195,225394,2801,0,0,0.9877254102850632,True,3735,34292,318208.0,0.0,0.0,0,0,318208.0,0,0
extra2_ot0_temps4,retained,2,0,4,1,8,1,7,40.0,2,228195,226293,1902,0,0,0.9916650233353054,True,4007,42571,318208.0,0.0,3120.0,0,0,321328.0,0,13
extra2_ot0_temps4,retained,2,0,4,3,8,1,7,40.0,2,228195,223748,4447,0,0,0.9805122811630403,True,4007,46676,318208.0,0.0,0.0,0,0,318208.0,0,0
extra2_ot0_temps4,retained,2,0,4,1,8,2,6,40.0,2,228195,224740,3455,0,0,0.9848594403908938,True,4279,71123,318208.0,0.0,6240.0,0,0,324448.0,0,26
extra2_ot0_temps4,retained,2,0,4,3,8,2,6,40.0,2,228195,218629,9566,0,0,0.9580797125265672,True,4279,93937,318208.0,0.0,0.0,0,0,318208.0,0,0
extra2_ot0_temps4,retained,2,0,4,1,8,0,8,50.0,2,228195,228195,0,0,0,1.0,True,3191,20316,318208.0,0.0,480.0,0,0,318688.0,0,2
extra2_ot0_temps4,retained,2,0,4,3,8,0,8,50.0,2,228195,227724,471,0,0,0.9979359758101624,True,3191,20787,318208.0,0.0,0.0,0,0,318208.0,0,0
extra2_ot0_temps4,retained,2,0,4,1,8,1,7,50.0,2,228195,228132,63,0,0,0.9997239203312956,True,3531,25651,318208.0,0.0,1680.0,0,0,319888.0,0,7
extra2_ot0_temps4,retained,2,0,4,3,8,1,7,50.0,2,228195,226457,1738,0,0,0.9923837069173295,True,3531,27462,318208.0,0.0,0.0,0,0,318208.0,0,0
extra2_ot0_temps4,retained,2,0,4,1,8,2,6,50.0,2,228195,227273,922,0,0,0.9959595959595959,True,3871,36240,318208.0,0.0,2400.0,0,0,320608.0,0,10
extra2_ot0_temps4,retained,2,0,4,3,8,2,6,50.0,2,228195,224578,3617,0,0,0.9841495212427968,True,3871,39504,318208.0,0.0,0.0,0,0,318208.0,0,0
extra2_ot0_temps4,deduplicated_sensitivity,2,0,4,1,8,0,8,30.0,2,215460,211352,4108,0,0,0.9809338160215353,True,4278,54946,318208.0,0.0,6000.0,0,0,324208.0,0,25
extra2_ot0_temps4,deduplicated_sensitivity,2,0,4,3,8,0,8,30.0,2,215460,207265,8195,0,0,0.9619650979300102,True,4278,71957,318208.0,0.0,0.0,0,0,318208.0,0,0
extra2_ot0_temps4,deduplicated_sensitivity,2,0,4,1,8,1,7,30.0,2,215460,209524,5936,0,0,0.9724496426250813,True,4482,92501,318208.0,0.0,9600.0,0,0,327808.0,0,40
extra2_ot0_temps4,deduplicated_sensitivity,2,0,4,3,8,1,7,30.0,2,215460,197653,17807,0,0,0.9173535691079551,False,4482,131537,318208.0,0.0,480.0,0,0,318688.0,0,2
extra2_ot0_temps4,deduplicated_sensitivity,2,0,4,1,8,2,6,30.0,2,215460,206251,9209,0,0,0.9572588879606424,True,4686,142890,318208.0,0.0,20880.0,0,0,339088.0,0,87
extra2_ot0_temps4,deduplicated_sensitivity,2,0,4,3,8,2,6,30.0,2,215460,168636,46824,0,0,0.7826789195210248,False,4686,249170,318208.0,0.0,2160.0,0,0,320368.0,0,9
extra2_ot0_temps4,deduplicated_sensitivity,2,0,4,1,8,0,8,40.0,2,215460,214647,813,0,0,0.9962266778056251,True,3734,23278,318208.0,0.0,2400.0,0,0,320608.0,0,10
extra2_ot0_temps4,deduplicated_sensitivity,2,0,4,3,8,0,8,40.0,2,215460,212660,2800,0,0,0.9870045484080572,True,3734,25652,318208.0,0.0,0.0,0,0,318208.0,0,0
extra2_ot0_temps4,deduplicated_sensitivity,2,0,4,1,8,1,7,40.0,2,215460,213559,1901,0,0,0.9911770166156131,True,4006,32070,318208.0,0.0,2880.0,0,0,321088.0,0,12
extra2_ot0_temps4,deduplicated_sensitivity,2,0,4,3,8,1,7,40.0,2,215460,211028,4432,0,0,0.9794300566230391,True,4006,36126,318208.0,0.0,0.0,0,0,318208.0,0,0
extra2_ot0_temps4,deduplicated_sensitivity,2,0,4,1,8,2,6,40.0,2,215460,212006,3454,0,0,0.9839691822147962,True,4278,54074,318208.0,0.0,4800.0,0,0,323008.0,0,20
extra2_ot0_temps4,deduplicated_sensitivity,2,0,4,3,8,2,6,40.0,2,215460,207265,8195,0,0,0.9619650979300102,True,4278,71957,318208.0,0.0,0.0,0,0,318208.0,0,0
extra2_ot0_temps4,deduplicated_sensitivity,2,0,4,1,8,0,8,50.0,2,215460,215460,0,0,0,1.0,True,3190,13887,318208.0,0.0,480.0,0,0,318688.0,0,2
extra2_ot0_temps4,deduplicated_sensitivity,2,0,4,3,8,0,8,50.0,2,215460,214990,470,0,0,0.9978186206256382,True,3190,14357,318208.0,0.0,0.0,0,0,318208.0,0,0
extra2_ot0_temps4,deduplicated_sensitivity,2,0,4,1,8,1,7,50.0,2,215460,215398,62,0,0,0.9997122435718927,True,3530,17908,318208.0,0.0,1680.0,0,0,319888.0,0,7
extra2_ot0_temps4,deduplicated_sensitivity,2,0,4,3,8,1,7,50.0,2,215460,213723,1737,0,0,0.991938178780284,True,3530,19719,318208.0,0.0,0.0,0,0,318208.0,0,0
extra2_ot0_temps4,deduplicated_sensitivity,2,0,4,1,8,2,6,50.0,2,215460,214539,921,0,0,0.9957254246727931,True,3870,26941,318208.0,0.0,2400.0,0,0,320608.0,0,10
extra2_ot0_temps4,deduplicated_sensitivity,2,0,4,3,8,2,6,50.0,2,215460,211844,3616,0,0,0.9832173025155482,True,3870,30205,318208.0,0.0,0.0,0,0,318208.0,0,0
extra2_ot2_temps0,retained,2,2,0,1,8,0,8,30.0,2,228195,222692,5503,0,0,0.975884660049519,True,4279,76198,318208.0,4752.0,0.0,0,0,322960.0,144,0
extra2_ot2_temps0,retained,2,2,0,3,8,0,8,30.0,2,228195,222692,5503,0,0,0.975884660049519,True,4279,76198,318208.0,4752.0,0.0,0,0,322960.0,144,0
extra2_ot2_temps0,retained,2,2,0,1,8,1,7,30.0,2,228195,217617,10578,0,0,0.9536449089594425,True,4483,135172,318208.0,7788.0,0.0,0,0,325996.0,236,0
extra2_ot2_temps0,retained,2,2,0,3,8,1,7,30.0,2,228195,217617,10578,0,0,0.9536449089594425,True,4483,135172,318208.0,7788.0,0.0,0,0,325996.0,236,0
extra2_ot2_temps0,retained,2,2,0,1,8,2,6,30.0,2,228195,201878,26317,0,0,0.8846731961699423,False,4687,215695,318208.0,19767.0,0.0,0,0,337975.0,599,0
extra2_ot2_temps0,retained,2,2,0,3,8,2,6,30.0,2,228195,201878,26317,0,0,0.8846731961699423,False,4687,215695,318208.0,19767.0,0.0,0,0,337975.0,599,0
extra2_ot2_temps0,retained,2,2,0,1,8,0,8,40.0,2,228195,226729,1466,0,0,0.9935756699314183,True,3735,32660,318208.0,1320.0,0.0,0,0,319528.0,40,0
extra2_ot2_temps0,retained,2,2,0,3,8,0,8,40.0,2,228195,226729,1466,0,0,0.9935756699314183,True,3735,32660,318208.0,1320.0,0.0,0,0,319528.0,40,0
extra2_ot2_temps0,retained,2,2,0,1,8,1,7,40.0,2,228195,225190,3005,0,0,0.9868314380244966,True,4007,44147,318208.0,1419.0,0.0,0,0,319627.0,43,0
extra2_ot2_temps0,retained,2,2,0,3,8,1,7,40.0,2,228195,225190,3005,0,0,0.9868314380244966,True,4007,44147,318208.0,1419.0,0.0,0,0,319627.0,43,0
extra2_ot2_temps0,retained,2,2,0,1,8,2,6,40.0,2,228195,222692,5503,0,0,0.975884660049519,True,4279,76181,318208.0,3597.0,0.0,0,0,321805.0,109,0
extra2_ot2_temps0,retained,2,2,0,3,8,2,6,40.0,2,228195,222692,5503,0,0,0.975884660049519,True,4279,76181,318208.0,3597.0,0.0,0,0,321805.0,109,0
extra2_ot2_temps0,retained,2,2,0,1,8,0,8,50.0,2,228195,228195,0,0,0,1.0,True,3191,20316,318208.0,396.0,0.0,0,0,318604.0,12,0
extra2_ot2_temps0,retained,2,2,0,3,8,0,8,50.0,2,228195,228195,0,0,0,1.0,True,3191,20316,318208.0,396.0,0.0,0,0,318604.0,12,0
extra2_ot2_temps0,retained,2,2,0,1,8,1,7,50.0,2,228195,227639,556,0,0,0.9975634873682596,True,3531,26272,318208.0,924.0,0.0,0,0,319132.0,28,0
extra2_ot2_temps0,retained,2,2,0,3,8,1,7,50.0,2,228195,227639,556,0,0,0.9975634873682596,True,3531,26272,318208.0,924.0,0.0,0,0,319132.0,28,0
extra2_ot2_temps0,retained,2,2,0,1,8,2,6,50.0,2,228195,226108,2087,0,0,0.9908543131970464,True,3871,37464,318208.0,1188.0,0.0,0,0,319396.0,36,0
extra2_ot2_temps0,retained,2,2,0,3,8,2,6,50.0,2,228195,226108,2087,0,0,0.9908543131970464,True,3871,37464,318208.0,1188.0,0.0,0,0,319396.0,36,0
extra2_ot2_temps0,deduplicated_sensitivity,2,2,0,1,8,0,8,30.0,2,215460,210439,5021,0,0,0.9766963705560197,True,4278,57430,318208.0,3960.0,0.0,0,0,322168.0,120,0
extra2_ot2_temps0,deduplicated_sensitivity,2,2,0,3,8,0,8,30.0,2,215460,210439,5021,0,0,0.9766963705560197,True,4278,57430,318208.0,3960.0,0.0,0,0,322168.0,120,0
extra2_ot2_temps0,deduplicated_sensitivity,2,2,0,1,8,1,7,30.0,2,215460,206806,8654,0,0,0.9598347721154739,True,4482,105390,318208.0,5643.0,0.0,0,0,323851.0,171,0
extra2_ot2_temps0,deduplicated_sensitivity,2,2,0,3,8,1,7,30.0,2,215460,206806,8654,0,0,0.9598347721154739,True,4482,105390,318208.0,5643.0,0.0,0,0,323851.0,171,0
extra2_ot2_temps0,deduplicated_sensitivity,2,2,0,1,8,2,6,30.0,2,215460,197757,17703,0,0,0.9178362573099416,False,4686,171237,318208.0,13563.0,0.0,0,0,331771.0,411,0
extra2_ot2_temps0,deduplicated_sensitivity,2,2,0,3,8,2,6,30.0,2,215460,197757,17703,0,0,0.9178362573099416,False,4686,171237,318208.0,13563.0,0.0,0,0,331771.0,411,0
extra2_ot2_temps0,deduplicated_sensitivity,2,2,0,1,8,0,8,40.0,2,215460,213995,1465,0,0,0.993200594077787,True,3734,24020,318208.0,1320.0,0.0,0,0,319528.0,40,0
extra2_ot2_temps0,deduplicated_sensitivity,2,2,0,3,8,0,8,40.0,2,215460,213995,1465,0,0,0.993200594077787,True,3734,24020,318208.0,1320.0,0.0,0,0,319528.0,40,0
extra2_ot2_temps0,deduplicated_sensitivity,2,2,0,1,8,1,7,40.0,2,215460,212456,3004,0,0,0.9860577369349299,True,4006,33628,318208.0,1386.0,0.0,0,0,319594.0,42,0
extra2_ot2_temps0,deduplicated_sensitivity,2,2,0,3,8,1,7,40.0,2,215460,212456,3004,0,0,0.9860577369349299,True,4006,33628,318208.0,1386.0,0.0,0,0,319594.0,42,0
extra2_ot2_temps0,deduplicated_sensitivity,2,2,0,1,8,2,6,40.0,2,215460,210439,5021,0,0,0.9766963705560197,True,4278,57430,318208.0,2970.0,0.0,0,0,321178.0,90,0
extra2_ot2_temps0,deduplicated_sensitivity,2,2,0,3,8,2,6,40.0,2,215460,210439,5021,0,0,0.9766963705560197,True,4278,57430,318208.0,2970.0,0.0,0,0,321178.0,90,0
extra2_ot2_temps0,deduplicated_sensitivity,2,2,0,1,8,0,8,50.0,2,215460,215460,0,0,0,1.0,True,3190,13887,318208.0,396.0,0.0,0,0,318604.0,12,0
extra2_ot2_temps0,deduplicated_sensitivity,2,2,0,3,8,0,8,50.0,2,215460,215460,0,0,0,1.0,True,3190,13887,318208.0,396.0,0.0,0,0,318604.0,12,0
extra2_ot2_temps0,deduplicated_sensitivity,2,2,0,1,8,1,7,50.0,2,215460,214905,555,0,0,0.9974241158451684,True,3530,18529,318208.0,924.0,0.0,0,0,319132.0,28,0
extra2_ot2_temps0,deduplicated_sensitivity,2,2,0,3,8,1,7,50.0,2,215460,214905,555,0,0,0.9974241158451684,True,3530,18529,318208.0,924.0,0.0,0,0,319132.0,28,0
extra2_ot2_temps0,deduplicated_sensitivity,2,2,0,1,8,2,6,50.0,2,215460,213374,2086,0,0,0.9903183885640026,True,3870,28165,318208.0,1188.0,0.0,0,0,319396.0,36,0
extra2_ot2_temps0,deduplicated_sensitivity,2,2,0,3,8,2,6,50.0,2,215460,213374,2086,0,0,0.9903183885640026,True,3870,28165,318208.0,1188.0,0.0,0,0,319396.0,36,0
extra2_ot2_temps2,retained,2,2,2,1,8,0,8,30.0,2,228195,224332,3863,0,0,0.9830714958697605,True,4279,71721,318208.0,2409.0,4560.0,0,0,325177.0,73,19
extra2_ot2_temps2,retained,2,2,2,3,8,0,8,30.0,2,228195,222692,5503,0,0,0.975884660049519,True,4279,76198,318208.0,4752.0,0.0,0,0,322960.0,144,0
extra2_ot2_temps2,retained,2,2,2,1,8,1,7,30.0,2,228195,221557,6638,0,0,0.9709108437958763,True,4483,117555,318208.0,5016.0,7920.0,0,0,331144.0,152,33
extra2_ot2_temps2,retained,2,2,2,3,8,1,7,30.0,2,228195,217617,10578,0,0,0.9536449089594425,True,4483,134846,318208.0,7788.0,480.0,0,0,326476.0,236,2
extra2_ot2_temps2,retained,2,2,2,1,8,2,6,30.0,2,228195,215465,12730,0,0,0.9442143780538574,False,4687,177910,318208.0,8976.0,19200.0,0,0,346384.0,272,80
extra2_ot2_temps2,retained,2,2,2,3,8,2,6,30.0,2,228195,202448,25747,0,0,0.8871710598391727,False,4687,214138,318208.0,19305.0,960.0,0,0,338473.0,585,4
extra2_ot2_temps2,retained,2,2,2,1,8,0,8,40.0,2,228195,227599,596,0,0,0.9973881986897172,True,3735,31540,318208.0,1056.0,1440.0,0,0,320704.0,32,6
extra2_ot2_temps2,retained,2,2,2,3,8,0,8,40.0,2,228195,226729,1466,0,0,0.9935756699314183,True,3735,32660,318208.0,1320.0,0.0,0,0,319528.0,40,0
extra2_ot2_temps2,retained,2,2,2,1,8,1,7,40.0,2,228195,226375,1820,0,0,0.9920243651263174,True,4007,42611,318208.0,1287.0,1680.0,0,0,321175.0,39,7
extra2_ot2_temps2,retained,2,2,2,3,8,1,7,40.0,2,228195,225190,3005,0,0,0.9868314380244966,True,4007,44147,318208.0,1419.0,0.0,0,0,319627.0,43,0
extra2_ot2_temps2,retained,2,2,2,1,8,2,6,40.0,2,228195,224659,3536,0,0,0.9845044808168453,True,4279,71231,318208.0,1551.0,4320.0,0,0,324079.0,47,18
extra2_ot2_temps2,retained,2,2,2,3,8,2,6,40.0,2,228195,222692,5503,0,0,0.975884660049519,True,4279,76181,318208.0,3597.0,0.0,0,0,321805.0,109,0
extra2_ot2_temps2,retained,2,2,2,1,8,0,8,50.0,2,228195,228195,0,0,0,1.0,True,3191,20316,318208.0,0.0,480.0,0,0,318688.0,0,2
extra2_ot2_temps2,retained,2,2,2,3,8,0,8,50.0,2,228195,228195,0,0,0,1.0,True,3191,20316,318208.0,396.0,0.0,0,0,318604.0,12,0
extra2_ot2_temps2,retained,2,2,2,1,8,1,7,50.0,2,228195,228183,12,0,0,0.9999474133964372,True,3531,25694,318208.0,528.0,960.0,0,0,319696.0,16,4
extra2_ot2_temps2,retained,2,2,2,3,8,1,7,50.0,2,228195,227639,556,0,0,0.9975634873682596,True,3531,26272,318208.0,924.0,0.0,0,0,319132.0,28,0
extra2_ot2_temps2,retained,2,2,2,1,8,2,6,50.0,2,228195,227205,990,0,0,0.9956616052060737,True,3871,36308,318208.0,792.0,1440.0,0,0,320440.0,24,6
extra2_ot2_temps2,retained,2,2,2,3,8,2,6,50.0,2,228195,226108,2087,0,0,0.9908543131970464,True,3871,37464,318208.0,1188.0,0.0,0,0,319396.0,36,0
extra2_ot2_temps2,deduplicated_sensitivity,2,2,2,1,8,0,8,30.0,2,215460,211598,3862,0,0,0.9820755592685417,True,4278,54618,318208.0,1617.0,3840.0,0,0,323665.0,49,16
extra2_ot2_temps2,deduplicated_sensitivity,2,2,2,3,8,0,8,30.0,2,215460,210439,5021,0,0,0.9766963705560197,True,4278,57430,318208.0,3960.0,0.0,0,0,322168.0,120,0
extra2_ot2_temps2,deduplicated_sensitivity,2,2,2,1,8,1,7,30.0,2,215460,209710,5750,0,0,0.9733129119094032,True,4482,91677,318208.0,3861.0,5040.0,0,0,327109.0,117,21
extra2_ot2_temps2,deduplicated_sensitivity,2,2,2,3,8,1,7,30.0,2,215460,206806,8654,0,0,0.9598347721154739,True,4482,105064,318208.0,5643.0,480.0,0,0,324331.0,171,2
extra2_ot2_temps2,deduplicated_sensitivity,2,2,2,1,8,2,6,30.0,2,215460,205767,9693,0,0,0.9550125313283208,True,4686,145746,318208.0,5742.0,13920.0,0,0,337870.0,174,58
extra2_ot2_temps2,deduplicated_sensitivity,2,2,2,3,8,2,6,30.0,2,215460,198326,17134,0,0,0.9204771187227327,False,4686,169709,318208.0,13101.0,960.0,0,0,332269.0,397,4
extra2_ot2_temps2,deduplicated_sensitivity,2,2,2,1,8,0,8,40.0,2,215460,214865,595,0,0,0.9972384665367121,True,3734,23060,318208.0,1056.0,1440.0,0,0,320704.0,32,6
extra2_ot2_temps2,deduplicated_sensitivity,2,2,2,3,8,0,8,40.0,2,215460,213995,1465,0,0,0.993200594077787,True,3734,24020,318208.0,1320.0,0.0,0,0,319528.0,40,0
extra2_ot2_temps2,deduplicated_sensitivity,2,2,2,1,8,1,7,40.0,2,215460,213641,1819,0,0,0.9915575976979486,True,4006,32092,318208.0,1287.0,1440.0,0,0,320935.0,39,6
extra2_ot2_temps2,deduplicated_sensitivity,2,2,2,3,8,1,7,40.0,2,215460,212456,3004,0,0,0.9860577369349299,True,4006,33628,318208.0,1386.0,0.0,0,0,319594.0,42,0
extra2_ot2_temps2,deduplicated_sensitivity,2,2,2,1,8,2,6,40.0,2,215460,211925,3535,0,0,0.9835932423651722,True,4278,54182,318208.0,1188.0,3360.0,0,0,322756.0,36,14
extra2_ot2_temps2,deduplicated_sensitivity,2,2,2,3,8,2,6,40.0,2,215460,210439,5021,0,0,0.9766963705560197,True,4278,57430,318208.0,2970.0,0.0,0,0,321178.0,90,0
extra2_ot2_temps2,deduplicated_sensitivity,2,2,2,1,8,0,8,50.0,2,215460,215460,0,0,0,1.0,True,3190,13887,318208.0,0.0,480.0,0,0,318688.0,0,2
extra2_ot2_temps2,deduplicated_sensitivity,2,2,2,3,8,0,8,50.0,2,215460,215460,0,0,0,1.0,True,3190,13887,318208.0,396.0,0.0,0,0,318604.0,12,0
extra2_ot2_temps2,deduplicated_sensitivity,2,2,2,1,8,1,7,50.0,2,215460,215449,11,0,0,0.9999489464401745,True,3530,17951,318208.0,528.0,960.0,0,0,319696.0,16,4
extra2_ot2_temps2,deduplicated_sensitivity,2,2,2,3,8,1,7,50.0,2,215460,214905,555,0,0,0.9974241158451684,True,3530,18529,318208.0,924.0,0.0,0,0,319132.0,28,0
extra2_ot2_temps2,deduplicated_sensitivity,2,2,2,1,8,2,6,50.0,2,215460,214471,989,0,0,0.9954098208484173,True,3870,27009,318208.0,792.0,1440.0,0,0,320440.0,24,6
extra2_ot2_temps2,deduplicated_sensitivity,2,2,2,3,8,2,6,50.0,2,215460,213374,2086,0,0,0.9903183885640026,True,3870,28165,318208.0,1188.0,0.0,0,0,319396.0,36,0
extra2_ot2_temps4,retained,2,2,4,1,8,0,8,30.0,2,228195,225310,2885,0,0,0.987357304060124,True,4279,70417,318208.0,1617.0,6240.0,0,0,326065.0,49,26
extra2_ot2_temps4,retained,2,2,4,3,8,0,8,30.0,2,228195,222692,5503,0,0,0.975884660049519,True,4279,76198,318208.0,4752.0,0.0,0,0,322960.0,144,0
extra2_ot2_temps4,retained,2,2,4,1,8,1,7,30.0,2,228195,223671,4524,0,0,0.9801748504568462,True,4483,109080,318208.0,2607.0,12720.0,0,0,333535.0,79,53
extra2_ot2_temps4,retained,2,2,4,3,8,1,7,30.0,2,228195,217617,10578,0,0,0.9536449089594425,True,4483,134846,318208.0,7788.0,480.0,0,0,326476.0,236,2
extra2_ot2_temps4,retained,2,2,4,1,8,2,6,30.0,2,228195,220005,8190,0,0,0.9641096430684283,True,4687,161490,318208.0,4653.0,27120.0,0,0,349981.0,141,113
extra2_ot2_temps4,retained,2,2,4,3,8,2,6,30.0,2,228195,202853,25342,0,0,0.8889458577094151,False,4687,212862,318208.0,19107.0,1680.0,0,0,338995.0,579,7
extra2_ot2_temps4,retained,2,2,4,1,8,0,8,40.0,2,228195,228050,145,0,0,0.9993645785402835,True,3735,31078,318208.0,660.0,2400.0,0,0,321268.0,20,10
extra2_ot2_temps4,retained,2,2,4,3,8,0,8,40.0,2,228195,226729,1466,0,0,0.9935756699314183,True,3735,32660,318208.0,1320.0,0.0,0,0,319528.0,40,0
extra2_ot2_temps4,retained,2,2,4,1,8,1,7,40.0,2,228195,227245,950,0,0,0.9958368938846163,True,4007,41619,318208.0,924.0,3120.0,0,0,322252.0,28,13
extra2_ot2_temps4,retained,2,2,4,3,8,1,7,40.0,2,228195,225190,3005,0,0,0.9868314380244966,True,4007,44147,318208.0,1419.0,0.0,0,0,319627.0,43,0
extra2_ot2_temps4,retained,2,2,4,1,8,2,6,40.0,2,228195,225964,2231,0,0,0.9902232739542934,True,4279,69491,318208.0,1188.0,5760.0,0,0,325156.0,36,24
extra2_ot2_temps4,retained,2,2,4,3,8,2,6,40.0,2,228195,222692,5503,0,0,0.975884660049519,True,4279,76181,318208.0,3597.0,0.0,0,0,321805.0,109,0
extra2_ot2_temps4,retained,2,2,4,1,8,0,8,50.0,2,228195,228195,0,0,0,1.0,True,3191,20316,318208.0,0.0,480.0,0,0,318688.0,0,2
extra2_ot2_temps4,retained,2,2,4,3,8,0,8,50.0,2,228195,228195,0,0,0,1.0,True,3191,20316,318208.0,396.0,0.0,0,0,318604.0,12,0
extra2_ot2_temps4,retained,2,2,4,1,8,1,7,50.0,2,228195,228195,0,0,0,1.0,True,3531,25588,318208.0,66.0,1680.0,0,0,319954.0,2,7
extra2_ot2_temps4,retained,2,2,4,3,8,1,7,50.0,2,228195,227639,556,0,0,0.9975634873682596,True,3531,26272,318208.0,924.0,0.0,0,0,319132.0,28,0
extra2_ot2_temps4,retained,2,2,4,1,8,2,6,50.0,2,228195,227962,233,0,0,0.99897894344749,True,3871,35518,318208.0,561.0,2400.0,0,0,321169.0,17,10
extra2_ot2_temps4,retained,2,2,4,3,8,2,6,50.0,2,228195,226108,2087,0,0,0.9908543131970464,True,3871,37464,318208.0,1188.0,0.0,0,0,319396.0,36,0
extra2_ot2_temps4,deduplicated_sensitivity,2,2,4,1,8,0,8,30.0,2,215460,212576,2884,0,0,0.9866146848602989,True,4278,53314,318208.0,1584.0,4560.0,0,0,324352.0,48,19
extra2_ot2_temps4,deduplicated_sensitivity,2,2,4,3,8,0,8,30.0,2,215460,210439,5021,0,0,0.9766963705560197,True,4278,57430,318208.0,3960.0,0.0,0,0,322168.0,120,0
extra2_ot2_temps4,deduplicated_sensitivity,2,2,4,1,8,1,7,30.0,2,215460,211199,4261,0,0,0.9802237074166898,True,4482,86016,318208.0,1716.0,8640.0,0,0,328564.0,52,36
extra2_ot2_temps4,deduplicated_sensitivity,2,2,4,3,8,1,7,30.0,2,215460,206806,8654,0,0,0.9598347721154739,True,4482,105064,318208.0,5643.0,480.0,0,0,324331.0,171,2
extra2_ot2_temps4,deduplicated_sensitivity,2,2,4,1,8,2,6,30.0,2,215460,208916,6544,0,0,0.969627773136545,True,4686,132742,318208.0,3432.0,18960.0,0,0,340600.0,104,79
extra2_ot2_temps4,deduplicated_sensitivity,2,2,4,3,8,2,6,30.0,2,215460,198731,16729,0,0,0.922356817970853,False,4686,168407,318208.0,12903.0,1680.0,0,0,332791.0,391,7
extra2_ot2_temps4,deduplicated_sensitivity,2,2,4,1,8,0,8,40.0,2,215460,215316,144,0,0,0.9993316624895572,True,3734,22598,318208.0,660.0,2400.0,0,0,321268.0,20,10
extra2_ot2_temps4,deduplicated_sensitivity,2,2,4,3,8,0,8,40.0,2,215460,213995,1465,0,0,0.993200594077787,True,3734,24020,318208.0,1320.0,0.0,0,0,319528.0,40,0
extra2_ot2_temps4,deduplicated_sensitivity,2,2,4,1,8,1,7,40.0,2,215460,214511,949,0,0,0.9955954701568737,True,4006,31118,318208.0,924.0,2880.0,0,0,322012.0,28,12
extra2_ot2_temps4,deduplicated_sensitivity,2,2,4,3,8,1,7,40.0,2,215460,212456,3004,0,0,0.9860577369349299,True,4006,33628,318208.0,1386.0,0.0,0,0,319594.0,42,0
extra2_ot2_temps4,deduplicated_sensitivity,2,2,4,1,8,2,6,40.0,2,215460,213230,2230,0,0,0.9896500510535599,True,4278,52442,318208.0,1188.0,4320.0,0,0,323716.0,36,18
extra2_ot2_temps4,deduplicated_sensitivity,2,2,4,3,8,2,6,40.0,2,215460,210439,5021,0,0,0.9766963705560197,True,4278,57430,318208.0,2970.0,0.0,0,0,321178.0,90,0
extra2_ot2_temps4,deduplicated_sensitivity,2,2,4,1,8,0,8,50.0,2,215460,215460,0,0,0,1.0,True,3190,13887,318208.0,0.0,480.0,0,0,318688.0,0,2
extra2_ot2_temps4,deduplicated_sensitivity,2,2,4,3,8,0,8,50.0,2,215460,215460,0,0,0,1.0,True,3190,13887,318208.0,396.0,0.0,0,0,318604.0,12,0
extra2_ot2_temps4,deduplicated_sensitivity,2,2,4,1,8,1,7,50.0,2,215460,215460,0,0,0,1.0,True,3530,17846,318208.0,66.0,1680.0,0,0,319954.0,2,7
extra2_ot2_temps4,deduplicated_sensitivity,2,2,4,3,8,1,7,50.0,2,215460,214905,555,0,0,0.9974241158451684,True,3530,18529,318208.0,924.0,0.0,0,0,319132.0,28,0
extra2_ot2_temps4,deduplicated_sensitivity,2,2,4,1,8,2,6,50.0,2,215460,215228,232,0,0,0.9989232340109533,True,3870,26219,318208.0,561.0,2400.0,0,0,321169.0,17,10
extra2_ot2_temps4,deduplicated_sensitivity,2,2,4,3,8,2,6,50.0,2,215460,213374,2086,0,0,0.9903183885640026,True,3870,28165,318208.0,1188.0,0.0,0,0,319396.0,36,0
extra3_ot0_temps0,retained,3,0,0,1,9,0,9,30.0,2,228195,222896,5299,0,0,0.9767786323100857,True,4075,54283,357984.0,0.0,0.0,0,0,357984.0,0,0
extra3_ot0_temps0,retained,3,0,0,3,9,0,9,30.0,2,228195,222896,5299,0,0,0.9767786323100857,True,4075,54283,357984.0,0.0,0.0,0,0,357984.0,0,0
extra3_ot0_temps0,retained,3,0,0,1,9,1,8,30.0,2,228195,218629,9566,0,0,0.9580797125265672,True,4279,93937,357984.0,0.0,0.0,0,0,357984.0,0,0
extra3_ot0_temps0,retained,3,0,0,3,9,1,8,30.0,2,228195,218629,9566,0,0,0.9580797125265672,True,4279,93937,357984.0,0.0,0.0,0,0,357984.0,0,0
extra3_ot0_temps0,retained,3,0,0,1,9,2,7,30.0,2,228195,204541,23654,0,0,0.8963430399439076,False,4483,171981,357984.0,0.0,0.0,0,0,357984.0,0,0
extra3_ot0_temps0,retained,3,0,0,3,9,2,7,30.0,2,228195,204541,23654,0,0,0.8963430399439076,False,4483,171981,357984.0,0.0,0.0,0,0,357984.0,0,0
extra3_ot0_temps0,retained,3,0,0,1,9,0,9,40.0,2,228195,226729,1466,0,0,0.9935756699314183,True,3463,25956,357984.0,0.0,0.0,0,0,357984.0,0,0
extra3_ot0_temps0,retained,3,0,0,3,9,0,9,40.0,2,228195,226729,1466,0,0,0.9935756699314183,True,3463,25956,357984.0,0.0,0.0,0,0,357984.0,0,0
extra3_ot0_temps0,retained,3,0,0,1,9,1,8,40.0,2,228195,225394,2801,0,0,0.9877254102850632,True,3735,34292,357984.0,0.0,0.0,0,0,357984.0,0,0
extra3_ot0_temps0,retained,3,0,0,3,9,1,8,40.0,2,228195,225394,2801,0,0,0.9877254102850632,True,3735,34292,357984.0,0.0,0.0,0,0,357984.0,0,0
extra3_ot0_temps0,retained,3,0,0,1,9,2,7,40.0,2,228195,223748,4447,0,0,0.9805122811630403,True,4007,46676,357984.0,0.0,0.0,0,0,357984.0,0,0
extra3_ot0_temps0,retained,3,0,0,3,9,2,7,40.0,2,228195,223748,4447,0,0,0.9805122811630403,True,4007,46676,357984.0,0.0,0.0,0,0,357984.0,0,0
extra3_ot0_temps0,retained,3,0,0,1,9,0,9,50.0,2,228195,228195,0,0,0,1.0,True,2851,16629,357984.0,0.0,0.0,0,0,357984.0,0,0
extra3_ot0_temps0,retained,3,0,0,3,9,0,9,50.0,2,228195,228195,0,0,0,1.0,True,2851,16629,357984.0,0.0,0.0,0,0,357984.0,0,0
extra3_ot0_temps0,retained,3,0,0,1,9,1,8,50.0,2,228195,227724,471,0,0,0.9979359758101624,True,3191,20787,357984.0,0.0,0.0,0,0,357984.0,0,0
extra3_ot0_temps0,retained,3,0,0,3,9,1,8,50.0,2,228195,227724,471,0,0,0.9979359758101624,True,3191,20787,357984.0,0.0,0.0,0,0,357984.0,0,0
extra3_ot0_temps0,retained,3,0,0,1,9,2,7,50.0,2,228195,226457,1738,0,0,0.9923837069173295,True,3531,27462,357984.0,0.0,0.0,0,0,357984.0,0,0
extra3_ot0_temps0,retained,3,0,0,3,9,2,7,50.0,2,228195,226457,1738,0,0,0.9923837069173295,True,3531,27462,357984.0,0.0,0.0,0,0,357984.0,0,0
extra3_ot0_temps0,deduplicated_sensitivity,3,0,0,1,9,0,9,30.0,2,215460,210439,5021,0,0,0.9766963705560197,True,4074,41974,357984.0,0.0,0.0,0,0,357984.0,0,0
extra3_ot0_temps0,deduplicated_sensitivity,3,0,0,3,9,0,9,30.0,2,215460,210439,5021,0,0,0.9766963705560197,True,4074,41974,357984.0,0.0,0.0,0,0,357984.0,0,0
extra3_ot0_temps0,deduplicated_sensitivity,3,0,0,1,9,1,8,30.0,2,215460,207265,8195,0,0,0.9619650979300102,True,4278,71957,357984.0,0.0,0.0,0,0,357984.0,0,0
extra3_ot0_temps0,deduplicated_sensitivity,3,0,0,3,9,1,8,30.0,2,215460,207265,8195,0,0,0.9619650979300102,True,4278,71957,357984.0,0.0,0.0,0,0,357984.0,0,0
extra3_ot0_temps0,deduplicated_sensitivity,3,0,0,1,9,2,7,30.0,2,215460,197457,18003,0,0,0.9164438874965191,False,4482,132310,357984.0,0.0,0.0,0,0,357984.0,0,0
extra3_ot0_temps0,deduplicated_sensitivity,3,0,0,3,9,2,7,30.0,2,215460,197457,18003,0,0,0.9164438874965191,False,4482,132310,357984.0,0.0,0.0,0,0,357984.0,0,0
extra3_ot0_temps0,deduplicated_sensitivity,3,0,0,1,9,0,9,40.0,2,215460,213995,1465,0,0,0.993200594077787,True,3462,18438,357984.0,0.0,0.0,0,0,357984.0,0,0
extra3_ot0_temps0,deduplicated_sensitivity,3,0,0,3,9,0,9,40.0,2,215460,213995,1465,0,0,0.993200594077787,True,3462,18438,357984.0,0.0,0.0,0,0,357984.0,0,0
extra3_ot0_temps0,deduplicated_sensitivity,3,0,0,1,9,1,8,40.0,2,215460,212660,2800,0,0,0.9870045484080572,True,3734,25652,357984.0,0.0,0.0,0,0,357984.0,0,0
extra3_ot0_temps0,deduplicated_sensitivity,3,0,0,3,9,1,8,40.0,2,215460,212660,2800,0,0,0.9870045484080572,True,3734,25652,357984.0,0.0,0.0,0,0,357984.0,0,0
extra3_ot0_temps0,deduplicated_sensitivity,3,0,0,1,9,2,7,40.0,2,215460,211028,4432,0,0,0.9794300566230391,True,4006,36126,357984.0,0.0,0.0,0,0,357984.0,0,0
extra3_ot0_temps0,deduplicated_sensitivity,3,0,0,3,9,2,7,40.0,2,215460,211028,4432,0,0,0.9794300566230391,True,4006,36126,357984.0,0.0,0.0,0,0,357984.0,0,0
extra3_ot0_temps0,deduplicated_sensitivity,3,0,0,1,9,0,9,50.0,2,215460,215460,0,0,0,1.0,True,2850,11263,357984.0,0.0,0.0,0,0,357984.0,0,0
extra3_ot0_temps0,deduplicated_sensitivity,3,0,0,3,9,0,9,50.0,2,215460,215460,0,0,0,1.0,True,2850,11263,357984.0,0.0,0.0,0,0,357984.0,0,0
extra3_ot0_temps0,deduplicated_sensitivity,3,0,0,1,9,1,8,50.0,2,215460,214990,470,0,0,0.9978186206256382,True,3190,14357,357984.0,0.0,0.0,0,0,357984.0,0,0
extra3_ot0_temps0,deduplicated_sensitivity,3,0,0,3,9,1,8,50.0,2,215460,214990,470,0,0,0.9978186206256382,True,3190,14357,357984.0,0.0,0.0,0,0,357984.0,0,0
extra3_ot0_temps0,deduplicated_sensitivity,3,0,0,1,9,2,7,50.0,2,215460,213723,1737,0,0,0.991938178780284,True,3530,19719,357984.0,0.0,0.0,0,0,357984.0,0,0
extra3_ot0_temps0,deduplicated_sensitivity,3,0,0,3,9,2,7,50.0,2,215460,213723,1737,0,0,0.991938178780284,True,3530,19719,357984.0,0.0,0.0,0,0,357984.0,0,0
extra3_ot0_temps2,retained,3,0,2,1,9,0,9,30.0,2,228195,224332,3863,0,0,0.9830714958697605,True,4075,50148,357984.0,0.0,2160.0,0,0,360144.0,0,9
extra3_ot0_temps2,retained,3,0,2,3,9,0,9,30.0,2,228195,222896,5299,0,0,0.9767786323100857,True,4075,54283,357984.0,0.0,0.0,0,0,357984.0,0,0
extra3_ot0_temps2,retained,3,0,2,1,9,1,8,30.0,2,228195,222118,6077,0,0,0.9733692675124346,True,4279,78235,357984.0,0.0,5040.0,0,0,363024.0,0,21
extra3_ot0_temps2,retained,3,0,2,3,9,1,8,30.0,2,228195,218629,9566,0,0,0.9580797125265672,True,4279,93937,357984.0,0.0,0.0,0,0,357984.0,0,0
extra3_ot0_temps2,retained,3,0,2,1,9,2,7,30.0,2,228195,217264,10931,0,0,0.9520979863713053,True,4483,135453,357984.0,0.0,9120.0,0,0,367104.0,0,38
extra3_ot0_temps2,retained,3,0,2,3,9,2,7,30.0,2,228195,204739,23456,0,0,0.8972107189026929,False,4483,171205,357984.0,0.0,480.0,0,0,358464.0,0,2
extra3_ot0_temps2,retained,3,0,2,1,9,0,9,40.0,2,228195,227599,596,0,0,0.9973881986897172,True,3463,25086,357984.0,0.0,960.0,0,0,358944.0,0,4
extra3_ot0_temps2,retained,3,0,2,3,9,0,9,40.0,2,228195,226729,1466,0,0,0.9935756699314183,True,3463,25956,357984.0,0.0,0.0,0,0,357984.0,0,0
extra3_ot0_temps2,retained,3,0,2,1,9,1,8,40.0,2,228195,226511,1684,0,0,0.9926203466333618,True,3735,32628,357984.0,0.0,1440.0,0,0,359424.0,0,6
extra3_ot0_temps2,retained,3,0,2,3,9,1,8,40.0,2,228195,225394,2801,0,0,0.9877254102850632,True,3735,34292,357984.0,0.0,0.0,0,0,357984.0,0,0
extra3_ot0_temps2,retained,3,0,2,1,9,2,7,40.0,2,228195,225067,3128,0,0,0.9862924253379785,True,4007,44311,357984.0,0.0,1680.0,0,0,359664.0,0,7
extra3_ot0_temps2,retained,3,0,2,3,9,2,7,40.0,2,228195,223748,4447,0,0,0.9805122811630403,True,4007,46676,357984.0,0.0,0.0,0,0,357984.0,0,0
extra3_ot0_temps2,retained,3,0,2,1,9,0,9,50.0,2,228195,228195,0,0,0,1.0,True,2851,16629,357984.0,0.0,0.0,0,0,357984.0,0,0
extra3_ot0_temps2,retained,3,0,2,3,9,0,9,50.0,2,228195,228195,0,0,0,1.0,True,2851,16629,357984.0,0.0,0.0,0,0,357984.0,0,0
extra3_ot0_temps2,retained,3,0,2,1,9,1,8,50.0,2,228195,228195,0,0,0,1.0,True,3191,20316,357984.0,0.0,480.0,0,0,358464.0,0,2
extra3_ot0_temps2,retained,3,0,2,3,9,1,8,50.0,2,228195,227724,471,0,0,0.9979359758101624,True,3191,20787,357984.0,0.0,0.0,0,0,357984.0,0,0
extra3_ot0_temps2,retained,3,0,2,1,9,2,7,50.0,2,228195,227545,650,0,0,0.9971515589736848,True,3531,26374,357984.0,0.0,960.0,0,0,358944.0,0,4
extra3_ot0_temps2,retained,3,0,2,3,9,2,7,50.0,2,228195,226457,1738,0,0,0.9923837069173295,True,3531,27462,357984.0,0.0,0.0,0,0,357984.0,0,0
extra3_ot0_temps2,deduplicated_sensitivity,3,0,2,1,9,0,9,30.0,2,215460,211598,3862,0,0,0.9820755592685417,True,4074,38565,357984.0,0.0,1680.0,0,0,359664.0,0,7
extra3_ot0_temps2,deduplicated_sensitivity,3,0,2,3,9,0,9,30.0,2,215460,210439,5021,0,0,0.9766963705560197,True,4074,41974,357984.0,0.0,0.0,0,0,357984.0,0,0
extra3_ot0_temps2,deduplicated_sensitivity,3,0,2,1,9,1,8,30.0,2,215460,210016,5444,0,0,0.974733129119094,True,4278,58928,357984.0,0.0,4320.0,0,0,362304.0,0,18
extra3_ot0_temps2,deduplicated_sensitivity,3,0,2,3,9,1,8,30.0,2,215460,207265,8195,0,0,0.9619650979300102,True,4278,71957,357984.0,0.0,0.0,0,0,357984.0,0,0
extra3_ot0_temps2,deduplicated_sensitivity,3,0,2,1,9,2,7,30.0,2,215460,206665,8795,0,0,0.9591803583031653,True,4482,105272,357984.0,0.0,6480.0,0,0,364464.0,0,27
extra3_ot0_temps2,deduplicated_sensitivity,3,0,2,3,9,2,7,30.0,2,215460,197653,17807,0,0,0.9173535691079551,False,4482,131537,357984.0,0.0,480.0,0,0,358464.0,0,2
extra3_ot0_temps2,deduplicated_sensitivity,3,0,2,1,9,0,9,40.0,2,215460,214865,595,0,0,0.9972384665367121,True,3462,17568,357984.0,0.0,960.0,0,0,358944.0,0,4
extra3_ot0_temps2,deduplicated_sensitivity,3,0,2,3,9,0,9,40.0,2,215460,213995,1465,0,0,0.993200594077787,True,3462,18438,357984.0,0.0,0.0,0,0,357984.0,0,0
extra3_ot0_temps2,deduplicated_sensitivity,3,0,2,1,9,1,8,40.0,2,215460,213777,1683,0,0,0.9921888053467001,True,3734,24148,357984.0,0.0,1440.0,0,0,359424.0,0,6
extra3_ot0_temps2,deduplicated_sensitivity,3,0,2,3,9,1,8,40.0,2,215460,212660,2800,0,0,0.9870045484080572,True,3734,25652,357984.0,0.0,0.0,0,0,357984.0,0,0
extra3_ot0_temps2,deduplicated_sensitivity,3,0,2,1,9,2,7,40.0,2,215460,212333,3127,0,0,0.9854868653114267,True,4006,33792,357984.0,0.0,1440.0,0,0,359424.0,0,6
extra3_ot0_temps2,deduplicated_sensitivity,3,0,2,3,9,2,7,40.0,2,215460,211028,4432,0,0,0.9794300566230391,True,4006,36126,357984.0,0.0,0.0,0,0,357984.0,0,0
extra3_ot0_temps2,deduplicated_sensitivity,3,0,2,1,9,0,9,50.0,2,215460,215460,0,0,0,1.0,True,2850,11263,357984.0,0.0,0.0,0,0,357984.0,0,0
extra3_ot0_temps2,deduplicated_sensitivity,3,0,2,3,9,0,9,50.0,2,215460,215460,0,0,0,1.0,True,2850,11263,357984.0,0.0,0.0,0,0,357984.0,0,0
extra3_ot0_temps2,deduplicated_sensitivity,3,0,2,1,9,1,8,50.0,2,215460,215460,0,0,0,1.0,True,3190,13887,357984.0,0.0,480.0,0,0,358464.0,0,2
extra3_ot0_temps2,deduplicated_sensitivity,3,0,2,3,9,1,8,50.0,2,215460,214990,470,0,0,0.9978186206256382,True,3190,14357,357984.0,0.0,0.0,0,0,357984.0,0,0
extra3_ot0_temps2,deduplicated_sensitivity,3,0,2,1,9,2,7,50.0,2,215460,214811,649,0,0,0.9969878399702962,True,3530,18631,357984.0,0.0,960.0,0,0,358944.0,0,4
extra3_ot0_temps2,deduplicated_sensitivity,3,0,2,3,9,2,7,50.0,2,215460,213723,1737,0,0,0.991938178780284,True,3530,19719,357984.0,0.0,0.0,0,0,357984.0,0,0
extra3_ot0_temps4,retained,3,0,4,1,9,0,9,30.0,2,228195,225310,2885,0,0,0.987357304060124,True,4075,48844,357984.0,0.0,3360.0,0,0,361344.0,0,14
extra3_ot0_temps4,retained,3,0,4,3,9,0,9,30.0,2,228195,222896,5299,0,0,0.9767786323100857,True,4075,54283,357984.0,0.0,0.0,0,0,357984.0,0,0
extra3_ot0_temps4,retained,3,0,4,1,9,1,8,30.0,2,228195,224079,4116,0,0,0.9819627949779793,True,4279,72063,357984.0,0.0,7440.0,0,0,365424.0,0,31
extra3_ot0_temps4,retained,3,0,4,3,9,1,8,30.0,2,228195,218629,9566,0,0,0.9580797125265672,True,4279,93937,357984.0,0.0,0.0,0,0,357984.0,0,0
extra3_ot0_temps4,retained,3,0,4,1,9,2,7,30.0,2,228195,221340,6855,0,0,0.9699599027147834,True,4483,117485,357984.0,0.0,14160.0,0,0,372144.0,0,59
extra3_ot0_temps4,retained,3,0,4,3,9,2,7,30.0,2,228195,204739,23456,0,0,0.8972107189026929,False,4483,171205,357984.0,0.0,480.0,0,0,358464.0,0,2
extra3_ot0_temps4,retained,3,0,4,1,9,0,9,40.0,2,228195,228050,145,0,0,0.9993645785402835,True,3463,24499,357984.0,0.0,1680.0,0,0,359664.0,0,7
extra3_ot0_temps4,retained,3,0,4,3,9,0,9,40.0,2,228195,226729,1466,0,0,0.9935756699314183,True,3463,25956,357984.0,0.0,0.0,0,0,357984.0,0,0
extra3_ot0_temps4,retained,3,0,4,1,9,1,8,40.0,2,228195,227381,814,0,0,0.9964328753916606,True,3735,31758,357984.0,0.0,2400.0,0,0,360384.0,0,10
extra3_ot0_temps4,retained,3,0,4,3,9,1,8,40.0,2,228195,225394,2801,0,0,0.9877254102850632,True,3735,34292,357984.0,0.0,0.0,0,0,357984.0,0,0
extra3_ot0_temps4,retained,3,0,4,1,9,2,7,40.0,2,228195,226293,1902,0,0,0.9916650233353054,True,4007,42571,357984.0,0.0,3120.0,0,0,361104.0,0,13
extra3_ot0_temps4,retained,3,0,4,3,9,2,7,40.0,2,228195,223748,4447,0,0,0.9805122811630403,True,4007,46676,357984.0,0.0,0.0,0,0,357984.0,0,0
extra3_ot0_temps4,retained,3,0,4,1,9,0,9,50.0,2,228195,228195,0,0,0,1.0,True,2851,16629,357984.0,0.0,0.0,0,0,357984.0,0,0
extra3_ot0_temps4,retained,3,0,4,3,9,0,9,50.0,2,228195,228195,0,0,0,1.0,True,2851,16629,357984.0,0.0,0.0,0,0,357984.0,0,0
extra3_ot0_temps4,retained,3,0,4,1,9,1,8,50.0,2,228195,228195,0,0,0,1.0,True,3191,20316,357984.0,0.0,480.0,0,0,358464.0,0,2
extra3_ot0_temps4,retained,3,0,4,3,9,1,8,50.0,2,228195,227724,471,0,0,0.9979359758101624,True,3191,20787,357984.0,0.0,0.0,0,0,357984.0,0,0
extra3_ot0_temps4,retained,3,0,4,1,9,2,7,50.0,2,228195,228132,63,0,0,0.9997239203312956,True,3531,25651,357984.0,0.0,1680.0,0,0,359664.0,0,7
extra3_ot0_temps4,retained,3,0,4,3,9,2,7,50.0,2,228195,226457,1738,0,0,0.9923837069173295,True,3531,27462,357984.0,0.0,0.0,0,0,357984.0,0,0
extra3_ot0_temps4,deduplicated_sensitivity,3,0,4,1,9,0,9,30.0,2,215460,212576,2884,0,0,0.9866146848602989,True,4074,37261,357984.0,0.0,2880.0,0,0,360864.0,0,12
extra3_ot0_temps4,deduplicated_sensitivity,3,0,4,3,9,0,9,30.0,2,215460,210439,5021,0,0,0.9766963705560197,True,4074,41974,357984.0,0.0,0.0,0,0,357984.0,0,0
extra3_ot0_temps4,deduplicated_sensitivity,3,0,4,1,9,1,8,30.0,2,215460,211352,4108,0,0,0.9809338160215353,True,4278,54946,357984.0,0.0,6000.0,0,0,363984.0,0,25
extra3_ot0_temps4,deduplicated_sensitivity,3,0,4,3,9,1,8,30.0,2,215460,207265,8195,0,0,0.9619650979300102,True,4278,71957,357984.0,0.0,0.0,0,0,357984.0,0,0
extra3_ot0_temps4,deduplicated_sensitivity,3,0,4,1,9,2,7,30.0,2,215460,209524,5936,0,0,0.9724496426250813,True,4482,92501,357984.0,0.0,9600.0,0,0,367584.0,0,40
extra3_ot0_temps4,deduplicated_sensitivity,3,0,4,3,9,2,7,30.0,2,215460,197653,17807,0,0,0.9173535691079551,False,4482,131537,357984.0,0.0,480.0,0,0,358464.0,0,2
extra3_ot0_temps4,deduplicated_sensitivity,3,0,4,1,9,0,9,40.0,2,215460,215316,144,0,0,0.9993316624895572,True,3462,16981,357984.0,0.0,1680.0,0,0,359664.0,0,7
extra3_ot0_temps4,deduplicated_sensitivity,3,0,4,3,9,0,9,40.0,2,215460,213995,1465,0,0,0.993200594077787,True,3462,18438,357984.0,0.0,0.0,0,0,357984.0,0,0
extra3_ot0_temps4,deduplicated_sensitivity,3,0,4,1,9,1,8,40.0,2,215460,214647,813,0,0,0.9962266778056251,True,3734,23278,357984.0,0.0,2400.0,0,0,360384.0,0,10
extra3_ot0_temps4,deduplicated_sensitivity,3,0,4,3,9,1,8,40.0,2,215460,212660,2800,0,0,0.9870045484080572,True,3734,25652,357984.0,0.0,0.0,0,0,357984.0,0,0
extra3_ot0_temps4,deduplicated_sensitivity,3,0,4,1,9,2,7,40.0,2,215460,213559,1901,0,0,0.9911770166156131,True,4006,32070,357984.0,0.0,2880.0,0,0,360864.0,0,12
extra3_ot0_temps4,deduplicated_sensitivity,3,0,4,3,9,2,7,40.0,2,215460,211028,4432,0,0,0.9794300566230391,True,4006,36126,357984.0,0.0,0.0,0,0,357984.0,0,0
extra3_ot0_temps4,deduplicated_sensitivity,3,0,4,1,9,0,9,50.0,2,215460,215460,0,0,0,1.0,True,2850,11263,357984.0,0.0,0.0,0,0,357984.0,0,0
extra3_ot0_temps4,deduplicated_sensitivity,3,0,4,3,9,0,9,50.0,2,215460,215460,0,0,0,1.0,True,2850,11263,357984.0,0.0,0.0,0,0,357984.0,0,0
extra3_ot0_temps4,deduplicated_sensitivity,3,0,4,1,9,1,8,50.0,2,215460,215460,0,0,0,1.0,True,3190,13887,357984.0,0.0,480.0,0,0,358464.0,0,2
extra3_ot0_temps4,deduplicated_sensitivity,3,0,4,3,9,1,8,50.0,2,215460,214990,470,0,0,0.9978186206256382,True,3190,14357,357984.0,0.0,0.0,0,0,357984.0,0,0
extra3_ot0_temps4,deduplicated_sensitivity,3,0,4,1,9,2,7,50.0,2,215460,215398,62,0,0,0.9997122435718927,True,3530,17908,357984.0,0.0,1680.0,0,0,359664.0,0,7
extra3_ot0_temps4,deduplicated_sensitivity,3,0,4,3,9,2,7,50.0,2,215460,213723,1737,0,0,0.991938178780284,True,3530,19719,357984.0,0.0,0.0,0,0,357984.0,0,0
extra3_ot2_temps0,retained,3,2,0,1,9,0,9,30.0,2,228195,224731,3464,0,0,0.9848200004382217,True,4075,49616,357984.0,2046.0,0.0,0,0,360030.0,62,0
extra3_ot2_temps0,retained,3,2,0,3,9,0,9,30.0,2,228195,224731,3464,0,0,0.9848200004382217,True,4075,49616,357984.0,2046.0,0.0,0,0,360030.0,62,0
extra3_ot2_temps0,retained,3,2,0,1,9,1,8,30.0,2,228195,222692,5503,0,0,0.975884660049519,True,4279,76198,357984.0,4752.0,0.0,0,0,362736.0,144,0
extra3_ot2_temps0,retained,3,2,0,3,9,1,8,30.0,2,228195,222692,5503,0,0,0.975884660049519,True,4279,76198,357984.0,4752.0,0.0,0,0,362736.0,144,0
extra3_ot2_temps0,retained,3,2,0,1,9,2,7,30.0,2,228195,217617,10578,0,0,0.9536449089594425,True,4483,135172,357984.0,7788.0,0.0,0,0,365772.0,236,0
extra3_ot2_temps0,retained,3,2,0,3,9,2,7,30.0,2,228195,217617,10578,0,0,0.9536449089594425,True,4483,135172,357984.0,7788.0,0.0,0,0,365772.0,236,0
extra3_ot2_temps0,retained,3,2,0,1,9,0,9,40.0,2,228195,227792,403,0,0,0.9982339665636846,True,3463,24868,357984.0,1056.0,0.0,0,0,359040.0,32,0
extra3_ot2_temps0,retained,3,2,0,3,9,0,9,40.0,2,228195,227792,403,0,0,0.9982339665636846,True,3463,24868,357984.0,1056.0,0.0,0,0,359040.0,32,0
extra3_ot2_temps0,retained,3,2,0,1,9,1,8,40.0,2,228195,226729,1466,0,0,0.9935756699314183,True,3735,32660,357984.0,1320.0,0.0,0,0,359304.0,40,0
extra3_ot2_temps0,retained,3,2,0,3,9,1,8,40.0,2,228195,226729,1466,0,0,0.9935756699314183,True,3735,32660,357984.0,1320.0,0.0,0,0,359304.0,40,0
extra3_ot2_temps0,retained,3,2,0,1,9,2,7,40.0,2,228195,225190,3005,0,0,0.9868314380244966,True,4007,44147,357984.0,1419.0,0.0,0,0,359403.0,43,0
extra3_ot2_temps0,retained,3,2,0,3,9,2,7,40.0,2,228195,225190,3005,0,0,0.9868314380244966,True,4007,44147,357984.0,1419.0,0.0,0,0,359403.0,43,0
extra3_ot2_temps0,retained,3,2,0,1,9,0,9,50.0,2,228195,228195,0,0,0,1.0,True,2851,16629,357984.0,0.0,0.0,0,0,357984.0,0,0
extra3_ot2_temps0,retained,3,2,0,3,9,0,9,50.0,2,228195,228195,0,0,0,1.0,True,2851,16629,357984.0,0.0,0.0,0,0,357984.0,0,0
extra3_ot2_temps0,retained,3,2,0,1,9,1,8,50.0,2,228195,228195,0,0,0,1.0,True,3191,20316,357984.0,396.0,0.0,0,0,358380.0,12,0
extra3_ot2_temps0,retained,3,2,0,3,9,1,8,50.0,2,228195,228195,0,0,0,1.0,True,3191,20316,357984.0,396.0,0.0,0,0,358380.0,12,0
extra3_ot2_temps0,retained,3,2,0,1,9,2,7,50.0,2,228195,227639,556,0,0,0.9975634873682596,True,3531,26272,357984.0,924.0,0.0,0,0,358908.0,28,0
extra3_ot2_temps0,retained,3,2,0,3,9,2,7,50.0,2,228195,227639,556,0,0,0.9975634873682596,True,3531,26272,357984.0,924.0,0.0,0,0,358908.0,28,0
extra3_ot2_temps0,deduplicated_sensitivity,3,2,0,1,9,0,9,30.0,2,215460,211997,3463,0,0,0.9839274111203936,True,4074,38033,357984.0,1782.0,0.0,0,0,359766.0,54,0
extra3_ot2_temps0,deduplicated_sensitivity,3,2,0,3,9,0,9,30.0,2,215460,211997,3463,0,0,0.9839274111203936,True,4074,38033,357984.0,1782.0,0.0,0,0,359766.0,54,0
extra3_ot2_temps0,deduplicated_sensitivity,3,2,0,1,9,1,8,30.0,2,215460,210439,5021,0,0,0.9766963705560197,True,4278,57430,357984.0,3960.0,0.0,0,0,361944.0,120,0
extra3_ot2_temps0,deduplicated_sensitivity,3,2,0,3,9,1,8,30.0,2,215460,210439,5021,0,0,0.9766963705560197,True,4278,57430,357984.0,3960.0,0.0,0,0,361944.0,120,0
extra3_ot2_temps0,deduplicated_sensitivity,3,2,0,1,9,2,7,30.0,2,215460,206806,8654,0,0,0.9598347721154739,True,4482,105390,357984.0,5643.0,0.0,0,0,363627.0,171,0
extra3_ot2_temps0,deduplicated_sensitivity,3,2,0,3,9,2,7,30.0,2,215460,206806,8654,0,0,0.9598347721154739,True,4482,105390,357984.0,5643.0,0.0,0,0,363627.0,171,0
extra3_ot2_temps0,deduplicated_sensitivity,3,2,0,1,9,0,9,40.0,2,215460,215058,402,0,0,0.9981342244500139,True,3462,17350,357984.0,1056.0,0.0,0,0,359040.0,32,0
extra3_ot2_temps0,deduplicated_sensitivity,3,2,0,3,9,0,9,40.0,2,215460,215058,402,0,0,0.9981342244500139,True,3462,17350,357984.0,1056.0,0.0,0,0,359040.0,32,0
extra3_ot2_temps0,deduplicated_sensitivity,3,2,0,1,9,1,8,40.0,2,215460,213995,1465,0,0,0.993200594077787,True,3734,24020,357984.0,1320.0,0.0,0,0,359304.0,40,0
extra3_ot2_temps0,deduplicated_sensitivity,3,2,0,3,9,1,8,40.0,2,215460,213995,1465,0,0,0.993200594077787,True,3734,24020,357984.0,1320.0,0.0,0,0,359304.0,40,0
extra3_ot2_temps0,deduplicated_sensitivity,3,2,0,1,9,2,7,40.0,2,215460,212456,3004,0,0,0.9860577369349299,True,4006,33628,357984.0,1386.0,0.0,0,0,359370.0,42,0
extra3_ot2_temps0,deduplicated_sensitivity,3,2,0,3,9,2,7,40.0,2,215460,212456,3004,0,0,0.9860577369349299,True,4006,33628,357984.0,1386.0,0.0,0,0,359370.0,42,0
extra3_ot2_temps0,deduplicated_sensitivity,3,2,0,1,9,0,9,50.0,2,215460,215460,0,0,0,1.0,True,2850,11263,357984.0,0.0,0.0,0,0,357984.0,0,0
extra3_ot2_temps0,deduplicated_sensitivity,3,2,0,3,9,0,9,50.0,2,215460,215460,0,0,0,1.0,True,2850,11263,357984.0,0.0,0.0,0,0,357984.0,0,0
extra3_ot2_temps0,deduplicated_sensitivity,3,2,0,1,9,1,8,50.0,2,215460,215460,0,0,0,1.0,True,3190,13887,357984.0,396.0,0.0,0,0,358380.0,12,0
extra3_ot2_temps0,deduplicated_sensitivity,3,2,0,3,9,1,8,50.0,2,215460,215460,0,0,0,1.0,True,3190,13887,357984.0,396.0,0.0,0,0,358380.0,12,0
extra3_ot2_temps0,deduplicated_sensitivity,3,2,0,1,9,2,7,50.0,2,215460,214905,555,0,0,0.9974241158451684,True,3530,18529,357984.0,924.0,0.0,0,0,358908.0,28,0
extra3_ot2_temps0,deduplicated_sensitivity,3,2,0,3,9,2,7,50.0,2,215460,214905,555,0,0,0.9974241158451684,True,3530,18529,357984.0,924.0,0.0,0,0,358908.0,28,0
extra3_ot2_temps2,retained,3,2,2,1,9,0,9,30.0,2,228195,225709,2486,0,0,0.9891058086285852,True,4075,48312,357984.0,1782.0,1920.0,0,0,361686.0,54,8
extra3_ot2_temps2,retained,3,2,2,3,9,0,9,30.0,2,228195,224731,3464,0,0,0.9848200004382217,True,4075,49616,357984.0,2046.0,0.0,0,0,360030.0,62,0
extra3_ot2_temps2,retained,3,2,2,1,9,1,8,30.0,2,228195,224332,3863,0,0,0.9830714958697605,True,4279,71721,357984.0,2409.0,4560.0,0,0,364953.0,73,19
extra3_ot2_temps2,retained,3,2,2,3,9,1,8,30.0,2,228195,222692,5503,0,0,0.975884660049519,True,4279,76198,357984.0,4752.0,0.0,0,0,362736.0,144,0
extra3_ot2_temps2,retained,3,2,2,1,9,2,7,30.0,2,228195,221557,6638,0,0,0.9709108437958763,True,4483,117555,357984.0,5016.0,7920.0,0,0,370920.0,152,33
extra3_ot2_temps2,retained,3,2,2,3,9,2,7,30.0,2,228195,217617,10578,0,0,0.9536449089594425,True,4483,134846,357984.0,7788.0,480.0,0,0,366252.0,236,2
extra3_ot2_temps2,retained,3,2,2,1,9,0,9,40.0,2,228195,228195,0,0,0,1.0,True,3463,24472,357984.0,627.0,960.0,0,0,359571.0,19,4
extra3_ot2_temps2,retained,3,2,2,3,9,0,9,40.0,2,228195,227792,403,0,0,0.9982339665636846,True,3463,24868,357984.0,1056.0,0.0,0,0,359040.0,32,0
extra3_ot2_temps2,retained,3,2,2,1,9,1,8,40.0,2,228195,227599,596,0,0,0.9973881986897172,True,3735,31540,357984.0,1056.0,1440.0,0,0,360480.0,32,6
extra3_ot2_temps2,retained,3,2,2,3,9,1,8,40.0,2,228195,226729,1466,0,0,0.9935756699314183,True,3735,32660,357984.0,1320.0,0.0,0,0,359304.0,40,0
extra3_ot2_temps2,retained,3,2,2,1,9,2,7,40.0,2,228195,226375,1820,0,0,0.9920243651263174,True,4007,42611,357984.0,1287.0,1680.0,0,0,360951.0,39,7
extra3_ot2_temps2,retained,3,2,2,3,9,2,7,40.0,2,228195,225190,3005,0,0,0.9868314380244966,True,4007,44147,357984.0,1419.0,0.0,0,0,359403.0,43,0
extra3_ot2_temps2,retained,3,2,2,1,9,0,9,50.0,2,228195,228195,0,0,0,1.0,True,2851,16629,357984.0,0.0,0.0,0,0,357984.0,0,0
extra3_ot2_temps2,retained,3,2,2,3,9,0,9,50.0,2,228195,228195,0,0,0,1.0,True,2851,16629,357984.0,0.0,0.0,0,0,357984.0,0,0
extra3_ot2_temps2,retained,3,2,2,1,9,1,8,50.0,2,228195,228195,0,0,0,1.0,True,3191,20316,357984.0,0.0,480.0,0,0,358464.0,0,2
extra3_ot2_temps2,retained,3,2,2,3,9,1,8,50.0,2,228195,228195,0,0,0,1.0,True,3191,20316,357984.0,396.0,0.0,0,0,358380.0,12,0
extra3_ot2_temps2,retained,3,2,2,1,9,2,7,50.0,2,228195,228183,12,0,0,0.9999474133964372,True,3531,25694,357984.0,528.0,960.0,0,0,359472.0,16,4
extra3_ot2_temps2,retained,3,2,2,3,9,2,7,50.0,2,228195,227639,556,0,0,0.9975634873682596,True,3531,26272,357984.0,924.0,0.0,0,0,358908.0,28,0
extra3_ot2_temps2,deduplicated_sensitivity,3,2,2,1,9,0,9,30.0,2,215460,212975,2485,0,0,0.9884665367121508,True,4074,36729,357984.0,1782.0,1440.0,0,0,361206.0,54,6
extra3_ot2_temps2,deduplicated_sensitivity,3,2,2,3,9,0,9,30.0,2,215460,211997,3463,0,0,0.9839274111203936,True,4074,38033,357984.0,1782.0,0.0,0,0,359766.0,54,0
extra3_ot2_temps2,deduplicated_sensitivity,3,2,2,1,9,1,8,30.0,2,215460,211598,3862,0,0,0.9820755592685417,True,4278,54618,357984.0,1617.0,3840.0,0,0,363441.0,49,16
extra3_ot2_temps2,deduplicated_sensitivity,3,2,2,3,9,1,8,30.0,2,215460,210439,5021,0,0,0.9766963705560197,True,4278,57430,357984.0,3960.0,0.0,0,0,361944.0,120,0
extra3_ot2_temps2,deduplicated_sensitivity,3,2,2,1,9,2,7,30.0,2,215460,209710,5750,0,0,0.9733129119094032,True,4482,91677,357984.0,3861.0,5040.0,0,0,366885.0,117,21
extra3_ot2_temps2,deduplicated_sensitivity,3,2,2,3,9,2,7,30.0,2,215460,206806,8654,0,0,0.9598347721154739,True,4482,105064,357984.0,5643.0,480.0,0,0,364107.0,171,2
extra3_ot2_temps2,deduplicated_sensitivity,3,2,2,1,9,0,9,40.0,2,215460,215460,0,0,0,1.0,True,3462,16955,357984.0,627.0,960.0,0,0,359571.0,19,4
extra3_ot2_temps2,deduplicated_sensitivity,3,2,2,3,9,0,9,40.0,2,215460,215058,402,0,0,0.9981342244500139,True,3462,17350,357984.0,1056.0,0.0,0,0,359040.0,32,0
extra3_ot2_temps2,deduplicated_sensitivity,3,2,2,1,9,1,8,40.0,2,215460,214865,595,0,0,0.9972384665367121,True,3734,23060,357984.0,1056.0,1440.0,0,0,360480.0,32,6
extra3_ot2_temps2,deduplicated_sensitivity,3,2,2,3,9,1,8,40.0,2,215460,213995,1465,0,0,0.993200594077787,True,3734,24020,357984.0,1320.0,0.0,0,0,359304.0,40,0
extra3_ot2_temps2,deduplicated_sensitivity,3,2,2,1,9,2,7,40.0,2,215460,213641,1819,0,0,0.9915575976979486,True,4006,32092,357984.0,1287.0,1440.0,0,0,360711.0,39,6
extra3_ot2_temps2,deduplicated_sensitivity,3,2,2,3,9,2,7,40.0,2,215460,212456,3004,0,0,0.9860577369349299,True,4006,33628,357984.0,1386.0,0.0,0,0,359370.0,42,0
extra3_ot2_temps2,deduplicated_sensitivity,3,2,2,1,9,0,9,50.0,2,215460,215460,0,0,0,1.0,True,2850,11263,357984.0,0.0,0.0,0,0,357984.0,0,0
extra3_ot2_temps2,deduplicated_sensitivity,3,2,2,3,9,0,9,50.0,2,215460,215460,0,0,0,1.0,True,2850,11263,357984.0,0.0,0.0,0,0,357984.0,0,0
extra3_ot2_temps2,deduplicated_sensitivity,3,2,2,1,9,1,8,50.0,2,215460,215460,0,0,0,1.0,True,3190,13887,357984.0,0.0,480.0,0,0,358464.0,0,2
extra3_ot2_temps2,deduplicated_sensitivity,3,2,2,3,9,1,8,50.0,2,215460,215460,0,0,0,1.0,True,3190,13887,357984.0,396.0,0.0,0,0,358380.0,12,0
extra3_ot2_temps2,deduplicated_sensitivity,3,2,2,1,9,2,7,50.0,2,215460,215449,11,0,0,0.9999489464401745,True,3530,17951,357984.0,528.0,960.0,0,0,359472.0,16,4
extra3_ot2_temps2,deduplicated_sensitivity,3,2,2,3,9,2,7,50.0,2,215460,214905,555,0,0,0.9974241158451684,True,3530,18529,357984.0,924.0,0.0,0,0,358908.0,28,0
extra3_ot2_temps4,retained,3,2,4,1,9,0,9,30.0,2,228195,226503,1692,0,0,0.9925852888976533,True,4075,47366,357984.0,1551.0,3360.0,0,0,362895.0,47,14
extra3_ot2_temps4,retained,3,2,4,3,9,0,9,30.0,2,228195,224731,3464,0,0,0.9848200004382217,True,4075,49616,357984.0,2046.0,0.0,0,0,360030.0,62,0
extra3_ot2_temps4,retained,3,2,4,1,9,1,8,30.0,2,228195,225310,2885,0,0,0.987357304060124,True,4279,70417,357984.0,1617.0,6240.0,0,0,365841.0,49,26
extra3_ot2_temps4,retained,3,2,4,3,9,1,8,30.0,2,228195,222692,5503,0,0,0.975884660049519,True,4279,76198,357984.0,4752.0,0.0,0,0,362736.0,144,0
extra3_ot2_temps4,retained,3,2,4,1,9,2,7,30.0,2,228195,223671,4524,0,0,0.9801748504568462,True,4483,109080,357984.0,2607.0,12720.0,0,0,373311.0,79,53
extra3_ot2_temps4,retained,3,2,4,3,9,2,7,30.0,2,228195,217617,10578,0,0,0.9536449089594425,True,4483,134846,357984.0,7788.0,480.0,0,0,366252.0,236,2
extra3_ot2_temps4,retained,3,2,4,1,9,0,9,40.0,2,228195,228195,0,0,0,1.0,True,3463,24354,357984.0,165.0,1680.0,0,0,359829.0,5,7
extra3_ot2_temps4,retained,3,2,4,3,9,0,9,40.0,2,228195,227792,403,0,0,0.9982339665636846,True,3463,24868,357984.0,1056.0,0.0,0,0,359040.0,32,0
extra3_ot2_temps4,retained,3,2,4,1,9,1,8,40.0,2,228195,228050,145,0,0,0.9993645785402835,True,3735,31078,357984.0,660.0,2400.0,0,0,361044.0,20,10
extra3_ot2_temps4,retained,3,2,4,3,9,1,8,40.0,2,228195,226729,1466,0,0,0.9935756699314183,True,3735,32660,357984.0,1320.0,0.0,0,0,359304.0,40,0
extra3_ot2_temps4,retained,3,2,4,1,9,2,7,40.0,2,228195,227245,950,0,0,0.9958368938846163,True,4007,41619,357984.0,924.0,3120.0,0,0,362028.0,28,13
extra3_ot2_temps4,retained,3,2,4,3,9,2,7,40.0,2,228195,225190,3005,0,0,0.9868314380244966,True,4007,44147,357984.0,1419.0,0.0,0,0,359403.0,43,0
extra3_ot2_temps4,retained,3,2,4,1,9,0,9,50.0,2,228195,228195,0,0,0,1.0,True,2851,16629,357984.0,0.0,0.0,0,0,357984.0,0,0
extra3_ot2_temps4,retained,3,2,4,3,9,0,9,50.0,2,228195,228195,0,0,0,1.0,True,2851,16629,357984.0,0.0,0.0,0,0,357984.0,0,0
extra3_ot2_temps4,retained,3,2,4,1,9,1,8,50.0,2,228195,228195,0,0,0,1.0,True,3191,20316,357984.0,0.0,480.0,0,0,358464.0,0,2
extra3_ot2_temps4,retained,3,2,4,3,9,1,8,50.0,2,228195,228195,0,0,0,1.0,True,3191,20316,357984.0,396.0,0.0,0,0,358380.0,12,0
extra3_ot2_temps4,retained,3,2,4,1,9,2,7,50.0,2,228195,228195,0,0,0,1.0,True,3531,25588,357984.0,66.0,1680.0,0,0,359730.0,2,7
extra3_ot2_temps4,retained,3,2,4,3,9,2,7,50.0,2,228195,227639,556,0,0,0.9975634873682596,True,3531,26272,357984.0,924.0,0.0,0,0,358908.0,28,0
extra3_ot2_temps4,deduplicated_sensitivity,3,2,4,1,9,0,9,30.0,2,215460,213769,1691,0,0,0.9921516754850088,True,4074,35783,357984.0,1551.0,2880.0,0,0,362415.0,47,12
extra3_ot2_temps4,deduplicated_sensitivity,3,2,4,3,9,0,9,30.0,2,215460,211997,3463,0,0,0.9839274111203936,True,4074,38033,357984.0,1782.0,0.0,0,0,359766.0,54,0
extra3_ot2_temps4,deduplicated_sensitivity,3,2,4,1,9,1,8,30.0,2,215460,212576,2884,0,0,0.9866146848602989,True,4278,53314,357984.0,1584.0,4560.0,0,0,364128.0,48,19
extra3_ot2_temps4,deduplicated_sensitivity,3,2,4,3,9,1,8,30.0,2,215460,210439,5021,0,0,0.9766963705560197,True,4278,57430,357984.0,3960.0,0.0,0,0,361944.0,120,0
extra3_ot2_temps4,deduplicated_sensitivity,3,2,4,1,9,2,7,30.0,2,215460,211199,4261,0,0,0.9802237074166898,True,4482,86016,357984.0,1716.0,8640.0,0,0,368340.0,52,36
extra3_ot2_temps4,deduplicated_sensitivity,3,2,4,3,9,2,7,30.0,2,215460,206806,8654,0,0,0.9598347721154739,True,4482,105064,357984.0,5643.0,480.0,0,0,364107.0,171,2
extra3_ot2_temps4,deduplicated_sensitivity,3,2,4,1,9,0,9,40.0,2,215460,215460,0,0,0,1.0,True,3462,16837,357984.0,165.0,1680.0,0,0,359829.0,5,7
extra3_ot2_temps4,deduplicated_sensitivity,3,2,4,3,9,0,9,40.0,2,215460,215058,402,0,0,0.9981342244500139,True,3462,17350,357984.0,1056.0,0.0,0,0,359040.0,32,0
extra3_ot2_temps4,deduplicated_sensitivity,3,2,4,1,9,1,8,40.0,2,215460,215316,144,0,0,0.9993316624895572,True,3734,22598,357984.0,660.0,2400.0,0,0,361044.0,20,10
extra3_ot2_temps4,deduplicated_sensitivity,3,2,4,3,9,1,8,40.0,2,215460,213995,1465,0,0,0.993200594077787,True,3734,24020,357984.0,1320.0,0.0,0,0,359304.0,40,0
extra3_ot2_temps4,deduplicated_sensitivity,3,2,4,1,9,2,7,40.0,2,215460,214511,949,0,0,0.9955954701568737,True,4006,31118,357984.0,924.0,2880.0,0,0,361788.0,28,12
extra3_ot2_temps4,deduplicated_sensitivity,3,2,4,3,9,2,7,40.0,2,215460,212456,3004,0,0,0.9860577369349299,True,4006,33628,357984.0,1386.0,0.0,0,0,359370.0,42,0
extra3_ot2_temps4,deduplicated_sensitivity,3,2,4,1,9,0,9,50.0,2,215460,215460,0,0,0,1.0,True,2850,11263,357984.0,0.0,0.0,0,0,357984.0,0,0
extra3_ot2_temps4,deduplicated_sensitivity,3,2,4,3,9,0,9,50.0,2,215460,215460,0,0,0,1.0,True,2850,11263,357984.0,0.0,0.0,0,0,357984.0,0,0
extra3_ot2_temps4,deduplicated_sensitivity,3,2,4,1,9,1,8,50.0,2,215460,215460,0,0,0,1.0,True,3190,13887,357984.0,0.0,480.0,0,0,358464.0,0,2
extra3_ot2_temps4,deduplicated_sensitivity,3,2,4,3,9,1,8,50.0,2,215460,215460,0,0,0,1.0,True,3190,13887,357984.0,396.0,0.0,0,0,358380.0,12,0
extra3_ot2_temps4,deduplicated_sensitivity,3,2,4,1,9,2,7,50.0,2,215460,215460,0,0,0,1.0,True,3530,17846,357984.0,66.0,1680.0,0,0,359730.0,2,7
extra3_ot2_temps4,deduplicated_sensitivity,3,2,4,3,9,2,7,50.0,2,215460,214905,555,0,0,0.9974241158451684,True,3530,18529,357984.0,924.0,0.0,0,0,358908.0,28,0
extra4_ot0_temps0,retained,4,0,0,1,10,0,10,30.0,2,228195,224578,3617,0,0,0.9841495212427968,True,3871,39504,397760.0,0.0,0.0,0,0,397760.0,0,0
extra4_ot0_temps0,retained,4,0,0,3,10,0,10,30.0,2,228195,224578,3617,0,0,0.9841495212427968,True,3871,39504,397760.0,0.0,0.0,0,0,397760.0,0,0
extra4_ot0_temps0,retained,4,0,0,1,10,1,9,30.0,2,228195,222896,5299,0,0,0.9767786323100857,True,4075,54283,397760.0,0.0,0.0,0,0,397760.0,0,0
extra4_ot0_temps0,retained,4,0,0,3,10,1,9,30.0,2,228195,222896,5299,0,0,0.9767786323100857,True,4075,54283,397760.0,0.0,0.0,0,0,397760.0,0,0
extra4_ot0_temps0,retained,4,0,0,1,10,2,8,30.0,2,228195,218629,9566,0,0,0.9580797125265672,True,4279,93937,397760.0,0.0,0.0,0,0,397760.0,0,0
extra4_ot0_temps0,retained,4,0,0,3,10,2,8,30.0,2,228195,218629,9566,0,0,0.9580797125265672,True,4279,93937,397760.0,0.0,0.0,0,0,397760.0,0,0
extra4_ot0_temps0,retained,4,0,0,1,10,0,10,40.0,2,228195,227724,471,0,0,0.9979359758101624,True,3191,20787,397760.0,0.0,0.0,0,0,397760.0,0,0
extra4_ot0_temps0,retained,4,0,0,3,10,0,10,40.0,2,228195,227724,471,0,0,0.9979359758101624,True,3191,20787,397760.0,0.0,0.0,0,0,397760.0,0,0
extra4_ot0_temps0,retained,4,0,0,1,10,1,9,40.0,2,228195,226729,1466,0,0,0.9935756699314183,True,3463,25956,397760.0,0.0,0.0,0,0,397760.0,0,0
extra4_ot0_temps0,retained,4,0,0,3,10,1,9,40.0,2,228195,226729,1466,0,0,0.9935756699314183,True,3463,25956,397760.0,0.0,0.0,0,0,397760.0,0,0
extra4_ot0_temps0,retained,4,0,0,1,10,2,8,40.0,2,228195,225394,2801,0,0,0.9877254102850632,True,3735,34292,397760.0,0.0,0.0,0,0,397760.0,0,0
extra4_ot0_temps0,retained,4,0,0,3,10,2,8,40.0,2,228195,225394,2801,0,0,0.9877254102850632,True,3735,34292,397760.0,0.0,0.0,0,0,397760.0,0,0
extra4_ot0_temps0,retained,4,0,0,1,10,0,10,50.0,2,228195,228195,0,0,0,1.0,True,2511,13897,397760.0,0.0,0.0,0,0,397760.0,0,0
extra4_ot0_temps0,retained,4,0,0,3,10,0,10,50.0,2,228195,228195,0,0,0,1.0,True,2511,13897,397760.0,0.0,0.0,0,0,397760.0,0,0
extra4_ot0_temps0,retained,4,0,0,1,10,1,9,50.0,2,228195,228195,0,0,0,1.0,True,2851,16629,397760.0,0.0,0.0,0,0,397760.0,0,0
extra4_ot0_temps0,retained,4,0,0,3,10,1,9,50.0,2,228195,228195,0,0,0,1.0,True,2851,16629,397760.0,0.0,0.0,0,0,397760.0,0,0
extra4_ot0_temps0,retained,4,0,0,1,10,2,8,50.0,2,228195,227724,471,0,0,0.9979359758101624,True,3191,20787,397760.0,0.0,0.0,0,0,397760.0,0,0
extra4_ot0_temps0,retained,4,0,0,3,10,2,8,50.0,2,228195,227724,471,0,0,0.9979359758101624,True,3191,20787,397760.0,0.0,0.0,0,0,397760.0,0,0
extra4_ot0_temps0,deduplicated_sensitivity,4,0,0,1,10,0,10,30.0,2,215460,211844,3616,0,0,0.9832173025155482,True,3870,30205,397760.0,0.0,0.0,0,0,397760.0,0,0
extra4_ot0_temps0,deduplicated_sensitivity,4,0,0,3,10,0,10,30.0,2,215460,211844,3616,0,0,0.9832173025155482,True,3870,30205,397760.0,0.0,0.0,0,0,397760.0,0,0
extra4_ot0_temps0,deduplicated_sensitivity,4,0,0,1,10,1,9,30.0,2,215460,210439,5021,0,0,0.9766963705560197,True,4074,41974,397760.0,0.0,0.0,0,0,397760.0,0,0
extra4_ot0_temps0,deduplicated_sensitivity,4,0,0,3,10,1,9,30.0,2,215460,210439,5021,0,0,0.9766963705560197,True,4074,41974,397760.0,0.0,0.0,0,0,397760.0,0,0
extra4_ot0_temps0,deduplicated_sensitivity,4,0,0,1,10,2,8,30.0,2,215460,207265,8195,0,0,0.9619650979300102,True,4278,71957,397760.0,0.0,0.0,0,0,397760.0,0,0
extra4_ot0_temps0,deduplicated_sensitivity,4,0,0,3,10,2,8,30.0,2,215460,207265,8195,0,0,0.9619650979300102,True,4278,71957,397760.0,0.0,0.0,0,0,397760.0,0,0
extra4_ot0_temps0,deduplicated_sensitivity,4,0,0,1,10,0,10,40.0,2,215460,214990,470,0,0,0.9978186206256382,True,3190,14357,397760.0,0.0,0.0,0,0,397760.0,0,0
extra4_ot0_temps0,deduplicated_sensitivity,4,0,0,3,10,0,10,40.0,2,215460,214990,470,0,0,0.9978186206256382,True,3190,14357,397760.0,0.0,0.0,0,0,397760.0,0,0
extra4_ot0_temps0,deduplicated_sensitivity,4,0,0,1,10,1,9,40.0,2,215460,213995,1465,0,0,0.993200594077787,True,3462,18438,397760.0,0.0,0.0,0,0,397760.0,0,0
extra4_ot0_temps0,deduplicated_sensitivity,4,0,0,3,10,1,9,40.0,2,215460,213995,1465,0,0,0.993200594077787,True,3462,18438,397760.0,0.0,0.0,0,0,397760.0,0,0
extra4_ot0_temps0,deduplicated_sensitivity,4,0,0,1,10,2,8,40.0,2,215460,212660,2800,0,0,0.9870045484080572,True,3734,25652,397760.0,0.0,0.0,0,0,397760.0,0,0
extra4_ot0_temps0,deduplicated_sensitivity,4,0,0,3,10,2,8,40.0,2,215460,212660,2800,0,0,0.9870045484080572,True,3734,25652,397760.0,0.0,0.0,0,0,397760.0,0,0
extra4_ot0_temps0,deduplicated_sensitivity,4,0,0,1,10,0,10,50.0,2,215460,215460,0,0,0,1.0,True,2510,9213,397760.0,0.0,0.0,0,0,397760.0,0,0
extra4_ot0_temps0,deduplicated_sensitivity,4,0,0,3,10,0,10,50.0,2,215460,215460,0,0,0,1.0,True,2510,9213,397760.0,0.0,0.0,0,0,397760.0,0,0
extra4_ot0_temps0,deduplicated_sensitivity,4,0,0,1,10,1,9,50.0,2,215460,215460,0,0,0,1.0,True,2850,11263,397760.0,0.0,0.0,0,0,397760.0,0,0
extra4_ot0_temps0,deduplicated_sensitivity,4,0,0,3,10,1,9,50.0,2,215460,215460,0,0,0,1.0,True,2850,11263,397760.0,0.0,0.0,0,0,397760.0,0,0
extra4_ot0_temps0,deduplicated_sensitivity,4,0,0,1,10,2,8,50.0,2,215460,214990,470,0,0,0.9978186206256382,True,3190,14357,397760.0,0.0,0.0,0,0,397760.0,0,0
extra4_ot0_temps0,deduplicated_sensitivity,4,0,0,3,10,2,8,50.0,2,215460,214990,470,0,0,0.9978186206256382,True,3190,14357,397760.0,0.0,0.0,0,0,397760.0,0,0
extra4_ot0_temps2,retained,4,0,2,1,10,0,10,30.0,2,228195,225556,2639,0,0,0.9884353294331603,True,3871,38200,397760.0,0.0,1440.0,0,0,399200.0,0,6
extra4_ot0_temps2,retained,4,0,2,3,10,0,10,30.0,2,228195,224578,3617,0,0,0.9841495212427968,True,3871,39504,397760.0,0.0,0.0,0,0,397760.0,0,0
extra4_ot0_temps2,retained,4,0,2,1,10,1,9,30.0,2,228195,224332,3863,0,0,0.9830714958697605,True,4075,50148,397760.0,0.0,2160.0,0,0,399920.0,0,9
extra4_ot0_temps2,retained,4,0,2,3,10,1,9,30.0,2,228195,222896,5299,0,0,0.9767786323100857,True,4075,54283,397760.0,0.0,0.0,0,0,397760.0,0,0
extra4_ot0_temps2,retained,4,0,2,1,10,2,8,30.0,2,228195,222118,6077,0,0,0.9733692675124346,True,4279,78235,397760.0,0.0,5040.0,0,0,402800.0,0,21
extra4_ot0_temps2,retained,4,0,2,3,10,2,8,30.0,2,228195,218629,9566,0,0,0.9580797125265672,True,4279,93937,397760.0,0.0,0.0,0,0,397760.0,0,0
extra4_ot0_temps2,retained,4,0,2,1,10,0,10,40.0,2,228195,228159,36,0,0,0.9998422401893118,True,3191,20352,397760.0,0.0,480.0,0,0,398240.0,0,2
extra4_ot0_temps2,retained,4,0,2,3,10,0,10,40.0,2,228195,227724,471,0,0,0.9979359758101624,True,3191,20787,397760.0,0.0,0.0,0,0,397760.0,0,0
extra4_ot0_temps2,retained,4,0,2,1,10,1,9,40.0,2,228195,227599,596,0,0,0.9973881986897172,True,3463,25086,397760.0,0.0,960.0,0,0,398720.0,0,4
extra4_ot0_temps2,retained,4,0,2,3,10,1,9,40.0,2,228195,226729,1466,0,0,0.9935756699314183,True,3463,25956,397760.0,0.0,0.0,0,0,397760.0,0,0
extra4_ot0_temps2,retained,4,0,2,1,10,2,8,40.0,2,228195,226511,1684,0,0,0.9926203466333618,True,3735,32628,397760.0,0.0,1440.0,0,0,399200.0,0,6
extra4_ot0_temps2,retained,4,0,2,3,10,2,8,40.0,2,228195,225394,2801,0,0,0.9877254102850632,True,3735,34292,397760.0,0.0,0.0,0,0,397760.0,0,0
extra4_ot0_temps2,retained,4,0,2,1,10,0,10,50.0,2,228195,228195,0,0,0,1.0,True,2511,13897,397760.0,0.0,0.0,0,0,397760.0,0,0
extra4_ot0_temps2,retained,4,0,2,3,10,0,10,50.0,2,228195,228195,0,0,0,1.0,True,2511,13897,397760.0,0.0,0.0,0,0,397760.0,0,0
extra4_ot0_temps2,retained,4,0,2,1,10,1,9,50.0,2,228195,228195,0,0,0,1.0,True,2851,16629,397760.0,0.0,0.0,0,0,397760.0,0,0
extra4_ot0_temps2,retained,4,0,2,3,10,1,9,50.0,2,228195,228195,0,0,0,1.0,True,2851,16629,397760.0,0.0,0.0,0,0,397760.0,0,0
extra4_ot0_temps2,retained,4,0,2,1,10,2,8,50.0,2,228195,228195,0,0,0,1.0,True,3191,20316,397760.0,0.0,480.0,0,0,398240.0,0,2
extra4_ot0_temps2,retained,4,0,2,3,10,2,8,50.0,2,228195,227724,471,0,0,0.9979359758101624,True,3191,20787,397760.0,0.0,0.0,0,0,397760.0,0,0
extra4_ot0_temps2,deduplicated_sensitivity,4,0,2,1,10,0,10,30.0,2,215460,212822,2638,0,0,0.9877564281073054,True,3870,28901,397760.0,0.0,1440.0,0,0,399200.0,0,6
extra4_ot0_temps2,deduplicated_sensitivity,4,0,2,3,10,0,10,30.0,2,215460,211844,3616,0,0,0.9832173025155482,True,3870,30205,397760.0,0.0,0.0,0,0,397760.0,0,0
extra4_ot0_temps2,deduplicated_sensitivity,4,0,2,1,10,1,9,30.0,2,215460,211598,3862,0,0,0.9820755592685417,True,4074,38565,397760.0,0.0,1680.0,0,0,399440.0,0,7
extra4_ot0_temps2,deduplicated_sensitivity,4,0,2,3,10,1,9,30.0,2,215460,210439,5021,0,0,0.9766963705560197,True,4074,41974,397760.0,0.0,0.0,0,0,397760.0,0,0
extra4_ot0_temps2,deduplicated_sensitivity,4,0,2,1,10,2,8,30.0,2,215460,210016,5444,0,0,0.974733129119094,True,4278,58928,397760.0,0.0,4320.0,0,0,402080.0,0,18
extra4_ot0_temps2,deduplicated_sensitivity,4,0,2,3,10,2,8,30.0,2,215460,207265,8195,0,0,0.9619650979300102,True,4278,71957,397760.0,0.0,0.0,0,0,397760.0,0,0
extra4_ot0_temps2,deduplicated_sensitivity,4,0,2,1,10,0,10,40.0,2,215460,215425,35,0,0,0.9998375568551007,True,3190,13922,397760.0,0.0,480.0,0,0,398240.0,0,2
extra4_ot0_temps2,deduplicated_sensitivity,4,0,2,3,10,0,10,40.0,2,215460,214990,470,0,0,0.9978186206256382,True,3190,14357,397760.0,0.0,0.0,0,0,397760.0,0,0
extra4_ot0_temps2,deduplicated_sensitivity,4,0,2,1,10,1,9,40.0,2,215460,214865,595,0,0,0.9972384665367121,True,3462,17568,397760.0,0.0,960.0,0,0,398720.0,0,4
extra4_ot0_temps2,deduplicated_sensitivity,4,0,2,3,10,1,9,40.0,2,215460,213995,1465,0,0,0.993200594077787,True,3462,18438,397760.0,0.0,0.0,0,0,397760.0,0,0
extra4_ot0_temps2,deduplicated_sensitivity,4,0,2,1,10,2,8,40.0,2,215460,213777,1683,0,0,0.9921888053467001,True,3734,24148,397760.0,0.0,1440.0,0,0,399200.0,0,6
extra4_ot0_temps2,deduplicated_sensitivity,4,0,2,3,10,2,8,40.0,2,215460,212660,2800,0,0,0.9870045484080572,True,3734,25652,397760.0,0.0,0.0,0,0,397760.0,0,0
extra4_ot0_temps2,deduplicated_sensitivity,4,0,2,1,10,0,10,50.0,2,215460,215460,0,0,0,1.0,True,2510,9213,397760.0,0.0,0.0,0,0,397760.0,0,0
extra4_ot0_temps2,deduplicated_sensitivity,4,0,2,3,10,0,10,50.0,2,215460,215460,0,0,0,1.0,True,2510,9213,397760.0,0.0,0.0,0,0,397760.0,0,0
extra4_ot0_temps2,deduplicated_sensitivity,4,0,2,1,10,1,9,50.0,2,215460,215460,0,0,0,1.0,True,2850,11263,397760.0,0.0,0.0,0,0,397760.0,0,0
extra4_ot0_temps2,deduplicated_sensitivity,4,0,2,3,10,1,9,50.0,2,215460,215460,0,0,0,1.0,True,2850,11263,397760.0,0.0,0.0,0,0,397760.0,0,0
extra4_ot0_temps2,deduplicated_sensitivity,4,0,2,1,10,2,8,50.0,2,215460,215460,0,0,0,1.0,True,3190,13887,397760.0,0.0,480.0,0,0,398240.0,0,2
extra4_ot0_temps2,deduplicated_sensitivity,4,0,2,3,10,2,8,50.0,2,215460,214990,470,0,0,0.9978186206256382,True,3190,14357,397760.0,0.0,0.0,0,0,397760.0,0,0
extra4_ot0_temps4,retained,4,0,4,1,10,0,10,30.0,2,228195,226401,1794,0,0,0.99213830276737,True,3871,36896,397760.0,0.0,2880.0,0,0,400640.0,0,12
extra4_ot0_temps4,retained,4,0,4,3,10,0,10,30.0,2,228195,224578,3617,0,0,0.9841495212427968,True,3871,39504,397760.0,0.0,0.0,0,0,397760.0,0,0
extra4_ot0_temps4,retained,4,0,4,1,10,1,9,30.0,2,228195,225310,2885,0,0,0.987357304060124,True,4075,48844,397760.0,0.0,3360.0,0,0,401120.0,0,14
extra4_ot0_temps4,retained,4,0,4,3,10,1,9,30.0,2,228195,222896,5299,0,0,0.9767786323100857,True,4075,54283,397760.0,0.0,0.0,0,0,397760.0,0,0
extra4_ot0_temps4,retained,4,0,4,1,10,2,8,30.0,2,228195,224079,4116,0,0,0.9819627949779793,True,4279,72063,397760.0,0.0,7440.0,0,0,405200.0,0,31
extra4_ot0_temps4,retained,4,0,4,3,10,2,8,30.0,2,228195,218629,9566,0,0,0.9580797125265672,True,4279,93937,397760.0,0.0,0.0,0,0,397760.0,0,0
extra4_ot0_temps4,retained,4,0,4,1,10,0,10,40.0,2,228195,228195,0,0,0,1.0,True,3191,20316,397760.0,0.0,720.0,0,0,398480.0,0,3
extra4_ot0_temps4,retained,4,0,4,3,10,0,10,40.0,2,228195,227724,471,0,0,0.9979359758101624,True,3191,20787,397760.0,0.0,0.0,0,0,397760.0,0,0
extra4_ot0_temps4,retained,4,0,4,1,10,1,9,40.0,2,228195,228050,145,0,0,0.9993645785402835,True,3463,24499,397760.0,0.0,1680.0,0,0,399440.0,0,7
extra4_ot0_temps4,retained,4,0,4,3,10,1,9,40.0,2,228195,226729,1466,0,0,0.9935756699314183,True,3463,25956,397760.0,0.0,0.0,0,0,397760.0,0,0
extra4_ot0_temps4,retained,4,0,4,1,10,2,8,40.0,2,228195,227381,814,0,0,0.9964328753916606,True,3735,31758,397760.0,0.0,2400.0,0,0,400160.0,0,10
extra4_ot0_temps4,retained,4,0,4,3,10,2,8,40.0,2,228195,225394,2801,0,0,0.9877254102850632,True,3735,34292,397760.0,0.0,0.0,0,0,397760.0,0,0
extra4_ot0_temps4,retained,4,0,4,1,10,0,10,50.0,2,228195,228195,0,0,0,1.0,True,2511,13897,397760.0,0.0,0.0,0,0,397760.0,0,0
extra4_ot0_temps4,retained,4,0,4,3,10,0,10,50.0,2,228195,228195,0,0,0,1.0,True,2511,13897,397760.0,0.0,0.0,0,0,397760.0,0,0
extra4_ot0_temps4,retained,4,0,4,1,10,1,9,50.0,2,228195,228195,0,0,0,1.0,True,2851,16629,397760.0,0.0,0.0,0,0,397760.0,0,0
extra4_ot0_temps4,retained,4,0,4,3,10,1,9,50.0,2,228195,228195,0,0,0,1.0,True,2851,16629,397760.0,0.0,0.0,0,0,397760.0,0,0
extra4_ot0_temps4,retained,4,0,4,1,10,2,8,50.0,2,228195,228195,0,0,0,1.0,True,3191,20316,397760.0,0.0,480.0,0,0,398240.0,0,2
extra4_ot0_temps4,retained,4,0,4,3,10,2,8,50.0,2,228195,227724,471,0,0,0.9979359758101624,True,3191,20787,397760.0,0.0,0.0,0,0,397760.0,0,0
extra4_ot0_temps4,deduplicated_sensitivity,4,0,4,1,10,0,10,30.0,2,215460,213667,1793,0,0,0.9916782697484452,True,3870,27723,397760.0,0.0,2880.0,0,0,400640.0,0,12
extra4_ot0_temps4,deduplicated_sensitivity,4,0,4,3,10,0,10,30.0,2,215460,211844,3616,0,0,0.9832173025155482,True,3870,30205,397760.0,0.0,0.0,0,0,397760.0,0,0
extra4_ot0_temps4,deduplicated_sensitivity,4,0,4,1,10,1,9,30.0,2,215460,212576,2884,0,0,0.9866146848602989,True,4074,37261,397760.0,0.0,2880.0,0,0,400640.0,0,12
extra4_ot0_temps4,deduplicated_sensitivity,4,0,4,3,10,1,9,30.0,2,215460,210439,5021,0,0,0.9766963705560197,True,4074,41974,397760.0,0.0,0.0,0,0,397760.0,0,0
extra4_ot0_temps4,deduplicated_sensitivity,4,0,4,1,10,2,8,30.0,2,215460,211352,4108,0,0,0.9809338160215353,True,4278,54946,397760.0,0.0,6000.0,0,0,403760.0,0,25
extra4_ot0_temps4,deduplicated_sensitivity,4,0,4,3,10,2,8,30.0,2,215460,207265,8195,0,0,0.9619650979300102,True,4278,71957,397760.0,0.0,0.0,0,0,397760.0,0,0
extra4_ot0_temps4,deduplicated_sensitivity,4,0,4,1,10,0,10,40.0,2,215460,215460,0,0,0,1.0,True,3190,13887,397760.0,0.0,720.0,0,0,398480.0,0,3
extra4_ot0_temps4,deduplicated_sensitivity,4,0,4,3,10,0,10,40.0,2,215460,214990,470,0,0,0.9978186206256382,True,3190,14357,397760.0,0.0,0.0,0,0,397760.0,0,0
extra4_ot0_temps4,deduplicated_sensitivity,4,0,4,1,10,1,9,40.0,2,215460,215316,144,0,0,0.9993316624895572,True,3462,16981,397760.0,0.0,1680.0,0,0,399440.0,0,7
extra4_ot0_temps4,deduplicated_sensitivity,4,0,4,3,10,1,9,40.0,2,215460,213995,1465,0,0,0.993200594077787,True,3462,18438,397760.0,0.0,0.0,0,0,397760.0,0,0
extra4_ot0_temps4,deduplicated_sensitivity,4,0,4,1,10,2,8,40.0,2,215460,214647,813,0,0,0.9962266778056251,True,3734,23278,397760.0,0.0,2400.0,0,0,400160.0,0,10
extra4_ot0_temps4,deduplicated_sensitivity,4,0,4,3,10,2,8,40.0,2,215460,212660,2800,0,0,0.9870045484080572,True,3734,25652,397760.0,0.0,0.0,0,0,397760.0,0,0
extra4_ot0_temps4,deduplicated_sensitivity,4,0,4,1,10,0,10,50.0,2,215460,215460,0,0,0,1.0,True,2510,9213,397760.0,0.0,0.0,0,0,397760.0,0,0
extra4_ot0_temps4,deduplicated_sensitivity,4,0,4,3,10,0,10,50.0,2,215460,215460,0,0,0,1.0,True,2510,9213,397760.0,0.0,0.0,0,0,397760.0,0,0
extra4_ot0_temps4,deduplicated_sensitivity,4,0,4,1,10,1,9,50.0,2,215460,215460,0,0,0,1.0,True,2850,11263,397760.0,0.0,0.0,0,0,397760.0,0,0
extra4_ot0_temps4,deduplicated_sensitivity,4,0,4,3,10,1,9,50.0,2,215460,215460,0,0,0,1.0,True,2850,11263,397760.0,0.0,0.0,0,0,397760.0,0,0
extra4_ot0_temps4,deduplicated_sensitivity,4,0,4,1,10,2,8,50.0,2,215460,215460,0,0,0,1.0,True,3190,13887,397760.0,0.0,480.0,0,0,398240.0,0,2
extra4_ot0_temps4,deduplicated_sensitivity,4,0,4,3,10,2,8,50.0,2,215460,214990,470,0,0,0.9978186206256382,True,3190,14357,397760.0,0.0,0.0,0,0,397760.0,0,0
extra4_ot2_temps0,retained,4,2,0,1,10,0,10,30.0,2,228195,226108,2087,0,0,0.9908543131970464,True,3871,37464,397760.0,1980.0,0.0,0,0,399740.0,60,0
extra4_ot2_temps0,retained,4,2,0,3,10,0,10,30.0,2,228195,226108,2087,0,0,0.9908543131970464,True,3871,37464,397760.0,1980.0,0.0,0,0,399740.0,60,0
extra4_ot2_temps0,retained,4,2,0,1,10,1,9,30.0,2,228195,224731,3464,0,0,0.9848200004382217,True,4075,49616,397760.0,2046.0,0.0,0,0,399806.0,62,0
extra4_ot2_temps0,retained,4,2,0,3,10,1,9,30.0,2,228195,224731,3464,0,0,0.9848200004382217,True,4075,49616,397760.0,2046.0,0.0,0,0,399806.0,62,0
extra4_ot2_temps0,retained,4,2,0,1,10,2,8,30.0,2,228195,222692,5503,0,0,0.975884660049519,True,4279,76198,397760.0,4752.0,0.0,0,0,402512.0,144,0
extra4_ot2_temps0,retained,4,2,0,3,10,2,8,30.0,2,228195,222692,5503,0,0,0.975884660049519,True,4279,76198,397760.0,4752.0,0.0,0,0,402512.0,144,0
extra4_ot2_temps0,retained,4,2,0,1,10,0,10,40.0,2,228195,228195,0,0,0,1.0,True,3191,20316,397760.0,462.0,0.0,0,0,398222.0,14,0
extra4_ot2_temps0,retained,4,2,0,3,10,0,10,40.0,2,228195,228195,0,0,0,1.0,True,3191,20316,397760.0,462.0,0.0,0,0,398222.0,14,0
extra4_ot2_temps0,retained,4,2,0,1,10,1,9,40.0,2,228195,227792,403,0,0,0.9982339665636846,True,3463,24868,397760.0,1056.0,0.0,0,0,398816.0,32,0
extra4_ot2_temps0,retained,4,2,0,3,10,1,9,40.0,2,228195,227792,403,0,0,0.9982339665636846,True,3463,24868,397760.0,1056.0,0.0,0,0,398816.0,32,0
extra4_ot2_temps0,retained,4,2,0,1,10,2,8,40.0,2,228195,226729,1466,0,0,0.9935756699314183,True,3735,32660,397760.0,1320.0,0.0,0,0,399080.0,40,0
extra4_ot2_temps0,retained,4,2,0,3,10,2,8,40.0,2,228195,226729,1466,0,0,0.9935756699314183,True,3735,32660,397760.0,1320.0,0.0,0,0,399080.0,40,0
extra4_ot2_temps0,retained,4,2,0,1,10,0,10,50.0,2,228195,228195,0,0,0,1.0,True,2511,13897,397760.0,0.0,0.0,0,0,397760.0,0,0
extra4_ot2_temps0,retained,4,2,0,3,10,0,10,50.0,2,228195,228195,0,0,0,1.0,True,2511,13897,397760.0,0.0,0.0,0,0,397760.0,0,0
extra4_ot2_temps0,retained,4,2,0,1,10,1,9,50.0,2,228195,228195,0,0,0,1.0,True,2851,16629,397760.0,0.0,0.0,0,0,397760.0,0,0
extra4_ot2_temps0,retained,4,2,0,3,10,1,9,50.0,2,228195,228195,0,0,0,1.0,True,2851,16629,397760.0,0.0,0.0,0,0,397760.0,0,0
extra4_ot2_temps0,retained,4,2,0,1,10,2,8,50.0,2,228195,228195,0,0,0,1.0,True,3191,20316,397760.0,396.0,0.0,0,0,398156.0,12,0
extra4_ot2_temps0,retained,4,2,0,3,10,2,8,50.0,2,228195,228195,0,0,0,1.0,True,3191,20316,397760.0,396.0,0.0,0,0,398156.0,12,0
extra4_ot2_temps0,deduplicated_sensitivity,4,2,0,1,10,0,10,30.0,2,215460,213374,2086,0,0,0.9903183885640026,True,3870,28165,397760.0,1980.0,0.0,0,0,399740.0,60,0
extra4_ot2_temps0,deduplicated_sensitivity,4,2,0,3,10,0,10,30.0,2,215460,213374,2086,0,0,0.9903183885640026,True,3870,28165,397760.0,1980.0,0.0,0,0,399740.0,60,0
extra4_ot2_temps0,deduplicated_sensitivity,4,2,0,1,10,1,9,30.0,2,215460,211997,3463,0,0,0.9839274111203936,True,4074,38033,397760.0,1782.0,0.0,0,0,399542.0,54,0
extra4_ot2_temps0,deduplicated_sensitivity,4,2,0,3,10,1,9,30.0,2,215460,211997,3463,0,0,0.9839274111203936,True,4074,38033,397760.0,1782.0,0.0,0,0,399542.0,54,0
extra4_ot2_temps0,deduplicated_sensitivity,4,2,0,1,10,2,8,30.0,2,215460,210439,5021,0,0,0.9766963705560197,True,4278,57430,397760.0,3960.0,0.0,0,0,401720.0,120,0
extra4_ot2_temps0,deduplicated_sensitivity,4,2,0,3,10,2,8,30.0,2,215460,210439,5021,0,0,0.9766963705560197,True,4278,57430,397760.0,3960.0,0.0,0,0,401720.0,120,0
extra4_ot2_temps0,deduplicated_sensitivity,4,2,0,1,10,0,10,40.0,2,215460,215460,0,0,0,1.0,True,3190,13887,397760.0,462.0,0.0,0,0,398222.0,14,0
extra4_ot2_temps0,deduplicated_sensitivity,4,2,0,3,10,0,10,40.0,2,215460,215460,0,0,0,1.0,True,3190,13887,397760.0,462.0,0.0,0,0,398222.0,14,0
extra4_ot2_temps0,deduplicated_sensitivity,4,2,0,1,10,1,9,40.0,2,215460,215058,402,0,0,0.9981342244500139,True,3462,17350,397760.0,1056.0,0.0,0,0,398816.0,32,0
extra4_ot2_temps0,deduplicated_sensitivity,4,2,0,3,10,1,9,40.0,2,215460,215058,402,0,0,0.9981342244500139,True,3462,17350,397760.0,1056.0,0.0,0,0,398816.0,32,0
extra4_ot2_temps0,deduplicated_sensitivity,4,2,0,1,10,2,8,40.0,2,215460,213995,1465,0,0,0.993200594077787,True,3734,24020,397760.0,1320.0,0.0,0,0,399080.0,40,0
extra4_ot2_temps0,deduplicated_sensitivity,4,2,0,3,10,2,8,40.0,2,215460,213995,1465,0,0,0.993200594077787,True,3734,24020,397760.0,1320.0,0.0,0,0,399080.0,40,0
extra4_ot2_temps0,deduplicated_sensitivity,4,2,0,1,10,0,10,50.0,2,215460,215460,0,0,0,1.0,True,2510,9213,397760.0,0.0,0.0,0,0,397760.0,0,0
extra4_ot2_temps0,deduplicated_sensitivity,4,2,0,3,10,0,10,50.0,2,215460,215460,0,0,0,1.0,True,2510,9213,397760.0,0.0,0.0,0,0,397760.0,0,0
extra4_ot2_temps0,deduplicated_sensitivity,4,2,0,1,10,1,9,50.0,2,215460,215460,0,0,0,1.0,True,2850,11263,397760.0,0.0,0.0,0,0,397760.0,0,0
extra4_ot2_temps0,deduplicated_sensitivity,4,2,0,3,10,1,9,50.0,2,215460,215460,0,0,0,1.0,True,2850,11263,397760.0,0.0,0.0,0,0,397760.0,0,0
extra4_ot2_temps0,deduplicated_sensitivity,4,2,0,1,10,2,8,50.0,2,215460,215460,0,0,0,1.0,True,3190,13887,397760.0,396.0,0.0,0,0,398156.0,12,0
extra4_ot2_temps0,deduplicated_sensitivity,4,2,0,3,10,2,8,50.0,2,215460,215460,0,0,0,1.0,True,3190,13887,397760.0,396.0,0.0,0,0,398156.0,12,0
extra4_ot2_temps2,retained,4,2,2,1,10,0,10,30.0,2,228195,226769,1426,0,0,0.9937509586099608,True,3871,36772,397760.0,1584.0,1440.0,0,0,400784.0,48,6
extra4_ot2_temps2,retained,4,2,2,3,10,0,10,30.0,2,228195,226108,2087,0,0,0.9908543131970464,True,3871,37464,397760.0,1980.0,0.0,0,0,399740.0,60,0
extra4_ot2_temps2,retained,4,2,2,1,10,1,9,30.0,2,228195,225709,2486,0,0,0.9891058086285852,True,4075,48312,397760.0,1782.0,1920.0,0,0,401462.0,54,8
extra4_ot2_temps2,retained,4,2,2,3,10,1,9,30.0,2,228195,224731,3464,0,0,0.9848200004382217,True,4075,49616,397760.0,2046.0,0.0,0,0,399806.0,62,0
extra4_ot2_temps2,retained,4,2,2,1,10,2,8,30.0,2,228195,224332,3863,0,0,0.9830714958697605,True,4279,71721,397760.0,2409.0,4560.0,0,0,404729.0,73,19
extra4_ot2_temps2,retained,4,2,2,3,10,2,8,30.0,2,228195,222692,5503,0,0,0.975884660049519,True,4279,76198,397760.0,4752.0,0.0,0,0,402512.0,144,0
extra4_ot2_temps2,retained,4,2,2,1,10,0,10,40.0,2,228195,228195,0,0,0,1.0,True,3191,20316,397760.0,66.0,480.0,0,0,398306.0,2,2
extra4_ot2_temps2,retained,4,2,2,3,10,0,10,40.0,2,228195,228195,0,0,0,1.0,True,3191,20316,397760.0,462.0,0.0,0,0,398222.0,14,0
extra4_ot2_temps2,retained,4,2,2,1,10,1,9,40.0,2,228195,228195,0,0,0,1.0,True,3463,24472,397760.0,627.0,960.0,0,0,399347.0,19,4
extra4_ot2_temps2,retained,4,2,2,3,10,1,9,40.0,2,228195,227792,403,0,0,0.9982339665636846,True,3463,24868,397760.0,1056.0,0.0,0,0,398816.0,32,0
extra4_ot2_temps2,retained,4,2,2,1,10,2,8,40.0,2,228195,227599,596,0,0,0.9973881986897172,True,3735,31540,397760.0,1056.0,1440.0,0,0,400256.0,32,6
extra4_ot2_temps2,retained,4,2,2,3,10,2,8,40.0,2,228195,226729,1466,0,0,0.9935756699314183,True,3735,32660,397760.0,1320.0,0.0,0,0,399080.0,40,0
extra4_ot2_temps2,retained,4,2,2,1,10,0,10,50.0,2,228195,228195,0,0,0,1.0,True,2511,13897,397760.0,0.0,0.0,0,0,397760.0,0,0
extra4_ot2_temps2,retained,4,2,2,3,10,0,10,50.0,2,228195,228195,0,0,0,1.0,True,2511,13897,397760.0,0.0,0.0,0,0,397760.0,0,0
extra4_ot2_temps2,retained,4,2,2,1,10,1,9,50.0,2,228195,228195,0,0,0,1.0,True,2851,16629,397760.0,0.0,0.0,0,0,397760.0,0,0
extra4_ot2_temps2,retained,4,2,2,3,10,1,9,50.0,2,228195,228195,0,0,0,1.0,True,2851,16629,397760.0,0.0,0.0,0,0,397760.0,0,0
extra4_ot2_temps2,retained,4,2,2,1,10,2,8,50.0,2,228195,228195,0,0,0,1.0,True,3191,20316,397760.0,0.0,480.0,0,0,398240.0,0,2
extra4_ot2_temps2,retained,4,2,2,3,10,2,8,50.0,2,228195,228195,0,0,0,1.0,True,3191,20316,397760.0,396.0,0.0,0,0,398156.0,12,0
extra4_ot2_temps2,deduplicated_sensitivity,4,2,2,1,10,0,10,30.0,2,215460,214035,1425,0,0,0.9933862433862434,True,3870,27473,397760.0,1584.0,1440.0,0,0,400784.0,48,6
extra4_ot2_temps2,deduplicated_sensitivity,4,2,2,3,10,0,10,30.0,2,215460,213374,2086,0,0,0.9903183885640026,True,3870,28165,397760.0,1980.0,0.0,0,0,399740.0,60,0
extra4_ot2_temps2,deduplicated_sensitivity,4,2,2,1,10,1,9,30.0,2,215460,212975,2485,0,0,0.9884665367121508,True,4074,36729,397760.0,1782.0,1440.0,0,0,400982.0,54,6
extra4_ot2_temps2,deduplicated_sensitivity,4,2,2,3,10,1,9,30.0,2,215460,211997,3463,0,0,0.9839274111203936,True,4074,38033,397760.0,1782.0,0.0,0,0,399542.0,54,0
extra4_ot2_temps2,deduplicated_sensitivity,4,2,2,1,10,2,8,30.0,2,215460,211598,3862,0,0,0.9820755592685417,True,4278,54618,397760.0,1617.0,3840.0,0,0,403217.0,49,16
extra4_ot2_temps2,deduplicated_sensitivity,4,2,2,3,10,2,8,30.0,2,215460,210439,5021,0,0,0.9766963705560197,True,4278,57430,397760.0,3960.0,0.0,0,0,401720.0,120,0
extra4_ot2_temps2,deduplicated_sensitivity,4,2,2,1,10,0,10,40.0,2,215460,215460,0,0,0,1.0,True,3190,13887,397760.0,66.0,480.0,0,0,398306.0,2,2
extra4_ot2_temps2,deduplicated_sensitivity,4,2,2,3,10,0,10,40.0,2,215460,215460,0,0,0,1.0,True,3190,13887,397760.0,462.0,0.0,0,0,398222.0,14,0
extra4_ot2_temps2,deduplicated_sensitivity,4,2,2,1,10,1,9,40.0,2,215460,215460,0,0,0,1.0,True,3462,16955,397760.0,627.0,960.0,0,0,399347.0,19,4
extra4_ot2_temps2,deduplicated_sensitivity,4,2,2,3,10,1,9,40.0,2,215460,215058,402,0,0,0.9981342244500139,True,3462,17350,397760.0,1056.0,0.0,0,0,398816.0,32,0
extra4_ot2_temps2,deduplicated_sensitivity,4,2,2,1,10,2,8,40.0,2,215460,214865,595,0,0,0.9972384665367121,True,3734,23060,397760.0,1056.0,1440.0,0,0,400256.0,32,6
extra4_ot2_temps2,deduplicated_sensitivity,4,2,2,3,10,2,8,40.0,2,215460,213995,1465,0,0,0.993200594077787,True,3734,24020,397760.0,1320.0,0.0,0,0,399080.0,40,0
extra4_ot2_temps2,deduplicated_sensitivity,4,2,2,1,10,0,10,50.0,2,215460,215460,0,0,0,1.0,True,2510,9213,397760.0,0.0,0.0,0,0,397760.0,0,0
extra4_ot2_temps2,deduplicated_sensitivity,4,2,2,3,10,0,10,50.0,2,215460,215460,0,0,0,1.0,True,2510,9213,397760.0,0.0,0.0,0,0,397760.0,0,0
extra4_ot2_temps2,deduplicated_sensitivity,4,2,2,1,10,1,9,50.0,2,215460,215460,0,0,0,1.0,True,2850,11263,397760.0,0.0,0.0,0,0,397760.0,0,0
extra4_ot2_temps2,deduplicated_sensitivity,4,2,2,3,10,1,9,50.0,2,215460,215460,0,0,0,1.0,True,2850,11263,397760.0,0.0,0.0,0,0,397760.0,0,0
extra4_ot2_temps2,deduplicated_sensitivity,4,2,2,1,10,2,8,50.0,2,215460,215460,0,0,0,1.0,True,3190,13887,397760.0,0.0,480.0,0,0,398240.0,0,2
extra4_ot2_temps2,deduplicated_sensitivity,4,2,2,3,10,2,8,50.0,2,215460,215460,0,0,0,1.0,True,3190,13887,397760.0,396.0,0.0,0,0,398156.0,12,0
extra4_ot2_temps4,retained,4,2,4,1,10,0,10,30.0,2,228195,227421,774,0,0,0.9966081640702031,True,3871,35876,397760.0,1320.0,2880.0,0,0,401960.0,40,12
extra4_ot2_temps4,retained,4,2,4,3,10,0,10,30.0,2,228195,226108,2087,0,0,0.9908543131970464,True,3871,37464,397760.0,1980.0,0.0,0,0,399740.0,60,0
extra4_ot2_temps4,retained,4,2,4,1,10,1,9,30.0,2,228195,226503,1692,0,0,0.9925852888976533,True,4075,47366,397760.0,1551.0,3360.0,0,0,402671.0,47,14
extra4_ot2_temps4,retained,4,2,4,3,10,1,9,30.0,2,228195,224731,3464,0,0,0.9848200004382217,True,4075,49616,397760.0,2046.0,0.0,0,0,399806.0,62,0
extra4_ot2_temps4,retained,4,2,4,1,10,2,8,30.0,2,228195,225310,2885,0,0,0.987357304060124,True,4279,70417,397760.0,1617.0,6240.0,0,0,405617.0,49,26
extra4_ot2_temps4,retained,4,2,4,3,10,2,8,30.0,2,228195,222692,5503,0,0,0.975884660049519,True,4279,76198,397760.0,4752.0,0.0,0,0,402512.0,144,0
extra4_ot2_temps4,retained,4,2,4,1,10,0,10,40.0,2,228195,228195,0,0,0,1.0,True,3191,20316,397760.0,0.0,720.0,0,0,398480.0,0,3
extra4_ot2_temps4,retained,4,2,4,3,10,0,10,40.0,2,228195,228195,0,0,0,1.0,True,3191,20316,397760.0,462.0,0.0,0,0,398222.0,14,0
extra4_ot2_temps4,retained,4,2,4,1,10,1,9,40.0,2,228195,228195,0,0,0,1.0,True,3463,24354,397760.0,165.0,1680.0,0,0,399605.0,5,7
extra4_ot2_temps4,retained,4,2,4,3,10,1,9,40.0,2,228195,227792,403,0,0,0.9982339665636846,True,3463,24868,397760.0,1056.0,0.0,0,0,398816.0,32,0
extra4_ot2_temps4,retained,4,2,4,1,10,2,8,40.0,2,228195,228050,145,0,0,0.9993645785402835,True,3735,31078,397760.0,660.0,2400.0,0,0,400820.0,20,10
extra4_ot2_temps4,retained,4,2,4,3,10,2,8,40.0,2,228195,226729,1466,0,0,0.9935756699314183,True,3735,32660,397760.0,1320.0,0.0,0,0,399080.0,40,0
extra4_ot2_temps4,retained,4,2,4,1,10,0,10,50.0,2,228195,228195,0,0,0,1.0,True,2511,13897,397760.0,0.0,0.0,0,0,397760.0,0,0
extra4_ot2_temps4,retained,4,2,4,3,10,0,10,50.0,2,228195,228195,0,0,0,1.0,True,2511,13897,397760.0,0.0,0.0,0,0,397760.0,0,0
extra4_ot2_temps4,retained,4,2,4,1,10,1,9,50.0,2,228195,228195,0,0,0,1.0,True,2851,16629,397760.0,0.0,0.0,0,0,397760.0,0,0
extra4_ot2_temps4,retained,4,2,4,3,10,1,9,50.0,2,228195,228195,0,0,0,1.0,True,2851,16629,397760.0,0.0,0.0,0,0,397760.0,0,0
extra4_ot2_temps4,retained,4,2,4,1,10,2,8,50.0,2,228195,228195,0,0,0,1.0,True,3191,20316,397760.0,0.0,480.0,0,0,398240.0,0,2
extra4_ot2_temps4,retained,4,2,4,3,10,2,8,50.0,2,228195,228195,0,0,0,1.0,True,3191,20316,397760.0,396.0,0.0,0,0,398156.0,12,0
extra4_ot2_temps4,deduplicated_sensitivity,4,2,4,1,10,0,10,30.0,2,215460,214687,773,0,0,0.9964123271140815,True,3870,26703,397760.0,1320.0,2880.0,0,0,401960.0,40,12
extra4_ot2_temps4,deduplicated_sensitivity,4,2,4,3,10,0,10,30.0,2,215460,213374,2086,0,0,0.9903183885640026,True,3870,28165,397760.0,1980.0,0.0,0,0,399740.0,60,0
extra4_ot2_temps4,deduplicated_sensitivity,4,2,4,1,10,1,9,30.0,2,215460,213769,1691,0,0,0.9921516754850088,True,4074,35783,397760.0,1551.0,2880.0,0,0,402191.0,47,12
extra4_ot2_temps4,deduplicated_sensitivity,4,2,4,3,10,1,9,30.0,2,215460,211997,3463,0,0,0.9839274111203936,True,4074,38033,397760.0,1782.0,0.0,0,0,399542.0,54,0
extra4_ot2_temps4,deduplicated_sensitivity,4,2,4,1,10,2,8,30.0,2,215460,212576,2884,0,0,0.9866146848602989,True,4278,53314,397760.0,1584.0,4560.0,0,0,403904.0,48,19
extra4_ot2_temps4,deduplicated_sensitivity,4,2,4,3,10,2,8,30.0,2,215460,210439,5021,0,0,0.9766963705560197,True,4278,57430,397760.0,3960.0,0.0,0,0,401720.0,120,0
extra4_ot2_temps4,deduplicated_sensitivity,4,2,4,1,10,0,10,40.0,2,215460,215460,0,0,0,1.0,True,3190,13887,397760.0,0.0,720.0,0,0,398480.0,0,3
extra4_ot2_temps4,deduplicated_sensitivity,4,2,4,3,10,0,10,40.0,2,215460,215460,0,0,0,1.0,True,3190,13887,397760.0,462.0,0.0,0,0,398222.0,14,0
extra4_ot2_temps4,deduplicated_sensitivity,4,2,4,1,10,1,9,40.0,2,215460,215460,0,0,0,1.0,True,3462,16837,397760.0,165.0,1680.0,0,0,399605.0,5,7
extra4_ot2_temps4,deduplicated_sensitivity,4,2,4,3,10,1,9,40.0,2,215460,215058,402,0,0,0.9981342244500139,True,3462,17350,397760.0,1056.0,0.0,0,0,398816.0,32,0
extra4_ot2_temps4,deduplicated_sensitivity,4,2,4,1,10,2,8,40.0,2,215460,215316,144,0,0,0.9993316624895572,True,3734,22598,397760.0,660.0,2400.0,0,0,400820.0,20,10
extra4_ot2_temps4,deduplicated_sensitivity,4,2,4,3,10,2,8,40.0,2,215460,213995,1465,0,0,0.993200594077787,True,3734,24020,397760.0,1320.0,0.0,0,0,399080.0,40,0
extra4_ot2_temps4,deduplicated_sensitivity,4,2,4,1,10,0,10,50.0,2,215460,215460,0,0,0,1.0,True,2510,9213,397760.0,0.0,0.0,0,0,397760.0,0,0
extra4_ot2_temps4,deduplicated_sensitivity,4,2,4,3,10,0,10,50.0,2,215460,215460,0,0,0,1.0,True,2510,9213,397760.0,0.0,0.0,0,0,397760.0,0,0
extra4_ot2_temps4,deduplicated_sensitivity,4,2,4,1,10,1,9,50.0,2,215460,215460,0,0,0,1.0,True,2850,11263,397760.0,0.0,0.0,0,0,397760.0,0,0
extra4_ot2_temps4,deduplicated_sensitivity,4,2,4,3,10,1,9,50.0,2,215460,215460,0,0,0,1.0,True,2850,11263,397760.0,0.0,0.0,0,0,397760.0,0,0
extra4_ot2_temps4,deduplicated_sensitivity,4,2,4,1,10,2,8,50.0,2,215460,215460,0,0,0,1.0,True,3190,13887,397760.0,0.0,480.0,0,0,398240.0,0,2
extra4_ot2_temps4,deduplicated_sensitivity,4,2,4,3,10,2,8,50.0,2,215460,215460,0,0,0,1.0,True,3190,13887,397760.0,396.0,0.0,0,0,398156.0,12,0
