basis,rate,policy,date,arrivals,capacity,extra_paid_hours,opening_backlog,completed,closing_backlog,unused_capacity,oldest_backlog_days
retained,30,carryover,2023-01-05,2254,1224,0,0,1224,1030,0,0
retained,30,carryover,2023-01-06,1556,1224,0,1030,1224,1362,0,0
retained,30,carryover,2023-01-07,0,0,0,1362,0,1362,0,1
retained,30,carryover,2023-01-08,0,0,0,1362,0,1362,0,2
retained,30,carryover,2023-01-09,1374,1224,0,1362,1224,1512,0,3
retained,30,carryover,2023-01-10,1551,1224,0,1512,1224,1839,0,1
retained,30,carryover,2023-01-11,807,1224,0,1839,1224,1422,0,1
retained,30,carryover,2023-01-12,1897,1224,0,1422,1224,2095,0,1
retained,30,carryover,2023-01-13,660,1224,0,2095,1224,1531,0,1
retained,30,carryover,2023-01-14,0,0,0,1531,0,1531,0,2
retained,30,carryover,2023-01-15,0,0,0,1531,0,1531,0,3
retained,30,carryover,2023-01-16,885,1224,0,1531,1224,1192,0,3
retained,30,carryover,2023-01-17,997,1224,0,1192,1224,965,0,0
retained,30,carryover,2023-01-18,1909,1224,0,965,1224,1650,0,0
retained,30,carryover,2023-01-19,250,1224,0,1650,1224,676,0,1
retained,30,carryover,2023-01-20,321,1224,0,676,997,0,227,0
retained,30,carryover,2023-01-21,0,0,0,0,0,0,0,0
retained,30,carryover,2023-01-22,0,0,0,0,0,0,0,0
retained,30,carryover,2023-01-23,856,1224,0,0,856,0,368,0
retained,30,carryover,2023-01-24,563,1224,0,0,563,0,661,0
retained,30,carryover,2023-01-25,2819,1224,0,0,1224,1595,0,0
retained,30,carryover,2023-01-26,871,1224,0,1595,1224,1242,0,1
retained,30,carryover,2023-01-27,731,1224,0,1242,1224,749,0,1
retained,30,carryover,2023-01-28,0,0,0,749,0,749,0,2
retained,30,carryover,2023-01-29,0,0,0,749,0,749,0,3
retained,30,carryover,2023-01-30,1083,1224,0,749,1224,608,0,0
retained,30,carryover,2023-01-31,1023,1224,0,608,1224,407,0,0
retained,30,carryover,2023-02-01,278,1224,0,407,685,0,539,0
retained,30,carryover,2023-02-02,1293,1224,0,0,1224,69,0,0
retained,30,carryover,2023-02-03,662,1224,0,69,731,0,493,0
retained,30,carryover,2023-02-04,0,0,0,0,0,0,0,0
retained,30,carryover,2023-02-05,0,0,0,0,0,0,0,0
retained,30,carryover,2023-02-06,1526,1224,0,0,1224,302,0,0
retained,30,carryover,2023-02-07,854,1224,0,302,1156,0,68,0
retained,30,carryover,2023-02-08,975,1224,0,0,975,0,249,0
retained,30,carryover,2023-02-09,1707,1224,0,0,1224,483,0,0
retained,30,carryover,2023-02-10,462,1224,0,483,945,0,279,0
retained,30,carryover,2023-02-11,0,0,0,0,0,0,0,0
retained,30,carryover,2023-02-12,0,0,0,0,0,0,0,0
retained,30,carryover,2023-02-13,1306,1224,0,0,1224,82,0,0
retained,30,carryover,2023-02-14,638,1224,0,82,720,0,504,0
retained,30,carryover,2023-02-15,384,1224,0,0,384,0,840,0
retained,30,carryover,2023-02-16,2383,1224,0,0,1224,1159,0,0
retained,30,carryover,2023-02-17,0,1224,0,1159,1159,0,65,0
retained,30,carryover,2023-02-18,0,0,0,0,0,0,0,0
retained,30,carryover,2023-02-19,1920,0,0,0,0,1920,0,0
retained,30,carryover,2023-02-20,0,1224,0,1920,1224,696,0,1
retained,30,carryover,2023-02-21,1943,1224,0,696,1224,1415,0,0
retained,30,carryover,2023-02-22,1414,1224,0,1415,1224,1605,0,1
retained,30,carryover,2023-02-23,1907,1224,0,1605,1224,2288,0,1
retained,30,carryover,2023-02-24,1163,1224,0,2288,1224,2227,0,1
retained,30,carryover,2023-02-25,0,0,0,2227,0,2227,0,2
retained,30,carryover,2023-02-26,0,0,0,2227,0,2227,0,3
retained,30,carryover,2023-02-27,1496,1224,0,2227,1224,2499,0,3
retained,30,carryover,2023-02-28,1134,1224,0,2499,1224,2409,0,1
retained,30,carryover,2023-03-01,227,1224,0,2409,1224,1412,0,2
retained,30,carryover,2023-03-02,2495,1224,0,1412,1224,2683,0,1
retained,30,carryover,2023-03-03,709,1224,0,2683,1224,2168,0,1
retained,30,carryover,2023-03-04,0,0,0,2168,0,2168,0,2
retained,30,carryover,2023-03-05,0,0,0,2168,0,2168,0,3
retained,30,carryover,2023-03-06,1586,1224,0,2168,1224,2530,0,4
retained,30,carryover,2023-03-07,479,1224,0,2530,1224,1785,0,1
retained,30,carryover,2023-03-08,1729,1224,0,1785,1224,2290,0,2
retained,30,carryover,2023-03-09,1078,1224,0,2290,1224,2144,0,1
retained,30,carryover,2023-03-10,382,1224,0,2144,1224,1302,0,1
retained,30,carryover,2023-03-11,0,0,0,1302,0,1302,0,2
retained,30,carryover,2023-03-12,437,0,0,1302,0,1739,0,3
retained,30,carryover,2023-03-13,0,1224,0,1739,1224,515,0,3
retained,30,carryover,2023-03-14,1656,1224,0,515,1224,947,0,0
retained,30,carryover,2023-03-15,384,1224,0,947,1224,107,0,0
retained,30,carryover,2023-03-16,1518,1224,0,107,1224,401,0,0
retained,30,carryover,2023-03-17,2400,1224,0,401,1224,1577,0,0
retained,30,carryover,2023-03-18,0,0,0,1577,0,1577,0,1
retained,30,carryover,2023-03-19,0,0,0,1577,0,1577,0,2
retained,30,carryover,2023-03-20,0,1224,0,1577,1224,353,0,3
retained,30,carryover,2023-03-21,0,1224,0,353,353,0,871,0
retained,30,carryover,2023-03-22,5911,1224,0,0,1224,4687,0,0
retained,30,carryover,2023-03-23,0,1224,0,4687,1224,3463,0,1
retained,30,carryover,2023-03-24,0,1224,0,3463,1224,2239,0,2
retained,30,carryover,2023-03-25,0,0,0,2239,0,2239,0,3
retained,30,carryover,2023-03-26,0,0,0,2239,0,2239,0,4
retained,30,carryover,2023-03-27,1277,1224,0,2239,1224,2292,0,5
retained,30,carryover,2023-03-28,102,1224,0,2292,1224,1170,0,1
retained,30,carryover,2023-03-29,3482,1224,0,1170,1224,3428,0,0
retained,30,carryover,2023-03-30,0,1224,0,3428,1224,2204,0,1
retained,30,carryover,2023-03-31,0,1224,0,2204,1224,980,0,2
retained,30,carryover,2023-04-01,0,0,0,980,0,980,0,3
retained,30,carryover,2023-04-02,0,0,0,980,0,980,0,4
retained,30,carryover,2023-04-03,3072,1224,0,980,1224,2828,0,0
retained,30,carryover,2023-04-04,1432,1224,0,2828,1224,3036,0,1
retained,30,carryover,2023-04-05,808,1224,0,3036,1224,2620,0,2
retained,30,carryover,2023-04-06,909,1224,0,2620,1224,2305,0,2
retained,30,carryover,2023-04-07,0,1224,0,2305,1224,1081,0,2
retained,30,carryover,2023-04-08,0,0,0,1081,0,1081,0,3
retained,30,carryover,2023-04-09,0,0,0,1081,0,1081,0,4
retained,30,carryover,2023-04-10,0,1224,0,1081,1081,0,143,0
retained,30,carryover,2023-04-11,1284,1224,0,0,1224,60,0,0
retained,30,carryover,2023-04-12,0,1224,0,60,60,0,1164,0
retained,30,carryover,2023-04-13,3489,1224,0,0,1224,2265,0,0
retained,30,carryover,2023-04-14,0,1224,0,2265,1224,1041,0,1
retained,30,carryover,2023-04-15,0,0,0,1041,0,1041,0,2
retained,30,carryover,2023-04-16,0,0,0,1041,0,1041,0,3
retained,30,carryover,2023-04-17,2661,1224,0,1041,1224,2478,0,0
retained,30,carryover,2023-04-18,513,1224,0,2478,1224,1767,0,1
retained,30,carryover,2023-04-19,1325,1224,0,1767,1224,1868,0,2
retained,30,carryover,2023-04-20,878,1224,0,1868,1224,1522,0,1
retained,30,carryover,2023-04-21,497,1224,0,1522,1224,795,0,1
retained,30,carryover,2023-04-22,0,0,0,795,0,795,0,2
retained,30,carryover,2023-04-23,0,0,0,795,0,795,0,3
retained,30,carryover,2023-04-24,1800,1224,0,795,1224,1371,0,0
retained,30,carryover,2023-04-25,819,1224,0,1371,1224,966,0,1
retained,30,carryover,2023-04-26,1591,1224,0,966,1224,1333,0,0
retained,30,carryover,2023-04-27,327,1224,0,1333,1224,436,0,1
retained,30,carryover,2023-04-28,432,1224,0,436,868,0,356,0
retained,30,carryover,2023-04-29,0,0,0,0,0,0,0,0
retained,30,carryover,2023-04-30,0,0,0,0,0,0,0,0
retained,30,carryover,2023-05-01,986,1224,0,0,986,0,238,0
retained,30,carryover,2023-05-02,1145,1224,0,0,1145,0,79,0
retained,30,carryover,2023-05-03,1466,1224,0,0,1224,242,0,0
retained,30,carryover,2023-05-04,2698,1224,0,242,1224,1716,0,0
retained,30,carryover,2023-05-05,930,1224,0,1716,1224,1422,0,1
retained,30,carryover,2023-05-06,0,0,0,1422,0,1422,0,2
retained,30,carryover,2023-05-07,0,0,0,1422,0,1422,0,3
retained,30,carryover,2023-05-08,2298,1224,0,1422,1224,2496,0,3
retained,30,carryover,2023-05-09,1881,1224,0,2496,1224,3153,0,1
retained,30,carryover,2023-05-10,0,1224,0,3153,1224,1929,0,2
retained,30,carryover,2023-05-11,1986,1224,0,1929,1224,2691,0,2
retained,30,carryover,2023-05-12,744,1224,0,2691,1224,2211,0,1
retained,30,carryover,2023-05-13,0,0,0,2211,0,2211,0,2
retained,30,carryover,2023-05-14,0,0,0,2211,0,2211,0,3
retained,30,carryover,2023-05-15,1049,1224,0,2211,1224,2036,0,4
retained,30,carryover,2023-05-16,3822,1224,0,2036,1224,4634,0,1
retained,30,carryover,2023-05-17,0,1224,0,4634,1224,3410,0,1
retained,30,carryover,2023-05-18,1999,1224,0,3410,1224,4185,0,2
retained,30,carryover,2023-05-19,1526,1224,0,4185,1224,4487,0,3
retained,30,carryover,2023-05-20,0,0,0,4487,0,4487,0,4
retained,30,carryover,2023-05-21,0,0,0,4487,0,4487,0,5
retained,30,carryover,2023-05-22,0,1224,0,4487,1224,3263,0,4
retained,30,carryover,2023-05-23,1866,1224,0,3263,1224,3905,0,5
retained,30,carryover,2023-05-24,0,1224,0,3905,1224,2681,0,5
retained,30,carryover,2023-05-25,1869,1224,0,2681,1224,3326,0,2
retained,30,carryover,2023-05-26,1358,1224,0,3326,1224,3460,0,3
retained,30,carryover,2023-05-27,0,0,0,3460,0,3460,0,4
retained,30,carryover,2023-05-28,0,0,0,3460,0,3460,0,5
retained,30,carryover,2023-05-29,1285,1224,0,3460,1224,3521,0,4
retained,30,carryover,2023-05-30,1585,1224,0,3521,1224,3882,0,4
retained,30,carryover,2023-05-31,1369,1224,0,3882,1224,4027,0,2
retained,30,carryover,2023-06-01,709,1224,0,4027,1224,3512,0,2
retained,30,carryover,2023-06-02,117,1224,0,3512,1224,2405,0,3
retained,30,carryover,2023-06-03,0,0,0,2405,0,2405,0,4
retained,30,carryover,2023-06-04,0,0,0,2405,0,2405,0,5
retained,30,carryover,2023-06-05,1450,1224,0,2405,1224,2631,0,5
retained,30,carryover,2023-06-06,956,1224,0,2631,1224,2363,0,1
retained,30,carryover,2023-06-07,3004,1224,0,2363,1224,4143,0,2
retained,30,carryover,2023-06-08,122,1224,0,4143,1224,3041,0,1
retained,30,carryover,2023-06-09,708,1224,0,3041,1224,2525,0,2
retained,30,carryover,2023-06-10,0,0,0,2525,0,2525,0,3
retained,30,carryover,2023-06-11,0,0,0,2525,0,2525,0,4
retained,30,carryover,2023-06-12,1282,1224,0,2525,1224,2583,0,5
retained,30,carryover,2023-06-13,521,1224,0,2583,1224,1880,0,4
retained,30,carryover,2023-06-14,2095,1224,0,1880,1224,2751,0,2
retained,30,carryover,2023-06-15,478,1224,0,2751,1224,2005,0,1
retained,30,carryover,2023-06-16,143,1224,0,2005,1224,924,0,2
retained,30,carryover,2023-06-17,0,0,0,924,0,924,0,3
retained,30,carryover,2023-06-18,0,0,0,924,0,924,0,4
retained,30,carryover,2023-06-19,3416,1224,0,924,1224,3116,0,0
retained,30,carryover,2023-06-20,680,1224,0,3116,1224,2572,0,1
retained,30,carryover,2023-06-21,536,1224,0,2572,1224,1884,0,2
retained,30,carryover,2023-06-22,517,1224,0,1884,1224,1177,0,2
retained,30,carryover,2023-06-23,0,1224,0,1177,1177,0,47,0
retained,30,carryover,2023-06-24,0,0,0,0,0,0,0,0
retained,30,carryover,2023-06-25,0,0,0,0,0,0,0,0
retained,30,carryover,2023-06-26,2050,1224,0,0,1224,826,0,0
retained,30,carryover,2023-06-27,1895,1224,0,826,1224,1497,0,0
retained,30,carryover,2023-06-28,636,1224,0,1497,1224,909,0,1
retained,30,carryover,2023-06-29,186,1224,0,909,1095,0,129,0
retained,30,carryover,2023-06-30,1920,1224,0,0,1224,696,0,0
retained,30,carryover,2023-07-01,0,0,0,696,0,696,0,1
retained,30,carryover,2023-07-02,0,0,0,696,0,696,0,2
retained,30,carryover,2023-07-03,1355,1224,0,696,1224,827,0,0
retained,30,carryover,2023-07-04,1260,1224,0,827,1224,863,0,0
retained,30,carryover,2023-07-05,0,1224,0,863,863,0,361,0
retained,30,carryover,2023-07-06,2395,1224,0,0,1224,1171,0,0
retained,30,carryover,2023-07-07,180,1224,0,1171,1224,127,0,0
retained,30,carryover,2023-07-08,0,0,0,127,0,127,0,1
retained,30,carryover,2023-07-09,0,0,0,127,0,127,0,2
retained,30,carryover,2023-07-10,952,1224,0,127,1079,0,145,0
retained,30,carryover,2023-07-11,1711,1224,0,0,1224,487,0,0
retained,30,carryover,2023-07-12,1009,1224,0,487,1224,272,0,0
retained,30,carryover,2023-07-13,550,1224,0,272,822,0,402,0
retained,30,carryover,2023-07-14,0,1224,0,0,0,0,1224,0
retained,30,carryover,2023-07-15,0,0,0,0,0,0,0,0
retained,30,carryover,2023-07-16,0,0,0,0,0,0,0,0
retained,30,carryover,2023-07-17,1685,1224,0,0,1224,461,0,0
retained,30,carryover,2023-07-18,1697,1224,0,461,1224,934,0,0
retained,30,carryover,2023-07-19,992,1224,0,934,1224,702,0,0
retained,30,carryover,2023-07-20,339,1224,0,702,1041,0,183,0
retained,30,carryover,2023-07-21,0,1224,0,0,0,0,1224,0
retained,30,carryover,2023-07-22,0,0,0,0,0,0,0,0
retained,30,carryover,2023-07-23,0,0,0,0,0,0,0,0
retained,30,carryover,2023-07-24,1087,1224,0,0,1087,0,137,0
retained,30,carryover,2023-07-25,865,1224,0,0,865,0,359,0
retained,30,carryover,2023-07-26,469,1224,0,0,469,0,755,0
retained,30,carryover,2023-07-27,586,1224,0,0,586,0,638,0
retained,30,carryover,2023-07-28,668,1224,0,0,668,0,556,0
retained,30,carryover,2023-07-29,0,0,0,0,0,0,0,0
retained,30,carryover,2023-07-30,0,0,0,0,0,0,0,0
retained,30,carryover,2023-07-31,590,1224,0,0,590,0,634,0
retained,30,carryover,2023-08-01,557,1224,0,0,557,0,667,0
retained,30,carryover,2023-08-02,126,1224,0,0,126,0,1098,0
retained,30,carryover,2023-08-03,549,1224,0,0,549,0,675,0
retained,30,carryover,2023-08-04,235,1224,0,0,235,0,989,0
retained,30,carryover,2023-08-05,0,0,0,0,0,0,0,0
retained,30,carryover,2023-08-06,0,0,0,0,0,0,0,0
retained,30,carryover,2023-08-07,1728,1224,0,0,1224,504,0,0
retained,30,carryover,2023-08-08,625,1224,0,504,1129,0,95,0
retained,30,carryover,2023-08-09,573,1224,0,0,573,0,651,0
retained,30,carryover,2023-08-10,736,1224,0,0,736,0,488,0
retained,30,carryover,2023-08-11,0,1224,0,0,0,0,1224,0
retained,30,carryover,2023-08-12,0,0,0,0,0,0,0,0
retained,30,carryover,2023-08-13,1231,0,0,0,0,1231,0,0
retained,30,carryover,2023-08-14,0,1224,0,1231,1224,7,0,1
retained,30,carryover,2023-08-15,1238,1224,0,7,1224,21,0,0
retained,30,carryover,2023-08-16,899,1224,0,21,920,0,304,0
retained,30,carryover,2023-08-17,1202,1224,0,0,1202,0,22,0
retained,30,carryover,2023-08-18,12,1224,0,0,12,0,1212,0
retained,30,carryover,2023-08-19,0,0,0,0,0,0,0,0
retained,30,carryover,2023-08-20,0,0,0,0,0,0,0,0
retained,30,carryover,2023-08-21,18,1224,0,0,18,0,1206,0
retained,30,carryover,2023-08-22,4599,1224,0,0,1224,3375,0,0
retained,30,carryover,2023-08-23,150,1224,0,3375,1224,2301,0,1
retained,30,carryover,2023-08-24,2856,1224,0,2301,1224,3933,0,2
retained,30,carryover,2023-08-25,0,1224,0,3933,1224,2709,0,1
retained,30,carryover,2023-08-26,0,0,0,2709,0,2709,0,2
retained,30,carryover,2023-08-27,0,0,0,2709,0,2709,0,3
retained,30,carryover,2023-08-28,2483,1224,0,2709,1224,3968,0,4
retained,30,carryover,2023-08-29,615,1224,0,3968,1224,3359,0,5
retained,30,carryover,2023-08-30,1178,1224,0,3359,1224,3313,0,2
retained,30,carryover,2023-08-31,1595,1224,0,3313,1224,3684,0,3
retained,30,carryover,2023-09-01,1147,1224,0,3684,1224,3607,0,2
retained,30,carryover,2023-09-02,0,0,0,3607,0,3607,0,3
retained,30,carryover,2023-09-03,0,0,0,3607,0,3607,0,4
retained,30,carryover,2023-09-04,0,1224,0,3607,1224,2383,0,4
retained,30,carryover,2023-09-05,1323,1224,0,2383,1224,2482,0,5
retained,30,carryover,2023-09-06,826,1224,0,2482,1224,2084,0,1
retained,30,carryover,2023-09-07,802,1224,0,2084,1224,1662,0,2
retained,30,carryover,2023-09-08,375,1224,0,1662,1224,813,0,1
retained,30,carryover,2023-09-09,0,0,0,813,0,813,0,2
retained,30,carryover,2023-09-10,1920,0,0,813,0,2733,0,3
retained,30,carryover,2023-09-11,0,1224,0,2733,1224,1509,0,1
retained,30,carryover,2023-09-12,2188,1224,0,1509,1224,2473,0,2
retained,30,carryover,2023-09-13,1403,1224,0,2473,1224,2652,0,1
retained,30,carryover,2023-09-14,0,1224,0,2652,1224,1428,0,2
retained,30,carryover,2023-09-15,0,1224,0,1428,1224,204,0,2
retained,30,carryover,2023-09-16,0,0,0,204,0,204,0,3
retained,30,carryover,2023-09-17,1920,0,0,204,0,2124,0,4
retained,30,carryover,2023-09-18,32,1224,0,2124,1224,932,0,1
retained,30,carryover,2023-09-19,3603,1224,0,932,1224,3311,0,0
retained,30,carryover,2023-09-20,0,1224,0,3311,1224,2087,0,1
retained,30,carryover,2023-09-21,2785,1224,0,2087,1224,3648,0,2
retained,30,carryover,2023-09-22,0,1224,0,3648,1224,2424,0,1
retained,30,carryover,2023-09-23,0,0,0,2424,0,2424,0,2
retained,30,carryover,2023-09-24,0,0,0,2424,0,2424,0,3
retained,30,carryover,2023-09-25,2379,1224,0,2424,1224,3579,0,4
retained,30,carryover,2023-09-26,131,1224,0,3579,1224,2486,0,1
retained,30,carryover,2023-09-27,0,1224,0,2486,1224,1262,0,2
retained,30,carryover,2023-09-28,0,1224,0,1262,1224,38,0,2
retained,30,carryover,2023-09-29,108,1224,0,38,146,0,1078,0
retained,30,carryover,2023-09-30,0,0,0,0,0,0,0,0
retained,30,carryover,2023-10-01,0,0,0,0,0,0,0,0
retained,30,carryover,2023-10-02,5347,1224,0,0,1224,4123,0,0
retained,30,carryover,2023-10-03,136,1224,0,4123,1224,3035,0,1
retained,30,carryover,2023-10-04,60,1224,0,3035,1224,1871,0,2
retained,30,carryover,2023-10-05,2341,1224,0,1871,1224,2988,0,3
retained,30,carryover,2023-10-06,1451,1224,0,2988,1224,3215,0,1
retained,30,carryover,2023-10-07,0,0,0,3215,0,3215,0,2
retained,30,carryover,2023-10-08,0,0,0,3215,0,3215,0,3
retained,30,carryover,2023-10-09,0,1224,0,3215,1224,1991,0,4
retained,30,carryover,2023-10-10,3,1224,0,1991,1224,770,0,4
retained,30,carryover,2023-10-11,319,1224,0,770,1089,0,135,0
retained,30,carryover,2023-10-12,1938,1224,0,0,1224,714,0,0
retained,30,carryover,2023-10-13,1900,1224,0,714,1224,1390,0,0
retained,30,carryover,2023-10-14,0,0,0,1390,0,1390,0,1
retained,30,carryover,2023-10-15,0,0,0,1390,0,1390,0,2
retained,30,carryover,2023-10-16,1273,1224,0,1390,1224,1439,0,3
retained,30,carryover,2023-10-17,720,1224,0,1439,1224,935,0,1
retained,30,carryover,2023-10-18,815,1224,0,935,1224,526,0,0
retained,30,carryover,2023-10-19,531,1224,0,526,1057,0,167,0
retained,30,carryover,2023-10-20,0,1224,0,0,0,0,1224,0
retained,30,carryover,2023-10-21,0,0,0,0,0,0,0,0
retained,30,carryover,2023-10-22,0,0,0,0,0,0,0,0
retained,30,carryover,2023-10-23,0,1224,0,0,0,0,1224,0
retained,30,carryover,2023-10-24,0,1224,0,0,0,0,1224,0
retained,30,carryover,2023-10-25,0,1224,0,0,0,0,1224,0
retained,30,carryover,2023-10-26,0,1224,0,0,0,0,1224,0
retained,30,carryover,2023-10-27,0,1224,0,0,0,0,1224,0
retained,30,carryover,2023-10-28,0,0,0,0,0,0,0,0
retained,30,carryover,2023-10-29,0,0,0,0,0,0,0,0
retained,30,carryover,2023-10-30,0,1224,0,0,0,0,1224,0
retained,30,carryover,2023-10-31,0,1224,0,0,0,0,1224,0
retained,30,carryover,2023-11-01,0,1224,0,0,0,0,1224,0
retained,30,carryover,2023-11-02,0,1224,0,0,0,0,1224,0
retained,30,overtime,2023-01-05,2254,1530,12,0,1530,724,0,0
retained,30,overtime,2023-01-06,1556,1530,12,724,1530,750,0,0
retained,30,overtime,2023-01-07,0,0,0,750,0,750,0,1
retained,30,overtime,2023-01-08,0,0,0,750,0,750,0,2
retained,30,overtime,2023-01-09,1374,1530,12,750,1530,594,0,0
retained,30,overtime,2023-01-10,1551,1530,12,594,1530,615,0,0
retained,30,overtime,2023-01-11,807,1530,12,615,1422,0,108,0
retained,30,overtime,2023-01-12,1897,1530,12,0,1530,367,0,0
retained,30,overtime,2023-01-13,660,1224,0,367,1027,0,197,0
retained,30,overtime,2023-01-14,0,0,0,0,0,0,0,0
retained,30,overtime,2023-01-15,0,0,0,0,0,0,0,0
retained,30,overtime,2023-01-16,885,1224,0,0,885,0,339,0
retained,30,overtime,2023-01-17,997,1224,0,0,997,0,227,0
retained,30,overtime,2023-01-18,1909,1530,12,0,1530,379,0,0
retained,30,overtime,2023-01-19,250,1224,0,379,629,0,595,0
retained,30,overtime,2023-01-20,321,1224,0,0,321,0,903,0
retained,30,overtime,2023-01-21,0,0,0,0,0,0,0,0
retained,30,overtime,2023-01-22,0,0,0,0,0,0,0,0
retained,30,overtime,2023-01-23,856,1224,0,0,856,0,368,0
retained,30,overtime,2023-01-24,563,1224,0,0,563,0,661,0
retained,30,overtime,2023-01-25,2819,1530,12,0,1530,1289,0,0
retained,30,overtime,2023-01-26,871,1530,12,1289,1530,630,0,0
retained,30,overtime,2023-01-27,731,1530,12,630,1361,0,169,0
retained,30,overtime,2023-01-28,0,0,0,0,0,0,0,0
retained,30,overtime,2023-01-29,0,0,0,0,0,0,0,0
retained,30,overtime,2023-01-30,1083,1224,0,0,1083,0,141,0
retained,30,overtime,2023-01-31,1023,1224,0,0,1023,0,201,0
retained,30,overtime,2023-02-01,278,1224,0,0,278,0,946,0
retained,30,overtime,2023-02-02,1293,1530,12,0,1293,0,237,0
retained,30,overtime,2023-02-03,662,1224,0,0,662,0,562,0
retained,30,overtime,2023-02-04,0,0,0,0,0,0,0,0
retained,30,overtime,2023-02-05,0,0,0,0,0,0,0,0
retained,30,overtime,2023-02-06,1526,1530,12,0,1526,0,4,0
retained,30,overtime,2023-02-07,854,1224,0,0,854,0,370,0
retained,30,overtime,2023-02-08,975,1224,0,0,975,0,249,0
retained,30,overtime,2023-02-09,1707,1530,12,0,1530,177,0,0
retained,30,overtime,2023-02-10,462,1224,0,177,639,0,585,0
retained,30,overtime,2023-02-11,0,0,0,0,0,0,0,0
retained,30,overtime,2023-02-12,0,0,0,0,0,0,0,0
retained,30,overtime,2023-02-13,1306,1530,12,0,1306,0,224,0
retained,30,overtime,2023-02-14,638,1224,0,0,638,0,586,0
retained,30,overtime,2023-02-15,384,1224,0,0,384,0,840,0
retained,30,overtime,2023-02-16,2383,1530,12,0,1530,853,0,0
retained,30,overtime,2023-02-17,0,1224,0,853,853,0,371,0
retained,30,overtime,2023-02-18,0,0,0,0,0,0,0,0
retained,30,overtime,2023-02-19,1920,0,0,0,0,1920,0,0
retained,30,overtime,2023-02-20,0,1530,12,1920,1530,390,0,1
retained,30,overtime,2023-02-21,1943,1530,12,390,1530,803,0,0
retained,30,overtime,2023-02-22,1414,1530,12,803,1530,687,0,0
retained,30,overtime,2023-02-23,1907,1530,12,687,1530,1064,0,0
retained,30,overtime,2023-02-24,1163,1530,12,1064,1530,697,0,0
retained,30,overtime,2023-02-25,0,0,0,697,0,697,0,1
retained,30,overtime,2023-02-26,0,0,0,697,0,697,0,2
retained,30,overtime,2023-02-27,1496,1530,12,697,1530,663,0,0
retained,30,overtime,2023-02-28,1134,1530,12,663,1530,267,0,0
retained,30,overtime,2023-03-01,227,1224,0,267,494,0,730,0
retained,30,overtime,2023-03-02,2495,1530,12,0,1530,965,0,0
retained,30,overtime,2023-03-03,709,1530,12,965,1530,144,0,0
retained,30,overtime,2023-03-04,0,0,0,144,0,144,0,1
retained,30,overtime,2023-03-05,0,0,0,144,0,144,0,2
retained,30,overtime,2023-03-06,1586,1530,12,144,1530,200,0,0
retained,30,overtime,2023-03-07,479,1224,0,200,679,0,545,0
retained,30,overtime,2023-03-08,1729,1530,12,0,1530,199,0,0
retained,30,overtime,2023-03-09,1078,1530,12,199,1277,0,253,0
retained,30,overtime,2023-03-10,382,1224,0,0,382,0,842,0
retained,30,overtime,2023-03-11,0,0,0,0,0,0,0,0
retained,30,overtime,2023-03-12,437,0,0,0,0,437,0,0
retained,30,overtime,2023-03-13,0,1224,0,437,437,0,787,0
retained,30,overtime,2023-03-14,1656,1530,12,0,1530,126,0,0
retained,30,overtime,2023-03-15,384,1224,0,126,510,0,714,0
retained,30,overtime,2023-03-16,1518,1530,12,0,1518,0,12,0
retained,30,overtime,2023-03-17,2400,1530,12,0,1530,870,0,0
retained,30,overtime,2023-03-18,0,0,0,870,0,870,0,1
retained,30,overtime,2023-03-19,0,0,0,870,0,870,0,2
retained,30,overtime,2023-03-20,0,1224,0,870,870,0,354,0
retained,30,overtime,2023-03-21,0,1224,0,0,0,0,1224,0
retained,30,overtime,2023-03-22,5911,1530,12,0,1530,4381,0,0
retained,30,overtime,2023-03-23,0,1530,12,4381,1530,2851,0,1
retained,30,overtime,2023-03-24,0,1530,12,2851,1530,1321,0,2
retained,30,overtime,2023-03-25,0,0,0,1321,0,1321,0,3
retained,30,overtime,2023-03-26,0,0,0,1321,0,1321,0,4
retained,30,overtime,2023-03-27,1277,1530,12,1321,1530,1068,0,0
retained,30,overtime,2023-03-28,102,1224,0,1068,1170,0,54,0
retained,30,overtime,2023-03-29,3482,1530,12,0,1530,1952,0,0
retained,30,overtime,2023-03-30,0,1530,12,1952,1530,422,0,1
retained,30,overtime,2023-03-31,0,1224,0,422,422,0,802,0
retained,30,overtime,2023-04-01,0,0,0,0,0,0,0,0
retained,30,overtime,2023-04-02,0,0,0,0,0,0,0,0
retained,30,overtime,2023-04-03,3072,1530,12,0,1530,1542,0,0
retained,30,overtime,2023-04-04,1432,1530,12,1542,1530,1444,0,1
retained,30,overtime,2023-04-05,808,1530,12,1444,1530,722,0,0
retained,30,overtime,2023-04-06,909,1530,12,722,1530,101,0,0
retained,30,overtime,2023-04-07,0,1224,0,101,101,0,1123,0
retained,30,overtime,2023-04-08,0,0,0,0,0,0,0,0
retained,30,overtime,2023-04-09,0,0,0,0,0,0,0,0
retained,30,overtime,2023-04-10,0,1224,0,0,0,0,1224,0
retained,30,overtime,2023-04-11,1284,1530,12,0,1284,0,246,0
retained,30,overtime,2023-04-12,0,1224,0,0,0,0,1224,0
retained,30,overtime,2023-04-13,3489,1530,12,0,1530,1959,0,0
retained,30,overtime,2023-04-14,0,1530,12,1959,1530,429,0,1
retained,30,overtime,2023-04-15,0,0,0,429,0,429,0,2
retained,30,overtime,2023-04-16,0,0,0,429,0,429,0,3
retained,30,overtime,2023-04-17,2661,1530,12,429,1530,1560,0,0
retained,30,overtime,2023-04-18,513,1530,12,1560,1530,543,0,1
retained,30,overtime,2023-04-19,1325,1530,12,543,1530,338,0,0
retained,30,overtime,2023-04-20,878,1224,0,338,1216,0,8,0
retained,30,overtime,2023-04-21,497,1224,0,0,497,0,727,0
retained,30,overtime,2023-04-22,0,0,0,0,0,0,0,0
retained,30,overtime,2023-04-23,0,0,0,0,0,0,0,0
retained,30,overtime,2023-04-24,1800,1530,12,0,1530,270,0,0
retained,30,overtime,2023-04-25,819,1224,0,270,1089,0,135,0
retained,30,overtime,2023-04-26,1591,1530,12,0,1530,61,0,0
retained,30,overtime,2023-04-27,327,1224,0,61,388,0,836,0
retained,30,overtime,2023-04-28,432,1224,0,0,432,0,792,0
retained,30,overtime,2023-04-29,0,0,0,0,0,0,0,0
retained,30,overtime,2023-04-30,0,0,0,0,0,0,0,0
retained,30,overtime,2023-05-01,986,1224,0,0,986,0,238,0
retained,30,overtime,2023-05-02,1145,1224,0,0,1145,0,79,0
retained,30,overtime,2023-05-03,1466,1530,12,0,1466,0,64,0
retained,30,overtime,2023-05-04,2698,1530,12,0,1530,1168,0,0
retained,30,overtime,2023-05-05,930,1530,12,1168,1530,568,0,0
retained,30,overtime,2023-05-06,0,0,0,568,0,568,0,1
retained,30,overtime,2023-05-07,0,0,0,568,0,568,0,2
retained,30,overtime,2023-05-08,2298,1530,12,568,1530,1336,0,0
retained,30,overtime,2023-05-09,1881,1530,12,1336,1530,1687,0,0
retained,30,overtime,2023-05-10,0,1530,12,1687,1530,157,0,1
retained,30,overtime,2023-05-11,1986,1530,12,157,1530,613,0,0
retained,30,overtime,2023-05-12,744,1530,12,613,1357,0,173,0
retained,30,overtime,2023-05-13,0,0,0,0,0,0,0,0
retained,30,overtime,2023-05-14,0,0,0,0,0,0,0,0
retained,30,overtime,2023-05-15,1049,1224,0,0,1049,0,175,0
retained,30,overtime,2023-05-16,3822,1530,12,0,1530,2292,0,0
retained,30,overtime,2023-05-17,0,1530,12,2292,1530,762,0,1
retained,30,overtime,2023-05-18,1999,1530,12,762,1530,1231,0,0
retained,30,overtime,2023-05-19,1526,1530,12,1231,1530,1227,0,0
retained,30,overtime,2023-05-20,0,0,0,1227,0,1227,0,1
retained,30,overtime,2023-05-21,0,0,0,1227,0,1227,0,2
retained,30,overtime,2023-05-22,0,1530,12,1227,1227,0,303,0
retained,30,overtime,2023-05-23,1866,1530,12,0,1530,336,0,0
retained,30,overtime,2023-05-24,0,1224,0,336,336,0,888,0
retained,30,overtime,2023-05-25,1869,1530,12,0,1530,339,0,0
retained,30,overtime,2023-05-26,1358,1530,12,339,1530,167,0,0
retained,30,overtime,2023-05-27,0,0,0,167,0,167,0,1
retained,30,overtime,2023-05-28,0,0,0,167,0,167,0,2
retained,30,overtime,2023-05-29,1285,1530,12,167,1452,0,78,0
retained,30,overtime,2023-05-30,1585,1530,12,0,1530,55,0,0
retained,30,overtime,2023-05-31,1369,1530,12,55,1424,0,106,0
retained,30,overtime,2023-06-01,709,1224,0,0,709,0,515,0
retained,30,overtime,2023-06-02,117,1224,0,0,117,0,1107,0
retained,30,overtime,2023-06-03,0,0,0,0,0,0,0,0
retained,30,overtime,2023-06-04,0,0,0,0,0,0,0,0
retained,30,overtime,2023-06-05,1450,1530,12,0,1450,0,80,0
retained,30,overtime,2023-06-06,956,1224,0,0,956,0,268,0
retained,30,overtime,2023-06-07,3004,1530,12,0,1530,1474,0,0
retained,30,overtime,2023-06-08,122,1530,12,1474,1530,66,0,0
retained,30,overtime,2023-06-09,708,1224,0,66,774,0,450,0
retained,30,overtime,2023-06-10,0,0,0,0,0,0,0,0
retained,30,overtime,2023-06-11,0,0,0,0,0,0,0,0
retained,30,overtime,2023-06-12,1282,1530,12,0,1282,0,248,0
retained,30,overtime,2023-06-13,521,1224,0,0,521,0,703,0
retained,30,overtime,2023-06-14,2095,1530,12,0,1530,565,0,0
retained,30,overtime,2023-06-15,478,1224,0,565,1043,0,181,0
retained,30,overtime,2023-06-16,143,1224,0,0,143,0,1081,0
retained,30,overtime,2023-06-17,0,0,0,0,0,0,0,0
retained,30,overtime,2023-06-18,0,0,0,0,0,0,0,0
retained,30,overtime,2023-06-19,3416,1530,12,0,1530,1886,0,0
retained,30,overtime,2023-06-20,680,1530,12,1886,1530,1036,0,1
retained,30,overtime,2023-06-21,536,1530,12,1036,1530,42,0,0
retained,30,overtime,2023-06-22,517,1224,0,42,559,0,665,0
retained,30,overtime,2023-06-23,0,1224,0,0,0,0,1224,0
retained,30,overtime,2023-06-24,0,0,0,0,0,0,0,0
retained,30,overtime,2023-06-25,0,0,0,0,0,0,0,0
retained,30,overtime,2023-06-26,2050,1530,12,0,1530,520,0,0
retained,30,overtime,2023-06-27,1895,1530,12,520,1530,885,0,0
retained,30,overtime,2023-06-28,636,1530,12,885,1521,0,9,0
retained,30,overtime,2023-06-29,186,1224,0,0,186,0,1038,0
retained,30,overtime,2023-06-30,1920,1530,12,0,1530,390,0,0
retained,30,overtime,2023-07-01,0,0,0,390,0,390,0,1
retained,30,overtime,2023-07-02,0,0,0,390,0,390,0,2
retained,30,overtime,2023-07-03,1355,1530,12,390,1530,215,0,0
retained,30,overtime,2023-07-04,1260,1530,12,215,1475,0,55,0
retained,30,overtime,2023-07-05,0,1224,0,0,0,0,1224,0
retained,30,overtime,2023-07-06,2395,1530,12,0,1530,865,0,0
retained,30,overtime,2023-07-07,180,1224,0,865,1045,0,179,0
retained,30,overtime,2023-07-08,0,0,0,0,0,0,0,0
retained,30,overtime,2023-07-09,0,0,0,0,0,0,0,0
retained,30,overtime,2023-07-10,952,1224,0,0,952,0,272,0
retained,30,overtime,2023-07-11,1711,1530,12,0,1530,181,0,0
retained,30,overtime,2023-07-12,1009,1224,0,181,1190,0,34,0
retained,30,overtime,2023-07-13,550,1224,0,0,550,0,674,0
retained,30,overtime,2023-07-14,0,1224,0,0,0,0,1224,0
retained,30,overtime,2023-07-15,0,0,0,0,0,0,0,0
retained,30,overtime,2023-07-16,0,0,0,0,0,0,0,0
retained,30,overtime,2023-07-17,1685,1530,12,0,1530,155,0,0
retained,30,overtime,2023-07-18,1697,1530,12,155,1530,322,0,0
retained,30,overtime,2023-07-19,992,1530,12,322,1314,0,216,0
retained,30,overtime,2023-07-20,339,1224,0,0,339,0,885,0
retained,30,overtime,2023-07-21,0,1224,0,0,0,0,1224,0
retained,30,overtime,2023-07-22,0,0,0,0,0,0,0,0
retained,30,overtime,2023-07-23,0,0,0,0,0,0,0,0
retained,30,overtime,2023-07-24,1087,1224,0,0,1087,0,137,0
retained,30,overtime,2023-07-25,865,1224,0,0,865,0,359,0
retained,30,overtime,2023-07-26,469,1224,0,0,469,0,755,0
retained,30,overtime,2023-07-27,586,1224,0,0,586,0,638,0
retained,30,overtime,2023-07-28,668,1224,0,0,668,0,556,0
retained,30,overtime,2023-07-29,0,0,0,0,0,0,0,0
retained,30,overtime,2023-07-30,0,0,0,0,0,0,0,0
retained,30,overtime,2023-07-31,590,1224,0,0,590,0,634,0
retained,30,overtime,2023-08-01,557,1224,0,0,557,0,667,0
retained,30,overtime,2023-08-02,126,1224,0,0,126,0,1098,0
retained,30,overtime,2023-08-03,549,1224,0,0,549,0,675,0
retained,30,overtime,2023-08-04,235,1224,0,0,235,0,989,0
retained,30,overtime,2023-08-05,0,0,0,0,0,0,0,0
retained,30,overtime,2023-08-06,0,0,0,0,0,0,0,0
retained,30,overtime,2023-08-07,1728,1530,12,0,1530,198,0,0
retained,30,overtime,2023-08-08,625,1224,0,198,823,0,401,0
retained,30,overtime,2023-08-09,573,1224,0,0,573,0,651,0
retained,30,overtime,2023-08-10,736,1224,0,0,736,0,488,0
retained,30,overtime,2023-08-11,0,1224,0,0,0,0,1224,0
retained,30,overtime,2023-08-12,0,0,0,0,0,0,0,0
retained,30,overtime,2023-08-13,1231,0,0,0,0,1231,0,0
retained,30,overtime,2023-08-14,0,1530,12,1231,1231,0,299,0
retained,30,overtime,2023-08-15,1238,1530,12,0,1238,0,292,0
retained,30,overtime,2023-08-16,899,1224,0,0,899,0,325,0
retained,30,overtime,2023-08-17,1202,1224,0,0,1202,0,22,0
retained,30,overtime,2023-08-18,12,1224,0,0,12,0,1212,0
retained,30,overtime,2023-08-19,0,0,0,0,0,0,0,0
retained,30,overtime,2023-08-20,0,0,0,0,0,0,0,0
retained,30,overtime,2023-08-21,18,1224,0,0,18,0,1206,0
retained,30,overtime,2023-08-22,4599,1530,12,0,1530,3069,0,0
retained,30,overtime,2023-08-23,150,1530,12,3069,1530,1689,0,1
retained,30,overtime,2023-08-24,2856,1530,12,1689,1530,3015,0,2
retained,30,overtime,2023-08-25,0,1530,12,3015,1530,1485,0,1
retained,30,overtime,2023-08-26,0,0,0,1485,0,1485,0,2
retained,30,overtime,2023-08-27,0,0,0,1485,0,1485,0,3
retained,30,overtime,2023-08-28,2483,1530,12,1485,1530,2438,0,0
retained,30,overtime,2023-08-29,615,1530,12,2438,1530,1523,0,1
retained,30,overtime,2023-08-30,1178,1530,12,1523,1530,1171,0,0
retained,30,overtime,2023-08-31,1595,1530,12,1171,1530,1236,0,0
retained,30,overtime,2023-09-01,1147,1530,12,1236,1530,853,0,0
retained,30,overtime,2023-09-02,0,0,0,853,0,853,0,1
retained,30,overtime,2023-09-03,0,0,0,853,0,853,0,2
retained,30,overtime,2023-09-04,0,1224,0,853,853,0,371,0
retained,30,overtime,2023-09-05,1323,1530,12,0,1323,0,207,0
retained,30,overtime,2023-09-06,826,1224,0,0,826,0,398,0
retained,30,overtime,2023-09-07,802,1224,0,0,802,0,422,0
retained,30,overtime,2023-09-08,375,1224,0,0,375,0,849,0
retained,30,overtime,2023-09-09,0,0,0,0,0,0,0,0
retained,30,overtime,2023-09-10,1920,0,0,0,0,1920,0,0
retained,30,overtime,2023-09-11,0,1530,12,1920,1530,390,0,1
retained,30,overtime,2023-09-12,2188,1530,12,390,1530,1048,0,0
retained,30,overtime,2023-09-13,1403,1530,12,1048,1530,921,0,0
retained,30,overtime,2023-09-14,0,1224,0,921,921,0,303,0
retained,30,overtime,2023-09-15,0,1224,0,0,0,0,1224,0
retained,30,overtime,2023-09-16,0,0,0,0,0,0,0,0
retained,30,overtime,2023-09-17,1920,0,0,0,0,1920,0,0
retained,30,overtime,2023-09-18,32,1530,12,1920,1530,422,0,1
retained,30,overtime,2023-09-19,3603,1530,12,422,1530,2495,0,0
retained,30,overtime,2023-09-20,0,1530,12,2495,1530,965,0,1
retained,30,overtime,2023-09-21,2785,1530,12,965,1530,2220,0,0
retained,30,overtime,2023-09-22,0,1530,12,2220,1530,690,0,1
retained,30,overtime,2023-09-23,0,0,0,690,0,690,0,2
retained,30,overtime,2023-09-24,0,0,0,690,0,690,0,3
retained,30,overtime,2023-09-25,2379,1530,12,690,1530,1539,0,0
retained,30,overtime,2023-09-26,131,1530,12,1539,1530,140,0,1
retained,30,overtime,2023-09-27,0,1224,0,140,140,0,1084,0
retained,30,overtime,2023-09-28,0,1224,0,0,0,0,1224,0
retained,30,overtime,2023-09-29,108,1224,0,0,108,0,1116,0
retained,30,overtime,2023-09-30,0,0,0,0,0,0,0,0
retained,30,overtime,2023-10-01,0,0,0,0,0,0,0,0
retained,30,overtime,2023-10-02,5347,1530,12,0,1530,3817,0,0
retained,30,overtime,2023-10-03,136,1530,12,3817,1530,2423,0,1
retained,30,overtime,2023-10-04,60,1530,12,2423,1530,953,0,2
retained,30,overtime,2023-10-05,2341,1530,12,953,1530,1764,0,0
retained,30,overtime,2023-10-06,1451,1530,12,1764,1530,1685,0,1
retained,30,overtime,2023-10-07,0,0,0,1685,0,1685,0,2
retained,30,overtime,2023-10-08,0,0,0,1685,0,1685,0,3
retained,30,overtime,2023-10-09,0,1530,12,1685,1530,155,0,3
retained,30,overtime,2023-10-10,3,1224,0,155,158,0,1066,0
retained,30,overtime,2023-10-11,319,1224,0,0,319,0,905,0
retained,30,overtime,2023-10-12,1938,1530,12,0,1530,408,0,0
retained,30,overtime,2023-10-13,1900,1530,12,408,1530,778,0,0
retained,30,overtime,2023-10-14,0,0,0,778,0,778,0,1
retained,30,overtime,2023-10-15,0,0,0,778,0,778,0,2
retained,30,overtime,2023-10-16,1273,1530,12,778,1530,521,0,0
retained,30,overtime,2023-10-17,720,1530,12,521,1241,0,289,0
retained,30,overtime,2023-10-18,815,1224,0,0,815,0,409,0
retained,30,overtime,2023-10-19,531,1224,0,0,531,0,693,0
retained,30,overtime,2023-10-20,0,1224,0,0,0,0,1224,0
retained,30,overtime,2023-10-21,0,0,0,0,0,0,0,0
retained,30,overtime,2023-10-22,0,0,0,0,0,0,0,0
retained,30,overtime,2023-10-23,0,1224,0,0,0,0,1224,0
retained,30,overtime,2023-10-24,0,1224,0,0,0,0,1224,0
retained,30,overtime,2023-10-25,0,1224,0,0,0,0,1224,0
retained,30,overtime,2023-10-26,0,1224,0,0,0,0,1224,0
retained,30,overtime,2023-10-27,0,1224,0,0,0,0,1224,0
retained,30,overtime,2023-10-28,0,0,0,0,0,0,0,0
retained,30,overtime,2023-10-29,0,0,0,0,0,0,0,0
retained,30,overtime,2023-10-30,0,1224,0,0,0,0,1224,0
retained,30,overtime,2023-10-31,0,1224,0,0,0,0,1224,0
retained,30,overtime,2023-11-01,0,1224,0,0,0,0,1224,0
retained,30,overtime,2023-11-02,0,1224,0,0,0,0,1224,0
retained,30,temporary,2023-01-05,2254,1224,0,0,1224,1030,0,0
retained,30,temporary,2023-01-06,1556,1224,0,1030,1224,1362,0,0
retained,30,temporary,2023-01-07,0,0,0,1362,0,1362,0,1
retained,30,temporary,2023-01-08,0,0,0,1362,0,1362,0,2
retained,30,temporary,2023-01-09,1374,1550,16,1362,1550,1186,0,0
retained,30,temporary,2023-01-10,1551,1224,0,1186,1224,1513,0,0
retained,30,temporary,2023-01-11,807,1550,16,1513,1550,770,0,0
retained,30,temporary,2023-01-12,1897,1224,0,770,1224,1443,0,0
retained,30,temporary,2023-01-13,660,1550,16,1443,1550,553,0,0
retained,30,temporary,2023-01-14,0,0,0,553,0,553,0,1
retained,30,temporary,2023-01-15,0,0,0,553,0,553,0,2
retained,30,temporary,2023-01-16,885,1224,0,553,1224,214,0,0
retained,30,temporary,2023-01-17,997,1224,0,214,1211,0,13,0
retained,30,temporary,2023-01-18,1909,1224,0,0,1224,685,0,0
retained,30,temporary,2023-01-19,250,1224,0,685,935,0,289,0
retained,30,temporary,2023-01-20,321,1224,0,0,321,0,903,0
retained,30,temporary,2023-01-21,0,0,0,0,0,0,0,0
retained,30,temporary,2023-01-22,0,0,0,0,0,0,0,0
retained,30,temporary,2023-01-23,856,1224,0,0,856,0,368,0
retained,30,temporary,2023-01-24,563,1224,0,0,563,0,661,0
retained,30,temporary,2023-01-25,2819,1224,0,0,1224,1595,0,0
retained,30,temporary,2023-01-26,871,1550,16,1595,1550,916,0,1
retained,30,temporary,2023-01-27,731,1224,0,916,1224,423,0,0
retained,30,temporary,2023-01-28,0,0,0,423,0,423,0,1
retained,30,temporary,2023-01-29,0,0,0,423,0,423,0,2
retained,30,temporary,2023-01-30,1083,1224,0,423,1224,282,0,0
retained,30,temporary,2023-01-31,1023,1224,0,282,1224,81,0,0
retained,30,temporary,2023-02-01,278,1224,0,81,359,0,865,0
retained,30,temporary,2023-02-02,1293,1224,0,0,1224,69,0,0
retained,30,temporary,2023-02-03,662,1224,0,69,731,0,493,0
retained,30,temporary,2023-02-04,0,0,0,0,0,0,0,0
retained,30,temporary,2023-02-05,0,0,0,0,0,0,0,0
retained,30,temporary,2023-02-06,1526,1224,0,0,1224,302,0,0
retained,30,temporary,2023-02-07,854,1224,0,302,1156,0,68,0
retained,30,temporary,2023-02-08,975,1224,0,0,975,0,249,0
retained,30,temporary,2023-02-09,1707,1224,0,0,1224,483,0,0
retained,30,temporary,2023-02-10,462,1224,0,483,945,0,279,0
retained,30,temporary,2023-02-11,0,0,0,0,0,0,0,0
retained,30,temporary,2023-02-12,0,0,0,0,0,0,0,0
retained,30,temporary,2023-02-13,1306,1224,0,0,1224,82,0,0
retained,30,temporary,2023-02-14,638,1224,0,82,720,0,504,0
retained,30,temporary,2023-02-15,384,1224,0,0,384,0,840,0
retained,30,temporary,2023-02-16,2383,1224,0,0,1224,1159,0,0
retained,30,temporary,2023-02-17,0,1224,0,1159,1159,0,65,0
retained,30,temporary,2023-02-18,0,0,0,0,0,0,0,0
retained,30,temporary,2023-02-19,1920,0,0,0,0,1920,0,0
retained,30,temporary,2023-02-20,0,1550,16,1920,1550,370,0,1
retained,30,temporary,2023-02-21,1943,1224,0,370,1224,1089,0,0
retained,30,temporary,2023-02-22,1414,1224,0,1089,1224,1279,0,0
retained,30,temporary,2023-02-23,1907,1550,16,1279,1550,1636,0,0
retained,30,temporary,2023-02-24,1163,1550,16,1636,1550,1249,0,1
retained,30,temporary,2023-02-25,0,0,0,1249,0,1249,0,2
retained,30,temporary,2023-02-26,0,0,0,1249,0,1249,0,3
retained,30,temporary,2023-02-27,1496,1550,16,1249,1550,1195,0,0
retained,30,temporary,2023-02-28,1134,1224,0,1195,1224,1105,0,0
retained,30,temporary,2023-03-01,227,1224,0,1105,1224,108,0,0
retained,30,temporary,2023-03-02,2495,1224,0,108,1224,1379,0,0
retained,30,temporary,2023-03-03,709,1550,16,1379,1550,538,0,0
retained,30,temporary,2023-03-04,0,0,0,538,0,538,0,1
retained,30,temporary,2023-03-05,0,0,0,538,0,538,0,2
retained,30,temporary,2023-03-06,1586,1224,0,538,1224,900,0,0
retained,30,temporary,2023-03-07,479,1224,0,900,1224,155,0,0
retained,30,temporary,2023-03-08,1729,1224,0,155,1224,660,0,0
retained,30,temporary,2023-03-09,1078,1224,0,660,1224,514,0,0
retained,30,temporary,2023-03-10,382,1224,0,514,896,0,328,0
retained,30,temporary,2023-03-11,0,0,0,0,0,0,0,0
retained,30,temporary,2023-03-12,437,0,0,0,0,437,0,0
retained,30,temporary,2023-03-13,0,1224,0,437,437,0,787,0
retained,30,temporary,2023-03-14,1656,1224,0,0,1224,432,0,0
retained,30,temporary,2023-03-15,384,1224,0,432,816,0,408,0
retained,30,temporary,2023-03-16,1518,1224,0,0,1224,294,0,0
retained,30,temporary,2023-03-17,2400,1224,0,294,1224,1470,0,0
retained,30,temporary,2023-03-18,0,0,0,1470,0,1470,0,1
retained,30,temporary,2023-03-19,0,0,0,1470,0,1470,0,2
retained,30,temporary,2023-03-20,0,1550,16,1470,1470,0,80,0
retained,30,temporary,2023-03-21,0,1224,0,0,0,0,1224,0
retained,30,temporary,2023-03-22,5911,1224,0,0,1224,4687,0,0
retained,30,temporary,2023-03-23,0,1550,16,4687,1550,3137,0,1
retained,30,temporary,2023-03-24,0,1550,16,3137,1550,1587,0,2
retained,30,temporary,2023-03-25,0,0,0,1587,0,1587,0,3
retained,30,temporary,2023-03-26,0,0,0,1587,0,1587,0,4
retained,30,temporary,2023-03-27,1277,1550,16,1587,1550,1314,0,5
retained,30,temporary,2023-03-28,102,1550,16,1314,1416,0,134,0
retained,30,temporary,2023-03-29,3482,1224,0,0,1224,2258,0,0
retained,30,temporary,2023-03-30,0,1550,16,2258,1550,708,0,1
retained,30,temporary,2023-03-31,0,1224,0,708,708,0,516,0
retained,30,temporary,2023-04-01,0,0,0,0,0,0,0,0
retained,30,temporary,2023-04-02,0,0,0,0,0,0,0,0
retained,30,temporary,2023-04-03,3072,1224,0,0,1224,1848,0,0
retained,30,temporary,2023-04-04,1432,1550,16,1848,1550,1730,0,1
retained,30,temporary,2023-04-05,808,1550,16,1730,1550,988,0,1
retained,30,temporary,2023-04-06,909,1224,0,988,1224,673,0,0
retained,30,temporary,2023-04-07,0,1224,0,673,673,0,551,0
retained,30,temporary,2023-04-08,0,0,0,0,0,0,0,0
retained,30,temporary,2023-04-09,0,0,0,0,0,0,0,0
retained,30,temporary,2023-04-10,0,1224,0,0,0,0,1224,0
retained,30,temporary,2023-04-11,1284,1224,0,0,1224,60,0,0
retained,30,temporary,2023-04-12,0,1224,0,60,60,0,1164,0
retained,30,temporary,2023-04-13,3489,1224,0,0,1224,2265,0,0
retained,30,temporary,2023-04-14,0,1550,16,2265,1550,715,0,1
retained,30,temporary,2023-04-15,0,0,0,715,0,715,0,2
retained,30,temporary,2023-04-16,0,0,0,715,0,715,0,3
retained,30,temporary,2023-04-17,2661,1224,0,715,1224,2152,0,0
retained,30,temporary,2023-04-18,513,1550,16,2152,1550,1115,0,1
retained,30,temporary,2023-04-19,1325,1224,0,1115,1224,1216,0,0
retained,30,temporary,2023-04-20,878,1224,0,1216,1224,870,0,0
retained,30,temporary,2023-04-21,497,1224,0,870,1224,143,0,0
retained,30,temporary,2023-04-22,0,0,0,143,0,143,0,1
retained,30,temporary,2023-04-23,0,0,0,143,0,143,0,2
retained,30,temporary,2023-04-24,1800,1224,0,143,1224,719,0,0
retained,30,temporary,2023-04-25,819,1224,0,719,1224,314,0,0
retained,30,temporary,2023-04-26,1591,1224,0,314,1224,681,0,0
retained,30,temporary,2023-04-27,327,1224,0,681,1008,0,216,0
retained,30,temporary,2023-04-28,432,1224,0,0,432,0,792,0
retained,30,temporary,2023-04-29,0,0,0,0,0,0,0,0
retained,30,temporary,2023-04-30,0,0,0,0,0,0,0,0
retained,30,temporary,2023-05-01,986,1224,0,0,986,0,238,0
retained,30,temporary,2023-05-02,1145,1224,0,0,1145,0,79,0
retained,30,temporary,2023-05-03,1466,1224,0,0,1224,242,0,0
retained,30,temporary,2023-05-04,2698,1224,0,242,1224,1716,0,0
retained,30,temporary,2023-05-05,930,1550,16,1716,1550,1096,0,1
retained,30,temporary,2023-05-06,0,0,0,1096,0,1096,0,2
retained,30,temporary,2023-05-07,0,0,0,1096,0,1096,0,3
retained,30,temporary,2023-05-08,2298,1224,0,1096,1224,2170,0,0
retained,30,temporary,2023-05-09,1881,1550,16,2170,1550,2501,0,1
retained,30,temporary,2023-05-10,0,1550,16,2501,1550,951,0,1
retained,30,temporary,2023-05-11,1986,1224,0,951,1224,1713,0,0
retained,30,temporary,2023-05-12,744,1550,16,1713,1550,907,0,1
retained,30,temporary,2023-05-13,0,0,0,907,0,907,0,2
retained,30,temporary,2023-05-14,0,0,0,907,0,907,0,3
retained,30,temporary,2023-05-15,1049,1224,0,907,1224,732,0,0
retained,30,temporary,2023-05-16,3822,1224,0,732,1224,3330,0,0
retained,30,temporary,2023-05-17,0,1550,16,3330,1550,1780,0,1
retained,30,temporary,2023-05-18,1999,1550,16,1780,1550,2229,0,2
retained,30,temporary,2023-05-19,1526,1550,16,2229,1550,2205,0,1
retained,30,temporary,2023-05-20,0,0,0,2205,0,2205,0,2
retained,30,temporary,2023-05-21,0,0,0,2205,0,2205,0,3
retained,30,temporary,2023-05-22,0,1550,16,2205,1550,655,0,3
retained,30,temporary,2023-05-23,1866,1224,0,655,1224,1297,0,0
retained,30,temporary,2023-05-24,0,1550,16,1297,1297,0,253,0
retained,30,temporary,2023-05-25,1869,1224,0,0,1224,645,0,0
retained,30,temporary,2023-05-26,1358,1224,0,645,1224,779,0,0
retained,30,temporary,2023-05-27,0,0,0,779,0,779,0,1
retained,30,temporary,2023-05-28,0,0,0,779,0,779,0,2
retained,30,temporary,2023-05-29,1285,1224,0,779,1224,840,0,0
retained,30,temporary,2023-05-30,1585,1224,0,840,1224,1201,0,0
retained,30,temporary,2023-05-31,1369,1224,0,1201,1224,1346,0,0
retained,30,temporary,2023-06-01,709,1550,16,1346,1550,505,0,0
retained,30,temporary,2023-06-02,117,1224,0,505,622,0,602,0
retained,30,temporary,2023-06-03,0,0,0,0,0,0,0,0
retained,30,temporary,2023-06-04,0,0,0,0,0,0,0,0
retained,30,temporary,2023-06-05,1450,1224,0,0,1224,226,0,0
retained,30,temporary,2023-06-06,956,1224,0,226,1182,0,42,0
retained,30,temporary,2023-06-07,3004,1224,0,0,1224,1780,0,0
retained,30,temporary,2023-06-08,122,1550,16,1780,1550,352,0,1
retained,30,temporary,2023-06-09,708,1224,0,352,1060,0,164,0
retained,30,temporary,2023-06-10,0,0,0,0,0,0,0,0
retained,30,temporary,2023-06-11,0,0,0,0,0,0,0,0
retained,30,temporary,2023-06-12,1282,1224,0,0,1224,58,0,0
retained,30,temporary,2023-06-13,521,1224,0,58,579,0,645,0
retained,30,temporary,2023-06-14,2095,1224,0,0,1224,871,0,0
retained,30,temporary,2023-06-15,478,1224,0,871,1224,125,0,0
retained,30,temporary,2023-06-16,143,1224,0,125,268,0,956,0
retained,30,temporary,2023-06-17,0,0,0,0,0,0,0,0
retained,30,temporary,2023-06-18,0,0,0,0,0,0,0,0
retained,30,temporary,2023-06-19,3416,1224,0,0,1224,2192,0,0
retained,30,temporary,2023-06-20,680,1550,16,2192,1550,1322,0,1
retained,30,temporary,2023-06-21,536,1550,16,1322,1550,308,0,0
retained,30,temporary,2023-06-22,517,1224,0,308,825,0,399,0
retained,30,temporary,2023-06-23,0,1224,0,0,0,0,1224,0
retained,30,temporary,2023-06-24,0,0,0,0,0,0,0,0
retained,30,temporary,2023-06-25,0,0,0,0,0,0,0,0
retained,30,temporary,2023-06-26,2050,1224,0,0,1224,826,0,0
retained,30,temporary,2023-06-27,1895,1224,0,826,1224,1497,0,0
retained,30,temporary,2023-06-28,636,1550,16,1497,1550,583,0,0
retained,30,temporary,2023-06-29,186,1224,0,583,769,0,455,0
retained,30,temporary,2023-06-30,1920,1224,0,0,1224,696,0,0
retained,30,temporary,2023-07-01,0,0,0,696,0,696,0,1
retained,30,temporary,2023-07-02,0,0,0,696,0,696,0,2
retained,30,temporary,2023-07-03,1355,1224,0,696,1224,827,0,0
retained,30,temporary,2023-07-04,1260,1224,0,827,1224,863,0,0
retained,30,temporary,2023-07-05,0,1224,0,863,863,0,361,0
retained,30,temporary,2023-07-06,2395,1224,0,0,1224,1171,0,0
retained,30,temporary,2023-07-07,180,1224,0,1171,1224,127,0,0
retained,30,temporary,2023-07-08,0,0,0,127,0,127,0,1
retained,30,temporary,2023-07-09,0,0,0,127,0,127,0,2
retained,30,temporary,2023-07-10,952,1224,0,127,1079,0,145,0
retained,30,temporary,2023-07-11,1711,1224,0,0,1224,487,0,0
retained,30,temporary,2023-07-12,1009,1224,0,487,1224,272,0,0
retained,30,temporary,2023-07-13,550,1224,0,272,822,0,402,0
retained,30,temporary,2023-07-14,0,1224,0,0,0,0,1224,0
retained,30,temporary,2023-07-15,0,0,0,0,0,0,0,0
retained,30,temporary,2023-07-16,0,0,0,0,0,0,0,0
retained,30,temporary,2023-07-17,1685,1224,0,0,1224,461,0,0
retained,30,temporary,2023-07-18,1697,1224,0,461,1224,934,0,0
retained,30,temporary,2023-07-19,992,1224,0,934,1224,702,0,0
retained,30,temporary,2023-07-20,339,1224,0,702,1041,0,183,0
retained,30,temporary,2023-07-21,0,1224,0,0,0,0,1224,0
retained,30,temporary,2023-07-22,0,0,0,0,0,0,0,0
retained,30,temporary,2023-07-23,0,0,0,0,0,0,0,0
retained,30,temporary,2023-07-24,1087,1224,0,0,1087,0,137,0
retained,30,temporary,2023-07-25,865,1224,0,0,865,0,359,0
retained,30,temporary,2023-07-26,469,1224,0,0,469,0,755,0
retained,30,temporary,2023-07-27,586,1224,0,0,586,0,638,0
retained,30,temporary,2023-07-28,668,1224,0,0,668,0,556,0
retained,30,temporary,2023-07-29,0,0,0,0,0,0,0,0
retained,30,temporary,2023-07-30,0,0,0,0,0,0,0,0
retained,30,temporary,2023-07-31,590,1224,0,0,590,0,634,0
retained,30,temporary,2023-08-01,557,1224,0,0,557,0,667,0
retained,30,temporary,2023-08-02,126,1224,0,0,126,0,1098,0
retained,30,temporary,2023-08-03,549,1224,0,0,549,0,675,0
retained,30,temporary,2023-08-04,235,1224,0,0,235,0,989,0
retained,30,temporary,2023-08-05,0,0,0,0,0,0,0,0
retained,30,temporary,2023-08-06,0,0,0,0,0,0,0,0
retained,30,temporary,2023-08-07,1728,1224,0,0,1224,504,0,0
retained,30,temporary,2023-08-08,625,1224,0,504,1129,0,95,0
retained,30,temporary,2023-08-09,573,1224,0,0,573,0,651,0
retained,30,temporary,2023-08-10,736,1224,0,0,736,0,488,0
retained,30,temporary,2023-08-11,0,1224,0,0,0,0,1224,0
retained,30,temporary,2023-08-12,0,0,0,0,0,0,0,0
retained,30,temporary,2023-08-13,1231,0,0,0,0,1231,0,0
retained,30,temporary,2023-08-14,0,1550,16,1231,1231,0,319,0
retained,30,temporary,2023-08-15,1238,1224,0,0,1224,14,0,0
retained,30,temporary,2023-08-16,899,1224,0,14,913,0,311,0
retained,30,temporary,2023-08-17,1202,1224,0,0,1202,0,22,0
retained,30,temporary,2023-08-18,12,1224,0,0,12,0,1212,0
retained,30,temporary,2023-08-19,0,0,0,0,0,0,0,0
retained,30,temporary,2023-08-20,0,0,0,0,0,0,0,0
retained,30,temporary,2023-08-21,18,1224,0,0,18,0,1206,0
retained,30,temporary,2023-08-22,4599,1224,0,0,1224,3375,0,0
retained,30,temporary,2023-08-23,150,1550,16,3375,1550,1975,0,1
retained,30,temporary,2023-08-24,2856,1550,16,1975,1550,3281,0,2
retained,30,temporary,2023-08-25,0,1550,16,3281,1550,1731,0,1
retained,30,temporary,2023-08-26,0,0,0,1731,0,1731,0,2
retained,30,temporary,2023-08-27,0,0,0,1731,0,1731,0,3
retained,30,temporary,2023-08-28,2483,1550,16,1731,1550,2664,0,4
retained,30,temporary,2023-08-29,615,1550,16,2664,1550,1729,0,1
retained,30,temporary,2023-08-30,1178,1550,16,1729,1550,1357,0,1
retained,30,temporary,2023-08-31,1595,1550,16,1357,1550,1402,0,0
retained,30,temporary,2023-09-01,1147,1550,16,1402,1550,999,0,0
retained,30,temporary,2023-09-02,0,0,0,999,0,999,0,1
retained,30,temporary,2023-09-03,0,0,0,999,0,999,0,2
retained,30,temporary,2023-09-04,0,1224,0,999,999,0,225,0
retained,30,temporary,2023-09-05,1323,1224,0,0,1224,99,0,0
retained,30,temporary,2023-09-06,826,1224,0,99,925,0,299,0
retained,30,temporary,2023-09-07,802,1224,0,0,802,0,422,0
retained,30,temporary,2023-09-08,375,1224,0,0,375,0,849,0
retained,30,temporary,2023-09-09,0,0,0,0,0,0,0,0
retained,30,temporary,2023-09-10,1920,0,0,0,0,1920,0,0
retained,30,temporary,2023-09-11,0,1550,16,1920,1550,370,0,1
retained,30,temporary,2023-09-12,2188,1224,0,370,1224,1334,0,0
retained,30,temporary,2023-09-13,1403,1550,16,1334,1550,1187,0,0
retained,30,temporary,2023-09-14,0,1224,0,1187,1187,0,37,0
retained,30,temporary,2023-09-15,0,1224,0,0,0,0,1224,0
retained,30,temporary,2023-09-16,0,0,0,0,0,0,0,0
retained,30,temporary,2023-09-17,1920,0,0,0,0,1920,0,0
retained,30,temporary,2023-09-18,32,1550,16,1920,1550,402,0,1
retained,30,temporary,2023-09-19,3603,1224,0,402,1224,2781,0,0
retained,30,temporary,2023-09-20,0,1550,16,2781,1550,1231,0,1
retained,30,temporary,2023-09-21,2785,1550,16,1231,1550,2466,0,0
retained,30,temporary,2023-09-22,0,1550,16,2466,1550,916,0,1
retained,30,temporary,2023-09-23,0,0,0,916,0,916,0,2
retained,30,temporary,2023-09-24,0,0,0,916,0,916,0,3
retained,30,temporary,2023-09-25,2379,1224,0,916,1224,2071,0,0
retained,30,temporary,2023-09-26,131,1550,16,2071,1550,652,0,1
retained,30,temporary,2023-09-27,0,1224,0,652,652,0,572,0
retained,30,temporary,2023-09-28,0,1224,0,0,0,0,1224,0
retained,30,temporary,2023-09-29,108,1224,0,0,108,0,1116,0
retained,30,temporary,2023-09-30,0,0,0,0,0,0,0,0
retained,30,temporary,2023-10-01,0,0,0,0,0,0,0,0
retained,30,temporary,2023-10-02,5347,1224,0,0,1224,4123,0,0
retained,30,temporary,2023-10-03,136,1550,16,4123,1550,2709,0,1
retained,30,temporary,2023-10-04,60,1550,16,2709,1550,1219,0,2
retained,30,temporary,2023-10-05,2341,1224,0,1219,1224,2336,0,0
retained,30,temporary,2023-10-06,1451,1550,16,2336,1550,2237,0,1
retained,30,temporary,2023-10-07,0,0,0,2237,0,2237,0,2
retained,30,temporary,2023-10-08,0,0,0,2237,0,2237,0,3
retained,30,temporary,2023-10-09,0,1550,16,2237,1550,687,0,3
retained,30,temporary,2023-10-10,3,1224,0,687,690,0,534,0
retained,30,temporary,2023-10-11,319,1224,0,0,319,0,905,0
retained,30,temporary,2023-10-12,1938,1224,0,0,1224,714,0,0
retained,30,temporary,2023-10-13,1900,1224,0,714,1224,1390,0,0
retained,30,temporary,2023-10-14,0,0,0,1390,0,1390,0,1
retained,30,temporary,2023-10-15,0,0,0,1390,0,1390,0,2
retained,30,temporary,2023-10-16,1273,1550,16,1390,1550,1113,0,0
retained,30,temporary,2023-10-17,720,1224,0,1113,1224,609,0,0
retained,30,temporary,2023-10-18,815,1224,0,609,1224,200,0,0
retained,30,temporary,2023-10-19,531,1224,0,200,731,0,493,0
retained,30,temporary,2023-10-20,0,1224,0,0,0,0,1224,0
retained,30,temporary,2023-10-21,0,0,0,0,0,0,0,0
retained,30,temporary,2023-10-22,0,0,0,0,0,0,0,0
retained,30,temporary,2023-10-23,0,1224,0,0,0,0,1224,0
retained,30,temporary,2023-10-24,0,1224,0,0,0,0,1224,0
retained,30,temporary,2023-10-25,0,1224,0,0,0,0,1224,0
retained,30,temporary,2023-10-26,0,1224,0,0,0,0,1224,0
retained,30,temporary,2023-10-27,0,1224,0,0,0,0,1224,0
retained,30,temporary,2023-10-28,0,0,0,0,0,0,0,0
retained,30,temporary,2023-10-29,0,0,0,0,0,0,0,0
retained,30,temporary,2023-10-30,0,1224,0,0,0,0,1224,0
retained,30,temporary,2023-10-31,0,1224,0,0,0,0,1224,0
retained,30,temporary,2023-11-01,0,1224,0,0,0,0,1224,0
retained,30,temporary,2023-11-02,0,1224,0,0,0,0,1224,0
retained,40,carryover,2023-01-05,2254,1632,0,0,1632,622,0,0
retained,40,carryover,2023-01-06,1556,1632,0,622,1632,546,0,0
retained,40,carryover,2023-01-07,0,0,0,546,0,546,0,1
retained,40,carryover,2023-01-08,0,0,0,546,0,546,0,2
retained,40,carryover,2023-01-09,1374,1632,0,546,1632,288,0,0
retained,40,carryover,2023-01-10,1551,1632,0,288,1632,207,0,0
retained,40,carryover,2023-01-11,807,1632,0,207,1014,0,618,0
retained,40,carryover,2023-01-12,1897,1632,0,0,1632,265,0,0
retained,40,carryover,2023-01-13,660,1632,0,265,925,0,707,0
retained,40,carryover,2023-01-14,0,0,0,0,0,0,0,0
retained,40,carryover,2023-01-15,0,0,0,0,0,0,0,0
retained,40,carryover,2023-01-16,885,1632,0,0,885,0,747,0
retained,40,carryover,2023-01-17,997,1632,0,0,997,0,635,0
retained,40,carryover,2023-01-18,1909,1632,0,0,1632,277,0,0
retained,40,carryover,2023-01-19,250,1632,0,277,527,0,1105,0
retained,40,carryover,2023-01-20,321,1632,0,0,321,0,1311,0
retained,40,carryover,2023-01-21,0,0,0,0,0,0,0,0
retained,40,carryover,2023-01-22,0,0,0,0,0,0,0,0
retained,40,carryover,2023-01-23,856,1632,0,0,856,0,776,0
retained,40,carryover,2023-01-24,563,1632,0,0,563,0,1069,0
retained,40,carryover,2023-01-25,2819,1632,0,0,1632,1187,0,0
retained,40,carryover,2023-01-26,871,1632,0,1187,1632,426,0,0
retained,40,carryover,2023-01-27,731,1632,0,426,1157,0,475,0
retained,40,carryover,2023-01-28,0,0,0,0,0,0,0,0
retained,40,carryover,2023-01-29,0,0,0,0,0,0,0,0
retained,40,carryover,2023-01-30,1083,1632,0,0,1083,0,549,0
retained,40,carryover,2023-01-31,1023,1632,0,0,1023,0,609,0
retained,40,carryover,2023-02-01,278,1632,0,0,278,0,1354,0
retained,40,carryover,2023-02-02,1293,1632,0,0,1293,0,339,0
retained,40,carryover,2023-02-03,662,1632,0,0,662,0,970,0
retained,40,carryover,2023-02-04,0,0,0,0,0,0,0,0
retained,40,carryover,2023-02-05,0,0,0,0,0,0,0,0
retained,40,carryover,2023-02-06,1526,1632,0,0,1526,0,106,0
retained,40,carryover,2023-02-07,854,1632,0,0,854,0,778,0
retained,40,carryover,2023-02-08,975,1632,0,0,975,0,657,0
retained,40,carryover,2023-02-09,1707,1632,0,0,1632,75,0,0
retained,40,carryover,2023-02-10,462,1632,0,75,537,0,1095,0
retained,40,carryover,2023-02-11,0,0,0,0,0,0,0,0
retained,40,carryover,2023-02-12,0,0,0,0,0,0,0,0
retained,40,carryover,2023-02-13,1306,1632,0,0,1306,0,326,0
retained,40,carryover,2023-02-14,638,1632,0,0,638,0,994,0
retained,40,carryover,2023-02-15,384,1632,0,0,384,0,1248,0
retained,40,carryover,2023-02-16,2383,1632,0,0,1632,751,0,0
retained,40,carryover,2023-02-17,0,1632,0,751,751,0,881,0
retained,40,carryover,2023-02-18,0,0,0,0,0,0,0,0
retained,40,carryover,2023-02-19,1920,0,0,0,0,1920,0,0
retained,40,carryover,2023-02-20,0,1632,0,1920,1632,288,0,1
retained,40,carryover,2023-02-21,1943,1632,0,288,1632,599,0,0
retained,40,carryover,2023-02-22,1414,1632,0,599,1632,381,0,0
retained,40,carryover,2023-02-23,1907,1632,0,381,1632,656,0,0
retained,40,carryover,2023-02-24,1163,1632,0,656,1632,187,0,0
retained,40,carryover,2023-02-25,0,0,0,187,0,187,0,1
retained,40,carryover,2023-02-26,0,0,0,187,0,187,0,2
retained,40,carryover,2023-02-27,1496,1632,0,187,1632,51,0,0
retained,40,carryover,2023-02-28,1134,1632,0,51,1185,0,447,0
retained,40,carryover,2023-03-01,227,1632,0,0,227,0,1405,0
retained,40,carryover,2023-03-02,2495,1632,0,0,1632,863,0,0
retained,40,carryover,2023-03-03,709,1632,0,863,1572,0,60,0
retained,40,carryover,2023-03-04,0,0,0,0,0,0,0,0
retained,40,carryover,2023-03-05,0,0,0,0,0,0,0,0
retained,40,carryover,2023-03-06,1586,1632,0,0,1586,0,46,0
retained,40,carryover,2023-03-07,479,1632,0,0,479,0,1153,0
retained,40,carryover,2023-03-08,1729,1632,0,0,1632,97,0,0
retained,40,carryover,2023-03-09,1078,1632,0,97,1175,0,457,0
retained,40,carryover,2023-03-10,382,1632,0,0,382,0,1250,0
retained,40,carryover,2023-03-11,0,0,0,0,0,0,0,0
retained,40,carryover,2023-03-12,437,0,0,0,0,437,0,0
retained,40,carryover,2023-03-13,0,1632,0,437,437,0,1195,0
retained,40,carryover,2023-03-14,1656,1632,0,0,1632,24,0,0
retained,40,carryover,2023-03-15,384,1632,0,24,408,0,1224,0
retained,40,carryover,2023-03-16,1518,1632,0,0,1518,0,114,0
retained,40,carryover,2023-03-17,2400,1632,0,0,1632,768,0,0
retained,40,carryover,2023-03-18,0,0,0,768,0,768,0,1
retained,40,carryover,2023-03-19,0,0,0,768,0,768,0,2
retained,40,carryover,2023-03-20,0,1632,0,768,768,0,864,0
retained,40,carryover,2023-03-21,0,1632,0,0,0,0,1632,0
retained,40,carryover,2023-03-22,5911,1632,0,0,1632,4279,0,0
retained,40,carryover,2023-03-23,0,1632,0,4279,1632,2647,0,1
retained,40,carryover,2023-03-24,0,1632,0,2647,1632,1015,0,2
retained,40,carryover,2023-03-25,0,0,0,1015,0,1015,0,3
retained,40,carryover,2023-03-26,0,0,0,1015,0,1015,0,4
retained,40,carryover,2023-03-27,1277,1632,0,1015,1632,660,0,0
retained,40,carryover,2023-03-28,102,1632,0,660,762,0,870,0
retained,40,carryover,2023-03-29,3482,1632,0,0,1632,1850,0,0
retained,40,carryover,2023-03-30,0,1632,0,1850,1632,218,0,1
retained,40,carryover,2023-03-31,0,1632,0,218,218,0,1414,0
retained,40,carryover,2023-04-01,0,0,0,0,0,0,0,0
retained,40,carryover,2023-04-02,0,0,0,0,0,0,0,0
retained,40,carryover,2023-04-03,3072,1632,0,0,1632,1440,0,0
retained,40,carryover,2023-04-04,1432,1632,0,1440,1632,1240,0,0
retained,40,carryover,2023-04-05,808,1632,0,1240,1632,416,0,0
retained,40,carryover,2023-04-06,909,1632,0,416,1325,0,307,0
retained,40,carryover,2023-04-07,0,1632,0,0,0,0,1632,0
retained,40,carryover,2023-04-08,0,0,0,0,0,0,0,0
retained,40,carryover,2023-04-09,0,0,0,0,0,0,0,0
retained,40,carryover,2023-04-10,0,1632,0,0,0,0,1632,0
retained,40,carryover,2023-04-11,1284,1632,0,0,1284,0,348,0
retained,40,carryover,2023-04-12,0,1632,0,0,0,0,1632,0
retained,40,carryover,2023-04-13,3489,1632,0,0,1632,1857,0,0
retained,40,carryover,2023-04-14,0,1632,0,1857,1632,225,0,1
retained,40,carryover,2023-04-15,0,0,0,225,0,225,0,2
retained,40,carryover,2023-04-16,0,0,0,225,0,225,0,3
retained,40,carryover,2023-04-17,2661,1632,0,225,1632,1254,0,0
retained,40,carryover,2023-04-18,513,1632,0,1254,1632,135,0,0
retained,40,carryover,2023-04-19,1325,1632,0,135,1460,0,172,0
retained,40,carryover,2023-04-20,878,1632,0,0,878,0,754,0
retained,40,carryover,2023-04-21,497,1632,0,0,497,0,1135,0
retained,40,carryover,2023-04-22,0,0,0,0,0,0,0,0
retained,40,carryover,2023-04-23,0,0,0,0,0,0,0,0
retained,40,carryover,2023-04-24,1800,1632,0,0,1632,168,0,0
retained,40,carryover,2023-04-25,819,1632,0,168,987,0,645,0
retained,40,carryover,2023-04-26,1591,1632,0,0,1591,0,41,0
retained,40,carryover,2023-04-27,327,1632,0,0,327,0,1305,0
retained,40,carryover,2023-04-28,432,1632,0,0,432,0,1200,0
retained,40,carryover,2023-04-29,0,0,0,0,0,0,0,0
retained,40,carryover,2023-04-30,0,0,0,0,0,0,0,0
retained,40,carryover,2023-05-01,986,1632,0,0,986,0,646,0
retained,40,carryover,2023-05-02,1145,1632,0,0,1145,0,487,0
retained,40,carryover,2023-05-03,1466,1632,0,0,1466,0,166,0
retained,40,carryover,2023-05-04,2698,1632,0,0,1632,1066,0,0
retained,40,carryover,2023-05-05,930,1632,0,1066,1632,364,0,0
retained,40,carryover,2023-05-06,0,0,0,364,0,364,0,1
retained,40,carryover,2023-05-07,0,0,0,364,0,364,0,2
retained,40,carryover,2023-05-08,2298,1632,0,364,1632,1030,0,0
retained,40,carryover,2023-05-09,1881,1632,0,1030,1632,1279,0,0
retained,40,carryover,2023-05-10,0,1632,0,1279,1279,0,353,0
retained,40,carryover,2023-05-11,1986,1632,0,0,1632,354,0,0
retained,40,carryover,2023-05-12,744,1632,0,354,1098,0,534,0
retained,40,carryover,2023-05-13,0,0,0,0,0,0,0,0
retained,40,carryover,2023-05-14,0,0,0,0,0,0,0,0
retained,40,carryover,2023-05-15,1049,1632,0,0,1049,0,583,0
retained,40,carryover,2023-05-16,3822,1632,0,0,1632,2190,0,0
retained,40,carryover,2023-05-17,0,1632,0,2190,1632,558,0,1
retained,40,carryover,2023-05-18,1999,1632,0,558,1632,925,0,0
retained,40,carryover,2023-05-19,1526,1632,0,925,1632,819,0,0
retained,40,carryover,2023-05-20,0,0,0,819,0,819,0,1
retained,40,carryover,2023-05-21,0,0,0,819,0,819,0,2
retained,40,carryover,2023-05-22,0,1632,0,819,819,0,813,0
retained,40,carryover,2023-05-23,1866,1632,0,0,1632,234,0,0
retained,40,carryover,2023-05-24,0,1632,0,234,234,0,1398,0
retained,40,carryover,2023-05-25,1869,1632,0,0,1632,237,0,0
retained,40,carryover,2023-05-26,1358,1632,0,237,1595,0,37,0
retained,40,carryover,2023-05-27,0,0,0,0,0,0,0,0
retained,40,carryover,2023-05-28,0,0,0,0,0,0,0,0
retained,40,carryover,2023-05-29,1285,1632,0,0,1285,0,347,0
retained,40,carryover,2023-05-30,1585,1632,0,0,1585,0,47,0
retained,40,carryover,2023-05-31,1369,1632,0,0,1369,0,263,0
retained,40,carryover,2023-06-01,709,1632,0,0,709,0,923,0
retained,40,carryover,2023-06-02,117,1632,0,0,117,0,1515,0
retained,40,carryover,2023-06-03,0,0,0,0,0,0,0,0
retained,40,carryover,2023-06-04,0,0,0,0,0,0,0,0
retained,40,carryover,2023-06-05,1450,1632,0,0,1450,0,182,0
retained,40,carryover,2023-06-06,956,1632,0,0,956,0,676,0
retained,40,carryover,2023-06-07,3004,1632,0,0,1632,1372,0,0
retained,40,carryover,2023-06-08,122,1632,0,1372,1494,0,138,0
retained,40,carryover,2023-06-09,708,1632,0,0,708,0,924,0
retained,40,carryover,2023-06-10,0,0,0,0,0,0,0,0
retained,40,carryover,2023-06-11,0,0,0,0,0,0,0,0
retained,40,carryover,2023-06-12,1282,1632,0,0,1282,0,350,0
retained,40,carryover,2023-06-13,521,1632,0,0,521,0,1111,0
retained,40,carryover,2023-06-14,2095,1632,0,0,1632,463,0,0
retained,40,carryover,2023-06-15,478,1632,0,463,941,0,691,0
retained,40,carryover,2023-06-16,143,1632,0,0,143,0,1489,0
retained,40,carryover,2023-06-17,0,0,0,0,0,0,0,0
retained,40,carryover,2023-06-18,0,0,0,0,0,0,0,0
retained,40,carryover,2023-06-19,3416,1632,0,0,1632,1784,0,0
retained,40,carryover,2023-06-20,680,1632,0,1784,1632,832,0,1
retained,40,carryover,2023-06-21,536,1632,0,832,1368,0,264,0
retained,40,carryover,2023-06-22,517,1632,0,0,517,0,1115,0
retained,40,carryover,2023-06-23,0,1632,0,0,0,0,1632,0
retained,40,carryover,2023-06-24,0,0,0,0,0,0,0,0
retained,40,carryover,2023-06-25,0,0,0,0,0,0,0,0
retained,40,carryover,2023-06-26,2050,1632,0,0,1632,418,0,0
retained,40,carryover,2023-06-27,1895,1632,0,418,1632,681,0,0
retained,40,carryover,2023-06-28,636,1632,0,681,1317,0,315,0
retained,40,carryover,2023-06-29,186,1632,0,0,186,0,1446,0
retained,40,carryover,2023-06-30,1920,1632,0,0,1632,288,0,0
retained,40,carryover,2023-07-01,0,0,0,288,0,288,0,1
retained,40,carryover,2023-07-02,0,0,0,288,0,288,0,2
retained,40,carryover,2023-07-03,1355,1632,0,288,1632,11,0,0
retained,40,carryover,2023-07-04,1260,1632,0,11,1271,0,361,0
retained,40,carryover,2023-07-05,0,1632,0,0,0,0,1632,0
retained,40,carryover,2023-07-06,2395,1632,0,0,1632,763,0,0
retained,40,carryover,2023-07-07,180,1632,0,763,943,0,689,0
retained,40,carryover,2023-07-08,0,0,0,0,0,0,0,0
retained,40,carryover,2023-07-09,0,0,0,0,0,0,0,0
retained,40,carryover,2023-07-10,952,1632,0,0,952,0,680,0
retained,40,carryover,2023-07-11,1711,1632,0,0,1632,79,0,0
retained,40,carryover,2023-07-12,1009,1632,0,79,1088,0,544,0
retained,40,carryover,2023-07-13,550,1632,0,0,550,0,1082,0
retained,40,carryover,2023-07-14,0,1632,0,0,0,0,1632,0
retained,40,carryover,2023-07-15,0,0,0,0,0,0,0,0
retained,40,carryover,2023-07-16,0,0,0,0,0,0,0,0
retained,40,carryover,2023-07-17,1685,1632,0,0,1632,53,0,0
retained,40,carryover,2023-07-18,1697,1632,0,53,1632,118,0,0
retained,40,carryover,2023-07-19,992,1632,0,118,1110,0,522,0
retained,40,carryover,2023-07-20,339,1632,0,0,339,0,1293,0
retained,40,carryover,2023-07-21,0,1632,0,0,0,0,1632,0
retained,40,carryover,2023-07-22,0,0,0,0,0,0,0,0
retained,40,carryover,2023-07-23,0,0,0,0,0,0,0,0
retained,40,carryover,2023-07-24,1087,1632,0,0,1087,0,545,0
retained,40,carryover,2023-07-25,865,1632,0,0,865,0,767,0
retained,40,carryover,2023-07-26,469,1632,0,0,469,0,1163,0
retained,40,carryover,2023-07-27,586,1632,0,0,586,0,1046,0
retained,40,carryover,2023-07-28,668,1632,0,0,668,0,964,0
retained,40,carryover,2023-07-29,0,0,0,0,0,0,0,0
retained,40,carryover,2023-07-30,0,0,0,0,0,0,0,0
retained,40,carryover,2023-07-31,590,1632,0,0,590,0,1042,0
retained,40,carryover,2023-08-01,557,1632,0,0,557,0,1075,0
retained,40,carryover,2023-08-02,126,1632,0,0,126,0,1506,0
retained,40,carryover,2023-08-03,549,1632,0,0,549,0,1083,0
retained,40,carryover,2023-08-04,235,1632,0,0,235,0,1397,0
retained,40,carryover,2023-08-05,0,0,0,0,0,0,0,0
retained,40,carryover,2023-08-06,0,0,0,0,0,0,0,0
retained,40,carryover,2023-08-07,1728,1632,0,0,1632,96,0,0
retained,40,carryover,2023-08-08,625,1632,0,96,721,0,911,0
retained,40,carryover,2023-08-09,573,1632,0,0,573,0,1059,0
retained,40,carryover,2023-08-10,736,1632,0,0,736,0,896,0
retained,40,carryover,2023-08-11,0,1632,0,0,0,0,1632,0
retained,40,carryover,2023-08-12,0,0,0,0,0,0,0,0
retained,40,carryover,2023-08-13,1231,0,0,0,0,1231,0,0
retained,40,carryover,2023-08-14,0,1632,0,1231,1231,0,401,0
retained,40,carryover,2023-08-15,1238,1632,0,0,1238,0,394,0
retained,40,carryover,2023-08-16,899,1632,0,0,899,0,733,0
retained,40,carryover,2023-08-17,1202,1632,0,0,1202,0,430,0
retained,40,carryover,2023-08-18,12,1632,0,0,12,0,1620,0
retained,40,carryover,2023-08-19,0,0,0,0,0,0,0,0
retained,40,carryover,2023-08-20,0,0,0,0,0,0,0,0
retained,40,carryover,2023-08-21,18,1632,0,0,18,0,1614,0
retained,40,carryover,2023-08-22,4599,1632,0,0,1632,2967,0,0
retained,40,carryover,2023-08-23,150,1632,0,2967,1632,1485,0,1
retained,40,carryover,2023-08-24,2856,1632,0,1485,1632,2709,0,0
retained,40,carryover,2023-08-25,0,1632,0,2709,1632,1077,0,1
retained,40,carryover,2023-08-26,0,0,0,1077,0,1077,0,2
retained,40,carryover,2023-08-27,0,0,0,1077,0,1077,0,3
retained,40,carryover,2023-08-28,2483,1632,0,1077,1632,1928,0,0
retained,40,carryover,2023-08-29,615,1632,0,1928,1632,911,0,1
retained,40,carryover,2023-08-30,1178,1632,0,911,1632,457,0,0
retained,40,carryover,2023-08-31,1595,1632,0,457,1632,420,0,0
retained,40,carryover,2023-09-01,1147,1632,0,420,1567,0,65,0
retained,40,carryover,2023-09-02,0,0,0,0,0,0,0,0
retained,40,carryover,2023-09-03,0,0,0,0,0,0,0,0
retained,40,carryover,2023-09-04,0,1632,0,0,0,0,1632,0
retained,40,carryover,2023-09-05,1323,1632,0,0,1323,0,309,0
retained,40,carryover,2023-09-06,826,1632,0,0,826,0,806,0
retained,40,carryover,2023-09-07,802,1632,0,0,802,0,830,0
retained,40,carryover,2023-09-08,375,1632,0,0,375,0,1257,0
retained,40,carryover,2023-09-09,0,0,0,0,0,0,0,0
retained,40,carryover,2023-09-10,1920,0,0,0,0,1920,0,0
retained,40,carryover,2023-09-11,0,1632,0,1920,1632,288,0,1
retained,40,carryover,2023-09-12,2188,1632,0,288,1632,844,0,0
retained,40,carryover,2023-09-13,1403,1632,0,844,1632,615,0,0
retained,40,carryover,2023-09-14,0,1632,0,615,615,0,1017,0
retained,40,carryover,2023-09-15,0,1632,0,0,0,0,1632,0
retained,40,carryover,2023-09-16,0,0,0,0,0,0,0,0
retained,40,carryover,2023-09-17,1920,0,0,0,0,1920,0,0
retained,40,carryover,2023-09-18,32,1632,0,1920,1632,320,0,1
retained,40,carryover,2023-09-19,3603,1632,0,320,1632,2291,0,0
retained,40,carryover,2023-09-20,0,1632,0,2291,1632,659,0,1
retained,40,carryover,2023-09-21,2785,1632,0,659,1632,1812,0,0
retained,40,carryover,2023-09-22,0,1632,0,1812,1632,180,0,1
retained,40,carryover,2023-09-23,0,0,0,180,0,180,0,2
retained,40,carryover,2023-09-24,0,0,0,180,0,180,0,3
retained,40,carryover,2023-09-25,2379,1632,0,180,1632,927,0,0
retained,40,carryover,2023-09-26,131,1632,0,927,1058,0,574,0
retained,40,carryover,2023-09-27,0,1632,0,0,0,0,1632,0
retained,40,carryover,2023-09-28,0,1632,0,0,0,0,1632,0
retained,40,carryover,2023-09-29,108,1632,0,0,108,0,1524,0
retained,40,carryover,2023-09-30,0,0,0,0,0,0,0,0
retained,40,carryover,2023-10-01,0,0,0,0,0,0,0,0
retained,40,carryover,2023-10-02,5347,1632,0,0,1632,3715,0,0
retained,40,carryover,2023-10-03,136,1632,0,3715,1632,2219,0,1
retained,40,carryover,2023-10-04,60,1632,0,2219,1632,647,0,2
retained,40,carryover,2023-10-05,2341,1632,0,647,1632,1356,0,0
retained,40,carryover,2023-10-06,1451,1632,0,1356,1632,1175,0,0
retained,40,carryover,2023-10-07,0,0,0,1175,0,1175,0,1
retained,40,carryover,2023-10-08,0,0,0,1175,0,1175,0,2
retained,40,carryover,2023-10-09,0,1632,0,1175,1175,0,457,0
retained,40,carryover,2023-10-10,3,1632,0,0,3,0,1629,0
retained,40,carryover,2023-10-11,319,1632,0,0,319,0,1313,0
retained,40,carryover,2023-10-12,1938,1632,0,0,1632,306,0,0
retained,40,carryover,2023-10-13,1900,1632,0,306,1632,574,0,0
retained,40,carryover,2023-10-14,0,0,0,574,0,574,0,1
retained,40,carryover,2023-10-15,0,0,0,574,0,574,0,2
retained,40,carryover,2023-10-16,1273,1632,0,574,1632,215,0,0
retained,40,carryover,2023-10-17,720,1632,0,215,935,0,697,0
retained,40,carryover,2023-10-18,815,1632,0,0,815,0,817,0
retained,40,carryover,2023-10-19,531,1632,0,0,531,0,1101,0
retained,40,carryover,2023-10-20,0,1632,0,0,0,0,1632,0
retained,40,carryover,2023-10-21,0,0,0,0,0,0,0,0
retained,40,carryover,2023-10-22,0,0,0,0,0,0,0,0
retained,40,carryover,2023-10-23,0,1632,0,0,0,0,1632,0
retained,40,carryover,2023-10-24,0,1632,0,0,0,0,1632,0
retained,40,carryover,2023-10-25,0,1632,0,0,0,0,1632,0
retained,40,carryover,2023-10-26,0,1632,0,0,0,0,1632,0
retained,40,carryover,2023-10-27,0,1632,0,0,0,0,1632,0
retained,40,carryover,2023-10-28,0,0,0,0,0,0,0,0
retained,40,carryover,2023-10-29,0,0,0,0,0,0,0,0
retained,40,carryover,2023-10-30,0,1632,0,0,0,0,1632,0
retained,40,carryover,2023-10-31,0,1632,0,0,0,0,1632,0
retained,40,carryover,2023-11-01,0,1632,0,0,0,0,1632,0
retained,40,carryover,2023-11-02,0,1632,0,0,0,0,1632,0
retained,40,overtime,2023-01-05,2254,2040,12,0,2040,214,0,0
retained,40,overtime,2023-01-06,1556,2040,12,214,1770,0,270,0
retained,40,overtime,2023-01-07,0,0,0,0,0,0,0,0
retained,40,overtime,2023-01-08,0,0,0,0,0,0,0,0
retained,40,overtime,2023-01-09,1374,1632,0,0,1374,0,258,0
retained,40,overtime,2023-01-10,1551,1632,0,0,1551,0,81,0
retained,40,overtime,2023-01-11,807,1632,0,0,807,0,825,0
retained,40,overtime,2023-01-12,1897,2040,12,0,1897,0,143,0
retained,40,overtime,2023-01-13,660,1632,0,0,660,0,972,0
retained,40,overtime,2023-01-14,0,0,0,0,0,0,0,0
retained,40,overtime,2023-01-15,0,0,0,0,0,0,0,0
retained,40,overtime,2023-01-16,885,1632,0,0,885,0,747,0
retained,40,overtime,2023-01-17,997,1632,0,0,997,0,635,0
retained,40,overtime,2023-01-18,1909,2040,12,0,1909,0,131,0
retained,40,overtime,2023-01-19,250,1632,0,0,250,0,1382,0
retained,40,overtime,2023-01-20,321,1632,0,0,321,0,1311,0
retained,40,overtime,2023-01-21,0,0,0,0,0,0,0,0
retained,40,overtime,2023-01-22,0,0,0,0,0,0,0,0
retained,40,overtime,2023-01-23,856,1632,0,0,856,0,776,0
retained,40,overtime,2023-01-24,563,1632,0,0,563,0,1069,0
retained,40,overtime,2023-01-25,2819,2040,12,0,2040,779,0,0
retained,40,overtime,2023-01-26,871,2040,12,779,1650,0,390,0
retained,40,overtime,2023-01-27,731,1632,0,0,731,0,901,0
retained,40,overtime,2023-01-28,0,0,0,0,0,0,0,0
retained,40,overtime,2023-01-29,0,0,0,0,0,0,0,0
retained,40,overtime,2023-01-30,1083,1632,0,0,1083,0,549,0
retained,40,overtime,2023-01-31,1023,1632,0,0,1023,0,609,0
retained,40,overtime,2023-02-01,278,1632,0,0,278,0,1354,0
retained,40,overtime,2023-02-02,1293,1632,0,0,1293,0,339,0
retained,40,overtime,2023-02-03,662,1632,0,0,662,0,970,0
retained,40,overtime,2023-02-04,0,0,0,0,0,0,0,0
retained,40,overtime,2023-02-05,0,0,0,0,0,0,0,0
retained,40,overtime,2023-02-06,1526,1632,0,0,1526,0,106,0
retained,40,overtime,2023-02-07,854,1632,0,0,854,0,778,0
retained,40,overtime,2023-02-08,975,1632,0,0,975,0,657,0
retained,40,overtime,2023-02-09,1707,2040,12,0,1707,0,333,0
retained,40,overtime,2023-02-10,462,1632,0,0,462,0,1170,0
retained,40,overtime,2023-02-11,0,0,0,0,0,0,0,0
retained,40,overtime,2023-02-12,0,0,0,0,0,0,0,0
retained,40,overtime,2023-02-13,1306,1632,0,0,1306,0,326,0
retained,40,overtime,2023-02-14,638,1632,0,0,638,0,994,0
retained,40,overtime,2023-02-15,384,1632,0,0,384,0,1248,0
retained,40,overtime,2023-02-16,2383,2040,12,0,2040,343,0,0
retained,40,overtime,2023-02-17,0,1632,0,343,343,0,1289,0
retained,40,overtime,2023-02-18,0,0,0,0,0,0,0,0
retained,40,overtime,2023-02-19,1920,0,0,0,0,1920,0,0
retained,40,overtime,2023-02-20,0,2040,12,1920,1920,0,120,0
retained,40,overtime,2023-02-21,1943,2040,12,0,1943,0,97,0
retained,40,overtime,2023-02-22,1414,1632,0,0,1414,0,218,0
retained,40,overtime,2023-02-23,1907,2040,12,0,1907,0,133,0
retained,40,overtime,2023-02-24,1163,1632,0,0,1163,0,469,0
retained,40,overtime,2023-02-25,0,0,0,0,0,0,0,0
retained,40,overtime,2023-02-26,0,0,0,0,0,0,0,0
retained,40,overtime,2023-02-27,1496,1632,0,0,1496,0,136,0
retained,40,overtime,2023-02-28,1134,1632,0,0,1134,0,498,0
retained,40,overtime,2023-03-01,227,1632,0,0,227,0,1405,0
retained,40,overtime,2023-03-02,2495,2040,12,0,2040,455,0,0
retained,40,overtime,2023-03-03,709,1632,0,455,1164,0,468,0
retained,40,overtime,2023-03-04,0,0,0,0,0,0,0,0
retained,40,overtime,2023-03-05,0,0,0,0,0,0,0,0
retained,40,overtime,2023-03-06,1586,1632,0,0,1586,0,46,0
retained,40,overtime,2023-03-07,479,1632,0,0,479,0,1153,0
retained,40,overtime,2023-03-08,1729,2040,12,0,1729,0,311,0
retained,40,overtime,2023-03-09,1078,1632,0,0,1078,0,554,0
retained,40,overtime,2023-03-10,382,1632,0,0,382,0,1250,0
retained,40,overtime,2023-03-11,0,0,0,0,0,0,0,0
retained,40,overtime,2023-03-12,437,0,0,0,0,437,0,0
retained,40,overtime,2023-03-13,0,1632,0,437,437,0,1195,0
retained,40,overtime,2023-03-14,1656,2040,12,0,1656,0,384,0
retained,40,overtime,2023-03-15,384,1632,0,0,384,0,1248,0
retained,40,overtime,2023-03-16,1518,1632,0,0,1518,0,114,0
retained,40,overtime,2023-03-17,2400,2040,12,0,2040,360,0,0
retained,40,overtime,2023-03-18,0,0,0,360,0,360,0,1
retained,40,overtime,2023-03-19,0,0,0,360,0,360,0,2
retained,40,overtime,2023-03-20,0,1632,0,360,360,0,1272,0
retained,40,overtime,2023-03-21,0,1632,0,0,0,0,1632,0
retained,40,overtime,2023-03-22,5911,2040,12,0,2040,3871,0,0
retained,40,overtime,2023-03-23,0,2040,12,3871,2040,1831,0,1
retained,40,overtime,2023-03-24,0,2040,12,1831,1831,0,209,0
retained,40,overtime,2023-03-25,0,0,0,0,0,0,0,0
retained,40,overtime,2023-03-26,0,0,0,0,0,0,0,0
retained,40,overtime,2023-03-27,1277,1632,0,0,1277,0,355,0
retained,40,overtime,2023-03-28,102,1632,0,0,102,0,1530,0
retained,40,overtime,2023-03-29,3482,2040,12,0,2040,1442,0,0
retained,40,overtime,2023-03-30,0,1632,0,1442,1442,0,190,0
retained,40,overtime,2023-03-31,0,1632,0,0,0,0,1632,0
retained,40,overtime,2023-04-01,0,0,0,0,0,0,0,0
retained,40,overtime,2023-04-02,0,0,0,0,0,0,0,0
retained,40,overtime,2023-04-03,3072,2040,12,0,2040,1032,0,0
retained,40,overtime,2023-04-04,1432,2040,12,1032,2040,424,0,0
retained,40,overtime,2023-04-05,808,1632,0,424,1232,0,400,0
retained,40,overtime,2023-04-06,909,1632,0,0,909,0,723,0
retained,40,overtime,2023-04-07,0,1632,0,0,0,0,1632,0
retained,40,overtime,2023-04-08,0,0,0,0,0,0,0,0
retained,40,overtime,2023-04-09,0,0,0,0,0,0,0,0
retained,40,overtime,2023-04-10,0,1632,0,0,0,0,1632,0
retained,40,overtime,2023-04-11,1284,1632,0,0,1284,0,348,0
retained,40,overtime,2023-04-12,0,1632,0,0,0,0,1632,0
retained,40,overtime,2023-04-13,3489,2040,12,0,2040,1449,0,0
retained,40,overtime,2023-04-14,0,1632,0,1449,1449,0,183,0
retained,40,overtime,2023-04-15,0,0,0,0,0,0,0,0
retained,40,overtime,2023-04-16,0,0,0,0,0,0,0,0
retained,40,overtime,2023-04-17,2661,2040,12,0,2040,621,0,0
retained,40,overtime,2023-04-18,513,1632,0,621,1134,0,498,0
retained,40,overtime,2023-04-19,1325,1632,0,0,1325,0,307,0
retained,40,overtime,2023-04-20,878,1632,0,0,878,0,754,0
retained,40,overtime,2023-04-21,497,1632,0,0,497,0,1135,0
retained,40,overtime,2023-04-22,0,0,0,0,0,0,0,0
retained,40,overtime,2023-04-23,0,0,0,0,0,0,0,0
retained,40,overtime,2023-04-24,1800,2040,12,0,1800,0,240,0
retained,40,overtime,2023-04-25,819,1632,0,0,819,0,813,0
retained,40,overtime,2023-04-26,1591,1632,0,0,1591,0,41,0
retained,40,overtime,2023-04-27,327,1632,0,0,327,0,1305,0
retained,40,overtime,2023-04-28,432,1632,0,0,432,0,1200,0
retained,40,overtime,2023-04-29,0,0,0,0,0,0,0,0
retained,40,overtime,2023-04-30,0,0,0,0,0,0,0,0
retained,40,overtime,2023-05-01,986,1632,0,0,986,0,646,0
retained,40,overtime,2023-05-02,1145,1632,0,0,1145,0,487,0
retained,40,overtime,2023-05-03,1466,1632,0,0,1466,0,166,0
retained,40,overtime,2023-05-04,2698,2040,12,0,2040,658,0,0
retained,40,overtime,2023-05-05,930,1632,0,658,1588,0,44,0
retained,40,overtime,2023-05-06,0,0,0,0,0,0,0,0
retained,40,overtime,2023-05-07,0,0,0,0,0,0,0,0
retained,40,overtime,2023-05-08,2298,2040,12,0,2040,258,0,0
retained,40,overtime,2023-05-09,1881,2040,12,258,2040,99,0,0
retained,40,overtime,2023-05-10,0,1632,0,99,99,0,1533,0
retained,40,overtime,2023-05-11,1986,2040,12,0,1986,0,54,0
retained,40,overtime,2023-05-12,744,1632,0,0,744,0,888,0
retained,40,overtime,2023-05-13,0,0,0,0,0,0,0,0
retained,40,overtime,2023-05-14,0,0,0,0,0,0,0,0
retained,40,overtime,2023-05-15,1049,1632,0,0,1049,0,583,0
retained,40,overtime,2023-05-16,3822,2040,12,0,2040,1782,0,0
retained,40,overtime,2023-05-17,0,2040,12,1782,1782,0,258,0
retained,40,overtime,2023-05-18,1999,2040,12,0,1999,0,41,0
retained,40,overtime,2023-05-19,1526,1632,0,0,1526,0,106,0
retained,40,overtime,2023-05-20,0,0,0,0,0,0,0,0
retained,40,overtime,2023-05-21,0,0,0,0,0,0,0,0
retained,40,overtime,2023-05-22,0,1632,0,0,0,0,1632,0
retained,40,overtime,2023-05-23,1866,2040,12,0,1866,0,174,0
retained,40,overtime,2023-05-24,0,1632,0,0,0,0,1632,0
retained,40,overtime,2023-05-25,1869,2040,12,0,1869,0,171,0
retained,40,overtime,2023-05-26,1358,1632,0,0,1358,0,274,0
retained,40,overtime,2023-05-27,0,0,0,0,0,0,0,0
retained,40,overtime,2023-05-28,0,0,0,0,0,0,0,0
retained,40,overtime,2023-05-29,1285,1632,0,0,1285,0,347,0
retained,40,overtime,2023-05-30,1585,1632,0,0,1585,0,47,0
retained,40,overtime,2023-05-31,1369,1632,0,0,1369,0,263,0
retained,40,overtime,2023-06-01,709,1632,0,0,709,0,923,0
retained,40,overtime,2023-06-02,117,1632,0,0,117,0,1515,0
retained,40,overtime,2023-06-03,0,0,0,0,0,0,0,0
retained,40,overtime,2023-06-04,0,0,0,0,0,0,0,0
retained,40,overtime,2023-06-05,1450,1632,0,0,1450,0,182,0
retained,40,overtime,2023-06-06,956,1632,0,0,956,0,676,0
retained,40,overtime,2023-06-07,3004,2040,12,0,2040,964,0,0
retained,40,overtime,2023-06-08,122,1632,0,964,1086,0,546,0
retained,40,overtime,2023-06-09,708,1632,0,0,708,0,924,0
retained,40,overtime,2023-06-10,0,0,0,0,0,0,0,0
retained,40,overtime,2023-06-11,0,0,0,0,0,0,0,0
retained,40,overtime,2023-06-12,1282,1632,0,0,1282,0,350,0
retained,40,overtime,2023-06-13,521,1632,0,0,521,0,1111,0
retained,40,overtime,2023-06-14,2095,2040,12,0,2040,55,0,0
retained,40,overtime,2023-06-15,478,1632,0,55,533,0,1099,0
retained,40,overtime,2023-06-16,143,1632,0,0,143,0,1489,0
retained,40,overtime,2023-06-17,0,0,0,0,0,0,0,0
retained,40,overtime,2023-06-18,0,0,0,0,0,0,0,0
retained,40,overtime,2023-06-19,3416,2040,12,0,2040,1376,0,0
retained,40,overtime,2023-06-20,680,2040,12,1376,2040,16,0,0
retained,40,overtime,2023-06-21,536,1632,0,16,552,0,1080,0
retained,40,overtime,2023-06-22,517,1632,0,0,517,0,1115,0
retained,40,overtime,2023-06-23,0,1632,0,0,0,0,1632,0
retained,40,overtime,2023-06-24,0,0,0,0,0,0,0,0
retained,40,overtime,2023-06-25,0,0,0,0,0,0,0,0
retained,40,overtime,2023-06-26,2050,2040,12,0,2040,10,0,0
retained,40,overtime,2023-06-27,1895,2040,12,10,1905,0,135,0
retained,40,overtime,2023-06-28,636,1632,0,0,636,0,996,0
retained,40,overtime,2023-06-29,186,1632,0,0,186,0,1446,0
retained,40,overtime,2023-06-30,1920,2040,12,0,1920,0,120,0
retained,40,overtime,2023-07-01,0,0,0,0,0,0,0,0
retained,40,overtime,2023-07-02,0,0,0,0,0,0,0,0
retained,40,overtime,2023-07-03,1355,1632,0,0,1355,0,277,0
retained,40,overtime,2023-07-04,1260,1632,0,0,1260,0,372,0
retained,40,overtime,2023-07-05,0,1632,0,0,0,0,1632,0
retained,40,overtime,2023-07-06,2395,2040,12,0,2040,355,0,0
retained,40,overtime,2023-07-07,180,1632,0,355,535,0,1097,0
retained,40,overtime,2023-07-08,0,0,0,0,0,0,0,0
retained,40,overtime,2023-07-09,0,0,0,0,0,0,0,0
retained,40,overtime,2023-07-10,952,1632,0,0,952,0,680,0
retained,40,overtime,2023-07-11,1711,2040,12,0,1711,0,329,0
retained,40,overtime,2023-07-12,1009,1632,0,0,1009,0,623,0
retained,40,overtime,2023-07-13,550,1632,0,0,550,0,1082,0
retained,40,overtime,2023-07-14,0,1632,0,0,0,0,1632,0
retained,40,overtime,2023-07-15,0,0,0,0,0,0,0,0
retained,40,overtime,2023-07-16,0,0,0,0,0,0,0,0
retained,40,overtime,2023-07-17,1685,2040,12,0,1685,0,355,0
retained,40,overtime,2023-07-18,1697,2040,12,0,1697,0,343,0
retained,40,overtime,2023-07-19,992,1632,0,0,992,0,640,0
retained,40,overtime,2023-07-20,339,1632,0,0,339,0,1293,0
retained,40,overtime,2023-07-21,0,1632,0,0,0,0,1632,0
retained,40,overtime,2023-07-22,0,0,0,0,0,0,0,0
retained,40,overtime,2023-07-23,0,0,0,0,0,0,0,0
retained,40,overtime,2023-07-24,1087,1632,0,0,1087,0,545,0
retained,40,overtime,2023-07-25,865,1632,0,0,865,0,767,0
retained,40,overtime,2023-07-26,469,1632,0,0,469,0,1163,0
retained,40,overtime,2023-07-27,586,1632,0,0,586,0,1046,0
retained,40,overtime,2023-07-28,668,1632,0,0,668,0,964,0
retained,40,overtime,2023-07-29,0,0,0,0,0,0,0,0
retained,40,overtime,2023-07-30,0,0,0,0,0,0,0,0
retained,40,overtime,2023-07-31,590,1632,0,0,590,0,1042,0
retained,40,overtime,2023-08-01,557,1632,0,0,557,0,1075,0
retained,40,overtime,2023-08-02,126,1632,0,0,126,0,1506,0
retained,40,overtime,2023-08-03,549,1632,0,0,549,0,1083,0
retained,40,overtime,2023-08-04,235,1632,0,0,235,0,1397,0
retained,40,overtime,2023-08-05,0,0,0,0,0,0,0,0
retained,40,overtime,2023-08-06,0,0,0,0,0,0,0,0
retained,40,overtime,2023-08-07,1728,2040,12,0,1728,0,312,0
retained,40,overtime,2023-08-08,625,1632,0,0,625,0,1007,0
retained,40,overtime,2023-08-09,573,1632,0,0,573,0,1059,0
retained,40,overtime,2023-08-10,736,1632,0,0,736,0,896,0
retained,40,overtime,2023-08-11,0,1632,0,0,0,0,1632,0
retained,40,overtime,2023-08-12,0,0,0,0,0,0,0,0
retained,40,overtime,2023-08-13,1231,0,0,0,0,1231,0,0
retained,40,overtime,2023-08-14,0,1632,0,1231,1231,0,401,0
retained,40,overtime,2023-08-15,1238,1632,0,0,1238,0,394,0
retained,40,overtime,2023-08-16,899,1632,0,0,899,0,733,0
retained,40,overtime,2023-08-17,1202,1632,0,0,1202,0,430,0
retained,40,overtime,2023-08-18,12,1632,0,0,12,0,1620,0
retained,40,overtime,2023-08-19,0,0,0,0,0,0,0,0
retained,40,overtime,2023-08-20,0,0,0,0,0,0,0,0
retained,40,overtime,2023-08-21,18,1632,0,0,18,0,1614,0
retained,40,overtime,2023-08-22,4599,2040,12,0,2040,2559,0,0
retained,40,overtime,2023-08-23,150,2040,12,2559,2040,669,0,1
retained,40,overtime,2023-08-24,2856,2040,12,669,2040,1485,0,0
retained,40,overtime,2023-08-25,0,1632,0,1485,1485,0,147,0
retained,40,overtime,2023-08-26,0,0,0,0,0,0,0,0
retained,40,overtime,2023-08-27,0,0,0,0,0,0,0,0
retained,40,overtime,2023-08-28,2483,2040,12,0,2040,443,0,0
retained,40,overtime,2023-08-29,615,1632,0,443,1058,0,574,0
retained,40,overtime,2023-08-30,1178,1632,0,0,1178,0,454,0
retained,40,overtime,2023-08-31,1595,1632,0,0,1595,0,37,0
retained,40,overtime,2023-09-01,1147,1632,0,0,1147,0,485,0
retained,40,overtime,2023-09-02,0,0,0,0,0,0,0,0
retained,40,overtime,2023-09-03,0,0,0,0,0,0,0,0
retained,40,overtime,2023-09-04,0,1632,0,0,0,0,1632,0
retained,40,overtime,2023-09-05,1323,1632,0,0,1323,0,309,0
retained,40,overtime,2023-09-06,826,1632,0,0,826,0,806,0
retained,40,overtime,2023-09-07,802,1632,0,0,802,0,830,0
retained,40,overtime,2023-09-08,375,1632,0,0,375,0,1257,0
retained,40,overtime,2023-09-09,0,0,0,0,0,0,0,0
retained,40,overtime,2023-09-10,1920,0,0,0,0,1920,0,0
retained,40,overtime,2023-09-11,0,2040,12,1920,1920,0,120,0
retained,40,overtime,2023-09-12,2188,2040,12,0,2040,148,0,0
retained,40,overtime,2023-09-13,1403,1632,0,148,1551,0,81,0
retained,40,overtime,2023-09-14,0,1632,0,0,0,0,1632,0
retained,40,overtime,2023-09-15,0,1632,0,0,0,0,1632,0
retained,40,overtime,2023-09-16,0,0,0,0,0,0,0,0
retained,40,overtime,2023-09-17,1920,0,0,0,0,1920,0,0
retained,40,overtime,2023-09-18,32,2040,12,1920,1952,0,88,0
retained,40,overtime,2023-09-19,3603,2040,12,0,2040,1563,0,0
retained,40,overtime,2023-09-20,0,1632,0,1563,1563,0,69,0
retained,40,overtime,2023-09-21,2785,2040,12,0,2040,745,0,0
retained,40,overtime,2023-09-22,0,1632,0,745,745,0,887,0
retained,40,overtime,2023-09-23,0,0,0,0,0,0,0,0
retained,40,overtime,2023-09-24,0,0,0,0,0,0,0,0
retained,40,overtime,2023-09-25,2379,2040,12,0,2040,339,0,0
retained,40,overtime,2023-09-26,131,1632,0,339,470,0,1162,0
retained,40,overtime,2023-09-27,0,1632,0,0,0,0,1632,0
retained,40,overtime,2023-09-28,0,1632,0,0,0,0,1632,0
retained,40,overtime,2023-09-29,108,1632,0,0,108,0,1524,0
retained,40,overtime,2023-09-30,0,0,0,0,0,0,0,0
retained,40,overtime,2023-10-01,0,0,0,0,0,0,0,0
retained,40,overtime,2023-10-02,5347,2040,12,0,2040,3307,0,0
retained,40,overtime,2023-10-03,136,2040,12,3307,2040,1403,0,1
retained,40,overtime,2023-10-04,60,1632,0,1403,1463,0,169,0
retained,40,overtime,2023-10-05,2341,2040,12,0,2040,301,0,0
retained,40,overtime,2023-10-06,1451,2040,12,301,1752,0,288,0
retained,40,overtime,2023-10-07,0,0,0,0,0,0,0,0
retained,40,overtime,2023-10-08,0,0,0,0,0,0,0,0
retained,40,overtime,2023-10-09,0,1632,0,0,0,0,1632,0
retained,40,overtime,2023-10-10,3,1632,0,0,3,0,1629,0
retained,40,overtime,2023-10-11,319,1632,0,0,319,0,1313,0
retained,40,overtime,2023-10-12,1938,2040,12,0,1938,0,102,0
retained,40,overtime,2023-10-13,1900,2040,12,0,1900,0,140,0
retained,40,overtime,2023-10-14,0,0,0,0,0,0,0,0
retained,40,overtime,2023-10-15,0,0,0,0,0,0,0,0
retained,40,overtime,2023-10-16,1273,1632,0,0,1273,0,359,0
retained,40,overtime,2023-10-17,720,1632,0,0,720,0,912,0
retained,40,overtime,2023-10-18,815,1632,0,0,815,0,817,0
retained,40,overtime,2023-10-19,531,1632,0,0,531,0,1101,0
retained,40,overtime,2023-10-20,0,1632,0,0,0,0,1632,0
retained,40,overtime,2023-10-21,0,0,0,0,0,0,0,0
retained,40,overtime,2023-10-22,0,0,0,0,0,0,0,0
retained,40,overtime,2023-10-23,0,1632,0,0,0,0,1632,0
retained,40,overtime,2023-10-24,0,1632,0,0,0,0,1632,0
retained,40,overtime,2023-10-25,0,1632,0,0,0,0,1632,0
retained,40,overtime,2023-10-26,0,1632,0,0,0,0,1632,0
retained,40,overtime,2023-10-27,0,1632,0,0,0,0,1632,0
retained,40,overtime,2023-10-28,0,0,0,0,0,0,0,0
retained,40,overtime,2023-10-29,0,0,0,0,0,0,0,0
retained,40,overtime,2023-10-30,0,1632,0,0,0,0,1632,0
retained,40,overtime,2023-10-31,0,1632,0,0,0,0,1632,0
retained,40,overtime,2023-11-01,0,1632,0,0,0,0,1632,0
retained,40,overtime,2023-11-02,0,1632,0,0,0,0,1632,0
retained,40,temporary,2023-01-05,2254,1632,0,0,1632,622,0,0
retained,40,temporary,2023-01-06,1556,1632,0,622,1632,546,0,0
retained,40,temporary,2023-01-07,0,0,0,546,0,546,0,1
retained,40,temporary,2023-01-08,0,0,0,546,0,546,0,2
retained,40,temporary,2023-01-09,1374,1632,0,546,1632,288,0,0
retained,40,temporary,2023-01-10,1551,1632,0,288,1632,207,0,0
retained,40,temporary,2023-01-11,807,1632,0,207,1014,0,618,0
retained,40,temporary,2023-01-12,1897,1632,0,0,1632,265,0,0
retained,40,temporary,2023-01-13,660,1632,0,265,925,0,707,0
retained,40,temporary,2023-01-14,0,0,0,0,0,0,0,0
retained,40,temporary,2023-01-15,0,0,0,0,0,0,0,0
retained,40,temporary,2023-01-16,885,1632,0,0,885,0,747,0
retained,40,temporary,2023-01-17,997,1632,0,0,997,0,635,0
retained,40,temporary,2023-01-18,1909,1632,0,0,1632,277,0,0
retained,40,temporary,2023-01-19,250,1632,0,277,527,0,1105,0
retained,40,temporary,2023-01-20,321,1632,0,0,321,0,1311,0
retained,40,temporary,2023-01-21,0,0,0,0,0,0,0,0
retained,40,temporary,2023-01-22,0,0,0,0,0,0,0,0
retained,40,temporary,2023-01-23,856,1632,0,0,856,0,776,0
retained,40,temporary,2023-01-24,563,1632,0,0,563,0,1069,0
retained,40,temporary,2023-01-25,2819,1632,0,0,1632,1187,0,0
retained,40,temporary,2023-01-26,871,1632,0,1187,1632,426,0,0
retained,40,temporary,2023-01-27,731,1632,0,426,1157,0,475,0
retained,40,temporary,2023-01-28,0,0,0,0,0,0,0,0
retained,40,temporary,2023-01-29,0,0,0,0,0,0,0,0
retained,40,temporary,2023-01-30,1083,1632,0,0,1083,0,549,0
retained,40,temporary,2023-01-31,1023,1632,0,0,1023,0,609,0
retained,40,temporary,2023-02-01,278,1632,0,0,278,0,1354,0
retained,40,temporary,2023-02-02,1293,1632,0,0,1293,0,339,0
retained,40,temporary,2023-02-03,662,1632,0,0,662,0,970,0
retained,40,temporary,2023-02-04,0,0,0,0,0,0,0,0
retained,40,temporary,2023-02-05,0,0,0,0,0,0,0,0
retained,40,temporary,2023-02-06,1526,1632,0,0,1526,0,106,0
retained,40,temporary,2023-02-07,854,1632,0,0,854,0,778,0
retained,40,temporary,2023-02-08,975,1632,0,0,975,0,657,0
retained,40,temporary,2023-02-09,1707,1632,0,0,1632,75,0,0
retained,40,temporary,2023-02-10,462,1632,0,75,537,0,1095,0
retained,40,temporary,2023-02-11,0,0,0,0,0,0,0,0
retained,40,temporary,2023-02-12,0,0,0,0,0,0,0,0
retained,40,temporary,2023-02-13,1306,1632,0,0,1306,0,326,0
retained,40,temporary,2023-02-14,638,1632,0,0,638,0,994,0
retained,40,temporary,2023-02-15,384,1632,0,0,384,0,1248,0
retained,40,temporary,2023-02-16,2383,1632,0,0,1632,751,0,0
retained,40,temporary,2023-02-17,0,1632,0,751,751,0,881,0
retained,40,temporary,2023-02-18,0,0,0,0,0,0,0,0
retained,40,temporary,2023-02-19,1920,0,0,0,0,1920,0,0
retained,40,temporary,2023-02-20,0,2067,16,1920,1920,0,147,0
retained,40,temporary,2023-02-21,1943,1632,0,0,1632,311,0,0
retained,40,temporary,2023-02-22,1414,1632,0,311,1632,93,0,0
retained,40,temporary,2023-02-23,1907,1632,0,93,1632,368,0,0
retained,40,temporary,2023-02-24,1163,1632,0,368,1531,0,101,0
retained,40,temporary,2023-02-25,0,0,0,0,0,0,0,0
retained,40,temporary,2023-02-26,0,0,0,0,0,0,0,0
retained,40,temporary,2023-02-27,1496,1632,0,0,1496,0,136,0
retained,40,temporary,2023-02-28,1134,1632,0,0,1134,0,498,0
retained,40,temporary,2023-03-01,227,1632,0,0,227,0,1405,0
retained,40,temporary,2023-03-02,2495,1632,0,0,1632,863,0,0
retained,40,temporary,2023-03-03,709,1632,0,863,1572,0,60,0
retained,40,temporary,2023-03-04,0,0,0,0,0,0,0,0
retained,40,temporary,2023-03-05,0,0,0,0,0,0,0,0
retained,40,temporary,2023-03-06,1586,1632,0,0,1586,0,46,0
retained,40,temporary,2023-03-07,479,1632,0,0,479,0,1153,0
retained,40,temporary,2023-03-08,1729,1632,0,0,1632,97,0,0
retained,40,temporary,2023-03-09,1078,1632,0,97,1175,0,457,0
retained,40,temporary,2023-03-10,382,1632,0,0,382,0,1250,0
retained,40,temporary,2023-03-11,0,0,0,0,0,0,0,0
retained,40,temporary,2023-03-12,437,0,0,0,0,437,0,0
retained,40,temporary,2023-03-13,0,1632,0,437,437,0,1195,0
retained,40,temporary,2023-03-14,1656,1632,0,0,1632,24,0,0
retained,40,temporary,2023-03-15,384,1632,0,24,408,0,1224,0
retained,40,temporary,2023-03-16,1518,1632,0,0,1518,0,114,0
retained,40,temporary,2023-03-17,2400,1632,0,0,1632,768,0,0
retained,40,temporary,2023-03-18,0,0,0,768,0,768,0,1
retained,40,temporary,2023-03-19,0,0,0,768,0,768,0,2
retained,40,temporary,2023-03-20,0,1632,0,768,768,0,864,0
retained,40,temporary,2023-03-21,0,1632,0,0,0,0,1632,0
retained,40,temporary,2023-03-22,5911,1632,0,0,1632,4279,0,0
retained,40,temporary,2023-03-23,0,2067,16,4279,2067,2212,0,1
retained,40,temporary,2023-03-24,0,2067,16,2212,2067,145,0,2
retained,40,temporary,2023-03-25,0,0,0,145,0,145,0,3
retained,40,temporary,2023-03-26,0,0,0,145,0,145,0,4
retained,40,temporary,2023-03-27,1277,1632,0,145,1422,0,210,0
retained,40,temporary,2023-03-28,102,1632,0,0,102,0,1530,0
retained,40,temporary,2023-03-29,3482,1632,0,0,1632,1850,0,0
retained,40,temporary,2023-03-30,0,2067,16,1850,1850,0,217,0
retained,40,temporary,2023-03-31,0,1632,0,0,0,0,1632,0
retained,40,temporary,2023-04-01,0,0,0,0,0,0,0,0
retained,40,temporary,2023-04-02,0,0,0,0,0,0,0,0
retained,40,temporary,2023-04-03,3072,1632,0,0,1632,1440,0,0
retained,40,temporary,2023-04-04,1432,1632,0,1440,1632,1240,0,0
retained,40,temporary,2023-04-05,808,1632,0,1240,1632,416,0,0
retained,40,temporary,2023-04-06,909,1632,0,416,1325,0,307,0
retained,40,temporary,2023-04-07,0,1632,0,0,0,0,1632,0
retained,40,temporary,2023-04-08,0,0,0,0,0,0,0,0
retained,40,temporary,2023-04-09,0,0,0,0,0,0,0,0
retained,40,temporary,2023-04-10,0,1632,0,0,0,0,1632,0
retained,40,temporary,2023-04-11,1284,1632,0,0,1284,0,348,0
retained,40,temporary,2023-04-12,0,1632,0,0,0,0,1632,0
retained,40,temporary,2023-04-13,3489,1632,0,0,1632,1857,0,0
retained,40,temporary,2023-04-14,0,2067,16,1857,1857,0,210,0
retained,40,temporary,2023-04-15,0,0,0,0,0,0,0,0
retained,40,temporary,2023-04-16,0,0,0,0,0,0,0,0
retained,40,temporary,2023-04-17,2661,1632,0,0,1632,1029,0,0
retained,40,temporary,2023-04-18,513,1632,0,1029,1542,0,90,0
retained,40,temporary,2023-04-19,1325,1632,0,0,1325,0,307,0
retained,40,temporary,2023-04-20,878,1632,0,0,878,0,754,0
retained,40,temporary,2023-04-21,497,1632,0,0,497,0,1135,0
retained,40,temporary,2023-04-22,0,0,0,0,0,0,0,0
retained,40,temporary,2023-04-23,0,0,0,0,0,0,0,0
retained,40,temporary,2023-04-24,1800,1632,0,0,1632,168,0,0
retained,40,temporary,2023-04-25,819,1632,0,168,987,0,645,0
retained,40,temporary,2023-04-26,1591,1632,0,0,1591,0,41,0
retained,40,temporary,2023-04-27,327,1632,0,0,327,0,1305,0
retained,40,temporary,2023-04-28,432,1632,0,0,432,0,1200,0
retained,40,temporary,2023-04-29,0,0,0,0,0,0,0,0
retained,40,temporary,2023-04-30,0,0,0,0,0,0,0,0
retained,40,temporary,2023-05-01,986,1632,0,0,986,0,646,0
retained,40,temporary,2023-05-02,1145,1632,0,0,1145,0,487,0
retained,40,temporary,2023-05-03,1466,1632,0,0,1466,0,166,0
retained,40,temporary,2023-05-04,2698,1632,0,0,1632,1066,0,0
retained,40,temporary,2023-05-05,930,1632,0,1066,1632,364,0,0
retained,40,temporary,2023-05-06,0,0,0,364,0,364,0,1
retained,40,temporary,2023-05-07,0,0,0,364,0,364,0,2
retained,40,temporary,2023-05-08,2298,1632,0,364,1632,1030,0,0
retained,40,temporary,2023-05-09,1881,1632,0,1030,1632,1279,0,0
retained,40,temporary,2023-05-10,0,1632,0,1279,1279,0,353,0
retained,40,temporary,2023-05-11,1986,1632,0,0,1632,354,0,0
retained,40,temporary,2023-05-12,744,1632,0,354,1098,0,534,0
retained,40,temporary,2023-05-13,0,0,0,0,0,0,0,0
retained,40,temporary,2023-05-14,0,0,0,0,0,0,0,0
retained,40,temporary,2023-05-15,1049,1632,0,0,1049,0,583,0
retained,40,temporary,2023-05-16,3822,1632,0,0,1632,2190,0,0
retained,40,temporary,2023-05-17,0,2067,16,2190,2067,123,0,1
retained,40,temporary,2023-05-18,1999,1632,0,123,1632,490,0,0
retained,40,temporary,2023-05-19,1526,1632,0,490,1632,384,0,0
retained,40,temporary,2023-05-20,0,0,0,384,0,384,0,1
retained,40,temporary,2023-05-21,0,0,0,384,0,384,0,2
retained,40,temporary,2023-05-22,0,1632,0,384,384,0,1248,0
retained,40,temporary,2023-05-23,1866,1632,0,0,1632,234,0,0
retained,40,temporary,2023-05-24,0,1632,0,234,234,0,1398,0
retained,40,temporary,2023-05-25,1869,1632,0,0,1632,237,0,0
retained,40,temporary,2023-05-26,1358,1632,0,237,1595,0,37,0
retained,40,temporary,2023-05-27,0,0,0,0,0,0,0,0
retained,40,temporary,2023-05-28,0,0,0,0,0,0,0,0
retained,40,temporary,2023-05-29,1285,1632,0,0,1285,0,347,0
retained,40,temporary,2023-05-30,1585,1632,0,0,1585,0,47,0
retained,40,temporary,2023-05-31,1369,1632,0,0,1369,0,263,0
retained,40,temporary,2023-06-01,709,1632,0,0,709,0,923,0
retained,40,temporary,2023-06-02,117,1632,0,0,117,0,1515,0
retained,40,temporary,2023-06-03,0,0,0,0,0,0,0,0
retained,40,temporary,2023-06-04,0,0,0,0,0,0,0,0
retained,40,temporary,2023-06-05,1450,1632,0,0,1450,0,182,0
retained,40,temporary,2023-06-06,956,1632,0,0,956,0,676,0
retained,40,temporary,2023-06-07,3004,1632,0,0,1632,1372,0,0
retained,40,temporary,2023-06-08,122,1632,0,1372,1494,0,138,0
retained,40,temporary,2023-06-09,708,1632,0,0,708,0,924,0
retained,40,temporary,2023-06-10,0,0,0,0,0,0,0,0
retained,40,temporary,2023-06-11,0,0,0,0,0,0,0,0
retained,40,temporary,2023-06-12,1282,1632,0,0,1282,0,350,0
retained,40,temporary,2023-06-13,521,1632,0,0,521,0,1111,0
retained,40,temporary,2023-06-14,2095,1632,0,0,1632,463,0,0
retained,40,temporary,2023-06-15,478,1632,0,463,941,0,691,0
retained,40,temporary,2023-06-16,143,1632,0,0,143,0,1489,0
retained,40,temporary,2023-06-17,0,0,0,0,0,0,0,0
retained,40,temporary,2023-06-18,0,0,0,0,0,0,0,0
retained,40,temporary,2023-06-19,3416,1632,0,0,1632,1784,0,0
retained,40,temporary,2023-06-20,680,2067,16,1784,2067,397,0,0
retained,40,temporary,2023-06-21,536,1632,0,397,933,0,699,0
retained,40,temporary,2023-06-22,517,1632,0,0,517,0,1115,0
retained,40,temporary,2023-06-23,0,1632,0,0,0,0,1632,0
retained,40,temporary,2023-06-24,0,0,0,0,0,0,0,0
retained,40,temporary,2023-06-25,0,0,0,0,0,0,0,0
retained,40,temporary,2023-06-26,2050,1632,0,0,1632,418,0,0
retained,40,temporary,2023-06-27,1895,1632,0,418,1632,681,0,0
retained,40,temporary,2023-06-28,636,1632,0,681,1317,0,315,0
retained,40,temporary,2023-06-29,186,1632,0,0,186,0,1446,0
retained,40,temporary,2023-06-30,1920,1632,0,0,1632,288,0,0
retained,40,temporary,2023-07-01,0,0,0,288,0,288,0,1
retained,40,temporary,2023-07-02,0,0,0,288,0,288,0,2
retained,40,temporary,2023-07-03,1355,1632,0,288,1632,11,0,0
retained,40,temporary,2023-07-04,1260,1632,0,11,1271,0,361,0
retained,40,temporary,2023-07-05,0,1632,0,0,0,0,1632,0
retained,40,temporary,2023-07-06,2395,1632,0,0,1632,763,0,0
retained,40,temporary,2023-07-07,180,1632,0,763,943,0,689,0
retained,40,temporary,2023-07-08,0,0,0,0,0,0,0,0
retained,40,temporary,2023-07-09,0,0,0,0,0,0,0,0
retained,40,temporary,2023-07-10,952,1632,0,0,952,0,680,0
retained,40,temporary,2023-07-11,1711,1632,0,0,1632,79,0,0
retained,40,temporary,2023-07-12,1009,1632,0,79,1088,0,544,0
retained,40,temporary,2023-07-13,550,1632,0,0,550,0,1082,0
retained,40,temporary,2023-07-14,0,1632,0,0,0,0,1632,0
retained,40,temporary,2023-07-15,0,0,0,0,0,0,0,0
retained,40,temporary,2023-07-16,0,0,0,0,0,0,0,0
retained,40,temporary,2023-07-17,1685,1632,0,0,1632,53,0,0
retained,40,temporary,2023-07-18,1697,1632,0,53,1632,118,0,0
retained,40,temporary,2023-07-19,992,1632,0,118,1110,0,522,0
retained,40,temporary,2023-07-20,339,1632,0,0,339,0,1293,0
retained,40,temporary,2023-07-21,0,1632,0,0,0,0,1632,0
retained,40,temporary,2023-07-22,0,0,0,0,0,0,0,0
retained,40,temporary,2023-07-23,0,0,0,0,0,0,0,0
retained,40,temporary,2023-07-24,1087,1632,0,0,1087,0,545,0
retained,40,temporary,2023-07-25,865,1632,0,0,865,0,767,0
retained,40,temporary,2023-07-26,469,1632,0,0,469,0,1163,0
retained,40,temporary,2023-07-27,586,1632,0,0,586,0,1046,0
retained,40,temporary,2023-07-28,668,1632,0,0,668,0,964,0
retained,40,temporary,2023-07-29,0,0,0,0,0,0,0,0
retained,40,temporary,2023-07-30,0,0,0,0,0,0,0,0
retained,40,temporary,2023-07-31,590,1632,0,0,590,0,1042,0
retained,40,temporary,2023-08-01,557,1632,0,0,557,0,1075,0
retained,40,temporary,2023-08-02,126,1632,0,0,126,0,1506,0
retained,40,temporary,2023-08-03,549,1632,0,0,549,0,1083,0
retained,40,temporary,2023-08-04,235,1632,0,0,235,0,1397,0
retained,40,temporary,2023-08-05,0,0,0,0,0,0,0,0
retained,40,temporary,2023-08-06,0,0,0,0,0,0,0,0
retained,40,temporary,2023-08-07,1728,1632,0,0,1632,96,0,0
retained,40,temporary,2023-08-08,625,1632,0,96,721,0,911,0
retained,40,temporary,2023-08-09,573,1632,0,0,573,0,1059,0
retained,40,temporary,2023-08-10,736,1632,0,0,736,0,896,0
retained,40,temporary,2023-08-11,0,1632,0,0,0,0,1632,0
retained,40,temporary,2023-08-12,0,0,0,0,0,0,0,0
retained,40,temporary,2023-08-13,1231,0,0,0,0,1231,0,0
retained,40,temporary,2023-08-14,0,1632,0,1231,1231,0,401,0
retained,40,temporary,2023-08-15,1238,1632,0,0,1238,0,394,0
retained,40,temporary,2023-08-16,899,1632,0,0,899,0,733,0
retained,40,temporary,2023-08-17,1202,1632,0,0,1202,0,430,0
retained,40,temporary,2023-08-18,12,1632,0,0,12,0,1620,0
retained,40,temporary,2023-08-19,0,0,0,0,0,0,0,0
retained,40,temporary,2023-08-20,0,0,0,0,0,0,0,0
retained,40,temporary,2023-08-21,18,1632,0,0,18,0,1614,0
retained,40,temporary,2023-08-22,4599,1632,0,0,1632,2967,0,0
retained,40,temporary,2023-08-23,150,2067,16,2967,2067,1050,0,1
retained,40,temporary,2023-08-24,2856,1632,0,1050,1632,2274,0,0
retained,40,temporary,2023-08-25,0,2067,16,2274,2067,207,0,1
retained,40,temporary,2023-08-26,0,0,0,207,0,207,0,2
retained,40,temporary,2023-08-27,0,0,0,207,0,207,0,3
retained,40,temporary,2023-08-28,2483,1632,0,207,1632,1058,0,0
retained,40,temporary,2023-08-29,615,1632,0,1058,1632,41,0,0
retained,40,temporary,2023-08-30,1178,1632,0,41,1219,0,413,0
retained,40,temporary,2023-08-31,1595,1632,0,0,1595,0,37,0
retained,40,temporary,2023-09-01,1147,1632,0,0,1147,0,485,0
retained,40,temporary,2023-09-02,0,0,0,0,0,0,0,0
retained,40,temporary,2023-09-03,0,0,0,0,0,0,0,0
retained,40,temporary,2023-09-04,0,1632,0,0,0,0,1632,0
retained,40,temporary,2023-09-05,1323,1632,0,0,1323,0,309,0
retained,40,temporary,2023-09-06,826,1632,0,0,826,0,806,0
retained,40,temporary,2023-09-07,802,1632,0,0,802,0,830,0
retained,40,temporary,2023-09-08,375,1632,0,0,375,0,1257,0
retained,40,temporary,2023-09-09,0,0,0,0,0,0,0,0
retained,40,temporary,2023-09-10,1920,0,0,0,0,1920,0,0
retained,40,temporary,2023-09-11,0,2067,16,1920,1920,0,147,0
retained,40,temporary,2023-09-12,2188,1632,0,0,1632,556,0,0
retained,40,temporary,2023-09-13,1403,1632,0,556,1632,327,0,0
retained,40,temporary,2023-09-14,0,1632,0,327,327,0,1305,0
retained,40,temporary,2023-09-15,0,1632,0,0,0,0,1632,0
retained,40,temporary,2023-09-16,0,0,0,0,0,0,0,0
retained,40,temporary,2023-09-17,1920,0,0,0,0,1920,0,0
retained,40,temporary,2023-09-18,32,2067,16,1920,1952,0,115,0
retained,40,temporary,2023-09-19,3603,1632,0,0,1632,1971,0,0
retained,40,temporary,2023-09-20,0,2067,16,1971,1971,0,96,0
retained,40,temporary,2023-09-21,2785,1632,0,0,1632,1153,0,0
retained,40,temporary,2023-09-22,0,1632,0,1153,1153,0,479,0
retained,40,temporary,2023-09-23,0,0,0,0,0,0,0,0
retained,40,temporary,2023-09-24,0,0,0,0,0,0,0,0
retained,40,temporary,2023-09-25,2379,1632,0,0,1632,747,0,0
retained,40,temporary,2023-09-26,131,1632,0,747,878,0,754,0
retained,40,temporary,2023-09-27,0,1632,0,0,0,0,1632,0
retained,40,temporary,2023-09-28,0,1632,0,0,0,0,1632,0
retained,40,temporary,2023-09-29,108,1632,0,0,108,0,1524,0
retained,40,temporary,2023-09-30,0,0,0,0,0,0,0,0
retained,40,temporary,2023-10-01,0,0,0,0,0,0,0,0
retained,40,temporary,2023-10-02,5347,1632,0,0,1632,3715,0,0
retained,40,temporary,2023-10-03,136,2067,16,3715,2067,1784,0,1
retained,40,temporary,2023-10-04,60,2067,16,1784,1844,0,223,0
retained,40,temporary,2023-10-05,2341,1632,0,0,1632,709,0,0
retained,40,temporary,2023-10-06,1451,1632,0,709,1632,528,0,0
retained,40,temporary,2023-10-07,0,0,0,528,0,528,0,1
retained,40,temporary,2023-10-08,0,0,0,528,0,528,0,2
retained,40,temporary,2023-10-09,0,1632,0,528,528,0,1104,0
retained,40,temporary,2023-10-10,3,1632,0,0,3,0,1629,0
retained,40,temporary,2023-10-11,319,1632,0,0,319,0,1313,0
retained,40,temporary,2023-10-12,1938,1632,0,0,1632,306,0,0
retained,40,temporary,2023-10-13,1900,1632,0,306,1632,574,0,0
retained,40,temporary,2023-10-14,0,0,0,574,0,574,0,1
retained,40,temporary,2023-10-15,0,0,0,574,0,574,0,2
retained,40,temporary,2023-10-16,1273,1632,0,574,1632,215,0,0
retained,40,temporary,2023-10-17,720,1632,0,215,935,0,697,0
retained,40,temporary,2023-10-18,815,1632,0,0,815,0,817,0
retained,40,temporary,2023-10-19,531,1632,0,0,531,0,1101,0
retained,40,temporary,2023-10-20,0,1632,0,0,0,0,1632,0
retained,40,temporary,2023-10-21,0,0,0,0,0,0,0,0
retained,40,temporary,2023-10-22,0,0,0,0,0,0,0,0
retained,40,temporary,2023-10-23,0,1632,0,0,0,0,1632,0
retained,40,temporary,2023-10-24,0,1632,0,0,0,0,1632,0
retained,40,temporary,2023-10-25,0,1632,0,0,0,0,1632,0
retained,40,temporary,2023-10-26,0,1632,0,0,0,0,1632,0
retained,40,temporary,2023-10-27,0,1632,0,0,0,0,1632,0
retained,40,temporary,2023-10-28,0,0,0,0,0,0,0,0
retained,40,temporary,2023-10-29,0,0,0,0,0,0,0,0
retained,40,temporary,2023-10-30,0,1632,0,0,0,0,1632,0
retained,40,temporary,2023-10-31,0,1632,0,0,0,0,1632,0
retained,40,temporary,2023-11-01,0,1632,0,0,0,0,1632,0
retained,40,temporary,2023-11-02,0,1632,0,0,0,0,1632,0
retained,50,carryover,2023-01-05,2254,2040,0,0,2040,214,0,0
retained,50,carryover,2023-01-06,1556,2040,0,214,1770,0,270,0
retained,50,carryover,2023-01-07,0,0,0,0,0,0,0,0
retained,50,carryover,2023-01-08,0,0,0,0,0,0,0,0
retained,50,carryover,2023-01-09,1374,2040,0,0,1374,0,666,0
retained,50,carryover,2023-01-10,1551,2040,0,0,1551,0,489,0
retained,50,carryover,2023-01-11,807,2040,0,0,807,0,1233,0
retained,50,carryover,2023-01-12,1897,2040,0,0,1897,0,143,0
retained,50,carryover,2023-01-13,660,2040,0,0,660,0,1380,0
retained,50,carryover,2023-01-14,0,0,0,0,0,0,0,0
retained,50,carryover,2023-01-15,0,0,0,0,0,0,0,0
retained,50,carryover,2023-01-16,885,2040,0,0,885,0,1155,0
retained,50,carryover,2023-01-17,997,2040,0,0,997,0,1043,0
retained,50,carryover,2023-01-18,1909,2040,0,0,1909,0,131,0
retained,50,carryover,2023-01-19,250,2040,0,0,250,0,1790,0
retained,50,carryover,2023-01-20,321,2040,0,0,321,0,1719,0
retained,50,carryover,2023-01-21,0,0,0,0,0,0,0,0
retained,50,carryover,2023-01-22,0,0,0,0,0,0,0,0
retained,50,carryover,2023-01-23,856,2040,0,0,856,0,1184,0
retained,50,carryover,2023-01-24,563,2040,0,0,563,0,1477,0
retained,50,carryover,2023-01-25,2819,2040,0,0,2040,779,0,0
retained,50,carryover,2023-01-26,871,2040,0,779,1650,0,390,0
retained,50,carryover,2023-01-27,731,2040,0,0,731,0,1309,0
retained,50,carryover,2023-01-28,0,0,0,0,0,0,0,0
retained,50,carryover,2023-01-29,0,0,0,0,0,0,0,0
retained,50,carryover,2023-01-30,1083,2040,0,0,1083,0,957,0
retained,50,carryover,2023-01-31,1023,2040,0,0,1023,0,1017,0
retained,50,carryover,2023-02-01,278,2040,0,0,278,0,1762,0
retained,50,carryover,2023-02-02,1293,2040,0,0,1293,0,747,0
retained,50,carryover,2023-02-03,662,2040,0,0,662,0,1378,0
retained,50,carryover,2023-02-04,0,0,0,0,0,0,0,0
retained,50,carryover,2023-02-05,0,0,0,0,0,0,0,0
retained,50,carryover,2023-02-06,1526,2040,0,0,1526,0,514,0
retained,50,carryover,2023-02-07,854,2040,0,0,854,0,1186,0
retained,50,carryover,2023-02-08,975,2040,0,0,975,0,1065,0
retained,50,carryover,2023-02-09,1707,2040,0,0,1707,0,333,0
retained,50,carryover,2023-02-10,462,2040,0,0,462,0,1578,0
retained,50,carryover,2023-02-11,0,0,0,0,0,0,0,0
retained,50,carryover,2023-02-12,0,0,0,0,0,0,0,0
retained,50,carryover,2023-02-13,1306,2040,0,0,1306,0,734,0
retained,50,carryover,2023-02-14,638,2040,0,0,638,0,1402,0
retained,50,carryover,2023-02-15,384,2040,0,0,384,0,1656,0
retained,50,carryover,2023-02-16,2383,2040,0,0,2040,343,0,0
retained,50,carryover,2023-02-17,0,2040,0,343,343,0,1697,0
retained,50,carryover,2023-02-18,0,0,0,0,0,0,0,0
retained,50,carryover,2023-02-19,1920,0,0,0,0,1920,0,0
retained,50,carryover,2023-02-20,0,2040,0,1920,1920,0,120,0
retained,50,carryover,2023-02-21,1943,2040,0,0,1943,0,97,0
retained,50,carryover,2023-02-22,1414,2040,0,0,1414,0,626,0
retained,50,carryover,2023-02-23,1907,2040,0,0,1907,0,133,0
retained,50,carryover,2023-02-24,1163,2040,0,0,1163,0,877,0
retained,50,carryover,2023-02-25,0,0,0,0,0,0,0,0
retained,50,carryover,2023-02-26,0,0,0,0,0,0,0,0
retained,50,carryover,2023-02-27,1496,2040,0,0,1496,0,544,0
retained,50,carryover,2023-02-28,1134,2040,0,0,1134,0,906,0
retained,50,carryover,2023-03-01,227,2040,0,0,227,0,1813,0
retained,50,carryover,2023-03-02,2495,2040,0,0,2040,455,0,0
retained,50,carryover,2023-03-03,709,2040,0,455,1164,0,876,0
retained,50,carryover,2023-03-04,0,0,0,0,0,0,0,0
retained,50,carryover,2023-03-05,0,0,0,0,0,0,0,0
retained,50,carryover,2023-03-06,1586,2040,0,0,1586,0,454,0
retained,50,carryover,2023-03-07,479,2040,0,0,479,0,1561,0
retained,50,carryover,2023-03-08,1729,2040,0,0,1729,0,311,0
retained,50,carryover,2023-03-09,1078,2040,0,0,1078,0,962,0
retained,50,carryover,2023-03-10,382,2040,0,0,382,0,1658,0
retained,50,carryover,2023-03-11,0,0,0,0,0,0,0,0
retained,50,carryover,2023-03-12,437,0,0,0,0,437,0,0
retained,50,carryover,2023-03-13,0,2040,0,437,437,0,1603,0
retained,50,carryover,2023-03-14,1656,2040,0,0,1656,0,384,0
retained,50,carryover,2023-03-15,384,2040,0,0,384,0,1656,0
retained,50,carryover,2023-03-16,1518,2040,0,0,1518,0,522,0
retained,50,carryover,2023-03-17,2400,2040,0,0,2040,360,0,0
retained,50,carryover,2023-03-18,0,0,0,360,0,360,0,1
retained,50,carryover,2023-03-19,0,0,0,360,0,360,0,2
retained,50,carryover,2023-03-20,0,2040,0,360,360,0,1680,0
retained,50,carryover,2023-03-21,0,2040,0,0,0,0,2040,0
retained,50,carryover,2023-03-22,5911,2040,0,0,2040,3871,0,0
retained,50,carryover,2023-03-23,0,2040,0,3871,2040,1831,0,1
retained,50,carryover,2023-03-24,0,2040,0,1831,1831,0,209,0
retained,50,carryover,2023-03-25,0,0,0,0,0,0,0,0
retained,50,carryover,2023-03-26,0,0,0,0,0,0,0,0
retained,50,carryover,2023-03-27,1277,2040,0,0,1277,0,763,0
retained,50,carryover,2023-03-28,102,2040,0,0,102,0,1938,0
retained,50,carryover,2023-03-29,3482,2040,0,0,2040,1442,0,0
retained,50,carryover,2023-03-30,0,2040,0,1442,1442,0,598,0
retained,50,carryover,2023-03-31,0,2040,0,0,0,0,2040,0
retained,50,carryover,2023-04-01,0,0,0,0,0,0,0,0
retained,50,carryover,2023-04-02,0,0,0,0,0,0,0,0
retained,50,carryover,2023-04-03,3072,2040,0,0,2040,1032,0,0
retained,50,carryover,2023-04-04,1432,2040,0,1032,2040,424,0,0
retained,50,carryover,2023-04-05,808,2040,0,424,1232,0,808,0
retained,50,carryover,2023-04-06,909,2040,0,0,909,0,1131,0
retained,50,carryover,2023-04-07,0,2040,0,0,0,0,2040,0
retained,50,carryover,2023-04-08,0,0,0,0,0,0,0,0
retained,50,carryover,2023-04-09,0,0,0,0,0,0,0,0
retained,50,carryover,2023-04-10,0,2040,0,0,0,0,2040,0
retained,50,carryover,2023-04-11,1284,2040,0,0,1284,0,756,0
retained,50,carryover,2023-04-12,0,2040,0,0,0,0,2040,0
retained,50,carryover,2023-04-13,3489,2040,0,0,2040,1449,0,0
retained,50,carryover,2023-04-14,0,2040,0,1449,1449,0,591,0
retained,50,carryover,2023-04-15,0,0,0,0,0,0,0,0
retained,50,carryover,2023-04-16,0,0,0,0,0,0,0,0
retained,50,carryover,2023-04-17,2661,2040,0,0,2040,621,0,0
retained,50,carryover,2023-04-18,513,2040,0,621,1134,0,906,0
retained,50,carryover,2023-04-19,1325,2040,0,0,1325,0,715,0
retained,50,carryover,2023-04-20,878,2040,0,0,878,0,1162,0
retained,50,carryover,2023-04-21,497,2040,0,0,497,0,1543,0
retained,50,carryover,2023-04-22,0,0,0,0,0,0,0,0
retained,50,carryover,2023-04-23,0,0,0,0,0,0,0,0
retained,50,carryover,2023-04-24,1800,2040,0,0,1800,0,240,0
retained,50,carryover,2023-04-25,819,2040,0,0,819,0,1221,0
retained,50,carryover,2023-04-26,1591,2040,0,0,1591,0,449,0
retained,50,carryover,2023-04-27,327,2040,0,0,327,0,1713,0
retained,50,carryover,2023-04-28,432,2040,0,0,432,0,1608,0
retained,50,carryover,2023-04-29,0,0,0,0,0,0,0,0
retained,50,carryover,2023-04-30,0,0,0,0,0,0,0,0
retained,50,carryover,2023-05-01,986,2040,0,0,986,0,1054,0
retained,50,carryover,2023-05-02,1145,2040,0,0,1145,0,895,0
retained,50,carryover,2023-05-03,1466,2040,0,0,1466,0,574,0
retained,50,carryover,2023-05-04,2698,2040,0,0,2040,658,0,0
retained,50,carryover,2023-05-05,930,2040,0,658,1588,0,452,0
retained,50,carryover,2023-05-06,0,0,0,0,0,0,0,0
retained,50,carryover,2023-05-07,0,0,0,0,0,0,0,0
retained,50,carryover,2023-05-08,2298,2040,0,0,2040,258,0,0
retained,50,carryover,2023-05-09,1881,2040,0,258,2040,99,0,0
retained,50,carryover,2023-05-10,0,2040,0,99,99,0,1941,0
retained,50,carryover,2023-05-11,1986,2040,0,0,1986,0,54,0
retained,50,carryover,2023-05-12,744,2040,0,0,744,0,1296,0
retained,50,carryover,2023-05-13,0,0,0,0,0,0,0,0
retained,50,carryover,2023-05-14,0,0,0,0,0,0,0,0
retained,50,carryover,2023-05-15,1049,2040,0,0,1049,0,991,0
retained,50,carryover,2023-05-16,3822,2040,0,0,2040,1782,0,0
retained,50,carryover,2023-05-17,0,2040,0,1782,1782,0,258,0
retained,50,carryover,2023-05-18,1999,2040,0,0,1999,0,41,0
retained,50,carryover,2023-05-19,1526,2040,0,0,1526,0,514,0
retained,50,carryover,2023-05-20,0,0,0,0,0,0,0,0
retained,50,carryover,2023-05-21,0,0,0,0,0,0,0,0
retained,50,carryover,2023-05-22,0,2040,0,0,0,0,2040,0
retained,50,carryover,2023-05-23,1866,2040,0,0,1866,0,174,0
retained,50,carryover,2023-05-24,0,2040,0,0,0,0,2040,0
retained,50,carryover,2023-05-25,1869,2040,0,0,1869,0,171,0
retained,50,carryover,2023-05-26,1358,2040,0,0,1358,0,682,0
retained,50,carryover,2023-05-27,0,0,0,0,0,0,0,0
retained,50,carryover,2023-05-28,0,0,0,0,0,0,0,0
retained,50,carryover,2023-05-29,1285,2040,0,0,1285,0,755,0
retained,50,carryover,2023-05-30,1585,2040,0,0,1585,0,455,0
retained,50,carryover,2023-05-31,1369,2040,0,0,1369,0,671,0
retained,50,carryover,2023-06-01,709,2040,0,0,709,0,1331,0
retained,50,carryover,2023-06-02,117,2040,0,0,117,0,1923,0
retained,50,carryover,2023-06-03,0,0,0,0,0,0,0,0
retained,50,carryover,2023-06-04,0,0,0,0,0,0,0,0
retained,50,carryover,2023-06-05,1450,2040,0,0,1450,0,590,0
retained,50,carryover,2023-06-06,956,2040,0,0,956,0,1084,0
retained,50,carryover,2023-06-07,3004,2040,0,0,2040,964,0,0
retained,50,carryover,2023-06-08,122,2040,0,964,1086,0,954,0
retained,50,carryover,2023-06-09,708,2040,0,0,708,0,1332,0
retained,50,carryover,2023-06-10,0,0,0,0,0,0,0,0
retained,50,carryover,2023-06-11,0,0,0,0,0,0,0,0
retained,50,carryover,2023-06-12,1282,2040,0,0,1282,0,758,0
retained,50,carryover,2023-06-13,521,2040,0,0,521,0,1519,0
retained,50,carryover,2023-06-14,2095,2040,0,0,2040,55,0,0
retained,50,carryover,2023-06-15,478,2040,0,55,533,0,1507,0
retained,50,carryover,2023-06-16,143,2040,0,0,143,0,1897,0
retained,50,carryover,2023-06-17,0,0,0,0,0,0,0,0
retained,50,carryover,2023-06-18,0,0,0,0,0,0,0,0
retained,50,carryover,2023-06-19,3416,2040,0,0,2040,1376,0,0
retained,50,carryover,2023-06-20,680,2040,0,1376,2040,16,0,0
retained,50,carryover,2023-06-21,536,2040,0,16,552,0,1488,0
retained,50,carryover,2023-06-22,517,2040,0,0,517,0,1523,0
retained,50,carryover,2023-06-23,0,2040,0,0,0,0,2040,0
retained,50,carryover,2023-06-24,0,0,0,0,0,0,0,0
retained,50,carryover,2023-06-25,0,0,0,0,0,0,0,0
retained,50,carryover,2023-06-26,2050,2040,0,0,2040,10,0,0
retained,50,carryover,2023-06-27,1895,2040,0,10,1905,0,135,0
retained,50,carryover,2023-06-28,636,2040,0,0,636,0,1404,0
retained,50,carryover,2023-06-29,186,2040,0,0,186,0,1854,0
retained,50,carryover,2023-06-30,1920,2040,0,0,1920,0,120,0
retained,50,carryover,2023-07-01,0,0,0,0,0,0,0,0
retained,50,carryover,2023-07-02,0,0,0,0,0,0,0,0
retained,50,carryover,2023-07-03,1355,2040,0,0,1355,0,685,0
retained,50,carryover,2023-07-04,1260,2040,0,0,1260,0,780,0
retained,50,carryover,2023-07-05,0,2040,0,0,0,0,2040,0
retained,50,carryover,2023-07-06,2395,2040,0,0,2040,355,0,0
retained,50,carryover,2023-07-07,180,2040,0,355,535,0,1505,0
retained,50,carryover,2023-07-08,0,0,0,0,0,0,0,0
retained,50,carryover,2023-07-09,0,0,0,0,0,0,0,0
retained,50,carryover,2023-07-10,952,2040,0,0,952,0,1088,0
retained,50,carryover,2023-07-11,1711,2040,0,0,1711,0,329,0
retained,50,carryover,2023-07-12,1009,2040,0,0,1009,0,1031,0
retained,50,carryover,2023-07-13,550,2040,0,0,550,0,1490,0
retained,50,carryover,2023-07-14,0,2040,0,0,0,0,2040,0
retained,50,carryover,2023-07-15,0,0,0,0,0,0,0,0
retained,50,carryover,2023-07-16,0,0,0,0,0,0,0,0
retained,50,carryover,2023-07-17,1685,2040,0,0,1685,0,355,0
retained,50,carryover,2023-07-18,1697,2040,0,0,1697,0,343,0
retained,50,carryover,2023-07-19,992,2040,0,0,992,0,1048,0
retained,50,carryover,2023-07-20,339,2040,0,0,339,0,1701,0
retained,50,carryover,2023-07-21,0,2040,0,0,0,0,2040,0
retained,50,carryover,2023-07-22,0,0,0,0,0,0,0,0
retained,50,carryover,2023-07-23,0,0,0,0,0,0,0,0
retained,50,carryover,2023-07-24,1087,2040,0,0,1087,0,953,0
retained,50,carryover,2023-07-25,865,2040,0,0,865,0,1175,0
retained,50,carryover,2023-07-26,469,2040,0,0,469,0,1571,0
retained,50,carryover,2023-07-27,586,2040,0,0,586,0,1454,0
retained,50,carryover,2023-07-28,668,2040,0,0,668,0,1372,0
retained,50,carryover,2023-07-29,0,0,0,0,0,0,0,0
retained,50,carryover,2023-07-30,0,0,0,0,0,0,0,0
retained,50,carryover,2023-07-31,590,2040,0,0,590,0,1450,0
retained,50,carryover,2023-08-01,557,2040,0,0,557,0,1483,0
retained,50,carryover,2023-08-02,126,2040,0,0,126,0,1914,0
retained,50,carryover,2023-08-03,549,2040,0,0,549,0,1491,0
retained,50,carryover,2023-08-04,235,2040,0,0,235,0,1805,0
retained,50,carryover,2023-08-05,0,0,0,0,0,0,0,0
retained,50,carryover,2023-08-06,0,0,0,0,0,0,0,0
retained,50,carryover,2023-08-07,1728,2040,0,0,1728,0,312,0
retained,50,carryover,2023-08-08,625,2040,0,0,625,0,1415,0
retained,50,carryover,2023-08-09,573,2040,0,0,573,0,1467,0
retained,50,carryover,2023-08-10,736,2040,0,0,736,0,1304,0
retained,50,carryover,2023-08-11,0,2040,0,0,0,0,2040,0
retained,50,carryover,2023-08-12,0,0,0,0,0,0,0,0
retained,50,carryover,2023-08-13,1231,0,0,0,0,1231,0,0
retained,50,carryover,2023-08-14,0,2040,0,1231,1231,0,809,0
retained,50,carryover,2023-08-15,1238,2040,0,0,1238,0,802,0
retained,50,carryover,2023-08-16,899,2040,0,0,899,0,1141,0
retained,50,carryover,2023-08-17,1202,2040,0,0,1202,0,838,0
retained,50,carryover,2023-08-18,12,2040,0,0,12,0,2028,0
retained,50,carryover,2023-08-19,0,0,0,0,0,0,0,0
retained,50,carryover,2023-08-20,0,0,0,0,0,0,0,0
retained,50,carryover,2023-08-21,18,2040,0,0,18,0,2022,0
retained,50,carryover,2023-08-22,4599,2040,0,0,2040,2559,0,0
retained,50,carryover,2023-08-23,150,2040,0,2559,2040,669,0,1
retained,50,carryover,2023-08-24,2856,2040,0,669,2040,1485,0,0
retained,50,carryover,2023-08-25,0,2040,0,1485,1485,0,555,0
retained,50,carryover,2023-08-26,0,0,0,0,0,0,0,0
retained,50,carryover,2023-08-27,0,0,0,0,0,0,0,0
retained,50,carryover,2023-08-28,2483,2040,0,0,2040,443,0,0
retained,50,carryover,2023-08-29,615,2040,0,443,1058,0,982,0
retained,50,carryover,2023-08-30,1178,2040,0,0,1178,0,862,0
retained,50,carryover,2023-08-31,1595,2040,0,0,1595,0,445,0
retained,50,carryover,2023-09-01,1147,2040,0,0,1147,0,893,0
retained,50,carryover,2023-09-02,0,0,0,0,0,0,0,0
retained,50,carryover,2023-09-03,0,0,0,0,0,0,0,0
retained,50,carryover,2023-09-04,0,2040,0,0,0,0,2040,0
retained,50,carryover,2023-09-05,1323,2040,0,0,1323,0,717,0
retained,50,carryover,2023-09-06,826,2040,0,0,826,0,1214,0
retained,50,carryover,2023-09-07,802,2040,0,0,802,0,1238,0
retained,50,carryover,2023-09-08,375,2040,0,0,375,0,1665,0
retained,50,carryover,2023-09-09,0,0,0,0,0,0,0,0
retained,50,carryover,2023-09-10,1920,0,0,0,0,1920,0,0
retained,50,carryover,2023-09-11,0,2040,0,1920,1920,0,120,0
retained,50,carryover,2023-09-12,2188,2040,0,0,2040,148,0,0
retained,50,carryover,2023-09-13,1403,2040,0,148,1551,0,489,0
retained,50,carryover,2023-09-14,0,2040,0,0,0,0,2040,0
retained,50,carryover,2023-09-15,0,2040,0,0,0,0,2040,0
retained,50,carryover,2023-09-16,0,0,0,0,0,0,0,0
retained,50,carryover,2023-09-17,1920,0,0,0,0,1920,0,0
retained,50,carryover,2023-09-18,32,2040,0,1920,1952,0,88,0
retained,50,carryover,2023-09-19,3603,2040,0,0,2040,1563,0,0
retained,50,carryover,2023-09-20,0,2040,0,1563,1563,0,477,0
retained,50,carryover,2023-09-21,2785,2040,0,0,2040,745,0,0
retained,50,carryover,2023-09-22,0,2040,0,745,745,0,1295,0
retained,50,carryover,2023-09-23,0,0,0,0,0,0,0,0
retained,50,carryover,2023-09-24,0,0,0,0,0,0,0,0
retained,50,carryover,2023-09-25,2379,2040,0,0,2040,339,0,0
retained,50,carryover,2023-09-26,131,2040,0,339,470,0,1570,0
retained,50,carryover,2023-09-27,0,2040,0,0,0,0,2040,0
retained,50,carryover,2023-09-28,0,2040,0,0,0,0,2040,0
retained,50,carryover,2023-09-29,108,2040,0,0,108,0,1932,0
retained,50,carryover,2023-09-30,0,0,0,0,0,0,0,0
retained,50,carryover,2023-10-01,0,0,0,0,0,0,0,0
retained,50,carryover,2023-10-02,5347,2040,0,0,2040,3307,0,0
retained,50,carryover,2023-10-03,136,2040,0,3307,2040,1403,0,1
retained,50,carryover,2023-10-04,60,2040,0,1403,1463,0,577,0
retained,50,carryover,2023-10-05,2341,2040,0,0,2040,301,0,0
retained,50,carryover,2023-10-06,1451,2040,0,301,1752,0,288,0
retained,50,carryover,2023-10-07,0,0,0,0,0,0,0,0
retained,50,carryover,2023-10-08,0,0,0,0,0,0,0,0
retained,50,carryover,2023-10-09,0,2040,0,0,0,0,2040,0
retained,50,carryover,2023-10-10,3,2040,0,0,3,0,2037,0
retained,50,carryover,2023-10-11,319,2040,0,0,319,0,1721,0
retained,50,carryover,2023-10-12,1938,2040,0,0,1938,0,102,0
retained,50,carryover,2023-10-13,1900,2040,0,0,1900,0,140,0
retained,50,carryover,2023-10-14,0,0,0,0,0,0,0,0
retained,50,carryover,2023-10-15,0,0,0,0,0,0,0,0
retained,50,carryover,2023-10-16,1273,2040,0,0,1273,0,767,0
retained,50,carryover,2023-10-17,720,2040,0,0,720,0,1320,0
retained,50,carryover,2023-10-18,815,2040,0,0,815,0,1225,0
retained,50,carryover,2023-10-19,531,2040,0,0,531,0,1509,0
retained,50,carryover,2023-10-20,0,2040,0,0,0,0,2040,0
retained,50,carryover,2023-10-21,0,0,0,0,0,0,0,0
retained,50,carryover,2023-10-22,0,0,0,0,0,0,0,0
retained,50,carryover,2023-10-23,0,2040,0,0,0,0,2040,0
retained,50,carryover,2023-10-24,0,2040,0,0,0,0,2040,0
retained,50,carryover,2023-10-25,0,2040,0,0,0,0,2040,0
retained,50,carryover,2023-10-26,0,2040,0,0,0,0,2040,0
retained,50,carryover,2023-10-27,0,2040,0,0,0,0,2040,0
retained,50,carryover,2023-10-28,0,0,0,0,0,0,0,0
retained,50,carryover,2023-10-29,0,0,0,0,0,0,0,0
retained,50,carryover,2023-10-30,0,2040,0,0,0,0,2040,0
retained,50,carryover,2023-10-31,0,2040,0,0,0,0,2040,0
retained,50,carryover,2023-11-01,0,2040,0,0,0,0,2040,0
retained,50,carryover,2023-11-02,0,2040,0,0,0,0,2040,0
retained,50,overtime,2023-01-05,2254,2550,12,0,2254,0,296,0
retained,50,overtime,2023-01-06,1556,2040,0,0,1556,0,484,0
retained,50,overtime,2023-01-07,0,0,0,0,0,0,0,0
retained,50,overtime,2023-01-08,0,0,0,0,0,0,0,0
retained,50,overtime,2023-01-09,1374,2040,0,0,1374,0,666,0
retained,50,overtime,2023-01-10,1551,2040,0,0,1551,0,489,0
retained,50,overtime,2023-01-11,807,2040,0,0,807,0,1233,0
retained,50,overtime,2023-01-12,1897,2040,0,0,1897,0,143,0
retained,50,overtime,2023-01-13,660,2040,0,0,660,0,1380,0
retained,50,overtime,2023-01-14,0,0,0,0,0,0,0,0
retained,50,overtime,2023-01-15,0,0,0,0,0,0,0,0
retained,50,overtime,2023-01-16,885,2040,0,0,885,0,1155,0
retained,50,overtime,2023-01-17,997,2040,0,0,997,0,1043,0
retained,50,overtime,2023-01-18,1909,2040,0,0,1909,0,131,0
retained,50,overtime,2023-01-19,250,2040,0,0,250,0,1790,0
retained,50,overtime,2023-01-20,321,2040,0,0,321,0,1719,0
retained,50,overtime,2023-01-21,0,0,0,0,0,0,0,0
retained,50,overtime,2023-01-22,0,0,0,0,0,0,0,0
retained,50,overtime,2023-01-23,856,2040,0,0,856,0,1184,0
retained,50,overtime,2023-01-24,563,2040,0,0,563,0,1477,0
retained,50,overtime,2023-01-25,2819,2550,12,0,2550,269,0,0
retained,50,overtime,2023-01-26,871,2040,0,269,1140,0,900,0
retained,50,overtime,2023-01-27,731,2040,0,0,731,0,1309,0
retained,50,overtime,2023-01-28,0,0,0,0,0,0,0,0
retained,50,overtime,2023-01-29,0,0,0,0,0,0,0,0
retained,50,overtime,2023-01-30,1083,2040,0,0,1083,0,957,0
retained,50,overtime,2023-01-31,1023,2040,0,0,1023,0,1017,0
retained,50,overtime,2023-02-01,278,2040,0,0,278,0,1762,0
retained,50,overtime,2023-02-02,1293,2040,0,0,1293,0,747,0
retained,50,overtime,2023-02-03,662,2040,0,0,662,0,1378,0
retained,50,overtime,2023-02-04,0,0,0,0,0,0,0,0
retained,50,overtime,2023-02-05,0,0,0,0,0,0,0,0
retained,50,overtime,2023-02-06,1526,2040,0,0,1526,0,514,0
retained,50,overtime,2023-02-07,854,2040,0,0,854,0,1186,0
retained,50,overtime,2023-02-08,975,2040,0,0,975,0,1065,0
retained,50,overtime,2023-02-09,1707,2040,0,0,1707,0,333,0
retained,50,overtime,2023-02-10,462,2040,0,0,462,0,1578,0
retained,50,overtime,2023-02-11,0,0,0,0,0,0,0,0
retained,50,overtime,2023-02-12,0,0,0,0,0,0,0,0
retained,50,overtime,2023-02-13,1306,2040,0,0,1306,0,734,0
retained,50,overtime,2023-02-14,638,2040,0,0,638,0,1402,0
retained,50,overtime,2023-02-15,384,2040,0,0,384,0,1656,0
retained,50,overtime,2023-02-16,2383,2550,12,0,2383,0,167,0
retained,50,overtime,2023-02-17,0,2040,0,0,0,0,2040,0
retained,50,overtime,2023-02-18,0,0,0,0,0,0,0,0
retained,50,overtime,2023-02-19,1920,0,0,0,0,1920,0,0
retained,50,overtime,2023-02-20,0,2040,0,1920,1920,0,120,0
retained,50,overtime,2023-02-21,1943,2040,0,0,1943,0,97,0
retained,50,overtime,2023-02-22,1414,2040,0,0,1414,0,626,0
retained,50,overtime,2023-02-23,1907,2040,0,0,1907,0,133,0
retained,50,overtime,2023-02-24,1163,2040,0,0,1163,0,877,0
retained,50,overtime,2023-02-25,0,0,0,0,0,0,0,0
retained,50,overtime,2023-02-26,0,0,0,0,0,0,0,0
retained,50,overtime,2023-02-27,1496,2040,0,0,1496,0,544,0
retained,50,overtime,2023-02-28,1134,2040,0,0,1134,0,906,0
retained,50,overtime,2023-03-01,227,2040,0,0,227,0,1813,0
retained,50,overtime,2023-03-02,2495,2550,12,0,2495,0,55,0
retained,50,overtime,2023-03-03,709,2040,0,0,709,0,1331,0
retained,50,overtime,2023-03-04,0,0,0,0,0,0,0,0
retained,50,overtime,2023-03-05,0,0,0,0,0,0,0,0
retained,50,overtime,2023-03-06,1586,2040,0,0,1586,0,454,0
retained,50,overtime,2023-03-07,479,2040,0,0,479,0,1561,0
retained,50,overtime,2023-03-08,1729,2040,0,0,1729,0,311,0
retained,50,overtime,2023-03-09,1078,2040,0,0,1078,0,962,0
retained,50,overtime,2023-03-10,382,2040,0,0,382,0,1658,0
retained,50,overtime,2023-03-11,0,0,0,0,0,0,0,0
retained,50,overtime,2023-03-12,437,0,0,0,0,437,0,0
retained,50,overtime,2023-03-13,0,2040,0,437,437,0,1603,0
retained,50,overtime,2023-03-14,1656,2040,0,0,1656,0,384,0
retained,50,overtime,2023-03-15,384,2040,0,0,384,0,1656,0
retained,50,overtime,2023-03-16,1518,2040,0,0,1518,0,522,0
retained,50,overtime,2023-03-17,2400,2550,12,0,2400,0,150,0
retained,50,overtime,2023-03-18,0,0,0,0,0,0,0,0
retained,50,overtime,2023-03-19,0,0,0,0,0,0,0,0
retained,50,overtime,2023-03-20,0,2040,0,0,0,0,2040,0
retained,50,overtime,2023-03-21,0,2040,0,0,0,0,2040,0
retained,50,overtime,2023-03-22,5911,2550,12,0,2550,3361,0,0
retained,50,overtime,2023-03-23,0,2550,12,3361,2550,811,0,1
retained,50,overtime,2023-03-24,0,2040,0,811,811,0,1229,0
retained,50,overtime,2023-03-25,0,0,0,0,0,0,0,0
retained,50,overtime,2023-03-26,0,0,0,0,0,0,0,0
retained,50,overtime,2023-03-27,1277,2040,0,0,1277,0,763,0
retained,50,overtime,2023-03-28,102,2040,0,0,102,0,1938,0
retained,50,overtime,2023-03-29,3482,2550,12,0,2550,932,0,0
retained,50,overtime,2023-03-30,0,2040,0,932,932,0,1108,0
retained,50,overtime,2023-03-31,0,2040,0,0,0,0,2040,0
retained,50,overtime,2023-04-01,0,0,0,0,0,0,0,0
retained,50,overtime,2023-04-02,0,0,0,0,0,0,0,0
retained,50,overtime,2023-04-03,3072,2550,12,0,2550,522,0,0
retained,50,overtime,2023-04-04,1432,2040,0,522,1954,0,86,0
retained,50,overtime,2023-04-05,808,2040,0,0,808,0,1232,0
retained,50,overtime,2023-04-06,909,2040,0,0,909,0,1131,0
retained,50,overtime,2023-04-07,0,2040,0,0,0,0,2040,0
retained,50,overtime,2023-04-08,0,0,0,0,0,0,0,0
retained,50,overtime,2023-04-09,0,0,0,0,0,0,0,0
retained,50,overtime,2023-04-10,0,2040,0,0,0,0,2040,0
retained,50,overtime,2023-04-11,1284,2040,0,0,1284,0,756,0
retained,50,overtime,2023-04-12,0,2040,0,0,0,0,2040,0
retained,50,overtime,2023-04-13,3489,2550,12,0,2550,939,0,0
retained,50,overtime,2023-04-14,0,2040,0,939,939,0,1101,0
retained,50,overtime,2023-04-15,0,0,0,0,0,0,0,0
retained,50,overtime,2023-04-16,0,0,0,0,0,0,0,0
retained,50,overtime,2023-04-17,2661,2550,12,0,2550,111,0,0
retained,50,overtime,2023-04-18,513,2040,0,111,624,0,1416,0
retained,50,overtime,2023-04-19,1325,2040,0,0,1325,0,715,0
retained,50,overtime,2023-04-20,878,2040,0,0,878,0,1162,0
retained,50,overtime,2023-04-21,497,2040,0,0,497,0,1543,0
retained,50,overtime,2023-04-22,0,0,0,0,0,0,0,0
retained,50,overtime,2023-04-23,0,0,0,0,0,0,0,0
retained,50,overtime,2023-04-24,1800,2040,0,0,1800,0,240,0
retained,50,overtime,2023-04-25,819,2040,0,0,819,0,1221,0
retained,50,overtime,2023-04-26,1591,2040,0,0,1591,0,449,0
retained,50,overtime,2023-04-27,327,2040,0,0,327,0,1713,0
retained,50,overtime,2023-04-28,432,2040,0,0,432,0,1608,0
retained,50,overtime,2023-04-29,0,0,0,0,0,0,0,0
retained,50,overtime,2023-04-30,0,0,0,0,0,0,0,0
retained,50,overtime,2023-05-01,986,2040,0,0,986,0,1054,0
retained,50,overtime,2023-05-02,1145,2040,0,0,1145,0,895,0
retained,50,overtime,2023-05-03,1466,2040,0,0,1466,0,574,0
retained,50,overtime,2023-05-04,2698,2550,12,0,2550,148,0,0
retained,50,overtime,2023-05-05,930,2040,0,148,1078,0,962,0
retained,50,overtime,2023-05-06,0,0,0,0,0,0,0,0
retained,50,overtime,2023-05-07,0,0,0,0,0,0,0,0
retained,50,overtime,2023-05-08,2298,2550,12,0,2298,0,252,0
retained,50,overtime,2023-05-09,1881,2040,0,0,1881,0,159,0
retained,50,overtime,2023-05-10,0,2040,0,0,0,0,2040,0
retained,50,overtime,2023-05-11,1986,2040,0,0,1986,0,54,0
retained,50,overtime,2023-05-12,744,2040,0,0,744,0,1296,0
retained,50,overtime,2023-05-13,0,0,0,0,0,0,0,0
retained,50,overtime,2023-05-14,0,0,0,0,0,0,0,0
retained,50,overtime,2023-05-15,1049,2040,0,0,1049,0,991,0
retained,50,overtime,2023-05-16,3822,2550,12,0,2550,1272,0,0
retained,50,overtime,2023-05-17,0,2040,0,1272,1272,0,768,0
retained,50,overtime,2023-05-18,1999,2040,0,0,1999,0,41,0
retained,50,overtime,2023-05-19,1526,2040,0,0,1526,0,514,0
retained,50,overtime,2023-05-20,0,0,0,0,0,0,0,0
retained,50,overtime,2023-05-21,0,0,0,0,0,0,0,0
retained,50,overtime,2023-05-22,0,2040,0,0,0,0,2040,0
retained,50,overtime,2023-05-23,1866,2040,0,0,1866,0,174,0
retained,50,overtime,2023-05-24,0,2040,0,0,0,0,2040,0
retained,50,overtime,2023-05-25,1869,2040,0,0,1869,0,171,0
retained,50,overtime,2023-05-26,1358,2040,0,0,1358,0,682,0
retained,50,overtime,2023-05-27,0,0,0,0,0,0,0,0
retained,50,overtime,2023-05-28,0,0,0,0,0,0,0,0
retained,50,overtime,2023-05-29,1285,2040,0,0,1285,0,755,0
retained,50,overtime,2023-05-30,1585,2040,0,0,1585,0,455,0
retained,50,overtime,2023-05-31,1369,2040,0,0,1369,0,671,0
retained,50,overtime,2023-06-01,709,2040,0,0,709,0,1331,0
retained,50,overtime,2023-06-02,117,2040,0,0,117,0,1923,0
retained,50,overtime,2023-06-03,0,0,0,0,0,0,0,0
retained,50,overtime,2023-06-04,0,0,0,0,0,0,0,0
retained,50,overtime,2023-06-05,1450,2040,0,0,1450,0,590,0
retained,50,overtime,2023-06-06,956,2040,0,0,956,0,1084,0
retained,50,overtime,2023-06-07,3004,2550,12,0,2550,454,0,0
retained,50,overtime,2023-06-08,122,2040,0,454,576,0,1464,0
retained,50,overtime,2023-06-09,708,2040,0,0,708,0,1332,0
retained,50,overtime,2023-06-10,0,0,0,0,0,0,0,0
retained,50,overtime,2023-06-11,0,0,0,0,0,0,0,0
retained,50,overtime,2023-06-12,1282,2040,0,0,1282,0,758,0
retained,50,overtime,2023-06-13,521,2040,0,0,521,0,1519,0
retained,50,overtime,2023-06-14,2095,2550,12,0,2095,0,455,0
retained,50,overtime,2023-06-15,478,2040,0,0,478,0,1562,0
retained,50,overtime,2023-06-16,143,2040,0,0,143,0,1897,0
retained,50,overtime,2023-06-17,0,0,0,0,0,0,0,0
retained,50,overtime,2023-06-18,0,0,0,0,0,0,0,0
retained,50,overtime,2023-06-19,3416,2550,12,0,2550,866,0,0
retained,50,overtime,2023-06-20,680,2040,0,866,1546,0,494,0
retained,50,overtime,2023-06-21,536,2040,0,0,536,0,1504,0
retained,50,overtime,2023-06-22,517,2040,0,0,517,0,1523,0
retained,50,overtime,2023-06-23,0,2040,0,0,0,0,2040,0
retained,50,overtime,2023-06-24,0,0,0,0,0,0,0,0
retained,50,overtime,2023-06-25,0,0,0,0,0,0,0,0
retained,50,overtime,2023-06-26,2050,2550,12,0,2050,0,500,0
retained,50,overtime,2023-06-27,1895,2040,0,0,1895,0,145,0
retained,50,overtime,2023-06-28,636,2040,0,0,636,0,1404,0
retained,50,overtime,2023-06-29,186,2040,0,0,186,0,1854,0
retained,50,overtime,2023-06-30,1920,2040,0,0,1920,0,120,0
retained,50,overtime,2023-07-01,0,0,0,0,0,0,0,0
retained,50,overtime,2023-07-02,0,0,0,0,0,0,0,0
retained,50,overtime,2023-07-03,1355,2040,0,0,1355,0,685,0
retained,50,overtime,2023-07-04,1260,2040,0,0,1260,0,780,0
retained,50,overtime,2023-07-05,0,2040,0,0,0,0,2040,0
retained,50,overtime,2023-07-06,2395,2550,12,0,2395,0,155,0
retained,50,overtime,2023-07-07,180,2040,0,0,180,0,1860,0
retained,50,overtime,2023-07-08,0,0,0,0,0,0,0,0
retained,50,overtime,2023-07-09,0,0,0,0,0,0,0,0
retained,50,overtime,2023-07-10,952,2040,0,0,952,0,1088,0
retained,50,overtime,2023-07-11,1711,2040,0,0,1711,0,329,0
retained,50,overtime,2023-07-12,1009,2040,0,0,1009,0,1031,0
retained,50,overtime,2023-07-13,550,2040,0,0,550,0,1490,0
retained,50,overtime,2023-07-14,0,2040,0,0,0,0,2040,0
retained,50,overtime,2023-07-15,0,0,0,0,0,0,0,0
retained,50,overtime,2023-07-16,0,0,0,0,0,0,0,0
retained,50,overtime,2023-07-17,1685,2040,0,0,1685,0,355,0
retained,50,overtime,2023-07-18,1697,2040,0,0,1697,0,343,0
retained,50,overtime,2023-07-19,992,2040,0,0,992,0,1048,0
retained,50,overtime,2023-07-20,339,2040,0,0,339,0,1701,0
retained,50,overtime,2023-07-21,0,2040,0,0,0,0,2040,0
retained,50,overtime,2023-07-22,0,0,0,0,0,0,0,0
retained,50,overtime,2023-07-23,0,0,0,0,0,0,0,0
retained,50,overtime,2023-07-24,1087,2040,0,0,1087,0,953,0
retained,50,overtime,2023-07-25,865,2040,0,0,865,0,1175,0
retained,50,overtime,2023-07-26,469,2040,0,0,469,0,1571,0
retained,50,overtime,2023-07-27,586,2040,0,0,586,0,1454,0
retained,50,overtime,2023-07-28,668,2040,0,0,668,0,1372,0
retained,50,overtime,2023-07-29,0,0,0,0,0,0,0,0
retained,50,overtime,2023-07-30,0,0,0,0,0,0,0,0
retained,50,overtime,2023-07-31,590,2040,0,0,590,0,1450,0
retained,50,overtime,2023-08-01,557,2040,0,0,557,0,1483,0
retained,50,overtime,2023-08-02,126,2040,0,0,126,0,1914,0
retained,50,overtime,2023-08-03,549,2040,0,0,549,0,1491,0
retained,50,overtime,2023-08-04,235,2040,0,0,235,0,1805,0
retained,50,overtime,2023-08-05,0,0,0,0,0,0,0,0
retained,50,overtime,2023-08-06,0,0,0,0,0,0,0,0
retained,50,overtime,2023-08-07,1728,2040,0,0,1728,0,312,0
retained,50,overtime,2023-08-08,625,2040,0,0,625,0,1415,0
retained,50,overtime,2023-08-09,573,2040,0,0,573,0,1467,0
retained,50,overtime,2023-08-10,736,2040,0,0,736,0,1304,0
retained,50,overtime,2023-08-11,0,2040,0,0,0,0,2040,0
retained,50,overtime,2023-08-12,0,0,0,0,0,0,0,0
retained,50,overtime,2023-08-13,1231,0,0,0,0,1231,0,0
retained,50,overtime,2023-08-14,0,2040,0,1231,1231,0,809,0
retained,50,overtime,2023-08-15,1238,2040,0,0,1238,0,802,0
retained,50,overtime,2023-08-16,899,2040,0,0,899,0,1141,0
retained,50,overtime,2023-08-17,1202,2040,0,0,1202,0,838,0
retained,50,overtime,2023-08-18,12,2040,0,0,12,0,2028,0
retained,50,overtime,2023-08-19,0,0,0,0,0,0,0,0
retained,50,overtime,2023-08-20,0,0,0,0,0,0,0,0
retained,50,overtime,2023-08-21,18,2040,0,0,18,0,2022,0
retained,50,overtime,2023-08-22,4599,2550,12,0,2550,2049,0,0
retained,50,overtime,2023-08-23,150,2550,12,2049,2199,0,351,0
retained,50,overtime,2023-08-24,2856,2550,12,0,2550,306,0,0
retained,50,overtime,2023-08-25,0,2040,0,306,306,0,1734,0
retained,50,overtime,2023-08-26,0,0,0,0,0,0,0,0
retained,50,overtime,2023-08-27,0,0,0,0,0,0,0,0
retained,50,overtime,2023-08-28,2483,2550,12,0,2483,0,67,0
retained,50,overtime,2023-08-29,615,2040,0,0,615,0,1425,0
retained,50,overtime,2023-08-30,1178,2040,0,0,1178,0,862,0
retained,50,overtime,2023-08-31,1595,2040,0,0,1595,0,445,0
retained,50,overtime,2023-09-01,1147,2040,0,0,1147,0,893,0
retained,50,overtime,2023-09-02,0,0,0,0,0,0,0,0
retained,50,overtime,2023-09-03,0,0,0,0,0,0,0,0
retained,50,overtime,2023-09-04,0,2040,0,0,0,0,2040,0
retained,50,overtime,2023-09-05,1323,2040,0,0,1323,0,717,0
retained,50,overtime,2023-09-06,826,2040,0,0,826,0,1214,0
retained,50,overtime,2023-09-07,802,2040,0,0,802,0,1238,0
retained,50,overtime,2023-09-08,375,2040,0,0,375,0,1665,0
retained,50,overtime,2023-09-09,0,0,0,0,0,0,0,0
retained,50,overtime,2023-09-10,1920,0,0,0,0,1920,0,0
retained,50,overtime,2023-09-11,0,2040,0,1920,1920,0,120,0
retained,50,overtime,2023-09-12,2188,2550,12,0,2188,0,362,0
retained,50,overtime,2023-09-13,1403,2040,0,0,1403,0,637,0
retained,50,overtime,2023-09-14,0,2040,0,0,0,0,2040,0
retained,50,overtime,2023-09-15,0,2040,0,0,0,0,2040,0
retained,50,overtime,2023-09-16,0,0,0,0,0,0,0,0
retained,50,overtime,2023-09-17,1920,0,0,0,0,1920,0,0
retained,50,overtime,2023-09-18,32,2040,0,1920,1952,0,88,0
retained,50,overtime,2023-09-19,3603,2550,12,0,2550,1053,0,0
retained,50,overtime,2023-09-20,0,2040,0,1053,1053,0,987,0
retained,50,overtime,2023-09-21,2785,2550,12,0,2550,235,0,0
retained,50,overtime,2023-09-22,0,2040,0,235,235,0,1805,0
retained,50,overtime,2023-09-23,0,0,0,0,0,0,0,0
retained,50,overtime,2023-09-24,0,0,0,0,0,0,0,0
retained,50,overtime,2023-09-25,2379,2550,12,0,2379,0,171,0
retained,50,overtime,2023-09-26,131,2040,0,0,131,0,1909,0
retained,50,overtime,2023-09-27,0,2040,0,0,0,0,2040,0
retained,50,overtime,2023-09-28,0,2040,0,0,0,0,2040,0
retained,50,overtime,2023-09-29,108,2040,0,0,108,0,1932,0
retained,50,overtime,2023-09-30,0,0,0,0,0,0,0,0
retained,50,overtime,2023-10-01,0,0,0,0,0,0,0,0
retained,50,overtime,2023-10-02,5347,2550,12,0,2550,2797,0,0
retained,50,overtime,2023-10-03,136,2550,12,2797,2550,383,0,1
retained,50,overtime,2023-10-04,60,2040,0,383,443,0,1597,0
retained,50,overtime,2023-10-05,2341,2550,12,0,2341,0,209,0
retained,50,overtime,2023-10-06,1451,2040,0,0,1451,0,589,0
retained,50,overtime,2023-10-07,0,0,0,0,0,0,0,0
retained,50,overtime,2023-10-08,0,0,0,0,0,0,0,0
retained,50,overtime,2023-10-09,0,2040,0,0,0,0,2040,0
retained,50,overtime,2023-10-10,3,2040,0,0,3,0,2037,0
retained,50,overtime,2023-10-11,319,2040,0,0,319,0,1721,0
retained,50,overtime,2023-10-12,1938,2040,0,0,1938,0,102,0
retained,50,overtime,2023-10-13,1900,2040,0,0,1900,0,140,0
retained,50,overtime,2023-10-14,0,0,0,0,0,0,0,0
retained,50,overtime,2023-10-15,0,0,0,0,0,0,0,0
retained,50,overtime,2023-10-16,1273,2040,0,0,1273,0,767,0
retained,50,overtime,2023-10-17,720,2040,0,0,720,0,1320,0
retained,50,overtime,2023-10-18,815,2040,0,0,815,0,1225,0
retained,50,overtime,2023-10-19,531,2040,0,0,531,0,1509,0
retained,50,overtime,2023-10-20,0,2040,0,0,0,0,2040,0
retained,50,overtime,2023-10-21,0,0,0,0,0,0,0,0
retained,50,overtime,2023-10-22,0,0,0,0,0,0,0,0
retained,50,overtime,2023-10-23,0,2040,0,0,0,0,2040,0
retained,50,overtime,2023-10-24,0,2040,0,0,0,0,2040,0
retained,50,overtime,2023-10-25,0,2040,0,0,0,0,2040,0
retained,50,overtime,2023-10-26,0,2040,0,0,0,0,2040,0
retained,50,overtime,2023-10-27,0,2040,0,0,0,0,2040,0
retained,50,overtime,2023-10-28,0,0,0,0,0,0,0,0
retained,50,overtime,2023-10-29,0,0,0,0,0,0,0,0
retained,50,overtime,2023-10-30,0,2040,0,0,0,0,2040,0
retained,50,overtime,2023-10-31,0,2040,0,0,0,0,2040,0
retained,50,overtime,2023-11-01,0,2040,0,0,0,0,2040,0
retained,50,overtime,2023-11-02,0,2040,0,0,0,0,2040,0
retained,50,temporary,2023-01-05,2254,2040,0,0,2040,214,0,0
retained,50,temporary,2023-01-06,1556,2040,0,214,1770,0,270,0
retained,50,temporary,2023-01-07,0,0,0,0,0,0,0,0
retained,50,temporary,2023-01-08,0,0,0,0,0,0,0,0
retained,50,temporary,2023-01-09,1374,2040,0,0,1374,0,666,0
retained,50,temporary,2023-01-10,1551,2040,0,0,1551,0,489,0
retained,50,temporary,2023-01-11,807,2040,0,0,807,0,1233,0
retained,50,temporary,2023-01-12,1897,2040,0,0,1897,0,143,0
retained,50,temporary,2023-01-13,660,2040,0,0,660,0,1380,0
retained,50,temporary,2023-01-14,0,0,0,0,0,0,0,0
retained,50,temporary,2023-01-15,0,0,0,0,0,0,0,0
retained,50,temporary,2023-01-16,885,2040,0,0,885,0,1155,0
retained,50,temporary,2023-01-17,997,2040,0,0,997,0,1043,0
retained,50,temporary,2023-01-18,1909,2040,0,0,1909,0,131,0
retained,50,temporary,2023-01-19,250,2040,0,0,250,0,1790,0
retained,50,temporary,2023-01-20,321,2040,0,0,321,0,1719,0
retained,50,temporary,2023-01-21,0,0,0,0,0,0,0,0
retained,50,temporary,2023-01-22,0,0,0,0,0,0,0,0
retained,50,temporary,2023-01-23,856,2040,0,0,856,0,1184,0
retained,50,temporary,2023-01-24,563,2040,0,0,563,0,1477,0
retained,50,temporary,2023-01-25,2819,2040,0,0,2040,779,0,0
retained,50,temporary,2023-01-26,871,2040,0,779,1650,0,390,0
retained,50,temporary,2023-01-27,731,2040,0,0,731,0,1309,0
retained,50,temporary,2023-01-28,0,0,0,0,0,0,0,0
retained,50,temporary,2023-01-29,0,0,0,0,0,0,0,0
retained,50,temporary,2023-01-30,1083,2040,0,0,1083,0,957,0
retained,50,temporary,2023-01-31,1023,2040,0,0,1023,0,1017,0
retained,50,temporary,2023-02-01,278,2040,0,0,278,0,1762,0
retained,50,temporary,2023-02-02,1293,2040,0,0,1293,0,747,0
retained,50,temporary,2023-02-03,662,2040,0,0,662,0,1378,0
retained,50,temporary,2023-02-04,0,0,0,0,0,0,0,0
retained,50,temporary,2023-02-05,0,0,0,0,0,0,0,0
retained,50,temporary,2023-02-06,1526,2040,0,0,1526,0,514,0
retained,50,temporary,2023-02-07,854,2040,0,0,854,0,1186,0
retained,50,temporary,2023-02-08,975,2040,0,0,975,0,1065,0
retained,50,temporary,2023-02-09,1707,2040,0,0,1707,0,333,0
retained,50,temporary,2023-02-10,462,2040,0,0,462,0,1578,0
retained,50,temporary,2023-02-11,0,0,0,0,0,0,0,0
retained,50,temporary,2023-02-12,0,0,0,0,0,0,0,0
retained,50,temporary,2023-02-13,1306,2040,0,0,1306,0,734,0
retained,50,temporary,2023-02-14,638,2040,0,0,638,0,1402,0
retained,50,temporary,2023-02-15,384,2040,0,0,384,0,1656,0
retained,50,temporary,2023-02-16,2383,2040,0,0,2040,343,0,0
retained,50,temporary,2023-02-17,0,2040,0,343,343,0,1697,0
retained,50,temporary,2023-02-18,0,0,0,0,0,0,0,0
retained,50,temporary,2023-02-19,1920,0,0,0,0,1920,0,0
retained,50,temporary,2023-02-20,0,2040,0,1920,1920,0,120,0
retained,50,temporary,2023-02-21,1943,2040,0,0,1943,0,97,0
retained,50,temporary,2023-02-22,1414,2040,0,0,1414,0,626,0
retained,50,temporary,2023-02-23,1907,2040,0,0,1907,0,133,0
retained,50,temporary,2023-02-24,1163,2040,0,0,1163,0,877,0
retained,50,temporary,2023-02-25,0,0,0,0,0,0,0,0
retained,50,temporary,2023-02-26,0,0,0,0,0,0,0,0
retained,50,temporary,2023-02-27,1496,2040,0,0,1496,0,544,0
retained,50,temporary,2023-02-28,1134,2040,0,0,1134,0,906,0
retained,50,temporary,2023-03-01,227,2040,0,0,227,0,1813,0
retained,50,temporary,2023-03-02,2495,2040,0,0,2040,455,0,0
retained,50,temporary,2023-03-03,709,2040,0,455,1164,0,876,0
retained,50,temporary,2023-03-04,0,0,0,0,0,0,0,0
retained,50,temporary,2023-03-05,0,0,0,0,0,0,0,0
retained,50,temporary,2023-03-06,1586,2040,0,0,1586,0,454,0
retained,50,temporary,2023-03-07,479,2040,0,0,479,0,1561,0
retained,50,temporary,2023-03-08,1729,2040,0,0,1729,0,311,0
retained,50,temporary,2023-03-09,1078,2040,0,0,1078,0,962,0
retained,50,temporary,2023-03-10,382,2040,0,0,382,0,1658,0
retained,50,temporary,2023-03-11,0,0,0,0,0,0,0,0
retained,50,temporary,2023-03-12,437,0,0,0,0,437,0,0
retained,50,temporary,2023-03-13,0,2040,0,437,437,0,1603,0
retained,50,temporary,2023-03-14,1656,2040,0,0,1656,0,384,0
retained,50,temporary,2023-03-15,384,2040,0,0,384,0,1656,0
retained,50,temporary,2023-03-16,1518,2040,0,0,1518,0,522,0
retained,50,temporary,2023-03-17,2400,2040,0,0,2040,360,0,0
retained,50,temporary,2023-03-18,0,0,0,360,0,360,0,1
retained,50,temporary,2023-03-19,0,0,0,360,0,360,0,2
retained,50,temporary,2023-03-20,0,2040,0,360,360,0,1680,0
retained,50,temporary,2023-03-21,0,2040,0,0,0,0,2040,0
retained,50,temporary,2023-03-22,5911,2040,0,0,2040,3871,0,0
retained,50,temporary,2023-03-23,0,2584,16,3871,2584,1287,0,1
retained,50,temporary,2023-03-24,0,2040,0,1287,1287,0,753,0
retained,50,temporary,2023-03-25,0,0,0,0,0,0,0,0
retained,50,temporary,2023-03-26,0,0,0,0,0,0,0,0
retained,50,temporary,2023-03-27,1277,2040,0,0,1277,0,763,0
retained,50,temporary,2023-03-28,102,2040,0,0,102,0,1938,0
retained,50,temporary,2023-03-29,3482,2040,0,0,2040,1442,0,0
retained,50,temporary,2023-03-30,0,2040,0,1442,1442,0,598,0
retained,50,temporary,2023-03-31,0,2040,0,0,0,0,2040,0
retained,50,temporary,2023-04-01,0,0,0,0,0,0,0,0
retained,50,temporary,2023-04-02,0,0,0,0,0,0,0,0
retained,50,temporary,2023-04-03,3072,2040,0,0,2040,1032,0,0
retained,50,temporary,2023-04-04,1432,2040,0,1032,2040,424,0,0
retained,50,temporary,2023-04-05,808,2040,0,424,1232,0,808,0
retained,50,temporary,2023-04-06,909,2040,0,0,909,0,1131,0
retained,50,temporary,2023-04-07,0,2040,0,0,0,0,2040,0
retained,50,temporary,2023-04-08,0,0,0,0,0,0,0,0
retained,50,temporary,2023-04-09,0,0,0,0,0,0,0,0
retained,50,temporary,2023-04-10,0,2040,0,0,0,0,2040,0
retained,50,temporary,2023-04-11,1284,2040,0,0,1284,0,756,0
retained,50,temporary,2023-04-12,0,2040,0,0,0,0,2040,0
retained,50,temporary,2023-04-13,3489,2040,0,0,2040,1449,0,0
retained,50,temporary,2023-04-14,0,2040,0,1449,1449,0,591,0
retained,50,temporary,2023-04-15,0,0,0,0,0,0,0,0
retained,50,temporary,2023-04-16,0,0,0,0,0,0,0,0
retained,50,temporary,2023-04-17,2661,2040,0,0,2040,621,0,0
retained,50,temporary,2023-04-18,513,2040,0,621,1134,0,906,0
retained,50,temporary,2023-04-19,1325,2040,0,0,1325,0,715,0
retained,50,temporary,2023-04-20,878,2040,0,0,878,0,1162,0
retained,50,temporary,2023-04-21,497,2040,0,0,497,0,1543,0
retained,50,temporary,2023-04-22,0,0,0,0,0,0,0,0
retained,50,temporary,2023-04-23,0,0,0,0,0,0,0,0
retained,50,temporary,2023-04-24,1800,2040,0,0,1800,0,240,0
retained,50,temporary,2023-04-25,819,2040,0,0,819,0,1221,0
retained,50,temporary,2023-04-26,1591,2040,0,0,1591,0,449,0
retained,50,temporary,2023-04-27,327,2040,0,0,327,0,1713,0
retained,50,temporary,2023-04-28,432,2040,0,0,432,0,1608,0
retained,50,temporary,2023-04-29,0,0,0,0,0,0,0,0
retained,50,temporary,2023-04-30,0,0,0,0,0,0,0,0
retained,50,temporary,2023-05-01,986,2040,0,0,986,0,1054,0
retained,50,temporary,2023-05-02,1145,2040,0,0,1145,0,895,0
retained,50,temporary,2023-05-03,1466,2040,0,0,1466,0,574,0
retained,50,temporary,2023-05-04,2698,2040,0,0,2040,658,0,0
retained,50,temporary,2023-05-05,930,2040,0,658,1588,0,452,0
retained,50,temporary,2023-05-06,0,0,0,0,0,0,0,0
retained,50,temporary,2023-05-07,0,0,0,0,0,0,0,0
retained,50,temporary,2023-05-08,2298,2040,0,0,2040,258,0,0
retained,50,temporary,2023-05-09,1881,2040,0,258,2040,99,0,0
retained,50,temporary,2023-05-10,0,2040,0,99,99,0,1941,0
retained,50,temporary,2023-05-11,1986,2040,0,0,1986,0,54,0
retained,50,temporary,2023-05-12,744,2040,0,0,744,0,1296,0
retained,50,temporary,2023-05-13,0,0,0,0,0,0,0,0
retained,50,temporary,2023-05-14,0,0,0,0,0,0,0,0
retained,50,temporary,2023-05-15,1049,2040,0,0,1049,0,991,0
retained,50,temporary,2023-05-16,3822,2040,0,0,2040,1782,0,0
retained,50,temporary,2023-05-17,0,2040,0,1782,1782,0,258,0
retained,50,temporary,2023-05-18,1999,2040,0,0,1999,0,41,0
retained,50,temporary,2023-05-19,1526,2040,0,0,1526,0,514,0
retained,50,temporary,2023-05-20,0,0,0,0,0,0,0,0
retained,50,temporary,2023-05-21,0,0,0,0,0,0,0,0
retained,50,temporary,2023-05-22,0,2040,0,0,0,0,2040,0
retained,50,temporary,2023-05-23,1866,2040,0,0,1866,0,174,0
retained,50,temporary,2023-05-24,0,2040,0,0,0,0,2040,0
retained,50,temporary,2023-05-25,1869,2040,0,0,1869,0,171,0
retained,50,temporary,2023-05-26,1358,2040,0,0,1358,0,682,0
retained,50,temporary,2023-05-27,0,0,0,0,0,0,0,0
retained,50,temporary,2023-05-28,0,0,0,0,0,0,0,0
retained,50,temporary,2023-05-29,1285,2040,0,0,1285,0,755,0
retained,50,temporary,2023-05-30,1585,2040,0,0,1585,0,455,0
retained,50,temporary,2023-05-31,1369,2040,0,0,1369,0,671,0
retained,50,temporary,2023-06-01,709,2040,0,0,709,0,1331,0
retained,50,temporary,2023-06-02,117,2040,0,0,117,0,1923,0
retained,50,temporary,2023-06-03,0,0,0,0,0,0,0,0
retained,50,temporary,2023-06-04,0,0,0,0,0,0,0,0
retained,50,temporary,2023-06-05,1450,2040,0,0,1450,0,590,0
retained,50,temporary,2023-06-06,956,2040,0,0,956,0,1084,0
retained,50,temporary,2023-06-07,3004,2040,0,0,2040,964,0,0
retained,50,temporary,2023-06-08,122,2040,0,964,1086,0,954,0
retained,50,temporary,2023-06-09,708,2040,0,0,708,0,1332,0
retained,50,temporary,2023-06-10,0,0,0,0,0,0,0,0
retained,50,temporary,2023-06-11,0,0,0,0,0,0,0,0
retained,50,temporary,2023-06-12,1282,2040,0,0,1282,0,758,0
retained,50,temporary,2023-06-13,521,2040,0,0,521,0,1519,0
retained,50,temporary,2023-06-14,2095,2040,0,0,2040,55,0,0
retained,50,temporary,2023-06-15,478,2040,0,55,533,0,1507,0
retained,50,temporary,2023-06-16,143,2040,0,0,143,0,1897,0
retained,50,temporary,2023-06-17,0,0,0,0,0,0,0,0
retained,50,temporary,2023-06-18,0,0,0,0,0,0,0,0
retained,50,temporary,2023-06-19,3416,2040,0,0,2040,1376,0,0
retained,50,temporary,2023-06-20,680,2040,0,1376,2040,16,0,0
retained,50,temporary,2023-06-21,536,2040,0,16,552,0,1488,0
retained,50,temporary,2023-06-22,517,2040,0,0,517,0,1523,0
retained,50,temporary,2023-06-23,0,2040,0,0,0,0,2040,0
retained,50,temporary,2023-06-24,0,0,0,0,0,0,0,0
retained,50,temporary,2023-06-25,0,0,0,0,0,0,0,0
retained,50,temporary,2023-06-26,2050,2040,0,0,2040,10,0,0
retained,50,temporary,2023-06-27,1895,2040,0,10,1905,0,135,0
retained,50,temporary,2023-06-28,636,2040,0,0,636,0,1404,0
retained,50,temporary,2023-06-29,186,2040,0,0,186,0,1854,0
retained,50,temporary,2023-06-30,1920,2040,0,0,1920,0,120,0
retained,50,temporary,2023-07-01,0,0,0,0,0,0,0,0
retained,50,temporary,2023-07-02,0,0,0,0,0,0,0,0
retained,50,temporary,2023-07-03,1355,2040,0,0,1355,0,685,0
retained,50,temporary,2023-07-04,1260,2040,0,0,1260,0,780,0
retained,50,temporary,2023-07-05,0,2040,0,0,0,0,2040,0
retained,50,temporary,2023-07-06,2395,2040,0,0,2040,355,0,0
retained,50,temporary,2023-07-07,180,2040,0,355,535,0,1505,0
retained,50,temporary,2023-07-08,0,0,0,0,0,0,0,0
retained,50,temporary,2023-07-09,0,0,0,0,0,0,0,0
retained,50,temporary,2023-07-10,952,2040,0,0,952,0,1088,0
retained,50,temporary,2023-07-11,1711,2040,0,0,1711,0,329,0
retained,50,temporary,2023-07-12,1009,2040,0,0,1009,0,1031,0
retained,50,temporary,2023-07-13,550,2040,0,0,550,0,1490,0
retained,50,temporary,2023-07-14,0,2040,0,0,0,0,2040,0
retained,50,temporary,2023-07-15,0,0,0,0,0,0,0,0
retained,50,temporary,2023-07-16,0,0,0,0,0,0,0,0
retained,50,temporary,2023-07-17,1685,2040,0,0,1685,0,355,0
retained,50,temporary,2023-07-18,1697,2040,0,0,1697,0,343,0
retained,50,temporary,2023-07-19,992,2040,0,0,992,0,1048,0
retained,50,temporary,2023-07-20,339,2040,0,0,339,0,1701,0
retained,50,temporary,2023-07-21,0,2040,0,0,0,0,2040,0
retained,50,temporary,2023-07-22,0,0,0,0,0,0,0,0
retained,50,temporary,2023-07-23,0,0,0,0,0,0,0,0
retained,50,temporary,2023-07-24,1087,2040,0,0,1087,0,953,0
retained,50,temporary,2023-07-25,865,2040,0,0,865,0,1175,0
retained,50,temporary,2023-07-26,469,2040,0,0,469,0,1571,0
retained,50,temporary,2023-07-27,586,2040,0,0,586,0,1454,0
retained,50,temporary,2023-07-28,668,2040,0,0,668,0,1372,0
retained,50,temporary,2023-07-29,0,0,0,0,0,0,0,0
retained,50,temporary,2023-07-30,0,0,0,0,0,0,0,0
retained,50,temporary,2023-07-31,590,2040,0,0,590,0,1450,0
retained,50,temporary,2023-08-01,557,2040,0,0,557,0,1483,0
retained,50,temporary,2023-08-02,126,2040,0,0,126,0,1914,0
retained,50,temporary,2023-08-03,549,2040,0,0,549,0,1491,0
retained,50,temporary,2023-08-04,235,2040,0,0,235,0,1805,0
retained,50,temporary,2023-08-05,0,0,0,0,0,0,0,0
retained,50,temporary,2023-08-06,0,0,0,0,0,0,0,0
retained,50,temporary,2023-08-07,1728,2040,0,0,1728,0,312,0
retained,50,temporary,2023-08-08,625,2040,0,0,625,0,1415,0
retained,50,temporary,2023-08-09,573,2040,0,0,573,0,1467,0
retained,50,temporary,2023-08-10,736,2040,0,0,736,0,1304,0
retained,50,temporary,2023-08-11,0,2040,0,0,0,0,2040,0
retained,50,temporary,2023-08-12,0,0,0,0,0,0,0,0
retained,50,temporary,2023-08-13,1231,0,0,0,0,1231,0,0
retained,50,temporary,2023-08-14,0,2040,0,1231,1231,0,809,0
retained,50,temporary,2023-08-15,1238,2040,0,0,1238,0,802,0
retained,50,temporary,2023-08-16,899,2040,0,0,899,0,1141,0
retained,50,temporary,2023-08-17,1202,2040,0,0,1202,0,838,0
retained,50,temporary,2023-08-18,12,2040,0,0,12,0,2028,0
retained,50,temporary,2023-08-19,0,0,0,0,0,0,0,0
retained,50,temporary,2023-08-20,0,0,0,0,0,0,0,0
retained,50,temporary,2023-08-21,18,2040,0,0,18,0,2022,0
retained,50,temporary,2023-08-22,4599,2040,0,0,2040,2559,0,0
retained,50,temporary,2023-08-23,150,2584,16,2559,2584,125,0,0
retained,50,temporary,2023-08-24,2856,2040,0,125,2040,941,0,0
retained,50,temporary,2023-08-25,0,2040,0,941,941,0,1099,0
retained,50,temporary,2023-08-26,0,0,0,0,0,0,0,0
retained,50,temporary,2023-08-27,0,0,0,0,0,0,0,0
retained,50,temporary,2023-08-28,2483,2040,0,0,2040,443,0,0
retained,50,temporary,2023-08-29,615,2040,0,443,1058,0,982,0
retained,50,temporary,2023-08-30,1178,2040,0,0,1178,0,862,0
retained,50,temporary,2023-08-31,1595,2040,0,0,1595,0,445,0
retained,50,temporary,2023-09-01,1147,2040,0,0,1147,0,893,0
retained,50,temporary,2023-09-02,0,0,0,0,0,0,0,0
retained,50,temporary,2023-09-03,0,0,0,0,0,0,0,0
retained,50,temporary,2023-09-04,0,2040,0,0,0,0,2040,0
retained,50,temporary,2023-09-05,1323,2040,0,0,1323,0,717,0
retained,50,temporary,2023-09-06,826,2040,0,0,826,0,1214,0
retained,50,temporary,2023-09-07,802,2040,0,0,802,0,1238,0
retained,50,temporary,2023-09-08,375,2040,0,0,375,0,1665,0
retained,50,temporary,2023-09-09,0,0,0,0,0,0,0,0
retained,50,temporary,2023-09-10,1920,0,0,0,0,1920,0,0
retained,50,temporary,2023-09-11,0,2040,0,1920,1920,0,120,0
retained,50,temporary,2023-09-12,2188,2040,0,0,2040,148,0,0
retained,50,temporary,2023-09-13,1403,2040,0,148,1551,0,489,0
retained,50,temporary,2023-09-14,0,2040,0,0,0,0,2040,0
retained,50,temporary,2023-09-15,0,2040,0,0,0,0,2040,0
retained,50,temporary,2023-09-16,0,0,0,0,0,0,0,0
retained,50,temporary,2023-09-17,1920,0,0,0,0,1920,0,0
retained,50,temporary,2023-09-18,32,2040,0,1920,1952,0,88,0
retained,50,temporary,2023-09-19,3603,2040,0,0,2040,1563,0,0
retained,50,temporary,2023-09-20,0,2040,0,1563,1563,0,477,0
retained,50,temporary,2023-09-21,2785,2040,0,0,2040,745,0,0
retained,50,temporary,2023-09-22,0,2040,0,745,745,0,1295,0
retained,50,temporary,2023-09-23,0,0,0,0,0,0,0,0
retained,50,temporary,2023-09-24,0,0,0,0,0,0,0,0
retained,50,temporary,2023-09-25,2379,2040,0,0,2040,339,0,0
retained,50,temporary,2023-09-26,131,2040,0,339,470,0,1570,0
retained,50,temporary,2023-09-27,0,2040,0,0,0,0,2040,0
retained,50,temporary,2023-09-28,0,2040,0,0,0,0,2040,0
retained,50,temporary,2023-09-29,108,2040,0,0,108,0,1932,0
retained,50,temporary,2023-09-30,0,0,0,0,0,0,0,0
retained,50,temporary,2023-10-01,0,0,0,0,0,0,0,0
retained,50,temporary,2023-10-02,5347,2040,0,0,2040,3307,0,0
retained,50,temporary,2023-10-03,136,2584,16,3307,2584,859,0,1
retained,50,temporary,2023-10-04,60,2040,0,859,919,0,1121,0
retained,50,temporary,2023-10-05,2341,2040,0,0,2040,301,0,0
retained,50,temporary,2023-10-06,1451,2040,0,301,1752,0,288,0
retained,50,temporary,2023-10-07,0,0,0,0,0,0,0,0
retained,50,temporary,2023-10-08,0,0,0,0,0,0,0,0
retained,50,temporary,2023-10-09,0,2040,0,0,0,0,2040,0
retained,50,temporary,2023-10-10,3,2040,0,0,3,0,2037,0
retained,50,temporary,2023-10-11,319,2040,0,0,319,0,1721,0
retained,50,temporary,2023-10-12,1938,2040,0,0,1938,0,102,0
retained,50,temporary,2023-10-13,1900,2040,0,0,1900,0,140,0
retained,50,temporary,2023-10-14,0,0,0,0,0,0,0,0
retained,50,temporary,2023-10-15,0,0,0,0,0,0,0,0
retained,50,temporary,2023-10-16,1273,2040,0,0,1273,0,767,0
retained,50,temporary,2023-10-17,720,2040,0,0,720,0,1320,0
retained,50,temporary,2023-10-18,815,2040,0,0,815,0,1225,0
retained,50,temporary,2023-10-19,531,2040,0,0,531,0,1509,0
retained,50,temporary,2023-10-20,0,2040,0,0,0,0,2040,0
retained,50,temporary,2023-10-21,0,0,0,0,0,0,0,0
retained,50,temporary,2023-10-22,0,0,0,0,0,0,0,0
retained,50,temporary,2023-10-23,0,2040,0,0,0,0,2040,0
retained,50,temporary,2023-10-24,0,2040,0,0,0,0,2040,0
retained,50,temporary,2023-10-25,0,2040,0,0,0,0,2040,0
retained,50,temporary,2023-10-26,0,2040,0,0,0,0,2040,0
retained,50,temporary,2023-10-27,0,2040,0,0,0,0,2040,0
retained,50,temporary,2023-10-28,0,0,0,0,0,0,0,0
retained,50,temporary,2023-10-29,0,0,0,0,0,0,0,0
retained,50,temporary,2023-10-30,0,2040,0,0,0,0,2040,0
retained,50,temporary,2023-10-31,0,2040,0,0,0,0,2040,0
retained,50,temporary,2023-11-01,0,2040,0,0,0,0,2040,0
retained,50,temporary,2023-11-02,0,2040,0,0,0,0,2040,0
deduplicated_sensitivity,30,carryover,2023-01-05,2254,1224,0,0,1224,1030,0,0
deduplicated_sensitivity,30,carryover,2023-01-06,1556,1224,0,1030,1224,1362,0,0
deduplicated_sensitivity,30,carryover,2023-01-07,0,0,0,1362,0,1362,0,1
deduplicated_sensitivity,30,carryover,2023-01-08,0,0,0,1362,0,1362,0,2
deduplicated_sensitivity,30,carryover,2023-01-09,1374,1224,0,1362,1224,1512,0,3
deduplicated_sensitivity,30,carryover,2023-01-10,1551,1224,0,1512,1224,1839,0,1
deduplicated_sensitivity,30,carryover,2023-01-11,807,1224,0,1839,1224,1422,0,1
deduplicated_sensitivity,30,carryover,2023-01-12,1897,1224,0,1422,1224,2095,0,1
deduplicated_sensitivity,30,carryover,2023-01-13,660,1224,0,2095,1224,1531,0,1
deduplicated_sensitivity,30,carryover,2023-01-14,0,0,0,1531,0,1531,0,2
deduplicated_sensitivity,30,carryover,2023-01-15,0,0,0,1531,0,1531,0,3
deduplicated_sensitivity,30,carryover,2023-01-16,885,1224,0,1531,1224,1192,0,3
deduplicated_sensitivity,30,carryover,2023-01-17,997,1224,0,1192,1224,965,0,0
deduplicated_sensitivity,30,carryover,2023-01-18,1908,1224,0,965,1224,1649,0,0
deduplicated_sensitivity,30,carryover,2023-01-19,250,1224,0,1649,1224,675,0,1
deduplicated_sensitivity,30,carryover,2023-01-20,321,1224,0,675,996,0,228,0
deduplicated_sensitivity,30,carryover,2023-01-21,0,0,0,0,0,0,0,0
deduplicated_sensitivity,30,carryover,2023-01-22,0,0,0,0,0,0,0,0
deduplicated_sensitivity,30,carryover,2023-01-23,856,1224,0,0,856,0,368,0
deduplicated_sensitivity,30,carryover,2023-01-24,563,1224,0,0,563,0,661,0
deduplicated_sensitivity,30,carryover,2023-01-25,1384,1224,0,0,1224,160,0,0
deduplicated_sensitivity,30,carryover,2023-01-26,871,1224,0,160,1031,0,193,0
deduplicated_sensitivity,30,carryover,2023-01-27,730,1224,0,0,730,0,494,0
deduplicated_sensitivity,30,carryover,2023-01-28,0,0,0,0,0,0,0,0
deduplicated_sensitivity,30,carryover,2023-01-29,0,0,0,0,0,0,0,0
deduplicated_sensitivity,30,carryover,2023-01-30,1083,1224,0,0,1083,0,141,0
deduplicated_sensitivity,30,carryover,2023-01-31,1023,1224,0,0,1023,0,201,0
deduplicated_sensitivity,30,carryover,2023-02-01,278,1224,0,0,278,0,946,0
deduplicated_sensitivity,30,carryover,2023-02-02,1293,1224,0,0,1224,69,0,0
deduplicated_sensitivity,30,carryover,2023-02-03,662,1224,0,69,731,0,493,0
deduplicated_sensitivity,30,carryover,2023-02-04,0,0,0,0,0,0,0,0
deduplicated_sensitivity,30,carryover,2023-02-05,0,0,0,0,0,0,0,0
deduplicated_sensitivity,30,carryover,2023-02-06,1526,1224,0,0,1224,302,0,0
deduplicated_sensitivity,30,carryover,2023-02-07,854,1224,0,302,1156,0,68,0
deduplicated_sensitivity,30,carryover,2023-02-08,975,1224,0,0,975,0,249,0
deduplicated_sensitivity,30,carryover,2023-02-09,1707,1224,0,0,1224,483,0,0
deduplicated_sensitivity,30,carryover,2023-02-10,462,1224,0,483,945,0,279,0
deduplicated_sensitivity,30,carryover,2023-02-11,0,0,0,0,0,0,0,0
deduplicated_sensitivity,30,carryover,2023-02-12,0,0,0,0,0,0,0,0
deduplicated_sensitivity,30,carryover,2023-02-13,1306,1224,0,0,1224,82,0,0
deduplicated_sensitivity,30,carryover,2023-02-14,638,1224,0,82,720,0,504,0
deduplicated_sensitivity,30,carryover,2023-02-15,384,1224,0,0,384,0,840,0
deduplicated_sensitivity,30,carryover,2023-02-16,2383,1224,0,0,1224,1159,0,0
deduplicated_sensitivity,30,carryover,2023-02-17,0,1224,0,1159,1159,0,65,0
deduplicated_sensitivity,30,carryover,2023-02-18,0,0,0,0,0,0,0,0
deduplicated_sensitivity,30,carryover,2023-02-19,510,0,0,0,0,510,0,0
deduplicated_sensitivity,30,carryover,2023-02-20,0,1224,0,510,510,0,714,0
deduplicated_sensitivity,30,carryover,2023-02-21,1943,1224,0,0,1224,719,0,0
deduplicated_sensitivity,30,carryover,2023-02-22,1414,1224,0,719,1224,909,0,0
deduplicated_sensitivity,30,carryover,2023-02-23,1907,1224,0,909,1224,1592,0,0
deduplicated_sensitivity,30,carryover,2023-02-24,1163,1224,0,1592,1224,1531,0,1
deduplicated_sensitivity,30,carryover,2023-02-25,0,0,0,1531,0,1531,0,2
deduplicated_sensitivity,30,carryover,2023-02-26,0,0,0,1531,0,1531,0,3
deduplicated_sensitivity,30,carryover,2023-02-27,1496,1224,0,1531,1224,1803,0,3
deduplicated_sensitivity,30,carryover,2023-02-28,1134,1224,0,1803,1224,1713,0,1
deduplicated_sensitivity,30,carryover,2023-03-01,227,1224,0,1713,1224,716,0,1
deduplicated_sensitivity,30,carryover,2023-03-02,2495,1224,0,716,1224,1987,0,0
deduplicated_sensitivity,30,carryover,2023-03-03,708,1224,0,1987,1224,1471,0,1
deduplicated_sensitivity,30,carryover,2023-03-04,0,0,0,1471,0,1471,0,2
deduplicated_sensitivity,30,carryover,2023-03-05,0,0,0,1471,0,1471,0,3
deduplicated_sensitivity,30,carryover,2023-03-06,1586,1224,0,1471,1224,1833,0,3
deduplicated_sensitivity,30,carryover,2023-03-07,479,1224,0,1833,1224,1088,0,1
deduplicated_sensitivity,30,carryover,2023-03-08,1728,1224,0,1088,1224,1592,0,0
deduplicated_sensitivity,30,carryover,2023-03-09,1078,1224,0,1592,1224,1446,0,1
deduplicated_sensitivity,30,carryover,2023-03-10,382,1224,0,1446,1224,604,0,1
deduplicated_sensitivity,30,carryover,2023-03-11,0,0,0,604,0,604,0,2
deduplicated_sensitivity,30,carryover,2023-03-12,437,0,0,604,0,1041,0,3
deduplicated_sensitivity,30,carryover,2023-03-13,0,1224,0,1041,1041,0,183,0
deduplicated_sensitivity,30,carryover,2023-03-14,1656,1224,0,0,1224,432,0,0
deduplicated_sensitivity,30,carryover,2023-03-15,384,1224,0,432,816,0,408,0
deduplicated_sensitivity,30,carryover,2023-03-16,1518,1224,0,0,1224,294,0,0
deduplicated_sensitivity,30,carryover,2023-03-17,2400,1224,0,294,1224,1470,0,0
deduplicated_sensitivity,30,carryover,2023-03-18,0,0,0,1470,0,1470,0,1
deduplicated_sensitivity,30,carryover,2023-03-19,0,0,0,1470,0,1470,0,2
deduplicated_sensitivity,30,carryover,2023-03-20,0,1224,0,1470,1224,246,0,3
deduplicated_sensitivity,30,carryover,2023-03-21,0,1224,0,246,246,0,978,0
deduplicated_sensitivity,30,carryover,2023-03-22,5910,1224,0,0,1224,4686,0,0
deduplicated_sensitivity,30,carryover,2023-03-23,0,1224,0,4686,1224,3462,0,1
deduplicated_sensitivity,30,carryover,2023-03-24,0,1224,0,3462,1224,2238,0,2
deduplicated_sensitivity,30,carryover,2023-03-25,0,0,0,2238,0,2238,0,3
deduplicated_sensitivity,30,carryover,2023-03-26,0,0,0,2238,0,2238,0,4
deduplicated_sensitivity,30,carryover,2023-03-27,1277,1224,0,2238,1224,2291,0,5
deduplicated_sensitivity,30,carryover,2023-03-28,102,1224,0,2291,1224,1169,0,1
deduplicated_sensitivity,30,carryover,2023-03-29,3482,1224,0,1169,1224,3427,0,0
deduplicated_sensitivity,30,carryover,2023-03-30,0,1224,0,3427,1224,2203,0,1
deduplicated_sensitivity,30,carryover,2023-03-31,0,1224,0,2203,1224,979,0,2
deduplicated_sensitivity,30,carryover,2023-04-01,0,0,0,979,0,979,0,3
deduplicated_sensitivity,30,carryover,2023-04-02,0,0,0,979,0,979,0,4
deduplicated_sensitivity,30,carryover,2023-04-03,3070,1224,0,979,1224,2825,0,0
deduplicated_sensitivity,30,carryover,2023-04-04,1432,1224,0,2825,1224,3033,0,1
deduplicated_sensitivity,30,carryover,2023-04-05,808,1224,0,3033,1224,2617,0,2
deduplicated_sensitivity,30,carryover,2023-04-06,909,1224,0,2617,1224,2302,0,2
deduplicated_sensitivity,30,carryover,2023-04-07,0,1224,0,2302,1224,1078,0,2
deduplicated_sensitivity,30,carryover,2023-04-08,0,0,0,1078,0,1078,0,3
deduplicated_sensitivity,30,carryover,2023-04-09,0,0,0,1078,0,1078,0,4
deduplicated_sensitivity,30,carryover,2023-04-10,0,1224,0,1078,1078,0,146,0
deduplicated_sensitivity,30,carryover,2023-04-11,1284,1224,0,0,1224,60,0,0
deduplicated_sensitivity,30,carryover,2023-04-12,0,1224,0,60,60,0,1164,0
deduplicated_sensitivity,30,carryover,2023-04-13,3489,1224,0,0,1224,2265,0,0
deduplicated_sensitivity,30,carryover,2023-04-14,0,1224,0,2265,1224,1041,0,1
deduplicated_sensitivity,30,carryover,2023-04-15,0,0,0,1041,0,1041,0,2
deduplicated_sensitivity,30,carryover,2023-04-16,0,0,0,1041,0,1041,0,3
deduplicated_sensitivity,30,carryover,2023-04-17,2661,1224,0,1041,1224,2478,0,0
deduplicated_sensitivity,30,carryover,2023-04-18,513,1224,0,2478,1224,1767,0,1
deduplicated_sensitivity,30,carryover,2023-04-19,1325,1224,0,1767,1224,1868,0,2
deduplicated_sensitivity,30,carryover,2023-04-20,878,1224,0,1868,1224,1522,0,1
deduplicated_sensitivity,30,carryover,2023-04-21,497,1224,0,1522,1224,795,0,1
deduplicated_sensitivity,30,carryover,2023-04-22,0,0,0,795,0,795,0,2
deduplicated_sensitivity,30,carryover,2023-04-23,0,0,0,795,0,795,0,3
deduplicated_sensitivity,30,carryover,2023-04-24,1800,1224,0,795,1224,1371,0,0
deduplicated_sensitivity,30,carryover,2023-04-25,819,1224,0,1371,1224,966,0,1
deduplicated_sensitivity,30,carryover,2023-04-26,1591,1224,0,966,1224,1333,0,0
deduplicated_sensitivity,30,carryover,2023-04-27,327,1224,0,1333,1224,436,0,1
deduplicated_sensitivity,30,carryover,2023-04-28,432,1224,0,436,868,0,356,0
deduplicated_sensitivity,30,carryover,2023-04-29,0,0,0,0,0,0,0,0
deduplicated_sensitivity,30,carryover,2023-04-30,0,0,0,0,0,0,0,0
deduplicated_sensitivity,30,carryover,2023-05-01,986,1224,0,0,986,0,238,0
deduplicated_sensitivity,30,carryover,2023-05-02,1145,1224,0,0,1145,0,79,0
deduplicated_sensitivity,30,carryover,2023-05-03,1466,1224,0,0,1224,242,0,0
deduplicated_sensitivity,30,carryover,2023-05-04,2698,1224,0,242,1224,1716,0,0
deduplicated_sensitivity,30,carryover,2023-05-05,930,1224,0,1716,1224,1422,0,1
deduplicated_sensitivity,30,carryover,2023-05-06,0,0,0,1422,0,1422,0,2
deduplicated_sensitivity,30,carryover,2023-05-07,0,0,0,1422,0,1422,0,3
deduplicated_sensitivity,30,carryover,2023-05-08,1028,1224,0,1422,1224,1226,0,3
deduplicated_sensitivity,30,carryover,2023-05-09,1881,1224,0,1226,1224,1883,0,1
deduplicated_sensitivity,30,carryover,2023-05-10,0,1224,0,1883,1224,659,0,1
deduplicated_sensitivity,30,carryover,2023-05-11,1986,1224,0,659,1224,1421,0,0
deduplicated_sensitivity,30,carryover,2023-05-12,744,1224,0,1421,1224,941,0,1
deduplicated_sensitivity,30,carryover,2023-05-13,0,0,0,941,0,941,0,2
deduplicated_sensitivity,30,carryover,2023-05-14,0,0,0,941,0,941,0,3
deduplicated_sensitivity,30,carryover,2023-05-15,1049,1224,0,941,1224,766,0,0
deduplicated_sensitivity,30,carryover,2023-05-16,2427,1224,0,766,1224,1969,0,0
deduplicated_sensitivity,30,carryover,2023-05-17,0,1224,0,1969,1224,745,0,1
deduplicated_sensitivity,30,carryover,2023-05-18,1999,1224,0,745,1224,1520,0,0
deduplicated_sensitivity,30,carryover,2023-05-19,1526,1224,0,1520,1224,1822,0,1
deduplicated_sensitivity,30,carryover,2023-05-20,0,0,0,1822,0,1822,0,2
deduplicated_sensitivity,30,carryover,2023-05-21,0,0,0,1822,0,1822,0,3
deduplicated_sensitivity,30,carryover,2023-05-22,0,1224,0,1822,1224,598,0,3
deduplicated_sensitivity,30,carryover,2023-05-23,1866,1224,0,598,1224,1240,0,0
deduplicated_sensitivity,30,carryover,2023-05-24,0,1224,0,1240,1224,16,0,1
deduplicated_sensitivity,30,carryover,2023-05-25,1869,1224,0,16,1224,661,0,0
deduplicated_sensitivity,30,carryover,2023-05-26,1358,1224,0,661,1224,795,0,0
deduplicated_sensitivity,30,carryover,2023-05-27,0,0,0,795,0,795,0,1
deduplicated_sensitivity,30,carryover,2023-05-28,0,0,0,795,0,795,0,2
deduplicated_sensitivity,30,carryover,2023-05-29,1285,1224,0,795,1224,856,0,0
deduplicated_sensitivity,30,carryover,2023-05-30,1585,1224,0,856,1224,1217,0,0
deduplicated_sensitivity,30,carryover,2023-05-31,1369,1224,0,1217,1224,1362,0,0
deduplicated_sensitivity,30,carryover,2023-06-01,709,1224,0,1362,1224,847,0,1
deduplicated_sensitivity,30,carryover,2023-06-02,117,1224,0,847,964,0,260,0
deduplicated_sensitivity,30,carryover,2023-06-03,0,0,0,0,0,0,0,0
deduplicated_sensitivity,30,carryover,2023-06-04,0,0,0,0,0,0,0,0
deduplicated_sensitivity,30,carryover,2023-06-05,1450,1224,0,0,1224,226,0,0
deduplicated_sensitivity,30,carryover,2023-06-06,956,1224,0,226,1182,0,42,0
deduplicated_sensitivity,30,carryover,2023-06-07,1544,1224,0,0,1224,320,0,0
deduplicated_sensitivity,30,carryover,2023-06-08,122,1224,0,320,442,0,782,0
deduplicated_sensitivity,30,carryover,2023-06-09,708,1224,0,0,708,0,516,0
deduplicated_sensitivity,30,carryover,2023-06-10,0,0,0,0,0,0,0,0
deduplicated_sensitivity,30,carryover,2023-06-11,0,0,0,0,0,0,0,0
deduplicated_sensitivity,30,carryover,2023-06-12,1282,1224,0,0,1224,58,0,0
deduplicated_sensitivity,30,carryover,2023-06-13,521,1224,0,58,579,0,645,0
deduplicated_sensitivity,30,carryover,2023-06-14,2095,1224,0,0,1224,871,0,0
deduplicated_sensitivity,30,carryover,2023-06-15,478,1224,0,871,1224,125,0,0
deduplicated_sensitivity,30,carryover,2023-06-16,143,1224,0,125,268,0,956,0
deduplicated_sensitivity,30,carryover,2023-06-17,0,0,0,0,0,0,0,0
deduplicated_sensitivity,30,carryover,2023-06-18,0,0,0,0,0,0,0,0
deduplicated_sensitivity,30,carryover,2023-06-19,1981,1224,0,0,1224,757,0,0
deduplicated_sensitivity,30,carryover,2023-06-20,679,1224,0,757,1224,212,0,0
deduplicated_sensitivity,30,carryover,2023-06-21,536,1224,0,212,748,0,476,0
deduplicated_sensitivity,30,carryover,2023-06-22,517,1224,0,0,517,0,707,0
deduplicated_sensitivity,30,carryover,2023-06-23,0,1224,0,0,0,0,1224,0
deduplicated_sensitivity,30,carryover,2023-06-24,0,0,0,0,0,0,0,0
deduplicated_sensitivity,30,carryover,2023-06-25,0,0,0,0,0,0,0,0
deduplicated_sensitivity,30,carryover,2023-06-26,2050,1224,0,0,1224,826,0,0
deduplicated_sensitivity,30,carryover,2023-06-27,1895,1224,0,826,1224,1497,0,0
deduplicated_sensitivity,30,carryover,2023-06-28,636,1224,0,1497,1224,909,0,1
deduplicated_sensitivity,30,carryover,2023-06-29,186,1224,0,909,1095,0,129,0
deduplicated_sensitivity,30,carryover,2023-06-30,515,1224,0,0,515,0,709,0
deduplicated_sensitivity,30,carryover,2023-07-01,0,0,0,0,0,0,0,0
deduplicated_sensitivity,30,carryover,2023-07-02,0,0,0,0,0,0,0,0
deduplicated_sensitivity,30,carryover,2023-07-03,1355,1224,0,0,1224,131,0,0
deduplicated_sensitivity,30,carryover,2023-07-04,1260,1224,0,131,1224,167,0,0
deduplicated_sensitivity,30,carryover,2023-07-05,0,1224,0,167,167,0,1057,0
deduplicated_sensitivity,30,carryover,2023-07-06,2395,1224,0,0,1224,1171,0,0
deduplicated_sensitivity,30,carryover,2023-07-07,180,1224,0,1171,1224,127,0,0
deduplicated_sensitivity,30,carryover,2023-07-08,0,0,0,127,0,127,0,1
deduplicated_sensitivity,30,carryover,2023-07-09,0,0,0,127,0,127,0,2
deduplicated_sensitivity,30,carryover,2023-07-10,952,1224,0,127,1079,0,145,0
deduplicated_sensitivity,30,carryover,2023-07-11,1711,1224,0,0,1224,487,0,0
deduplicated_sensitivity,30,carryover,2023-07-12,1009,1224,0,487,1224,272,0,0
deduplicated_sensitivity,30,carryover,2023-07-13,549,1224,0,272,821,0,403,0
deduplicated_sensitivity,30,carryover,2023-07-14,0,1224,0,0,0,0,1224,0
deduplicated_sensitivity,30,carryover,2023-07-15,0,0,0,0,0,0,0,0
deduplicated_sensitivity,30,carryover,2023-07-16,0,0,0,0,0,0,0,0
deduplicated_sensitivity,30,carryover,2023-07-17,1685,1224,0,0,1224,461,0,0
deduplicated_sensitivity,30,carryover,2023-07-18,1697,1224,0,461,1224,934,0,0
deduplicated_sensitivity,30,carryover,2023-07-19,992,1224,0,934,1224,702,0,0
deduplicated_sensitivity,30,carryover,2023-07-20,339,1224,0,702,1041,0,183,0
deduplicated_sensitivity,30,carryover,2023-07-21,0,1224,0,0,0,0,1224,0
deduplicated_sensitivity,30,carryover,2023-07-22,0,0,0,0,0,0,0,0
deduplicated_sensitivity,30,carryover,2023-07-23,0,0,0,0,0,0,0,0
deduplicated_sensitivity,30,carryover,2023-07-24,1087,1224,0,0,1087,0,137,0
deduplicated_sensitivity,30,carryover,2023-07-25,865,1224,0,0,865,0,359,0
deduplicated_sensitivity,30,carryover,2023-07-26,469,1224,0,0,469,0,755,0
deduplicated_sensitivity,30,carryover,2023-07-27,586,1224,0,0,586,0,638,0
deduplicated_sensitivity,30,carryover,2023-07-28,668,1224,0,0,668,0,556,0
deduplicated_sensitivity,30,carryover,2023-07-29,0,0,0,0,0,0,0,0
deduplicated_sensitivity,30,carryover,2023-07-30,0,0,0,0,0,0,0,0
deduplicated_sensitivity,30,carryover,2023-07-31,590,1224,0,0,590,0,634,0
deduplicated_sensitivity,30,carryover,2023-08-01,557,1224,0,0,557,0,667,0
deduplicated_sensitivity,30,carryover,2023-08-02,126,1224,0,0,126,0,1098,0
deduplicated_sensitivity,30,carryover,2023-08-03,549,1224,0,0,549,0,675,0
deduplicated_sensitivity,30,carryover,2023-08-04,235,1224,0,0,235,0,989,0
deduplicated_sensitivity,30,carryover,2023-08-05,0,0,0,0,0,0,0,0
deduplicated_sensitivity,30,carryover,2023-08-06,0,0,0,0,0,0,0,0
deduplicated_sensitivity,30,carryover,2023-08-07,1728,1224,0,0,1224,504,0,0
deduplicated_sensitivity,30,carryover,2023-08-08,625,1224,0,504,1129,0,95,0
deduplicated_sensitivity,30,carryover,2023-08-09,573,1224,0,0,573,0,651,0
deduplicated_sensitivity,30,carryover,2023-08-10,736,1224,0,0,736,0,488,0
deduplicated_sensitivity,30,carryover,2023-08-11,0,1224,0,0,0,0,1224,0
deduplicated_sensitivity,30,carryover,2023-08-12,0,0,0,0,0,0,0,0
deduplicated_sensitivity,30,carryover,2023-08-13,1231,0,0,0,0,1231,0,0
deduplicated_sensitivity,30,carryover,2023-08-14,0,1224,0,1231,1224,7,0,1
deduplicated_sensitivity,30,carryover,2023-08-15,1238,1224,0,7,1224,21,0,0
deduplicated_sensitivity,30,carryover,2023-08-16,899,1224,0,21,920,0,304,0
deduplicated_sensitivity,30,carryover,2023-08-17,1202,1224,0,0,1202,0,22,0
deduplicated_sensitivity,30,carryover,2023-08-18,12,1224,0,0,12,0,1212,0
deduplicated_sensitivity,30,carryover,2023-08-19,0,0,0,0,0,0,0,0
deduplicated_sensitivity,30,carryover,2023-08-20,0,0,0,0,0,0,0,0
deduplicated_sensitivity,30,carryover,2023-08-21,18,1224,0,0,18,0,1206,0
deduplicated_sensitivity,30,carryover,2023-08-22,4599,1224,0,0,1224,3375,0,0
deduplicated_sensitivity,30,carryover,2023-08-23,70,1224,0,3375,1224,2221,0,1
deduplicated_sensitivity,30,carryover,2023-08-24,2856,1224,0,2221,1224,3853,0,2
deduplicated_sensitivity,30,carryover,2023-08-25,0,1224,0,3853,1224,2629,0,1
deduplicated_sensitivity,30,carryover,2023-08-26,0,0,0,2629,0,2629,0,2
deduplicated_sensitivity,30,carryover,2023-08-27,0,0,0,2629,0,2629,0,3
deduplicated_sensitivity,30,carryover,2023-08-28,2483,1224,0,2629,1224,3888,0,4
deduplicated_sensitivity,30,carryover,2023-08-29,615,1224,0,3888,1224,3279,0,5
deduplicated_sensitivity,30,carryover,2023-08-30,1178,1224,0,3279,1224,3233,0,2
deduplicated_sensitivity,30,carryover,2023-08-31,1595,1224,0,3233,1224,3604,0,3
deduplicated_sensitivity,30,carryover,2023-09-01,1147,1224,0,3604,1224,3527,0,2
deduplicated_sensitivity,30,carryover,2023-09-02,0,0,0,3527,0,3527,0,3
deduplicated_sensitivity,30,carryover,2023-09-03,0,0,0,3527,0,3527,0,4
deduplicated_sensitivity,30,carryover,2023-09-04,0,1224,0,3527,1224,2303,0,4
deduplicated_sensitivity,30,carryover,2023-09-05,1323,1224,0,2303,1224,2402,0,4
deduplicated_sensitivity,30,carryover,2023-09-06,826,1224,0,2402,1224,2004,0,1
deduplicated_sensitivity,30,carryover,2023-09-07,802,1224,0,2004,1224,1582,0,1
deduplicated_sensitivity,30,carryover,2023-09-08,375,1224,0,1582,1224,733,0,1
deduplicated_sensitivity,30,carryover,2023-09-09,0,0,0,733,0,733,0,2
deduplicated_sensitivity,30,carryover,2023-09-10,490,0,0,733,0,1223,0,3
deduplicated_sensitivity,30,carryover,2023-09-11,0,1224,0,1223,1223,0,1,0
deduplicated_sensitivity,30,carryover,2023-09-12,2188,1224,0,0,1224,964,0,0
deduplicated_sensitivity,30,carryover,2023-09-13,1403,1224,0,964,1224,1143,0,0
deduplicated_sensitivity,30,carryover,2023-09-14,0,1224,0,1143,1143,0,81,0
deduplicated_sensitivity,30,carryover,2023-09-15,0,1224,0,0,0,0,1224,0
deduplicated_sensitivity,30,carryover,2023-09-16,0,0,0,0,0,0,0,0
deduplicated_sensitivity,30,carryover,2023-09-17,515,0,0,0,0,515,0,0
deduplicated_sensitivity,30,carryover,2023-09-18,32,1224,0,515,547,0,677,0
deduplicated_sensitivity,30,carryover,2023-09-19,3603,1224,0,0,1224,2379,0,0
deduplicated_sensitivity,30,carryover,2023-09-20,0,1224,0,2379,1224,1155,0,1
deduplicated_sensitivity,30,carryover,2023-09-21,2785,1224,0,1155,1224,2716,0,0
deduplicated_sensitivity,30,carryover,2023-09-22,0,1224,0,2716,1224,1492,0,1
deduplicated_sensitivity,30,carryover,2023-09-23,0,0,0,1492,0,1492,0,2
deduplicated_sensitivity,30,carryover,2023-09-24,0,0,0,1492,0,1492,0,3
deduplicated_sensitivity,30,carryover,2023-09-25,2378,1224,0,1492,1224,2646,0,4
deduplicated_sensitivity,30,carryover,2023-09-26,131,1224,0,2646,1224,1553,0,1
deduplicated_sensitivity,30,carryover,2023-09-27,0,1224,0,1553,1224,329,0,2
deduplicated_sensitivity,30,carryover,2023-09-28,0,1224,0,329,329,0,895,0
deduplicated_sensitivity,30,carryover,2023-09-29,108,1224,0,0,108,0,1116,0
deduplicated_sensitivity,30,carryover,2023-09-30,0,0,0,0,0,0,0,0
deduplicated_sensitivity,30,carryover,2023-10-01,0,0,0,0,0,0,0,0
deduplicated_sensitivity,30,carryover,2023-10-02,5347,1224,0,0,1224,4123,0,0
deduplicated_sensitivity,30,carryover,2023-10-03,136,1224,0,4123,1224,3035,0,1
deduplicated_sensitivity,30,carryover,2023-10-04,60,1224,0,3035,1224,1871,0,2
deduplicated_sensitivity,30,carryover,2023-10-05,2341,1224,0,1871,1224,2988,0,3
deduplicated_sensitivity,30,carryover,2023-10-06,1451,1224,0,2988,1224,3215,0,1
deduplicated_sensitivity,30,carryover,2023-10-07,0,0,0,3215,0,3215,0,2
deduplicated_sensitivity,30,carryover,2023-10-08,0,0,0,3215,0,3215,0,3
deduplicated_sensitivity,30,carryover,2023-10-09,0,1224,0,3215,1224,1991,0,4
deduplicated_sensitivity,30,carryover,2023-10-10,3,1224,0,1991,1224,770,0,4
deduplicated_sensitivity,30,carryover,2023-10-11,319,1224,0,770,1089,0,135,0
deduplicated_sensitivity,30,carryover,2023-10-12,1938,1224,0,0,1224,714,0,0
deduplicated_sensitivity,30,carryover,2023-10-13,1900,1224,0,714,1224,1390,0,0
deduplicated_sensitivity,30,carryover,2023-10-14,0,0,0,1390,0,1390,0,1
deduplicated_sensitivity,30,carryover,2023-10-15,0,0,0,1390,0,1390,0,2
deduplicated_sensitivity,30,carryover,2023-10-16,1273,1224,0,1390,1224,1439,0,3
deduplicated_sensitivity,30,carryover,2023-10-17,720,1224,0,1439,1224,935,0,1
deduplicated_sensitivity,30,carryover,2023-10-18,815,1224,0,935,1224,526,0,0
deduplicated_sensitivity,30,carryover,2023-10-19,531,1224,0,526,1057,0,167,0
deduplicated_sensitivity,30,carryover,2023-10-20,0,1224,0,0,0,0,1224,0
deduplicated_sensitivity,30,carryover,2023-10-21,0,0,0,0,0,0,0,0
deduplicated_sensitivity,30,carryover,2023-10-22,0,0,0,0,0,0,0,0
deduplicated_sensitivity,30,carryover,2023-10-23,0,1224,0,0,0,0,1224,0
deduplicated_sensitivity,30,carryover,2023-10-24,0,1224,0,0,0,0,1224,0
deduplicated_sensitivity,30,carryover,2023-10-25,0,1224,0,0,0,0,1224,0
deduplicated_sensitivity,30,carryover,2023-10-26,0,1224,0,0,0,0,1224,0
deduplicated_sensitivity,30,carryover,2023-10-27,0,1224,0,0,0,0,1224,0
deduplicated_sensitivity,30,carryover,2023-10-28,0,0,0,0,0,0,0,0
deduplicated_sensitivity,30,carryover,2023-10-29,0,0,0,0,0,0,0,0
deduplicated_sensitivity,30,carryover,2023-10-30,0,1224,0,0,0,0,1224,0
deduplicated_sensitivity,30,carryover,2023-10-31,0,1224,0,0,0,0,1224,0
deduplicated_sensitivity,30,carryover,2023-11-01,0,1224,0,0,0,0,1224,0
deduplicated_sensitivity,30,carryover,2023-11-02,0,1224,0,0,0,0,1224,0
deduplicated_sensitivity,30,overtime,2023-01-05,2254,1530,12,0,1530,724,0,0
deduplicated_sensitivity,30,overtime,2023-01-06,1556,1530,12,724,1530,750,0,0
deduplicated_sensitivity,30,overtime,2023-01-07,0,0,0,750,0,750,0,1
deduplicated_sensitivity,30,overtime,2023-01-08,0,0,0,750,0,750,0,2
deduplicated_sensitivity,30,overtime,2023-01-09,1374,1530,12,750,1530,594,0,0
deduplicated_sensitivity,30,overtime,2023-01-10,1551,1530,12,594,1530,615,0,0
deduplicated_sensitivity,30,overtime,2023-01-11,807,1530,12,615,1422,0,108,0
deduplicated_sensitivity,30,overtime,2023-01-12,1897,1530,12,0,1530,367,0,0
deduplicated_sensitivity,30,overtime,2023-01-13,660,1224,0,367,1027,0,197,0
deduplicated_sensitivity,30,overtime,2023-01-14,0,0,0,0,0,0,0,0
deduplicated_sensitivity,30,overtime,2023-01-15,0,0,0,0,0,0,0,0
deduplicated_sensitivity,30,overtime,2023-01-16,885,1224,0,0,885,0,339,0
deduplicated_sensitivity,30,overtime,2023-01-17,997,1224,0,0,997,0,227,0
deduplicated_sensitivity,30,overtime,2023-01-18,1908,1530,12,0,1530,378,0,0
deduplicated_sensitivity,30,overtime,2023-01-19,250,1224,0,378,628,0,596,0
deduplicated_sensitivity,30,overtime,2023-01-20,321,1224,0,0,321,0,903,0
deduplicated_sensitivity,30,overtime,2023-01-21,0,0,0,0,0,0,0,0
deduplicated_sensitivity,30,overtime,2023-01-22,0,0,0,0,0,0,0,0
deduplicated_sensitivity,30,overtime,2023-01-23,856,1224,0,0,856,0,368,0
deduplicated_sensitivity,30,overtime,2023-01-24,563,1224,0,0,563,0,661,0
deduplicated_sensitivity,30,overtime,2023-01-25,1384,1530,12,0,1384,0,146,0
deduplicated_sensitivity,30,overtime,2023-01-26,871,1224,0,0,871,0,353,0
deduplicated_sensitivity,30,overtime,2023-01-27,730,1224,0,0,730,0,494,0
deduplicated_sensitivity,30,overtime,2023-01-28,0,0,0,0,0,0,0,0
deduplicated_sensitivity,30,overtime,2023-01-29,0,0,0,0,0,0,0,0
deduplicated_sensitivity,30,overtime,2023-01-30,1083,1224,0,0,1083,0,141,0
deduplicated_sensitivity,30,overtime,2023-01-31,1023,1224,0,0,1023,0,201,0
deduplicated_sensitivity,30,overtime,2023-02-01,278,1224,0,0,278,0,946,0
deduplicated_sensitivity,30,overtime,2023-02-02,1293,1530,12,0,1293,0,237,0
deduplicated_sensitivity,30,overtime,2023-02-03,662,1224,0,0,662,0,562,0
deduplicated_sensitivity,30,overtime,2023-02-04,0,0,0,0,0,0,0,0
deduplicated_sensitivity,30,overtime,2023-02-05,0,0,0,0,0,0,0,0
deduplicated_sensitivity,30,overtime,2023-02-06,1526,1530,12,0,1526,0,4,0
deduplicated_sensitivity,30,overtime,2023-02-07,854,1224,0,0,854,0,370,0
deduplicated_sensitivity,30,overtime,2023-02-08,975,1224,0,0,975,0,249,0
deduplicated_sensitivity,30,overtime,2023-02-09,1707,1530,12,0,1530,177,0,0
deduplicated_sensitivity,30,overtime,2023-02-10,462,1224,0,177,639,0,585,0
deduplicated_sensitivity,30,overtime,2023-02-11,0,0,0,0,0,0,0,0
deduplicated_sensitivity,30,overtime,2023-02-12,0,0,0,0,0,0,0,0
deduplicated_sensitivity,30,overtime,2023-02-13,1306,1530,12,0,1306,0,224,0
deduplicated_sensitivity,30,overtime,2023-02-14,638,1224,0,0,638,0,586,0
deduplicated_sensitivity,30,overtime,2023-02-15,384,1224,0,0,384,0,840,0
deduplicated_sensitivity,30,overtime,2023-02-16,2383,1530,12,0,1530,853,0,0
deduplicated_sensitivity,30,overtime,2023-02-17,0,1224,0,853,853,0,371,0
deduplicated_sensitivity,30,overtime,2023-02-18,0,0,0,0,0,0,0,0
deduplicated_sensitivity,30,overtime,2023-02-19,510,0,0,0,0,510,0,0
deduplicated_sensitivity,30,overtime,2023-02-20,0,1224,0,510,510,0,714,0
deduplicated_sensitivity,30,overtime,2023-02-21,1943,1530,12,0,1530,413,0,0
deduplicated_sensitivity,30,overtime,2023-02-22,1414,1530,12,413,1530,297,0,0
deduplicated_sensitivity,30,overtime,2023-02-23,1907,1530,12,297,1530,674,0,0
deduplicated_sensitivity,30,overtime,2023-02-24,1163,1530,12,674,1530,307,0,0
deduplicated_sensitivity,30,overtime,2023-02-25,0,0,0,307,0,307,0,1
deduplicated_sensitivity,30,overtime,2023-02-26,0,0,0,307,0,307,0,2
deduplicated_sensitivity,30,overtime,2023-02-27,1496,1530,12,307,1530,273,0,0
deduplicated_sensitivity,30,overtime,2023-02-28,1134,1530,12,273,1407,0,123,0
deduplicated_sensitivity,30,overtime,2023-03-01,227,1224,0,0,227,0,997,0
deduplicated_sensitivity,30,overtime,2023-03-02,2495,1530,12,0,1530,965,0,0
deduplicated_sensitivity,30,overtime,2023-03-03,708,1530,12,965,1530,143,0,0
deduplicated_sensitivity,30,overtime,2023-03-04,0,0,0,143,0,143,0,1
deduplicated_sensitivity,30,overtime,2023-03-05,0,0,0,143,0,143,0,2
deduplicated_sensitivity,30,overtime,2023-03-06,1586,1530,12,143,1530,199,0,0
deduplicated_sensitivity,30,overtime,2023-03-07,479,1224,0,199,678,0,546,0
deduplicated_sensitivity,30,overtime,2023-03-08,1728,1530,12,0,1530,198,0,0
deduplicated_sensitivity,30,overtime,2023-03-09,1078,1530,12,198,1276,0,254,0
deduplicated_sensitivity,30,overtime,2023-03-10,382,1224,0,0,382,0,842,0
deduplicated_sensitivity,30,overtime,2023-03-11,0,0,0,0,0,0,0,0
deduplicated_sensitivity,30,overtime,2023-03-12,437,0,0,0,0,437,0,0
deduplicated_sensitivity,30,overtime,2023-03-13,0,1224,0,437,437,0,787,0
deduplicated_sensitivity,30,overtime,2023-03-14,1656,1530,12,0,1530,126,0,0
deduplicated_sensitivity,30,overtime,2023-03-15,384,1224,0,126,510,0,714,0
deduplicated_sensitivity,30,overtime,2023-03-16,1518,1530,12,0,1518,0,12,0
deduplicated_sensitivity,30,overtime,2023-03-17,2400,1530,12,0,1530,870,0,0
deduplicated_sensitivity,30,overtime,2023-03-18,0,0,0,870,0,870,0,1
deduplicated_sensitivity,30,overtime,2023-03-19,0,0,0,870,0,870,0,2
deduplicated_sensitivity,30,overtime,2023-03-20,0,1224,0,870,870,0,354,0
deduplicated_sensitivity,30,overtime,2023-03-21,0,1224,0,0,0,0,1224,0
deduplicated_sensitivity,30,overtime,2023-03-22,5910,1530,12,0,1530,4380,0,0
deduplicated_sensitivity,30,overtime,2023-03-23,0,1530,12,4380,1530,2850,0,1
deduplicated_sensitivity,30,overtime,2023-03-24,0,1530,12,2850,1530,1320,0,2
deduplicated_sensitivity,30,overtime,2023-03-25,0,0,0,1320,0,1320,0,3
deduplicated_sensitivity,30,overtime,2023-03-26,0,0,0,1320,0,1320,0,4
deduplicated_sensitivity,30,overtime,2023-03-27,1277,1530,12,1320,1530,1067,0,0
deduplicated_sensitivity,30,overtime,2023-03-28,102,1224,0,1067,1169,0,55,0
deduplicated_sensitivity,30,overtime,2023-03-29,3482,1530,12,0,1530,1952,0,0
deduplicated_sensitivity,30,overtime,2023-03-30,0,1530,12,1952,1530,422,0,1
deduplicated_sensitivity,30,overtime,2023-03-31,0,1224,0,422,422,0,802,0
deduplicated_sensitivity,30,overtime,2023-04-01,0,0,0,0,0,0,0,0
deduplicated_sensitivity,30,overtime,2023-04-02,0,0,0,0,0,0,0,0
deduplicated_sensitivity,30,overtime,2023-04-03,3070,1530,12,0,1530,1540,0,0
deduplicated_sensitivity,30,overtime,2023-04-04,1432,1530,12,1540,1530,1442,0,1
deduplicated_sensitivity,30,overtime,2023-04-05,808,1530,12,1442,1530,720,0,0
deduplicated_sensitivity,30,overtime,2023-04-06,909,1530,12,720,1530,99,0,0
deduplicated_sensitivity,30,overtime,2023-04-07,0,1224,0,99,99,0,1125,0
deduplicated_sensitivity,30,overtime,2023-04-08,0,0,0,0,0,0,0,0
deduplicated_sensitivity,30,overtime,2023-04-09,0,0,0,0,0,0,0,0
deduplicated_sensitivity,30,overtime,2023-04-10,0,1224,0,0,0,0,1224,0
deduplicated_sensitivity,30,overtime,2023-04-11,1284,1530,12,0,1284,0,246,0
deduplicated_sensitivity,30,overtime,2023-04-12,0,1224,0,0,0,0,1224,0
deduplicated_sensitivity,30,overtime,2023-04-13,3489,1530,12,0,1530,1959,0,0
deduplicated_sensitivity,30,overtime,2023-04-14,0,1530,12,1959,1530,429,0,1
deduplicated_sensitivity,30,overtime,2023-04-15,0,0,0,429,0,429,0,2
deduplicated_sensitivity,30,overtime,2023-04-16,0,0,0,429,0,429,0,3
deduplicated_sensitivity,30,overtime,2023-04-17,2661,1530,12,429,1530,1560,0,0
deduplicated_sensitivity,30,overtime,2023-04-18,513,1530,12,1560,1530,543,0,1
deduplicated_sensitivity,30,overtime,2023-04-19,1325,1530,12,543,1530,338,0,0
deduplicated_sensitivity,30,overtime,2023-04-20,878,1224,0,338,1216,0,8,0
deduplicated_sensitivity,30,overtime,2023-04-21,497,1224,0,0,497,0,727,0
deduplicated_sensitivity,30,overtime,2023-04-22,0,0,0,0,0,0,0,0
deduplicated_sensitivity,30,overtime,2023-04-23,0,0,0,0,0,0,0,0
deduplicated_sensitivity,30,overtime,2023-04-24,1800,1530,12,0,1530,270,0,0
deduplicated_sensitivity,30,overtime,2023-04-25,819,1224,0,270,1089,0,135,0
deduplicated_sensitivity,30,overtime,2023-04-26,1591,1530,12,0,1530,61,0,0
deduplicated_sensitivity,30,overtime,2023-04-27,327,1224,0,61,388,0,836,0
deduplicated_sensitivity,30,overtime,2023-04-28,432,1224,0,0,432,0,792,0
deduplicated_sensitivity,30,overtime,2023-04-29,0,0,0,0,0,0,0,0
deduplicated_sensitivity,30,overtime,2023-04-30,0,0,0,0,0,0,0,0
deduplicated_sensitivity,30,overtime,2023-05-01,986,1224,0,0,986,0,238,0
deduplicated_sensitivity,30,overtime,2023-05-02,1145,1224,0,0,1145,0,79,0
deduplicated_sensitivity,30,overtime,2023-05-03,1466,1530,12,0,1466,0,64,0
deduplicated_sensitivity,30,overtime,2023-05-04,2698,1530,12,0,1530,1168,0,0
deduplicated_sensitivity,30,overtime,2023-05-05,930,1530,12,1168,1530,568,0,0
deduplicated_sensitivity,30,overtime,2023-05-06,0,0,0,568,0,568,0,1
deduplicated_sensitivity,30,overtime,2023-05-07,0,0,0,568,0,568,0,2
deduplicated_sensitivity,30,overtime,2023-05-08,1028,1530,12,568,1530,66,0,0
deduplicated_sensitivity,30,overtime,2023-05-09,1881,1530,12,66,1530,417,0,0
deduplicated_sensitivity,30,overtime,2023-05-10,0,1224,0,417,417,0,807,0
deduplicated_sensitivity,30,overtime,2023-05-11,1986,1530,12,0,1530,456,0,0
deduplicated_sensitivity,30,overtime,2023-05-12,744,1224,0,456,1200,0,24,0
deduplicated_sensitivity,30,overtime,2023-05-13,0,0,0,0,0,0,0,0
deduplicated_sensitivity,30,overtime,2023-05-14,0,0,0,0,0,0,0,0
deduplicated_sensitivity,30,overtime,2023-05-15,1049,1224,0,0,1049,0,175,0
deduplicated_sensitivity,30,overtime,2023-05-16,2427,1530,12,0,1530,897,0,0
deduplicated_sensitivity,30,overtime,2023-05-17,0,1224,0,897,897,0,327,0
deduplicated_sensitivity,30,overtime,2023-05-18,1999,1530,12,0,1530,469,0,0
deduplicated_sensitivity,30,overtime,2023-05-19,1526,1530,12,469,1530,465,0,0
deduplicated_sensitivity,30,overtime,2023-05-20,0,0,0,465,0,465,0,1
deduplicated_sensitivity,30,overtime,2023-05-21,0,0,0,465,0,465,0,2
deduplicated_sensitivity,30,overtime,2023-05-22,0,1224,0,465,465,0,759,0
deduplicated_sensitivity,30,overtime,2023-05-23,1866,1530,12,0,1530,336,0,0
deduplicated_sensitivity,30,overtime,2023-05-24,0,1224,0,336,336,0,888,0
deduplicated_sensitivity,30,overtime,2023-05-25,1869,1530,12,0,1530,339,0,0
deduplicated_sensitivity,30,overtime,2023-05-26,1358,1530,12,339,1530,167,0,0
deduplicated_sensitivity,30,overtime,2023-05-27,0,0,0,167,0,167,0,1
deduplicated_sensitivity,30,overtime,2023-05-28,0,0,0,167,0,167,0,2
deduplicated_sensitivity,30,overtime,2023-05-29,1285,1530,12,167,1452,0,78,0
deduplicated_sensitivity,30,overtime,2023-05-30,1585,1530,12,0,1530,55,0,0
deduplicated_sensitivity,30,overtime,2023-05-31,1369,1530,12,55,1424,0,106,0
deduplicated_sensitivity,30,overtime,2023-06-01,709,1224,0,0,709,0,515,0
deduplicated_sensitivity,30,overtime,2023-06-02,117,1224,0,0,117,0,1107,0
deduplicated_sensitivity,30,overtime,2023-06-03,0,0,0,0,0,0,0,0
deduplicated_sensitivity,30,overtime,2023-06-04,0,0,0,0,0,0,0,0
deduplicated_sensitivity,30,overtime,2023-06-05,1450,1530,12,0,1450,0,80,0
deduplicated_sensitivity,30,overtime,2023-06-06,956,1224,0,0,956,0,268,0
deduplicated_sensitivity,30,overtime,2023-06-07,1544,1530,12,0,1530,14,0,0
deduplicated_sensitivity,30,overtime,2023-06-08,122,1224,0,14,136,0,1088,0
deduplicated_sensitivity,30,overtime,2023-06-09,708,1224,0,0,708,0,516,0
deduplicated_sensitivity,30,overtime,2023-06-10,0,0,0,0,0,0,0,0
deduplicated_sensitivity,30,overtime,2023-06-11,0,0,0,0,0,0,0,0
deduplicated_sensitivity,30,overtime,2023-06-12,1282,1530,12,0,1282,0,248,0
deduplicated_sensitivity,30,overtime,2023-06-13,521,1224,0,0,521,0,703,0
deduplicated_sensitivity,30,overtime,2023-06-14,2095,1530,12,0,1530,565,0,0
deduplicated_sensitivity,30,overtime,2023-06-15,478,1224,0,565,1043,0,181,0
deduplicated_sensitivity,30,overtime,2023-06-16,143,1224,0,0,143,0,1081,0
deduplicated_sensitivity,30,overtime,2023-06-17,0,0,0,0,0,0,0,0
deduplicated_sensitivity,30,overtime,2023-06-18,0,0,0,0,0,0,0,0
deduplicated_sensitivity,30,overtime,2023-06-19,1981,1530,12,0,1530,451,0,0
deduplicated_sensitivity,30,overtime,2023-06-20,679,1224,0,451,1130,0,94,0
deduplicated_sensitivity,30,overtime,2023-06-21,536,1224,0,0,536,0,688,0
deduplicated_sensitivity,30,overtime,2023-06-22,517,1224,0,0,517,0,707,0
deduplicated_sensitivity,30,overtime,2023-06-23,0,1224,0,0,0,0,1224,0
deduplicated_sensitivity,30,overtime,2023-06-24,0,0,0,0,0,0,0,0
deduplicated_sensitivity,30,overtime,2023-06-25,0,0,0,0,0,0,0,0
deduplicated_sensitivity,30,overtime,2023-06-26,2050,1530,12,0,1530,520,0,0
deduplicated_sensitivity,30,overtime,2023-06-27,1895,1530,12,520,1530,885,0,0
deduplicated_sensitivity,30,overtime,2023-06-28,636,1530,12,885,1521,0,9,0
deduplicated_sensitivity,30,overtime,2023-06-29,186,1224,0,0,186,0,1038,0
deduplicated_sensitivity,30,overtime,2023-06-30,515,1224,0,0,515,0,709,0
deduplicated_sensitivity,30,overtime,2023-07-01,0,0,0,0,0,0,0,0
deduplicated_sensitivity,30,overtime,2023-07-02,0,0,0,0,0,0,0,0
deduplicated_sensitivity,30,overtime,2023-07-03,1355,1530,12,0,1355,0,175,0
deduplicated_sensitivity,30,overtime,2023-07-04,1260,1530,12,0,1260,0,270,0
deduplicated_sensitivity,30,overtime,2023-07-05,0,1224,0,0,0,0,1224,0
deduplicated_sensitivity,30,overtime,2023-07-06,2395,1530,12,0,1530,865,0,0
deduplicated_sensitivity,30,overtime,2023-07-07,180,1224,0,865,1045,0,179,0
deduplicated_sensitivity,30,overtime,2023-07-08,0,0,0,0,0,0,0,0
deduplicated_sensitivity,30,overtime,2023-07-09,0,0,0,0,0,0,0,0
deduplicated_sensitivity,30,overtime,2023-07-10,952,1224,0,0,952,0,272,0
deduplicated_sensitivity,30,overtime,2023-07-11,1711,1530,12,0,1530,181,0,0
deduplicated_sensitivity,30,overtime,2023-07-12,1009,1224,0,181,1190,0,34,0
deduplicated_sensitivity,30,overtime,2023-07-13,549,1224,0,0,549,0,675,0
deduplicated_sensitivity,30,overtime,2023-07-14,0,1224,0,0,0,0,1224,0
deduplicated_sensitivity,30,overtime,2023-07-15,0,0,0,0,0,0,0,0
deduplicated_sensitivity,30,overtime,2023-07-16,0,0,0,0,0,0,0,0
deduplicated_sensitivity,30,overtime,2023-07-17,1685,1530,12,0,1530,155,0,0
deduplicated_sensitivity,30,overtime,2023-07-18,1697,1530,12,155,1530,322,0,0
deduplicated_sensitivity,30,overtime,2023-07-19,992,1530,12,322,1314,0,216,0
deduplicated_sensitivity,30,overtime,2023-07-20,339,1224,0,0,339,0,885,0
deduplicated_sensitivity,30,overtime,2023-07-21,0,1224,0,0,0,0,1224,0
deduplicated_sensitivity,30,overtime,2023-07-22,0,0,0,0,0,0,0,0
deduplicated_sensitivity,30,overtime,2023-07-23,0,0,0,0,0,0,0,0
deduplicated_sensitivity,30,overtime,2023-07-24,1087,1224,0,0,1087,0,137,0
deduplicated_sensitivity,30,overtime,2023-07-25,865,1224,0,0,865,0,359,0
deduplicated_sensitivity,30,overtime,2023-07-26,469,1224,0,0,469,0,755,0
deduplicated_sensitivity,30,overtime,2023-07-27,586,1224,0,0,586,0,638,0
deduplicated_sensitivity,30,overtime,2023-07-28,668,1224,0,0,668,0,556,0
deduplicated_sensitivity,30,overtime,2023-07-29,0,0,0,0,0,0,0,0
deduplicated_sensitivity,30,overtime,2023-07-30,0,0,0,0,0,0,0,0
deduplicated_sensitivity,30,overtime,2023-07-31,590,1224,0,0,590,0,634,0
deduplicated_sensitivity,30,overtime,2023-08-01,557,1224,0,0,557,0,667,0
deduplicated_sensitivity,30,overtime,2023-08-02,126,1224,0,0,126,0,1098,0
deduplicated_sensitivity,30,overtime,2023-08-03,549,1224,0,0,549,0,675,0
deduplicated_sensitivity,30,overtime,2023-08-04,235,1224,0,0,235,0,989,0
deduplicated_sensitivity,30,overtime,2023-08-05,0,0,0,0,0,0,0,0
deduplicated_sensitivity,30,overtime,2023-08-06,0,0,0,0,0,0,0,0
deduplicated_sensitivity,30,overtime,2023-08-07,1728,1530,12,0,1530,198,0,0
deduplicated_sensitivity,30,overtime,2023-08-08,625,1224,0,198,823,0,401,0
deduplicated_sensitivity,30,overtime,2023-08-09,573,1224,0,0,573,0,651,0
deduplicated_sensitivity,30,overtime,2023-08-10,736,1224,0,0,736,0,488,0
deduplicated_sensitivity,30,overtime,2023-08-11,0,1224,0,0,0,0,1224,0
deduplicated_sensitivity,30,overtime,2023-08-12,0,0,0,0,0,0,0,0
deduplicated_sensitivity,30,overtime,2023-08-13,1231,0,0,0,0,1231,0,0
deduplicated_sensitivity,30,overtime,2023-08-14,0,1530,12,1231,1231,0,299,0
deduplicated_sensitivity,30,overtime,2023-08-15,1238,1530,12,0,1238,0,292,0
deduplicated_sensitivity,30,overtime,2023-08-16,899,1224,0,0,899,0,325,0
deduplicated_sensitivity,30,overtime,2023-08-17,1202,1224,0,0,1202,0,22,0
deduplicated_sensitivity,30,overtime,2023-08-18,12,1224,0,0,12,0,1212,0
deduplicated_sensitivity,30,overtime,2023-08-19,0,0,0,0,0,0,0,0
deduplicated_sensitivity,30,overtime,2023-08-20,0,0,0,0,0,0,0,0
deduplicated_sensitivity,30,overtime,2023-08-21,18,1224,0,0,18,0,1206,0
deduplicated_sensitivity,30,overtime,2023-08-22,4599,1530,12,0,1530,3069,0,0
deduplicated_sensitivity,30,overtime,2023-08-23,70,1530,12,3069,1530,1609,0,1
deduplicated_sensitivity,30,overtime,2023-08-24,2856,1530,12,1609,1530,2935,0,2
deduplicated_sensitivity,30,overtime,2023-08-25,0,1530,12,2935,1530,1405,0,1
deduplicated_sensitivity,30,overtime,2023-08-26,0,0,0,1405,0,1405,0,2
deduplicated_sensitivity,30,overtime,2023-08-27,0,0,0,1405,0,1405,0,3
deduplicated_sensitivity,30,overtime,2023-08-28,2483,1530,12,1405,1530,2358,0,0
deduplicated_sensitivity,30,overtime,2023-08-29,615,1530,12,2358,1530,1443,0,1
deduplicated_sensitivity,30,overtime,2023-08-30,1178,1530,12,1443,1530,1091,0,0
deduplicated_sensitivity,30,overtime,2023-08-31,1595,1530,12,1091,1530,1156,0,0
deduplicated_sensitivity,30,overtime,2023-09-01,1147,1530,12,1156,1530,773,0,0
deduplicated_sensitivity,30,overtime,2023-09-02,0,0,0,773,0,773,0,1
deduplicated_sensitivity,30,overtime,2023-09-03,0,0,0,773,0,773,0,2
deduplicated_sensitivity,30,overtime,2023-09-04,0,1224,0,773,773,0,451,0
deduplicated_sensitivity,30,overtime,2023-09-05,1323,1530,12,0,1323,0,207,0
deduplicated_sensitivity,30,overtime,2023-09-06,826,1224,0,0,826,0,398,0
deduplicated_sensitivity,30,overtime,2023-09-07,802,1224,0,0,802,0,422,0
deduplicated_sensitivity,30,overtime,2023-09-08,375,1224,0,0,375,0,849,0
deduplicated_sensitivity,30,overtime,2023-09-09,0,0,0,0,0,0,0,0
deduplicated_sensitivity,30,overtime,2023-09-10,490,0,0,0,0,490,0,0
deduplicated_sensitivity,30,overtime,2023-09-11,0,1224,0,490,490,0,734,0
deduplicated_sensitivity,30,overtime,2023-09-12,2188,1530,12,0,1530,658,0,0
deduplicated_sensitivity,30,overtime,2023-09-13,1403,1530,12,658,1530,531,0,0
deduplicated_sensitivity,30,overtime,2023-09-14,0,1224,0,531,531,0,693,0
deduplicated_sensitivity,30,overtime,2023-09-15,0,1224,0,0,0,0,1224,0
deduplicated_sensitivity,30,overtime,2023-09-16,0,0,0,0,0,0,0,0
deduplicated_sensitivity,30,overtime,2023-09-17,515,0,0,0,0,515,0,0
deduplicated_sensitivity,30,overtime,2023-09-18,32,1224,0,515,547,0,677,0
deduplicated_sensitivity,30,overtime,2023-09-19,3603,1530,12,0,1530,2073,0,0
deduplicated_sensitivity,30,overtime,2023-09-20,0,1530,12,2073,1530,543,0,1
deduplicated_sensitivity,30,overtime,2023-09-21,2785,1530,12,543,1530,1798,0,0
deduplicated_sensitivity,30,overtime,2023-09-22,0,1530,12,1798,1530,268,0,1
deduplicated_sensitivity,30,overtime,2023-09-23,0,0,0,268,0,268,0,2
deduplicated_sensitivity,30,overtime,2023-09-24,0,0,0,268,0,268,0,3
deduplicated_sensitivity,30,overtime,2023-09-25,2378,1530,12,268,1530,1116,0,0
deduplicated_sensitivity,30,overtime,2023-09-26,131,1530,12,1116,1247,0,283,0
deduplicated_sensitivity,30,overtime,2023-09-27,0,1224,0,0,0,0,1224,0
deduplicated_sensitivity,30,overtime,2023-09-28,0,1224,0,0,0,0,1224,0
deduplicated_sensitivity,30,overtime,2023-09-29,108,1224,0,0,108,0,1116,0
deduplicated_sensitivity,30,overtime,2023-09-30,0,0,0,0,0,0,0,0
deduplicated_sensitivity,30,overtime,2023-10-01,0,0,0,0,0,0,0,0
deduplicated_sensitivity,30,overtime,2023-10-02,5347,1530,12,0,1530,3817,0,0
deduplicated_sensitivity,30,overtime,2023-10-03,136,1530,12,3817,1530,2423,0,1
deduplicated_sensitivity,30,overtime,2023-10-04,60,1530,12,2423,1530,953,0,2
deduplicated_sensitivity,30,overtime,2023-10-05,2341,1530,12,953,1530,1764,0,0
deduplicated_sensitivity,30,overtime,2023-10-06,1451,1530,12,1764,1530,1685,0,1
deduplicated_sensitivity,30,overtime,2023-10-07,0,0,0,1685,0,1685,0,2
deduplicated_sensitivity,30,overtime,2023-10-08,0,0,0,1685,0,1685,0,3
deduplicated_sensitivity,30,overtime,2023-10-09,0,1530,12,1685,1530,155,0,3
deduplicated_sensitivity,30,overtime,2023-10-10,3,1224,0,155,158,0,1066,0
deduplicated_sensitivity,30,overtime,2023-10-11,319,1224,0,0,319,0,905,0
deduplicated_sensitivity,30,overtime,2023-10-12,1938,1530,12,0,1530,408,0,0
deduplicated_sensitivity,30,overtime,2023-10-13,1900,1530,12,408,1530,778,0,0
deduplicated_sensitivity,30,overtime,2023-10-14,0,0,0,778,0,778,0,1
deduplicated_sensitivity,30,overtime,2023-10-15,0,0,0,778,0,778,0,2
deduplicated_sensitivity,30,overtime,2023-10-16,1273,1530,12,778,1530,521,0,0
deduplicated_sensitivity,30,overtime,2023-10-17,720,1530,12,521,1241,0,289,0
deduplicated_sensitivity,30,overtime,2023-10-18,815,1224,0,0,815,0,409,0
deduplicated_sensitivity,30,overtime,2023-10-19,531,1224,0,0,531,0,693,0
deduplicated_sensitivity,30,overtime,2023-10-20,0,1224,0,0,0,0,1224,0
deduplicated_sensitivity,30,overtime,2023-10-21,0,0,0,0,0,0,0,0
deduplicated_sensitivity,30,overtime,2023-10-22,0,0,0,0,0,0,0,0
deduplicated_sensitivity,30,overtime,2023-10-23,0,1224,0,0,0,0,1224,0
deduplicated_sensitivity,30,overtime,2023-10-24,0,1224,0,0,0,0,1224,0
deduplicated_sensitivity,30,overtime,2023-10-25,0,1224,0,0,0,0,1224,0
deduplicated_sensitivity,30,overtime,2023-10-26,0,1224,0,0,0,0,1224,0
deduplicated_sensitivity,30,overtime,2023-10-27,0,1224,0,0,0,0,1224,0
deduplicated_sensitivity,30,overtime,2023-10-28,0,0,0,0,0,0,0,0
deduplicated_sensitivity,30,overtime,2023-10-29,0,0,0,0,0,0,0,0
deduplicated_sensitivity,30,overtime,2023-10-30,0,1224,0,0,0,0,1224,0
deduplicated_sensitivity,30,overtime,2023-10-31,0,1224,0,0,0,0,1224,0
deduplicated_sensitivity,30,overtime,2023-11-01,0,1224,0,0,0,0,1224,0
deduplicated_sensitivity,30,overtime,2023-11-02,0,1224,0,0,0,0,1224,0
deduplicated_sensitivity,30,temporary,2023-01-05,2254,1224,0,0,1224,1030,0,0
deduplicated_sensitivity,30,temporary,2023-01-06,1556,1224,0,1030,1224,1362,0,0
deduplicated_sensitivity,30,temporary,2023-01-07,0,0,0,1362,0,1362,0,1
deduplicated_sensitivity,30,temporary,2023-01-08,0,0,0,1362,0,1362,0,2
deduplicated_sensitivity,30,temporary,2023-01-09,1374,1550,16,1362,1550,1186,0,0
deduplicated_sensitivity,30,temporary,2023-01-10,1551,1224,0,1186,1224,1513,0,0
deduplicated_sensitivity,30,temporary,2023-01-11,807,1550,16,1513,1550,770,0,0
deduplicated_sensitivity,30,temporary,2023-01-12,1897,1224,0,770,1224,1443,0,0
deduplicated_sensitivity,30,temporary,2023-01-13,660,1550,16,1443,1550,553,0,0
deduplicated_sensitivity,30,temporary,2023-01-14,0,0,0,553,0,553,0,1
deduplicated_sensitivity,30,temporary,2023-01-15,0,0,0,553,0,553,0,2
deduplicated_sensitivity,30,temporary,2023-01-16,885,1224,0,553,1224,214,0,0
deduplicated_sensitivity,30,temporary,2023-01-17,997,1224,0,214,1211,0,13,0
deduplicated_sensitivity,30,temporary,2023-01-18,1908,1224,0,0,1224,684,0,0
deduplicated_sensitivity,30,temporary,2023-01-19,250,1224,0,684,934,0,290,0
deduplicated_sensitivity,30,temporary,2023-01-20,321,1224,0,0,321,0,903,0
deduplicated_sensitivity,30,temporary,2023-01-21,0,0,0,0,0,0,0,0
deduplicated_sensitivity,30,temporary,2023-01-22,0,0,0,0,0,0,0,0
deduplicated_sensitivity,30,temporary,2023-01-23,856,1224,0,0,856,0,368,0
deduplicated_sensitivity,30,temporary,2023-01-24,563,1224,0,0,563,0,661,0
deduplicated_sensitivity,30,temporary,2023-01-25,1384,1224,0,0,1224,160,0,0
deduplicated_sensitivity,30,temporary,2023-01-26,871,1224,0,160,1031,0,193,0
deduplicated_sensitivity,30,temporary,2023-01-27,730,1224,0,0,730,0,494,0
deduplicated_sensitivity,30,temporary,2023-01-28,0,0,0,0,0,0,0,0
deduplicated_sensitivity,30,temporary,2023-01-29,0,0,0,0,0,0,0,0
deduplicated_sensitivity,30,temporary,2023-01-30,1083,1224,0,0,1083,0,141,0
deduplicated_sensitivity,30,temporary,2023-01-31,1023,1224,0,0,1023,0,201,0
deduplicated_sensitivity,30,temporary,2023-02-01,278,1224,0,0,278,0,946,0
deduplicated_sensitivity,30,temporary,2023-02-02,1293,1224,0,0,1224,69,0,0
deduplicated_sensitivity,30,temporary,2023-02-03,662,1224,0,69,731,0,493,0
deduplicated_sensitivity,30,temporary,2023-02-04,0,0,0,0,0,0,0,0
deduplicated_sensitivity,30,temporary,2023-02-05,0,0,0,0,0,0,0,0
deduplicated_sensitivity,30,temporary,2023-02-06,1526,1224,0,0,1224,302,0,0
deduplicated_sensitivity,30,temporary,2023-02-07,854,1224,0,302,1156,0,68,0
deduplicated_sensitivity,30,temporary,2023-02-08,975,1224,0,0,975,0,249,0
deduplicated_sensitivity,30,temporary,2023-02-09,1707,1224,0,0,1224,483,0,0
deduplicated_sensitivity,30,temporary,2023-02-10,462,1224,0,483,945,0,279,0
deduplicated_sensitivity,30,temporary,2023-02-11,0,0,0,0,0,0,0,0
deduplicated_sensitivity,30,temporary,2023-02-12,0,0,0,0,0,0,0,0
deduplicated_sensitivity,30,temporary,2023-02-13,1306,1224,0,0,1224,82,0,0
deduplicated_sensitivity,30,temporary,2023-02-14,638,1224,0,82,720,0,504,0
deduplicated_sensitivity,30,temporary,2023-02-15,384,1224,0,0,384,0,840,0
deduplicated_sensitivity,30,temporary,2023-02-16,2383,1224,0,0,1224,1159,0,0
deduplicated_sensitivity,30,temporary,2023-02-17,0,1224,0,1159,1159,0,65,0
deduplicated_sensitivity,30,temporary,2023-02-18,0,0,0,0,0,0,0,0
deduplicated_sensitivity,30,temporary,2023-02-19,510,0,0,0,0,510,0,0
deduplicated_sensitivity,30,temporary,2023-02-20,0,1224,0,510,510,0,714,0
deduplicated_sensitivity,30,temporary,2023-02-21,1943,1224,0,0,1224,719,0,0
deduplicated_sensitivity,30,temporary,2023-02-22,1414,1224,0,719,1224,909,0,0
deduplicated_sensitivity,30,temporary,2023-02-23,1907,1224,0,909,1224,1592,0,0
deduplicated_sensitivity,30,temporary,2023-02-24,1163,1550,16,1592,1550,1205,0,1
deduplicated_sensitivity,30,temporary,2023-02-25,0,0,0,1205,0,1205,0,2
deduplicated_sensitivity,30,temporary,2023-02-26,0,0,0,1205,0,1205,0,3
deduplicated_sensitivity,30,temporary,2023-02-27,1496,1224,0,1205,1224,1477,0,0
deduplicated_sensitivity,30,temporary,2023-02-28,1134,1550,16,1477,1550,1061,0,0
deduplicated_sensitivity,30,temporary,2023-03-01,227,1224,0,1061,1224,64,0,0
deduplicated_sensitivity,30,temporary,2023-03-02,2495,1224,0,64,1224,1335,0,0
deduplicated_sensitivity,30,temporary,2023-03-03,708,1550,16,1335,1550,493,0,0
deduplicated_sensitivity,30,temporary,2023-03-04,0,0,0,493,0,493,0,1
deduplicated_sensitivity,30,temporary,2023-03-05,0,0,0,493,0,493,0,2
deduplicated_sensitivity,30,temporary,2023-03-06,1586,1224,0,493,1224,855,0,0
deduplicated_sensitivity,30,temporary,2023-03-07,479,1224,0,855,1224,110,0,0
deduplicated_sensitivity,30,temporary,2023-03-08,1728,1224,0,110,1224,614,0,0
deduplicated_sensitivity,30,temporary,2023-03-09,1078,1224,0,614,1224,468,0,0
deduplicated_sensitivity,30,temporary,2023-03-10,382,1224,0,468,850,0,374,0
deduplicated_sensitivity,30,temporary,2023-03-11,0,0,0,0,0,0,0,0
deduplicated_sensitivity,30,temporary,2023-03-12,437,0,0,0,0,437,0,0
deduplicated_sensitivity,30,temporary,2023-03-13,0,1224,0,437,437,0,787,0
deduplicated_sensitivity,30,temporary,2023-03-14,1656,1224,0,0,1224,432,0,0
deduplicated_sensitivity,30,temporary,2023-03-15,384,1224,0,432,816,0,408,0
deduplicated_sensitivity,30,temporary,2023-03-16,1518,1224,0,0,1224,294,0,0
deduplicated_sensitivity,30,temporary,2023-03-17,2400,1224,0,294,1224,1470,0,0
deduplicated_sensitivity,30,temporary,2023-03-18,0,0,0,1470,0,1470,0,1
deduplicated_sensitivity,30,temporary,2023-03-19,0,0,0,1470,0,1470,0,2
deduplicated_sensitivity,30,temporary,2023-03-20,0,1550,16,1470,1470,0,80,0
deduplicated_sensitivity,30,temporary,2023-03-21,0,1224,0,0,0,0,1224,0
deduplicated_sensitivity,30,temporary,2023-03-22,5910,1224,0,0,1224,4686,0,0
deduplicated_sensitivity,30,temporary,2023-03-23,0,1550,16,4686,1550,3136,0,1
deduplicated_sensitivity,30,temporary,2023-03-24,0,1550,16,3136,1550,1586,0,2
deduplicated_sensitivity,30,temporary,2023-03-25,0,0,0,1586,0,1586,0,3
deduplicated_sensitivity,30,temporary,2023-03-26,0,0,0,1586,0,1586,0,4
deduplicated_sensitivity,30,temporary,2023-03-27,1277,1550,16,1586,1550,1313,0,5
deduplicated_sensitivity,30,temporary,2023-03-28,102,1550,16,1313,1415,0,135,0
deduplicated_sensitivity,30,temporary,2023-03-29,3482,1224,0,0,1224,2258,0,0
deduplicated_sensitivity,30,temporary,2023-03-30,0,1550,16,2258,1550,708,0,1
deduplicated_sensitivity,30,temporary,2023-03-31,0,1224,0,708,708,0,516,0
deduplicated_sensitivity,30,temporary,2023-04-01,0,0,0,0,0,0,0,0
deduplicated_sensitivity,30,temporary,2023-04-02,0,0,0,0,0,0,0,0
deduplicated_sensitivity,30,temporary,2023-04-03,3070,1224,0,0,1224,1846,0,0
deduplicated_sensitivity,30,temporary,2023-04-04,1432,1550,16,1846,1550,1728,0,1
deduplicated_sensitivity,30,temporary,2023-04-05,808,1550,16,1728,1550,986,0,1
deduplicated_sensitivity,30,temporary,2023-04-06,909,1224,0,986,1224,671,0,0
deduplicated_sensitivity,30,temporary,2023-04-07,0,1224,0,671,671,0,553,0
deduplicated_sensitivity,30,temporary,2023-04-08,0,0,0,0,0,0,0,0
deduplicated_sensitivity,30,temporary,2023-04-09,0,0,0,0,0,0,0,0
deduplicated_sensitivity,30,temporary,2023-04-10,0,1224,0,0,0,0,1224,0
deduplicated_sensitivity,30,temporary,2023-04-11,1284,1224,0,0,1224,60,0,0
deduplicated_sensitivity,30,temporary,2023-04-12,0,1224,0,60,60,0,1164,0
deduplicated_sensitivity,30,temporary,2023-04-13,3489,1224,0,0,1224,2265,0,0
deduplicated_sensitivity,30,temporary,2023-04-14,0,1550,16,2265,1550,715,0,1
deduplicated_sensitivity,30,temporary,2023-04-15,0,0,0,715,0,715,0,2
deduplicated_sensitivity,30,temporary,2023-04-16,0,0,0,715,0,715,0,3
deduplicated_sensitivity,30,temporary,2023-04-17,2661,1224,0,715,1224,2152,0,0
deduplicated_sensitivity,30,temporary,2023-04-18,513,1550,16,2152,1550,1115,0,1
deduplicated_sensitivity,30,temporary,2023-04-19,1325,1224,0,1115,1224,1216,0,0
deduplicated_sensitivity,30,temporary,2023-04-20,878,1224,0,1216,1224,870,0,0
deduplicated_sensitivity,30,temporary,2023-04-21,497,1224,0,870,1224,143,0,0
deduplicated_sensitivity,30,temporary,2023-04-22,0,0,0,143,0,143,0,1
deduplicated_sensitivity,30,temporary,2023-04-23,0,0,0,143,0,143,0,2
deduplicated_sensitivity,30,temporary,2023-04-24,1800,1224,0,143,1224,719,0,0
deduplicated_sensitivity,30,temporary,2023-04-25,819,1224,0,719,1224,314,0,0
deduplicated_sensitivity,30,temporary,2023-04-26,1591,1224,0,314,1224,681,0,0
deduplicated_sensitivity,30,temporary,2023-04-27,327,1224,0,681,1008,0,216,0
deduplicated_sensitivity,30,temporary,2023-04-28,432,1224,0,0,432,0,792,0
deduplicated_sensitivity,30,temporary,2023-04-29,0,0,0,0,0,0,0,0
deduplicated_sensitivity,30,temporary,2023-04-30,0,0,0,0,0,0,0,0
deduplicated_sensitivity,30,temporary,2023-05-01,986,1224,0,0,986,0,238,0
deduplicated_sensitivity,30,temporary,2023-05-02,1145,1224,0,0,1145,0,79,0
deduplicated_sensitivity,30,temporary,2023-05-03,1466,1224,0,0,1224,242,0,0
deduplicated_sensitivity,30,temporary,2023-05-04,2698,1224,0,242,1224,1716,0,0
deduplicated_sensitivity,30,temporary,2023-05-05,930,1550,16,1716,1550,1096,0,1
deduplicated_sensitivity,30,temporary,2023-05-06,0,0,0,1096,0,1096,0,2
deduplicated_sensitivity,30,temporary,2023-05-07,0,0,0,1096,0,1096,0,3
deduplicated_sensitivity,30,temporary,2023-05-08,1028,1224,0,1096,1224,900,0,0
deduplicated_sensitivity,30,temporary,2023-05-09,1881,1224,0,900,1224,1557,0,0
deduplicated_sensitivity,30,temporary,2023-05-10,0,1550,16,1557,1550,7,0,1
deduplicated_sensitivity,30,temporary,2023-05-11,1986,1224,0,7,1224,769,0,0
deduplicated_sensitivity,30,temporary,2023-05-12,744,1224,0,769,1224,289,0,0
deduplicated_sensitivity,30,temporary,2023-05-13,0,0,0,289,0,289,0,1
deduplicated_sensitivity,30,temporary,2023-05-14,0,0,0,289,0,289,0,2
deduplicated_sensitivity,30,temporary,2023-05-15,1049,1224,0,289,1224,114,0,0
deduplicated_sensitivity,30,temporary,2023-05-16,2427,1224,0,114,1224,1317,0,0
deduplicated_sensitivity,30,temporary,2023-05-17,0,1550,16,1317,1317,0,233,0
deduplicated_sensitivity,30,temporary,2023-05-18,1999,1224,0,0,1224,775,0,0
deduplicated_sensitivity,30,temporary,2023-05-19,1526,1224,0,775,1224,1077,0,0
deduplicated_sensitivity,30,temporary,2023-05-20,0,0,0,1077,0,1077,0,1
deduplicated_sensitivity,30,temporary,2023-05-21,0,0,0,1077,0,1077,0,2
deduplicated_sensitivity,30,temporary,2023-05-22,0,1224,0,1077,1077,0,147,0
deduplicated_sensitivity,30,temporary,2023-05-23,1866,1224,0,0,1224,642,0,0
deduplicated_sensitivity,30,temporary,2023-05-24,0,1224,0,642,642,0,582,0
deduplicated_sensitivity,30,temporary,2023-05-25,1869,1224,0,0,1224,645,0,0
deduplicated_sensitivity,30,temporary,2023-05-26,1358,1224,0,645,1224,779,0,0
deduplicated_sensitivity,30,temporary,2023-05-27,0,0,0,779,0,779,0,1
deduplicated_sensitivity,30,temporary,2023-05-28,0,0,0,779,0,779,0,2
deduplicated_sensitivity,30,temporary,2023-05-29,1285,1224,0,779,1224,840,0,0
deduplicated_sensitivity,30,temporary,2023-05-30,1585,1224,0,840,1224,1201,0,0
deduplicated_sensitivity,30,temporary,2023-05-31,1369,1224,0,1201,1224,1346,0,0
deduplicated_sensitivity,30,temporary,2023-06-01,709,1550,16,1346,1550,505,0,0
deduplicated_sensitivity,30,temporary,2023-06-02,117,1224,0,505,622,0,602,0
deduplicated_sensitivity,30,temporary,2023-06-03,0,0,0,0,0,0,0,0
deduplicated_sensitivity,30,temporary,2023-06-04,0,0,0,0,0,0,0,0
deduplicated_sensitivity,30,temporary,2023-06-05,1450,1224,0,0,1224,226,0,0
deduplicated_sensitivity,30,temporary,2023-06-06,956,1224,0,226,1182,0,42,0
deduplicated_sensitivity,30,temporary,2023-06-07,1544,1224,0,0,1224,320,0,0
deduplicated_sensitivity,30,temporary,2023-06-08,122,1224,0,320,442,0,782,0
deduplicated_sensitivity,30,temporary,2023-06-09,708,1224,0,0,708,0,516,0
deduplicated_sensitivity,30,temporary,2023-06-10,0,0,0,0,0,0,0,0
deduplicated_sensitivity,30,temporary,2023-06-11,0,0,0,0,0,0,0,0
deduplicated_sensitivity,30,temporary,2023-06-12,1282,1224,0,0,1224,58,0,0
deduplicated_sensitivity,30,temporary,2023-06-13,521,1224,0,58,579,0,645,0
deduplicated_sensitivity,30,temporary,2023-06-14,2095,1224,0,0,1224,871,0,0
deduplicated_sensitivity,30,temporary,2023-06-15,478,1224,0,871,1224,125,0,0
deduplicated_sensitivity,30,temporary,2023-06-16,143,1224,0,125,268,0,956,0
deduplicated_sensitivity,30,temporary,2023-06-17,0,0,0,0,0,0,0,0
deduplicated_sensitivity,30,temporary,2023-06-18,0,0,0,0,0,0,0,0
deduplicated_sensitivity,30,temporary,2023-06-19,1981,1224,0,0,1224,757,0,0
deduplicated_sensitivity,30,temporary,2023-06-20,679,1224,0,757,1224,212,0,0
deduplicated_sensitivity,30,temporary,2023-06-21,536,1224,0,212,748,0,476,0
deduplicated_sensitivity,30,temporary,2023-06-22,517,1224,0,0,517,0,707,0
deduplicated_sensitivity,30,temporary,2023-06-23,0,1224,0,0,0,0,1224,0
deduplicated_sensitivity,30,temporary,2023-06-24,0,0,0,0,0,0,0,0
deduplicated_sensitivity,30,temporary,2023-06-25,0,0,0,0,0,0,0,0
deduplicated_sensitivity,30,temporary,2023-06-26,2050,1224,0,0,1224,826,0,0
deduplicated_sensitivity,30,temporary,2023-06-27,1895,1224,0,826,1224,1497,0,0
deduplicated_sensitivity,30,temporary,2023-06-28,636,1550,16,1497,1550,583,0,0
deduplicated_sensitivity,30,temporary,2023-06-29,186,1224,0,583,769,0,455,0
deduplicated_sensitivity,30,temporary,2023-06-30,515,1224,0,0,515,0,709,0
deduplicated_sensitivity,30,temporary,2023-07-01,0,0,0,0,0,0,0,0
deduplicated_sensitivity,30,temporary,2023-07-02,0,0,0,0,0,0,0,0
deduplicated_sensitivity,30,temporary,2023-07-03,1355,1224,0,0,1224,131,0,0
deduplicated_sensitivity,30,temporary,2023-07-04,1260,1224,0,131,1224,167,0,0
deduplicated_sensitivity,30,temporary,2023-07-05,0,1224,0,167,167,0,1057,0
deduplicated_sensitivity,30,temporary,2023-07-06,2395,1224,0,0,1224,1171,0,0
deduplicated_sensitivity,30,temporary,2023-07-07,180,1224,0,1171,1224,127,0,0
deduplicated_sensitivity,30,temporary,2023-07-08,0,0,0,127,0,127,0,1
deduplicated_sensitivity,30,temporary,2023-07-09,0,0,0,127,0,127,0,2
deduplicated_sensitivity,30,temporary,2023-07-10,952,1224,0,127,1079,0,145,0
deduplicated_sensitivity,30,temporary,2023-07-11,1711,1224,0,0,1224,487,0,0
deduplicated_sensitivity,30,temporary,2023-07-12,1009,1224,0,487,1224,272,0,0
deduplicated_sensitivity,30,temporary,2023-07-13,549,1224,0,272,821,0,403,0
deduplicated_sensitivity,30,temporary,2023-07-14,0,1224,0,0,0,0,1224,0
deduplicated_sensitivity,30,temporary,2023-07-15,0,0,0,0,0,0,0,0
deduplicated_sensitivity,30,temporary,2023-07-16,0,0,0,0,0,0,0,0
deduplicated_sensitivity,30,temporary,2023-07-17,1685,1224,0,0,1224,461,0,0
deduplicated_sensitivity,30,temporary,2023-07-18,1697,1224,0,461,1224,934,0,0
deduplicated_sensitivity,30,temporary,2023-07-19,992,1224,0,934,1224,702,0,0
deduplicated_sensitivity,30,temporary,2023-07-20,339,1224,0,702,1041,0,183,0
deduplicated_sensitivity,30,temporary,2023-07-21,0,1224,0,0,0,0,1224,0
deduplicated_sensitivity,30,temporary,2023-07-22,0,0,0,0,0,0,0,0
deduplicated_sensitivity,30,temporary,2023-07-23,0,0,0,0,0,0,0,0
deduplicated_sensitivity,30,temporary,2023-07-24,1087,1224,0,0,1087,0,137,0
deduplicated_sensitivity,30,temporary,2023-07-25,865,1224,0,0,865,0,359,0
deduplicated_sensitivity,30,temporary,2023-07-26,469,1224,0,0,469,0,755,0
deduplicated_sensitivity,30,temporary,2023-07-27,586,1224,0,0,586,0,638,0
deduplicated_sensitivity,30,temporary,2023-07-28,668,1224,0,0,668,0,556,0
deduplicated_sensitivity,30,temporary,2023-07-29,0,0,0,0,0,0,0,0
deduplicated_sensitivity,30,temporary,2023-07-30,0,0,0,0,0,0,0,0
deduplicated_sensitivity,30,temporary,2023-07-31,590,1224,0,0,590,0,634,0
deduplicated_sensitivity,30,temporary,2023-08-01,557,1224,0,0,557,0,667,0
deduplicated_sensitivity,30,temporary,2023-08-02,126,1224,0,0,126,0,1098,0
deduplicated_sensitivity,30,temporary,2023-08-03,549,1224,0,0,549,0,675,0
deduplicated_sensitivity,30,temporary,2023-08-04,235,1224,0,0,235,0,989,0
deduplicated_sensitivity,30,temporary,2023-08-05,0,0,0,0,0,0,0,0
deduplicated_sensitivity,30,temporary,2023-08-06,0,0,0,0,0,0,0,0
deduplicated_sensitivity,30,temporary,2023-08-07,1728,1224,0,0,1224,504,0,0
deduplicated_sensitivity,30,temporary,2023-08-08,625,1224,0,504,1129,0,95,0
deduplicated_sensitivity,30,temporary,2023-08-09,573,1224,0,0,573,0,651,0
deduplicated_sensitivity,30,temporary,2023-08-10,736,1224,0,0,736,0,488,0
deduplicated_sensitivity,30,temporary,2023-08-11,0,1224,0,0,0,0,1224,0
deduplicated_sensitivity,30,temporary,2023-08-12,0,0,0,0,0,0,0,0
deduplicated_sensitivity,30,temporary,2023-08-13,1231,0,0,0,0,1231,0,0
deduplicated_sensitivity,30,temporary,2023-08-14,0,1550,16,1231,1231,0,319,0
deduplicated_sensitivity,30,temporary,2023-08-15,1238,1224,0,0,1224,14,0,0
deduplicated_sensitivity,30,temporary,2023-08-16,899,1224,0,14,913,0,311,0
deduplicated_sensitivity,30,temporary,2023-08-17,1202,1224,0,0,1202,0,22,0
deduplicated_sensitivity,30,temporary,2023-08-18,12,1224,0,0,12,0,1212,0
deduplicated_sensitivity,30,temporary,2023-08-19,0,0,0,0,0,0,0,0
deduplicated_sensitivity,30,temporary,2023-08-20,0,0,0,0,0,0,0,0
deduplicated_sensitivity,30,temporary,2023-08-21,18,1224,0,0,18,0,1206,0
deduplicated_sensitivity,30,temporary,2023-08-22,4599,1224,0,0,1224,3375,0,0
deduplicated_sensitivity,30,temporary,2023-08-23,70,1550,16,3375,1550,1895,0,1
deduplicated_sensitivity,30,temporary,2023-08-24,2856,1550,16,1895,1550,3201,0,2
deduplicated_sensitivity,30,temporary,2023-08-25,0,1550,16,3201,1550,1651,0,1
deduplicated_sensitivity,30,temporary,2023-08-26,0,0,0,1651,0,1651,0,2
deduplicated_sensitivity,30,temporary,2023-08-27,0,0,0,1651,0,1651,0,3
deduplicated_sensitivity,30,temporary,2023-08-28,2483,1550,16,1651,1550,2584,0,4
deduplicated_sensitivity,30,temporary,2023-08-29,615,1550,16,2584,1550,1649,0,1
deduplicated_sensitivity,30,temporary,2023-08-30,1178,1550,16,1649,1550,1277,0,1
deduplicated_sensitivity,30,temporary,2023-08-31,1595,1550,16,1277,1550,1322,0,0
deduplicated_sensitivity,30,temporary,2023-09-01,1147,1550,16,1322,1550,919,0,0
deduplicated_sensitivity,30,temporary,2023-09-02,0,0,0,919,0,919,0,1
deduplicated_sensitivity,30,temporary,2023-09-03,0,0,0,919,0,919,0,2
deduplicated_sensitivity,30,temporary,2023-09-04,0,1224,0,919,919,0,305,0
deduplicated_sensitivity,30,temporary,2023-09-05,1323,1224,0,0,1224,99,0,0
deduplicated_sensitivity,30,temporary,2023-09-06,826,1224,0,99,925,0,299,0
deduplicated_sensitivity,30,temporary,2023-09-07,802,1224,0,0,802,0,422,0
deduplicated_sensitivity,30,temporary,2023-09-08,375,1224,0,0,375,0,849,0
deduplicated_sensitivity,30,temporary,2023-09-09,0,0,0,0,0,0,0,0
deduplicated_sensitivity,30,temporary,2023-09-10,490,0,0,0,0,490,0,0
deduplicated_sensitivity,30,temporary,2023-09-11,0,1224,0,490,490,0,734,0
deduplicated_sensitivity,30,temporary,2023-09-12,2188,1224,0,0,1224,964,0,0
deduplicated_sensitivity,30,temporary,2023-09-13,1403,1224,0,964,1224,1143,0,0
deduplicated_sensitivity,30,temporary,2023-09-14,0,1224,0,1143,1143,0,81,0
deduplicated_sensitivity,30,temporary,2023-09-15,0,1224,0,0,0,0,1224,0
deduplicated_sensitivity,30,temporary,2023-09-16,0,0,0,0,0,0,0,0
deduplicated_sensitivity,30,temporary,2023-09-17,515,0,0,0,0,515,0,0
deduplicated_sensitivity,30,temporary,2023-09-18,32,1224,0,515,547,0,677,0
deduplicated_sensitivity,30,temporary,2023-09-19,3603,1224,0,0,1224,2379,0,0
deduplicated_sensitivity,30,temporary,2023-09-20,0,1550,16,2379,1550,829,0,1
deduplicated_sensitivity,30,temporary,2023-09-21,2785,1224,0,829,1224,2390,0,0
deduplicated_sensitivity,30,temporary,2023-09-22,0,1550,16,2390,1550,840,0,1
deduplicated_sensitivity,30,temporary,2023-09-23,0,0,0,840,0,840,0,2
deduplicated_sensitivity,30,temporary,2023-09-24,0,0,0,840,0,840,0,3
deduplicated_sensitivity,30,temporary,2023-09-25,2378,1224,0,840,1224,1994,0,0
deduplicated_sensitivity,30,temporary,2023-09-26,131,1550,16,1994,1550,575,0,1
deduplicated_sensitivity,30,temporary,2023-09-27,0,1224,0,575,575,0,649,0
deduplicated_sensitivity,30,temporary,2023-09-28,0,1224,0,0,0,0,1224,0
deduplicated_sensitivity,30,temporary,2023-09-29,108,1224,0,0,108,0,1116,0
deduplicated_sensitivity,30,temporary,2023-09-30,0,0,0,0,0,0,0,0
deduplicated_sensitivity,30,temporary,2023-10-01,0,0,0,0,0,0,0,0
deduplicated_sensitivity,30,temporary,2023-10-02,5347,1224,0,0,1224,4123,0,0
deduplicated_sensitivity,30,temporary,2023-10-03,136,1550,16,4123,1550,2709,0,1
deduplicated_sensitivity,30,temporary,2023-10-04,60,1550,16,2709,1550,1219,0,2
deduplicated_sensitivity,30,temporary,2023-10-05,2341,1224,0,1219,1224,2336,0,0
deduplicated_sensitivity,30,temporary,2023-10-06,1451,1550,16,2336,1550,2237,0,1
deduplicated_sensitivity,30,temporary,2023-10-07,0,0,0,2237,0,2237,0,2
deduplicated_sensitivity,30,temporary,2023-10-08,0,0,0,2237,0,2237,0,3
deduplicated_sensitivity,30,temporary,2023-10-09,0,1550,16,2237,1550,687,0,3
deduplicated_sensitivity,30,temporary,2023-10-10,3,1224,0,687,690,0,534,0
deduplicated_sensitivity,30,temporary,2023-10-11,319,1224,0,0,319,0,905,0
deduplicated_sensitivity,30,temporary,2023-10-12,1938,1224,0,0,1224,714,0,0
deduplicated_sensitivity,30,temporary,2023-10-13,1900,1224,0,714,1224,1390,0,0
deduplicated_sensitivity,30,temporary,2023-10-14,0,0,0,1390,0,1390,0,1
deduplicated_sensitivity,30,temporary,2023-10-15,0,0,0,1390,0,1390,0,2
deduplicated_sensitivity,30,temporary,2023-10-16,1273,1550,16,1390,1550,1113,0,0
deduplicated_sensitivity,30,temporary,2023-10-17,720,1224,0,1113,1224,609,0,0
deduplicated_sensitivity,30,temporary,2023-10-18,815,1224,0,609,1224,200,0,0
deduplicated_sensitivity,30,temporary,2023-10-19,531,1224,0,200,731,0,493,0
deduplicated_sensitivity,30,temporary,2023-10-20,0,1224,0,0,0,0,1224,0
deduplicated_sensitivity,30,temporary,2023-10-21,0,0,0,0,0,0,0,0
deduplicated_sensitivity,30,temporary,2023-10-22,0,0,0,0,0,0,0,0
deduplicated_sensitivity,30,temporary,2023-10-23,0,1224,0,0,0,0,1224,0
deduplicated_sensitivity,30,temporary,2023-10-24,0,1224,0,0,0,0,1224,0
deduplicated_sensitivity,30,temporary,2023-10-25,0,1224,0,0,0,0,1224,0
deduplicated_sensitivity,30,temporary,2023-10-26,0,1224,0,0,0,0,1224,0
deduplicated_sensitivity,30,temporary,2023-10-27,0,1224,0,0,0,0,1224,0
deduplicated_sensitivity,30,temporary,2023-10-28,0,0,0,0,0,0,0,0
deduplicated_sensitivity,30,temporary,2023-10-29,0,0,0,0,0,0,0,0
deduplicated_sensitivity,30,temporary,2023-10-30,0,1224,0,0,0,0,1224,0
deduplicated_sensitivity,30,temporary,2023-10-31,0,1224,0,0,0,0,1224,0
deduplicated_sensitivity,30,temporary,2023-11-01,0,1224,0,0,0,0,1224,0
deduplicated_sensitivity,30,temporary,2023-11-02,0,1224,0,0,0,0,1224,0
deduplicated_sensitivity,40,carryover,2023-01-05,2254,1632,0,0,1632,622,0,0
deduplicated_sensitivity,40,carryover,2023-01-06,1556,1632,0,622,1632,546,0,0
deduplicated_sensitivity,40,carryover,2023-01-07,0,0,0,546,0,546,0,1
deduplicated_sensitivity,40,carryover,2023-01-08,0,0,0,546,0,546,0,2
deduplicated_sensitivity,40,carryover,2023-01-09,1374,1632,0,546,1632,288,0,0
deduplicated_sensitivity,40,carryover,2023-01-10,1551,1632,0,288,1632,207,0,0
deduplicated_sensitivity,40,carryover,2023-01-11,807,1632,0,207,1014,0,618,0
deduplicated_sensitivity,40,carryover,2023-01-12,1897,1632,0,0,1632,265,0,0
deduplicated_sensitivity,40,carryover,2023-01-13,660,1632,0,265,925,0,707,0
deduplicated_sensitivity,40,carryover,2023-01-14,0,0,0,0,0,0,0,0
deduplicated_sensitivity,40,carryover,2023-01-15,0,0,0,0,0,0,0,0
deduplicated_sensitivity,40,carryover,2023-01-16,885,1632,0,0,885,0,747,0
deduplicated_sensitivity,40,carryover,2023-01-17,997,1632,0,0,997,0,635,0
deduplicated_sensitivity,40,carryover,2023-01-18,1908,1632,0,0,1632,276,0,0
deduplicated_sensitivity,40,carryover,2023-01-19,250,1632,0,276,526,0,1106,0
deduplicated_sensitivity,40,carryover,2023-01-20,321,1632,0,0,321,0,1311,0
deduplicated_sensitivity,40,carryover,2023-01-21,0,0,0,0,0,0,0,0
deduplicated_sensitivity,40,carryover,2023-01-22,0,0,0,0,0,0,0,0
deduplicated_sensitivity,40,carryover,2023-01-23,856,1632,0,0,856,0,776,0
deduplicated_sensitivity,40,carryover,2023-01-24,563,1632,0,0,563,0,1069,0
deduplicated_sensitivity,40,carryover,2023-01-25,1384,1632,0,0,1384,0,248,0
deduplicated_sensitivity,40,carryover,2023-01-26,871,1632,0,0,871,0,761,0
deduplicated_sensitivity,40,carryover,2023-01-27,730,1632,0,0,730,0,902,0
deduplicated_sensitivity,40,carryover,2023-01-28,0,0,0,0,0,0,0,0
deduplicated_sensitivity,40,carryover,2023-01-29,0,0,0,0,0,0,0,0
deduplicated_sensitivity,40,carryover,2023-01-30,1083,1632,0,0,1083,0,549,0
deduplicated_sensitivity,40,carryover,2023-01-31,1023,1632,0,0,1023,0,609,0
deduplicated_sensitivity,40,carryover,2023-02-01,278,1632,0,0,278,0,1354,0
deduplicated_sensitivity,40,carryover,2023-02-02,1293,1632,0,0,1293,0,339,0
deduplicated_sensitivity,40,carryover,2023-02-03,662,1632,0,0,662,0,970,0
deduplicated_sensitivity,40,carryover,2023-02-04,0,0,0,0,0,0,0,0
deduplicated_sensitivity,40,carryover,2023-02-05,0,0,0,0,0,0,0,0
deduplicated_sensitivity,40,carryover,2023-02-06,1526,1632,0,0,1526,0,106,0
deduplicated_sensitivity,40,carryover,2023-02-07,854,1632,0,0,854,0,778,0
deduplicated_sensitivity,40,carryover,2023-02-08,975,1632,0,0,975,0,657,0
deduplicated_sensitivity,40,carryover,2023-02-09,1707,1632,0,0,1632,75,0,0
deduplicated_sensitivity,40,carryover,2023-02-10,462,1632,0,75,537,0,1095,0
deduplicated_sensitivity,40,carryover,2023-02-11,0,0,0,0,0,0,0,0
deduplicated_sensitivity,40,carryover,2023-02-12,0,0,0,0,0,0,0,0
deduplicated_sensitivity,40,carryover,2023-02-13,1306,1632,0,0,1306,0,326,0
deduplicated_sensitivity,40,carryover,2023-02-14,638,1632,0,0,638,0,994,0
deduplicated_sensitivity,40,carryover,2023-02-15,384,1632,0,0,384,0,1248,0
deduplicated_sensitivity,40,carryover,2023-02-16,2383,1632,0,0,1632,751,0,0
deduplicated_sensitivity,40,carryover,2023-02-17,0,1632,0,751,751,0,881,0
deduplicated_sensitivity,40,carryover,2023-02-18,0,0,0,0,0,0,0,0
deduplicated_sensitivity,40,carryover,2023-02-19,510,0,0,0,0,510,0,0
deduplicated_sensitivity,40,carryover,2023-02-20,0,1632,0,510,510,0,1122,0
deduplicated_sensitivity,40,carryover,2023-02-21,1943,1632,0,0,1632,311,0,0
deduplicated_sensitivity,40,carryover,2023-02-22,1414,1632,0,311,1632,93,0,0
deduplicated_sensitivity,40,carryover,2023-02-23,1907,1632,0,93,1632,368,0,0
deduplicated_sensitivity,40,carryover,2023-02-24,1163,1632,0,368,1531,0,101,0
deduplicated_sensitivity,40,carryover,2023-02-25,0,0,0,0,0,0,0,0
deduplicated_sensitivity,40,carryover,2023-02-26,0,0,0,0,0,0,0,0
deduplicated_sensitivity,40,carryover,2023-02-27,1496,1632,0,0,1496,0,136,0
deduplicated_sensitivity,40,carryover,2023-02-28,1134,1632,0,0,1134,0,498,0
deduplicated_sensitivity,40,carryover,2023-03-01,227,1632,0,0,227,0,1405,0
deduplicated_sensitivity,40,carryover,2023-03-02,2495,1632,0,0,1632,863,0,0
deduplicated_sensitivity,40,carryover,2023-03-03,708,1632,0,863,1571,0,61,0
deduplicated_sensitivity,40,carryover,2023-03-04,0,0,0,0,0,0,0,0
deduplicated_sensitivity,40,carryover,2023-03-05,0,0,0,0,0,0,0,0
deduplicated_sensitivity,40,carryover,2023-03-06,1586,1632,0,0,1586,0,46,0
deduplicated_sensitivity,40,carryover,2023-03-07,479,1632,0,0,479,0,1153,0
deduplicated_sensitivity,40,carryover,2023-03-08,1728,1632,0,0,1632,96,0,0
deduplicated_sensitivity,40,carryover,2023-03-09,1078,1632,0,96,1174,0,458,0
deduplicated_sensitivity,40,carryover,2023-03-10,382,1632,0,0,382,0,1250,0
deduplicated_sensitivity,40,carryover,2023-03-11,0,0,0,0,0,0,0,0
deduplicated_sensitivity,40,carryover,2023-03-12,437,0,0,0,0,437,0,0
deduplicated_sensitivity,40,carryover,2023-03-13,0,1632,0,437,437,0,1195,0
deduplicated_sensitivity,40,carryover,2023-03-14,1656,1632,0,0,1632,24,0,0
deduplicated_sensitivity,40,carryover,2023-03-15,384,1632,0,24,408,0,1224,0
deduplicated_sensitivity,40,carryover,2023-03-16,1518,1632,0,0,1518,0,114,0
deduplicated_sensitivity,40,carryover,2023-03-17,2400,1632,0,0,1632,768,0,0
deduplicated_sensitivity,40,carryover,2023-03-18,0,0,0,768,0,768,0,1
deduplicated_sensitivity,40,carryover,2023-03-19,0,0,0,768,0,768,0,2
deduplicated_sensitivity,40,carryover,2023-03-20,0,1632,0,768,768,0,864,0
deduplicated_sensitivity,40,carryover,2023-03-21,0,1632,0,0,0,0,1632,0
deduplicated_sensitivity,40,carryover,2023-03-22,5910,1632,0,0,1632,4278,0,0
deduplicated_sensitivity,40,carryover,2023-03-23,0,1632,0,4278,1632,2646,0,1
deduplicated_sensitivity,40,carryover,2023-03-24,0,1632,0,2646,1632,1014,0,2
deduplicated_sensitivity,40,carryover,2023-03-25,0,0,0,1014,0,1014,0,3
deduplicated_sensitivity,40,carryover,2023-03-26,0,0,0,1014,0,1014,0,4
deduplicated_sensitivity,40,carryover,2023-03-27,1277,1632,0,1014,1632,659,0,0
deduplicated_sensitivity,40,carryover,2023-03-28,102,1632,0,659,761,0,871,0
deduplicated_sensitivity,40,carryover,2023-03-29,3482,1632,0,0,1632,1850,0,0
deduplicated_sensitivity,40,carryover,2023-03-30,0,1632,0,1850,1632,218,0,1
deduplicated_sensitivity,40,carryover,2023-03-31,0,1632,0,218,218,0,1414,0
deduplicated_sensitivity,40,carryover,2023-04-01,0,0,0,0,0,0,0,0
deduplicated_sensitivity,40,carryover,2023-04-02,0,0,0,0,0,0,0,0
deduplicated_sensitivity,40,carryover,2023-04-03,3070,1632,0,0,1632,1438,0,0
deduplicated_sensitivity,40,carryover,2023-04-04,1432,1632,0,1438,1632,1238,0,0
deduplicated_sensitivity,40,carryover,2023-04-05,808,1632,0,1238,1632,414,0,0
deduplicated_sensitivity,40,carryover,2023-04-06,909,1632,0,414,1323,0,309,0
deduplicated_sensitivity,40,carryover,2023-04-07,0,1632,0,0,0,0,1632,0
deduplicated_sensitivity,40,carryover,2023-04-08,0,0,0,0,0,0,0,0
deduplicated_sensitivity,40,carryover,2023-04-09,0,0,0,0,0,0,0,0
deduplicated_sensitivity,40,carryover,2023-04-10,0,1632,0,0,0,0,1632,0
deduplicated_sensitivity,40,carryover,2023-04-11,1284,1632,0,0,1284,0,348,0
deduplicated_sensitivity,40,carryover,2023-04-12,0,1632,0,0,0,0,1632,0
deduplicated_sensitivity,40,carryover,2023-04-13,3489,1632,0,0,1632,1857,0,0
deduplicated_sensitivity,40,carryover,2023-04-14,0,1632,0,1857,1632,225,0,1
deduplicated_sensitivity,40,carryover,2023-04-15,0,0,0,225,0,225,0,2
deduplicated_sensitivity,40,carryover,2023-04-16,0,0,0,225,0,225,0,3
deduplicated_sensitivity,40,carryover,2023-04-17,2661,1632,0,225,1632,1254,0,0
deduplicated_sensitivity,40,carryover,2023-04-18,513,1632,0,1254,1632,135,0,0
deduplicated_sensitivity,40,carryover,2023-04-19,1325,1632,0,135,1460,0,172,0
deduplicated_sensitivity,40,carryover,2023-04-20,878,1632,0,0,878,0,754,0
deduplicated_sensitivity,40,carryover,2023-04-21,497,1632,0,0,497,0,1135,0
deduplicated_sensitivity,40,carryover,2023-04-22,0,0,0,0,0,0,0,0
deduplicated_sensitivity,40,carryover,2023-04-23,0,0,0,0,0,0,0,0
deduplicated_sensitivity,40,carryover,2023-04-24,1800,1632,0,0,1632,168,0,0
deduplicated_sensitivity,40,carryover,2023-04-25,819,1632,0,168,987,0,645,0
deduplicated_sensitivity,40,carryover,2023-04-26,1591,1632,0,0,1591,0,41,0
deduplicated_sensitivity,40,carryover,2023-04-27,327,1632,0,0,327,0,1305,0
deduplicated_sensitivity,40,carryover,2023-04-28,432,1632,0,0,432,0,1200,0
deduplicated_sensitivity,40,carryover,2023-04-29,0,0,0,0,0,0,0,0
deduplicated_sensitivity,40,carryover,2023-04-30,0,0,0,0,0,0,0,0
deduplicated_sensitivity,40,carryover,2023-05-01,986,1632,0,0,986,0,646,0
deduplicated_sensitivity,40,carryover,2023-05-02,1145,1632,0,0,1145,0,487,0
deduplicated_sensitivity,40,carryover,2023-05-03,1466,1632,0,0,1466,0,166,0
deduplicated_sensitivity,40,carryover,2023-05-04,2698,1632,0,0,1632,1066,0,0
deduplicated_sensitivity,40,carryover,2023-05-05,930,1632,0,1066,1632,364,0,0
deduplicated_sensitivity,40,carryover,2023-05-06,0,0,0,364,0,364,0,1
deduplicated_sensitivity,40,carryover,2023-05-07,0,0,0,364,0,364,0,2
deduplicated_sensitivity,40,carryover,2023-05-08,1028,1632,0,364,1392,0,240,0
deduplicated_sensitivity,40,carryover,2023-05-09,1881,1632,0,0,1632,249,0,0
deduplicated_sensitivity,40,carryover,2023-05-10,0,1632,0,249,249,0,1383,0
deduplicated_sensitivity,40,carryover,2023-05-11,1986,1632,0,0,1632,354,0,0
deduplicated_sensitivity,40,carryover,2023-05-12,744,1632,0,354,1098,0,534,0
deduplicated_sensitivity,40,carryover,2023-05-13,0,0,0,0,0,0,0,0
deduplicated_sensitivity,40,carryover,2023-05-14,0,0,0,0,0,0,0,0
deduplicated_sensitivity,40,carryover,2023-05-15,1049,1632,0,0,1049,0,583,0
deduplicated_sensitivity,40,carryover,2023-05-16,2427,1632,0,0,1632,795,0,0
deduplicated_sensitivity,40,carryover,2023-05-17,0,1632,0,795,795,0,837,0
deduplicated_sensitivity,40,carryover,2023-05-18,1999,1632,0,0,1632,367,0,0
deduplicated_sensitivity,40,carryover,2023-05-19,1526,1632,0,367,1632,261,0,0
deduplicated_sensitivity,40,carryover,2023-05-20,0,0,0,261,0,261,0,1
deduplicated_sensitivity,40,carryover,2023-05-21,0,0,0,261,0,261,0,2
deduplicated_sensitivity,40,carryover,2023-05-22,0,1632,0,261,261,0,1371,0
deduplicated_sensitivity,40,carryover,2023-05-23,1866,1632,0,0,1632,234,0,0
deduplicated_sensitivity,40,carryover,2023-05-24,0,1632,0,234,234,0,1398,0
deduplicated_sensitivity,40,carryover,2023-05-25,1869,1632,0,0,1632,237,0,0
deduplicated_sensitivity,40,carryover,2023-05-26,1358,1632,0,237,1595,0,37,0
deduplicated_sensitivity,40,carryover,2023-05-27,0,0,0,0,0,0,0,0
deduplicated_sensitivity,40,carryover,2023-05-28,0,0,0,0,0,0,0,0
deduplicated_sensitivity,40,carryover,2023-05-29,1285,1632,0,0,1285,0,347,0
deduplicated_sensitivity,40,carryover,2023-05-30,1585,1632,0,0,1585,0,47,0
deduplicated_sensitivity,40,carryover,2023-05-31,1369,1632,0,0,1369,0,263,0
deduplicated_sensitivity,40,carryover,2023-06-01,709,1632,0,0,709,0,923,0
deduplicated_sensitivity,40,carryover,2023-06-02,117,1632,0,0,117,0,1515,0
deduplicated_sensitivity,40,carryover,2023-06-03,0,0,0,0,0,0,0,0
deduplicated_sensitivity,40,carryover,2023-06-04,0,0,0,0,0,0,0,0
deduplicated_sensitivity,40,carryover,2023-06-05,1450,1632,0,0,1450,0,182,0
deduplicated_sensitivity,40,carryover,2023-06-06,956,1632,0,0,956,0,676,0
deduplicated_sensitivity,40,carryover,2023-06-07,1544,1632,0,0,1544,0,88,0
deduplicated_sensitivity,40,carryover,2023-06-08,122,1632,0,0,122,0,1510,0
deduplicated_sensitivity,40,carryover,2023-06-09,708,1632,0,0,708,0,924,0
deduplicated_sensitivity,40,carryover,2023-06-10,0,0,0,0,0,0,0,0
deduplicated_sensitivity,40,carryover,2023-06-11,0,0,0,0,0,0,0,0
deduplicated_sensitivity,40,carryover,2023-06-12,1282,1632,0,0,1282,0,350,0
deduplicated_sensitivity,40,carryover,2023-06-13,521,1632,0,0,521,0,1111,0
deduplicated_sensitivity,40,carryover,2023-06-14,2095,1632,0,0,1632,463,0,0
deduplicated_sensitivity,40,carryover,2023-06-15,478,1632,0,463,941,0,691,0
deduplicated_sensitivity,40,carryover,2023-06-16,143,1632,0,0,143,0,1489,0
deduplicated_sensitivity,40,carryover,2023-06-17,0,0,0,0,0,0,0,0
deduplicated_sensitivity,40,carryover,2023-06-18,0,0,0,0,0,0,0,0
deduplicated_sensitivity,40,carryover,2023-06-19,1981,1632,0,0,1632,349,0,0
deduplicated_sensitivity,40,carryover,2023-06-20,679,1632,0,349,1028,0,604,0
deduplicated_sensitivity,40,carryover,2023-06-21,536,1632,0,0,536,0,1096,0
deduplicated_sensitivity,40,carryover,2023-06-22,517,1632,0,0,517,0,1115,0
deduplicated_sensitivity,40,carryover,2023-06-23,0,1632,0,0,0,0,1632,0
deduplicated_sensitivity,40,carryover,2023-06-24,0,0,0,0,0,0,0,0
deduplicated_sensitivity,40,carryover,2023-06-25,0,0,0,0,0,0,0,0
deduplicated_sensitivity,40,carryover,2023-06-26,2050,1632,0,0,1632,418,0,0
deduplicated_sensitivity,40,carryover,2023-06-27,1895,1632,0,418,1632,681,0,0
deduplicated_sensitivity,40,carryover,2023-06-28,636,1632,0,681,1317,0,315,0
deduplicated_sensitivity,40,carryover,2023-06-29,186,1632,0,0,186,0,1446,0
deduplicated_sensitivity,40,carryover,2023-06-30,515,1632,0,0,515,0,1117,0
deduplicated_sensitivity,40,carryover,2023-07-01,0,0,0,0,0,0,0,0
deduplicated_sensitivity,40,carryover,2023-07-02,0,0,0,0,0,0,0,0
deduplicated_sensitivity,40,carryover,2023-07-03,1355,1632,0,0,1355,0,277,0
deduplicated_sensitivity,40,carryover,2023-07-04,1260,1632,0,0,1260,0,372,0
deduplicated_sensitivity,40,carryover,2023-07-05,0,1632,0,0,0,0,1632,0
deduplicated_sensitivity,40,carryover,2023-07-06,2395,1632,0,0,1632,763,0,0
deduplicated_sensitivity,40,carryover,2023-07-07,180,1632,0,763,943,0,689,0
deduplicated_sensitivity,40,carryover,2023-07-08,0,0,0,0,0,0,0,0
deduplicated_sensitivity,40,carryover,2023-07-09,0,0,0,0,0,0,0,0
deduplicated_sensitivity,40,carryover,2023-07-10,952,1632,0,0,952,0,680,0
deduplicated_sensitivity,40,carryover,2023-07-11,1711,1632,0,0,1632,79,0,0
deduplicated_sensitivity,40,carryover,2023-07-12,1009,1632,0,79,1088,0,544,0
deduplicated_sensitivity,40,carryover,2023-07-13,549,1632,0,0,549,0,1083,0
deduplicated_sensitivity,40,carryover,2023-07-14,0,1632,0,0,0,0,1632,0
deduplicated_sensitivity,40,carryover,2023-07-15,0,0,0,0,0,0,0,0
deduplicated_sensitivity,40,carryover,2023-07-16,0,0,0,0,0,0,0,0
deduplicated_sensitivity,40,carryover,2023-07-17,1685,1632,0,0,1632,53,0,0
deduplicated_sensitivity,40,carryover,2023-07-18,1697,1632,0,53,1632,118,0,0
deduplicated_sensitivity,40,carryover,2023-07-19,992,1632,0,118,1110,0,522,0
deduplicated_sensitivity,40,carryover,2023-07-20,339,1632,0,0,339,0,1293,0
deduplicated_sensitivity,40,carryover,2023-07-21,0,1632,0,0,0,0,1632,0
deduplicated_sensitivity,40,carryover,2023-07-22,0,0,0,0,0,0,0,0
deduplicated_sensitivity,40,carryover,2023-07-23,0,0,0,0,0,0,0,0
deduplicated_sensitivity,40,carryover,2023-07-24,1087,1632,0,0,1087,0,545,0
deduplicated_sensitivity,40,carryover,2023-07-25,865,1632,0,0,865,0,767,0
deduplicated_sensitivity,40,carryover,2023-07-26,469,1632,0,0,469,0,1163,0
deduplicated_sensitivity,40,carryover,2023-07-27,586,1632,0,0,586,0,1046,0
deduplicated_sensitivity,40,carryover,2023-07-28,668,1632,0,0,668,0,964,0
deduplicated_sensitivity,40,carryover,2023-07-29,0,0,0,0,0,0,0,0
deduplicated_sensitivity,40,carryover,2023-07-30,0,0,0,0,0,0,0,0
deduplicated_sensitivity,40,carryover,2023-07-31,590,1632,0,0,590,0,1042,0
deduplicated_sensitivity,40,carryover,2023-08-01,557,1632,0,0,557,0,1075,0
deduplicated_sensitivity,40,carryover,2023-08-02,126,1632,0,0,126,0,1506,0
deduplicated_sensitivity,40,carryover,2023-08-03,549,1632,0,0,549,0,1083,0
deduplicated_sensitivity,40,carryover,2023-08-04,235,1632,0,0,235,0,1397,0
deduplicated_sensitivity,40,carryover,2023-08-05,0,0,0,0,0,0,0,0
deduplicated_sensitivity,40,carryover,2023-08-06,0,0,0,0,0,0,0,0
deduplicated_sensitivity,40,carryover,2023-08-07,1728,1632,0,0,1632,96,0,0
deduplicated_sensitivity,40,carryover,2023-08-08,625,1632,0,96,721,0,911,0
deduplicated_sensitivity,40,carryover,2023-08-09,573,1632,0,0,573,0,1059,0
deduplicated_sensitivity,40,carryover,2023-08-10,736,1632,0,0,736,0,896,0
deduplicated_sensitivity,40,carryover,2023-08-11,0,1632,0,0,0,0,1632,0
deduplicated_sensitivity,40,carryover,2023-08-12,0,0,0,0,0,0,0,0
deduplicated_sensitivity,40,carryover,2023-08-13,1231,0,0,0,0,1231,0,0
deduplicated_sensitivity,40,carryover,2023-08-14,0,1632,0,1231,1231,0,401,0
deduplicated_sensitivity,40,carryover,2023-08-15,1238,1632,0,0,1238,0,394,0
deduplicated_sensitivity,40,carryover,2023-08-16,899,1632,0,0,899,0,733,0
deduplicated_sensitivity,40,carryover,2023-08-17,1202,1632,0,0,1202,0,430,0
deduplicated_sensitivity,40,carryover,2023-08-18,12,1632,0,0,12,0,1620,0
deduplicated_sensitivity,40,carryover,2023-08-19,0,0,0,0,0,0,0,0
deduplicated_sensitivity,40,carryover,2023-08-20,0,0,0,0,0,0,0,0
deduplicated_sensitivity,40,carryover,2023-08-21,18,1632,0,0,18,0,1614,0
deduplicated_sensitivity,40,carryover,2023-08-22,4599,1632,0,0,1632,2967,0,0
deduplicated_sensitivity,40,carryover,2023-08-23,70,1632,0,2967,1632,1405,0,1
deduplicated_sensitivity,40,carryover,2023-08-24,2856,1632,0,1405,1632,2629,0,0
deduplicated_sensitivity,40,carryover,2023-08-25,0,1632,0,2629,1632,997,0,1
deduplicated_sensitivity,40,carryover,2023-08-26,0,0,0,997,0,997,0,2
deduplicated_sensitivity,40,carryover,2023-08-27,0,0,0,997,0,997,0,3
deduplicated_sensitivity,40,carryover,2023-08-28,2483,1632,0,997,1632,1848,0,0
deduplicated_sensitivity,40,carryover,2023-08-29,615,1632,0,1848,1632,831,0,1
deduplicated_sensitivity,40,carryover,2023-08-30,1178,1632,0,831,1632,377,0,0
deduplicated_sensitivity,40,carryover,2023-08-31,1595,1632,0,377,1632,340,0,0
deduplicated_sensitivity,40,carryover,2023-09-01,1147,1632,0,340,1487,0,145,0
deduplicated_sensitivity,40,carryover,2023-09-02,0,0,0,0,0,0,0,0
deduplicated_sensitivity,40,carryover,2023-09-03,0,0,0,0,0,0,0,0
deduplicated_sensitivity,40,carryover,2023-09-04,0,1632,0,0,0,0,1632,0
deduplicated_sensitivity,40,carryover,2023-09-05,1323,1632,0,0,1323,0,309,0
deduplicated_sensitivity,40,carryover,2023-09-06,826,1632,0,0,826,0,806,0
deduplicated_sensitivity,40,carryover,2023-09-07,802,1632,0,0,802,0,830,0
deduplicated_sensitivity,40,carryover,2023-09-08,375,1632,0,0,375,0,1257,0
deduplicated_sensitivity,40,carryover,2023-09-09,0,0,0,0,0,0,0,0
deduplicated_sensitivity,40,carryover,2023-09-10,490,0,0,0,0,490,0,0
deduplicated_sensitivity,40,carryover,2023-09-11,0,1632,0,490,490,0,1142,0
deduplicated_sensitivity,40,carryover,2023-09-12,2188,1632,0,0,1632,556,0,0
deduplicated_sensitivity,40,carryover,2023-09-13,1403,1632,0,556,1632,327,0,0
deduplicated_sensitivity,40,carryover,2023-09-14,0,1632,0,327,327,0,1305,0
deduplicated_sensitivity,40,carryover,2023-09-15,0,1632,0,0,0,0,1632,0
deduplicated_sensitivity,40,carryover,2023-09-16,0,0,0,0,0,0,0,0
deduplicated_sensitivity,40,carryover,2023-09-17,515,0,0,0,0,515,0,0
deduplicated_sensitivity,40,carryover,2023-09-18,32,1632,0,515,547,0,1085,0
deduplicated_sensitivity,40,carryover,2023-09-19,3603,1632,0,0,1632,1971,0,0
deduplicated_sensitivity,40,carryover,2023-09-20,0,1632,0,1971,1632,339,0,1
deduplicated_sensitivity,40,carryover,2023-09-21,2785,1632,0,339,1632,1492,0,0
deduplicated_sensitivity,40,carryover,2023-09-22,0,1632,0,1492,1492,0,140,0
deduplicated_sensitivity,40,carryover,2023-09-23,0,0,0,0,0,0,0,0
deduplicated_sensitivity,40,carryover,2023-09-24,0,0,0,0,0,0,0,0
deduplicated_sensitivity,40,carryover,2023-09-25,2378,1632,0,0,1632,746,0,0
deduplicated_sensitivity,40,carryover,2023-09-26,131,1632,0,746,877,0,755,0
deduplicated_sensitivity,40,carryover,2023-09-27,0,1632,0,0,0,0,1632,0
deduplicated_sensitivity,40,carryover,2023-09-28,0,1632,0,0,0,0,1632,0
deduplicated_sensitivity,40,carryover,2023-09-29,108,1632,0,0,108,0,1524,0
deduplicated_sensitivity,40,carryover,2023-09-30,0,0,0,0,0,0,0,0
deduplicated_sensitivity,40,carryover,2023-10-01,0,0,0,0,0,0,0,0
deduplicated_sensitivity,40,carryover,2023-10-02,5347,1632,0,0,1632,3715,0,0
deduplicated_sensitivity,40,carryover,2023-10-03,136,1632,0,3715,1632,2219,0,1
deduplicated_sensitivity,40,carryover,2023-10-04,60,1632,0,2219,1632,647,0,2
deduplicated_sensitivity,40,carryover,2023-10-05,2341,1632,0,647,1632,1356,0,0
deduplicated_sensitivity,40,carryover,2023-10-06,1451,1632,0,1356,1632,1175,0,0
deduplicated_sensitivity,40,carryover,2023-10-07,0,0,0,1175,0,1175,0,1
deduplicated_sensitivity,40,carryover,2023-10-08,0,0,0,1175,0,1175,0,2
deduplicated_sensitivity,40,carryover,2023-10-09,0,1632,0,1175,1175,0,457,0
deduplicated_sensitivity,40,carryover,2023-10-10,3,1632,0,0,3,0,1629,0
deduplicated_sensitivity,40,carryover,2023-10-11,319,1632,0,0,319,0,1313,0
deduplicated_sensitivity,40,carryover,2023-10-12,1938,1632,0,0,1632,306,0,0
deduplicated_sensitivity,40,carryover,2023-10-13,1900,1632,0,306,1632,574,0,0
deduplicated_sensitivity,40,carryover,2023-10-14,0,0,0,574,0,574,0,1
deduplicated_sensitivity,40,carryover,2023-10-15,0,0,0,574,0,574,0,2
deduplicated_sensitivity,40,carryover,2023-10-16,1273,1632,0,574,1632,215,0,0
deduplicated_sensitivity,40,carryover,2023-10-17,720,1632,0,215,935,0,697,0
deduplicated_sensitivity,40,carryover,2023-10-18,815,1632,0,0,815,0,817,0
deduplicated_sensitivity,40,carryover,2023-10-19,531,1632,0,0,531,0,1101,0
deduplicated_sensitivity,40,carryover,2023-10-20,0,1632,0,0,0,0,1632,0
deduplicated_sensitivity,40,carryover,2023-10-21,0,0,0,0,0,0,0,0
deduplicated_sensitivity,40,carryover,2023-10-22,0,0,0,0,0,0,0,0
deduplicated_sensitivity,40,carryover,2023-10-23,0,1632,0,0,0,0,1632,0
deduplicated_sensitivity,40,carryover,2023-10-24,0,1632,0,0,0,0,1632,0
deduplicated_sensitivity,40,carryover,2023-10-25,0,1632,0,0,0,0,1632,0
deduplicated_sensitivity,40,carryover,2023-10-26,0,1632,0,0,0,0,1632,0
deduplicated_sensitivity,40,carryover,2023-10-27,0,1632,0,0,0,0,1632,0
deduplicated_sensitivity,40,carryover,2023-10-28,0,0,0,0,0,0,0,0
deduplicated_sensitivity,40,carryover,2023-10-29,0,0,0,0,0,0,0,0
deduplicated_sensitivity,40,carryover,2023-10-30,0,1632,0,0,0,0,1632,0
deduplicated_sensitivity,40,carryover,2023-10-31,0,1632,0,0,0,0,1632,0
deduplicated_sensitivity,40,carryover,2023-11-01,0,1632,0,0,0,0,1632,0
deduplicated_sensitivity,40,carryover,2023-11-02,0,1632,0,0,0,0,1632,0
deduplicated_sensitivity,40,overtime,2023-01-05,2254,2040,12,0,2040,214,0,0
deduplicated_sensitivity,40,overtime,2023-01-06,1556,2040,12,214,1770,0,270,0
deduplicated_sensitivity,40,overtime,2023-01-07,0,0,0,0,0,0,0,0
deduplicated_sensitivity,40,overtime,2023-01-08,0,0,0,0,0,0,0,0
deduplicated_sensitivity,40,overtime,2023-01-09,1374,1632,0,0,1374,0,258,0
deduplicated_sensitivity,40,overtime,2023-01-10,1551,1632,0,0,1551,0,81,0
deduplicated_sensitivity,40,overtime,2023-01-11,807,1632,0,0,807,0,825,0
deduplicated_sensitivity,40,overtime,2023-01-12,1897,2040,12,0,1897,0,143,0
deduplicated_sensitivity,40,overtime,2023-01-13,660,1632,0,0,660,0,972,0
deduplicated_sensitivity,40,overtime,2023-01-14,0,0,0,0,0,0,0,0
deduplicated_sensitivity,40,overtime,2023-01-15,0,0,0,0,0,0,0,0
deduplicated_sensitivity,40,overtime,2023-01-16,885,1632,0,0,885,0,747,0
deduplicated_sensitivity,40,overtime,2023-01-17,997,1632,0,0,997,0,635,0
deduplicated_sensitivity,40,overtime,2023-01-18,1908,2040,12,0,1908,0,132,0
deduplicated_sensitivity,40,overtime,2023-01-19,250,1632,0,0,250,0,1382,0
deduplicated_sensitivity,40,overtime,2023-01-20,321,1632,0,0,321,0,1311,0
deduplicated_sensitivity,40,overtime,2023-01-21,0,0,0,0,0,0,0,0
deduplicated_sensitivity,40,overtime,2023-01-22,0,0,0,0,0,0,0,0
deduplicated_sensitivity,40,overtime,2023-01-23,856,1632,0,0,856,0,776,0
deduplicated_sensitivity,40,overtime,2023-01-24,563,1632,0,0,563,0,1069,0
deduplicated_sensitivity,40,overtime,2023-01-25,1384,1632,0,0,1384,0,248,0
deduplicated_sensitivity,40,overtime,2023-01-26,871,1632,0,0,871,0,761,0
deduplicated_sensitivity,40,overtime,2023-01-27,730,1632,0,0,730,0,902,0
deduplicated_sensitivity,40,overtime,2023-01-28,0,0,0,0,0,0,0,0
deduplicated_sensitivity,40,overtime,2023-01-29,0,0,0,0,0,0,0,0
deduplicated_sensitivity,40,overtime,2023-01-30,1083,1632,0,0,1083,0,549,0
deduplicated_sensitivity,40,overtime,2023-01-31,1023,1632,0,0,1023,0,609,0
deduplicated_sensitivity,40,overtime,2023-02-01,278,1632,0,0,278,0,1354,0
deduplicated_sensitivity,40,overtime,2023-02-02,1293,1632,0,0,1293,0,339,0
deduplicated_sensitivity,40,overtime,2023-02-03,662,1632,0,0,662,0,970,0
deduplicated_sensitivity,40,overtime,2023-02-04,0,0,0,0,0,0,0,0
deduplicated_sensitivity,40,overtime,2023-02-05,0,0,0,0,0,0,0,0
deduplicated_sensitivity,40,overtime,2023-02-06,1526,1632,0,0,1526,0,106,0
deduplicated_sensitivity,40,overtime,2023-02-07,854,1632,0,0,854,0,778,0
deduplicated_sensitivity,40,overtime,2023-02-08,975,1632,0,0,975,0,657,0
deduplicated_sensitivity,40,overtime,2023-02-09,1707,2040,12,0,1707,0,333,0
deduplicated_sensitivity,40,overtime,2023-02-10,462,1632,0,0,462,0,1170,0
deduplicated_sensitivity,40,overtime,2023-02-11,0,0,0,0,0,0,0,0
deduplicated_sensitivity,40,overtime,2023-02-12,0,0,0,0,0,0,0,0
deduplicated_sensitivity,40,overtime,2023-02-13,1306,1632,0,0,1306,0,326,0
deduplicated_sensitivity,40,overtime,2023-02-14,638,1632,0,0,638,0,994,0
deduplicated_sensitivity,40,overtime,2023-02-15,384,1632,0,0,384,0,1248,0
deduplicated_sensitivity,40,overtime,2023-02-16,2383,2040,12,0,2040,343,0,0
deduplicated_sensitivity,40,overtime,2023-02-17,0,1632,0,343,343,0,1289,0
deduplicated_sensitivity,40,overtime,2023-02-18,0,0,0,0,0,0,0,0
deduplicated_sensitivity,40,overtime,2023-02-19,510,0,0,0,0,510,0,0
deduplicated_sensitivity,40,overtime,2023-02-20,0,1632,0,510,510,0,1122,0
deduplicated_sensitivity,40,overtime,2023-02-21,1943,2040,12,0,1943,0,97,0
deduplicated_sensitivity,40,overtime,2023-02-22,1414,1632,0,0,1414,0,218,0
deduplicated_sensitivity,40,overtime,2023-02-23,1907,2040,12,0,1907,0,133,0
deduplicated_sensitivity,40,overtime,2023-02-24,1163,1632,0,0,1163,0,469,0
deduplicated_sensitivity,40,overtime,2023-02-25,0,0,0,0,0,0,0,0
deduplicated_sensitivity,40,overtime,2023-02-26,0,0,0,0,0,0,0,0
deduplicated_sensitivity,40,overtime,2023-02-27,1496,1632,0,0,1496,0,136,0
deduplicated_sensitivity,40,overtime,2023-02-28,1134,1632,0,0,1134,0,498,0
deduplicated_sensitivity,40,overtime,2023-03-01,227,1632,0,0,227,0,1405,0
deduplicated_sensitivity,40,overtime,2023-03-02,2495,2040,12,0,2040,455,0,0
deduplicated_sensitivity,40,overtime,2023-03-03,708,1632,0,455,1163,0,469,0
deduplicated_sensitivity,40,overtime,2023-03-04,0,0,0,0,0,0,0,0
deduplicated_sensitivity,40,overtime,2023-03-05,0,0,0,0,0,0,0,0
deduplicated_sensitivity,40,overtime,2023-03-06,1586,1632,0,0,1586,0,46,0
deduplicated_sensitivity,40,overtime,2023-03-07,479,1632,0,0,479,0,1153,0
deduplicated_sensitivity,40,overtime,2023-03-08,1728,2040,12,0,1728,0,312,0
deduplicated_sensitivity,40,overtime,2023-03-09,1078,1632,0,0,1078,0,554,0
deduplicated_sensitivity,40,overtime,2023-03-10,382,1632,0,0,382,0,1250,0
deduplicated_sensitivity,40,overtime,2023-03-11,0,0,0,0,0,0,0,0
deduplicated_sensitivity,40,overtime,2023-03-12,437,0,0,0,0,437,0,0
deduplicated_sensitivity,40,overtime,2023-03-13,0,1632,0,437,437,0,1195,0
deduplicated_sensitivity,40,overtime,2023-03-14,1656,2040,12,0,1656,0,384,0
deduplicated_sensitivity,40,overtime,2023-03-15,384,1632,0,0,384,0,1248,0
deduplicated_sensitivity,40,overtime,2023-03-16,1518,1632,0,0,1518,0,114,0
deduplicated_sensitivity,40,overtime,2023-03-17,2400,2040,12,0,2040,360,0,0
deduplicated_sensitivity,40,overtime,2023-03-18,0,0,0,360,0,360,0,1
deduplicated_sensitivity,40,overtime,2023-03-19,0,0,0,360,0,360,0,2
deduplicated_sensitivity,40,overtime,2023-03-20,0,1632,0,360,360,0,1272,0
deduplicated_sensitivity,40,overtime,2023-03-21,0,1632,0,0,0,0,1632,0
deduplicated_sensitivity,40,overtime,2023-03-22,5910,2040,12,0,2040,3870,0,0
deduplicated_sensitivity,40,overtime,2023-03-23,0,2040,12,3870,2040,1830,0,1
deduplicated_sensitivity,40,overtime,2023-03-24,0,2040,12,1830,1830,0,210,0
deduplicated_sensitivity,40,overtime,2023-03-25,0,0,0,0,0,0,0,0
deduplicated_sensitivity,40,overtime,2023-03-26,0,0,0,0,0,0,0,0
deduplicated_sensitivity,40,overtime,2023-03-27,1277,1632,0,0,1277,0,355,0
deduplicated_sensitivity,40,overtime,2023-03-28,102,1632,0,0,102,0,1530,0
deduplicated_sensitivity,40,overtime,2023-03-29,3482,2040,12,0,2040,1442,0,0
deduplicated_sensitivity,40,overtime,2023-03-30,0,1632,0,1442,1442,0,190,0
deduplicated_sensitivity,40,overtime,2023-03-31,0,1632,0,0,0,0,1632,0
deduplicated_sensitivity,40,overtime,2023-04-01,0,0,0,0,0,0,0,0
deduplicated_sensitivity,40,overtime,2023-04-02,0,0,0,0,0,0,0,0
deduplicated_sensitivity,40,overtime,2023-04-03,3070,2040,12,0,2040,1030,0,0
deduplicated_sensitivity,40,overtime,2023-04-04,1432,2040,12,1030,2040,422,0,0
deduplicated_sensitivity,40,overtime,2023-04-05,808,1632,0,422,1230,0,402,0
deduplicated_sensitivity,40,overtime,2023-04-06,909,1632,0,0,909,0,723,0
deduplicated_sensitivity,40,overtime,2023-04-07,0,1632,0,0,0,0,1632,0
deduplicated_sensitivity,40,overtime,2023-04-08,0,0,0,0,0,0,0,0
deduplicated_sensitivity,40,overtime,2023-04-09,0,0,0,0,0,0,0,0
deduplicated_sensitivity,40,overtime,2023-04-10,0,1632,0,0,0,0,1632,0
deduplicated_sensitivity,40,overtime,2023-04-11,1284,1632,0,0,1284,0,348,0
deduplicated_sensitivity,40,overtime,2023-04-12,0,1632,0,0,0,0,1632,0
deduplicated_sensitivity,40,overtime,2023-04-13,3489,2040,12,0,2040,1449,0,0
deduplicated_sensitivity,40,overtime,2023-04-14,0,1632,0,1449,1449,0,183,0
deduplicated_sensitivity,40,overtime,2023-04-15,0,0,0,0,0,0,0,0
deduplicated_sensitivity,40,overtime,2023-04-16,0,0,0,0,0,0,0,0
deduplicated_sensitivity,40,overtime,2023-04-17,2661,2040,12,0,2040,621,0,0
deduplicated_sensitivity,40,overtime,2023-04-18,513,1632,0,621,1134,0,498,0
deduplicated_sensitivity,40,overtime,2023-04-19,1325,1632,0,0,1325,0,307,0
deduplicated_sensitivity,40,overtime,2023-04-20,878,1632,0,0,878,0,754,0
deduplicated_sensitivity,40,overtime,2023-04-21,497,1632,0,0,497,0,1135,0
deduplicated_sensitivity,40,overtime,2023-04-22,0,0,0,0,0,0,0,0
deduplicated_sensitivity,40,overtime,2023-04-23,0,0,0,0,0,0,0,0
deduplicated_sensitivity,40,overtime,2023-04-24,1800,2040,12,0,1800,0,240,0
deduplicated_sensitivity,40,overtime,2023-04-25,819,1632,0,0,819,0,813,0
deduplicated_sensitivity,40,overtime,2023-04-26,1591,1632,0,0,1591,0,41,0
deduplicated_sensitivity,40,overtime,2023-04-27,327,1632,0,0,327,0,1305,0
deduplicated_sensitivity,40,overtime,2023-04-28,432,1632,0,0,432,0,1200,0
deduplicated_sensitivity,40,overtime,2023-04-29,0,0,0,0,0,0,0,0
deduplicated_sensitivity,40,overtime,2023-04-30,0,0,0,0,0,0,0,0
deduplicated_sensitivity,40,overtime,2023-05-01,986,1632,0,0,986,0,646,0
deduplicated_sensitivity,40,overtime,2023-05-02,1145,1632,0,0,1145,0,487,0
deduplicated_sensitivity,40,overtime,2023-05-03,1466,1632,0,0,1466,0,166,0
deduplicated_sensitivity,40,overtime,2023-05-04,2698,2040,12,0,2040,658,0,0
deduplicated_sensitivity,40,overtime,2023-05-05,930,1632,0,658,1588,0,44,0
deduplicated_sensitivity,40,overtime,2023-05-06,0,0,0,0,0,0,0,0
deduplicated_sensitivity,40,overtime,2023-05-07,0,0,0,0,0,0,0,0
deduplicated_sensitivity,40,overtime,2023-05-08,1028,1632,0,0,1028,0,604,0
deduplicated_sensitivity,40,overtime,2023-05-09,1881,2040,12,0,1881,0,159,0
deduplicated_sensitivity,40,overtime,2023-05-10,0,1632,0,0,0,0,1632,0
deduplicated_sensitivity,40,overtime,2023-05-11,1986,2040,12,0,1986,0,54,0
deduplicated_sensitivity,40,overtime,2023-05-12,744,1632,0,0,744,0,888,0
deduplicated_sensitivity,40,overtime,2023-05-13,0,0,0,0,0,0,0,0
deduplicated_sensitivity,40,overtime,2023-05-14,0,0,0,0,0,0,0,0
deduplicated_sensitivity,40,overtime,2023-05-15,1049,1632,0,0,1049,0,583,0
deduplicated_sensitivity,40,overtime,2023-05-16,2427,2040,12,0,2040,387,0,0
deduplicated_sensitivity,40,overtime,2023-05-17,0,1632,0,387,387,0,1245,0
deduplicated_sensitivity,40,overtime,2023-05-18,1999,2040,12,0,1999,0,41,0
deduplicated_sensitivity,40,overtime,2023-05-19,1526,1632,0,0,1526,0,106,0
deduplicated_sensitivity,40,overtime,2023-05-20,0,0,0,0,0,0,0,0
deduplicated_sensitivity,40,overtime,2023-05-21,0,0,0,0,0,0,0,0
deduplicated_sensitivity,40,overtime,2023-05-22,0,1632,0,0,0,0,1632,0
deduplicated_sensitivity,40,overtime,2023-05-23,1866,2040,12,0,1866,0,174,0
deduplicated_sensitivity,40,overtime,2023-05-24,0,1632,0,0,0,0,1632,0
deduplicated_sensitivity,40,overtime,2023-05-25,1869,2040,12,0,1869,0,171,0
deduplicated_sensitivity,40,overtime,2023-05-26,1358,1632,0,0,1358,0,274,0
deduplicated_sensitivity,40,overtime,2023-05-27,0,0,0,0,0,0,0,0
deduplicated_sensitivity,40,overtime,2023-05-28,0,0,0,0,0,0,0,0
deduplicated_sensitivity,40,overtime,2023-05-29,1285,1632,0,0,1285,0,347,0
deduplicated_sensitivity,40,overtime,2023-05-30,1585,1632,0,0,1585,0,47,0
deduplicated_sensitivity,40,overtime,2023-05-31,1369,1632,0,0,1369,0,263,0
deduplicated_sensitivity,40,overtime,2023-06-01,709,1632,0,0,709,0,923,0
deduplicated_sensitivity,40,overtime,2023-06-02,117,1632,0,0,117,0,1515,0
deduplicated_sensitivity,40,overtime,2023-06-03,0,0,0,0,0,0,0,0
deduplicated_sensitivity,40,overtime,2023-06-04,0,0,0,0,0,0,0,0
deduplicated_sensitivity,40,overtime,2023-06-05,1450,1632,0,0,1450,0,182,0
deduplicated_sensitivity,40,overtime,2023-06-06,956,1632,0,0,956,0,676,0
deduplicated_sensitivity,40,overtime,2023-06-07,1544,1632,0,0,1544,0,88,0
deduplicated_sensitivity,40,overtime,2023-06-08,122,1632,0,0,122,0,1510,0
deduplicated_sensitivity,40,overtime,2023-06-09,708,1632,0,0,708,0,924,0
deduplicated_sensitivity,40,overtime,2023-06-10,0,0,0,0,0,0,0,0
deduplicated_sensitivity,40,overtime,2023-06-11,0,0,0,0,0,0,0,0
deduplicated_sensitivity,40,overtime,2023-06-12,1282,1632,0,0,1282,0,350,0
deduplicated_sensitivity,40,overtime,2023-06-13,521,1632,0,0,521,0,1111,0
deduplicated_sensitivity,40,overtime,2023-06-14,2095,2040,12,0,2040,55,0,0
deduplicated_sensitivity,40,overtime,2023-06-15,478,1632,0,55,533,0,1099,0
deduplicated_sensitivity,40,overtime,2023-06-16,143,1632,0,0,143,0,1489,0
deduplicated_sensitivity,40,overtime,2023-06-17,0,0,0,0,0,0,0,0
deduplicated_sensitivity,40,overtime,2023-06-18,0,0,0,0,0,0,0,0
deduplicated_sensitivity,40,overtime,2023-06-19,1981,2040,12,0,1981,0,59,0
deduplicated_sensitivity,40,overtime,2023-06-20,679,1632,0,0,679,0,953,0
deduplicated_sensitivity,40,overtime,2023-06-21,536,1632,0,0,536,0,1096,0
deduplicated_sensitivity,40,overtime,2023-06-22,517,1632,0,0,517,0,1115,0
deduplicated_sensitivity,40,overtime,2023-06-23,0,1632,0,0,0,0,1632,0
deduplicated_sensitivity,40,overtime,2023-06-24,0,0,0,0,0,0,0,0
deduplicated_sensitivity,40,overtime,2023-06-25,0,0,0,0,0,0,0,0
deduplicated_sensitivity,40,overtime,2023-06-26,2050,2040,12,0,2040,10,0,0
deduplicated_sensitivity,40,overtime,2023-06-27,1895,2040,12,10,1905,0,135,0
deduplicated_sensitivity,40,overtime,2023-06-28,636,1632,0,0,636,0,996,0
deduplicated_sensitivity,40,overtime,2023-06-29,186,1632,0,0,186,0,1446,0
deduplicated_sensitivity,40,overtime,2023-06-30,515,1632,0,0,515,0,1117,0
deduplicated_sensitivity,40,overtime,2023-07-01,0,0,0,0,0,0,0,0
deduplicated_sensitivity,40,overtime,2023-07-02,0,0,0,0,0,0,0,0
deduplicated_sensitivity,40,overtime,2023-07-03,1355,1632,0,0,1355,0,277,0
deduplicated_sensitivity,40,overtime,2023-07-04,1260,1632,0,0,1260,0,372,0
deduplicated_sensitivity,40,overtime,2023-07-05,0,1632,0,0,0,0,1632,0
deduplicated_sensitivity,40,overtime,2023-07-06,2395,2040,12,0,2040,355,0,0
deduplicated_sensitivity,40,overtime,2023-07-07,180,1632,0,355,535,0,1097,0
deduplicated_sensitivity,40,overtime,2023-07-08,0,0,0,0,0,0,0,0
deduplicated_sensitivity,40,overtime,2023-07-09,0,0,0,0,0,0,0,0
deduplicated_sensitivity,40,overtime,2023-07-10,952,1632,0,0,952,0,680,0
deduplicated_sensitivity,40,overtime,2023-07-11,1711,2040,12,0,1711,0,329,0
deduplicated_sensitivity,40,overtime,2023-07-12,1009,1632,0,0,1009,0,623,0
deduplicated_sensitivity,40,overtime,2023-07-13,549,1632,0,0,549,0,1083,0
deduplicated_sensitivity,40,overtime,2023-07-14,0,1632,0,0,0,0,1632,0
deduplicated_sensitivity,40,overtime,2023-07-15,0,0,0,0,0,0,0,0
deduplicated_sensitivity,40,overtime,2023-07-16,0,0,0,0,0,0,0,0
deduplicated_sensitivity,40,overtime,2023-07-17,1685,2040,12,0,1685,0,355,0
deduplicated_sensitivity,40,overtime,2023-07-18,1697,2040,12,0,1697,0,343,0
deduplicated_sensitivity,40,overtime,2023-07-19,992,1632,0,0,992,0,640,0
deduplicated_sensitivity,40,overtime,2023-07-20,339,1632,0,0,339,0,1293,0
deduplicated_sensitivity,40,overtime,2023-07-21,0,1632,0,0,0,0,1632,0
deduplicated_sensitivity,40,overtime,2023-07-22,0,0,0,0,0,0,0,0
deduplicated_sensitivity,40,overtime,2023-07-23,0,0,0,0,0,0,0,0
deduplicated_sensitivity,40,overtime,2023-07-24,1087,1632,0,0,1087,0,545,0
deduplicated_sensitivity,40,overtime,2023-07-25,865,1632,0,0,865,0,767,0
deduplicated_sensitivity,40,overtime,2023-07-26,469,1632,0,0,469,0,1163,0
deduplicated_sensitivity,40,overtime,2023-07-27,586,1632,0,0,586,0,1046,0
deduplicated_sensitivity,40,overtime,2023-07-28,668,1632,0,0,668,0,964,0
deduplicated_sensitivity,40,overtime,2023-07-29,0,0,0,0,0,0,0,0
deduplicated_sensitivity,40,overtime,2023-07-30,0,0,0,0,0,0,0,0
deduplicated_sensitivity,40,overtime,2023-07-31,590,1632,0,0,590,0,1042,0
deduplicated_sensitivity,40,overtime,2023-08-01,557,1632,0,0,557,0,1075,0
deduplicated_sensitivity,40,overtime,2023-08-02,126,1632,0,0,126,0,1506,0
deduplicated_sensitivity,40,overtime,2023-08-03,549,1632,0,0,549,0,1083,0
deduplicated_sensitivity,40,overtime,2023-08-04,235,1632,0,0,235,0,1397,0
deduplicated_sensitivity,40,overtime,2023-08-05,0,0,0,0,0,0,0,0
deduplicated_sensitivity,40,overtime,2023-08-06,0,0,0,0,0,0,0,0
deduplicated_sensitivity,40,overtime,2023-08-07,1728,2040,12,0,1728,0,312,0
deduplicated_sensitivity,40,overtime,2023-08-08,625,1632,0,0,625,0,1007,0
deduplicated_sensitivity,40,overtime,2023-08-09,573,1632,0,0,573,0,1059,0
deduplicated_sensitivity,40,overtime,2023-08-10,736,1632,0,0,736,0,896,0
deduplicated_sensitivity,40,overtime,2023-08-11,0,1632,0,0,0,0,1632,0
deduplicated_sensitivity,40,overtime,2023-08-12,0,0,0,0,0,0,0,0
deduplicated_sensitivity,40,overtime,2023-08-13,1231,0,0,0,0,1231,0,0
deduplicated_sensitivity,40,overtime,2023-08-14,0,1632,0,1231,1231,0,401,0
deduplicated_sensitivity,40,overtime,2023-08-15,1238,1632,0,0,1238,0,394,0
deduplicated_sensitivity,40,overtime,2023-08-16,899,1632,0,0,899,0,733,0
deduplicated_sensitivity,40,overtime,2023-08-17,1202,1632,0,0,1202,0,430,0
deduplicated_sensitivity,40,overtime,2023-08-18,12,1632,0,0,12,0,1620,0
deduplicated_sensitivity,40,overtime,2023-08-19,0,0,0,0,0,0,0,0
deduplicated_sensitivity,40,overtime,2023-08-20,0,0,0,0,0,0,0,0
deduplicated_sensitivity,40,overtime,2023-08-21,18,1632,0,0,18,0,1614,0
deduplicated_sensitivity,40,overtime,2023-08-22,4599,2040,12,0,2040,2559,0,0
deduplicated_sensitivity,40,overtime,2023-08-23,70,2040,12,2559,2040,589,0,1
deduplicated_sensitivity,40,overtime,2023-08-24,2856,2040,12,589,2040,1405,0,0
deduplicated_sensitivity,40,overtime,2023-08-25,0,1632,0,1405,1405,0,227,0
deduplicated_sensitivity,40,overtime,2023-08-26,0,0,0,0,0,0,0,0
deduplicated_sensitivity,40,overtime,2023-08-27,0,0,0,0,0,0,0,0
deduplicated_sensitivity,40,overtime,2023-08-28,2483,2040,12,0,2040,443,0,0
deduplicated_sensitivity,40,overtime,2023-08-29,615,1632,0,443,1058,0,574,0
deduplicated_sensitivity,40,overtime,2023-08-30,1178,1632,0,0,1178,0,454,0
deduplicated_sensitivity,40,overtime,2023-08-31,1595,1632,0,0,1595,0,37,0
deduplicated_sensitivity,40,overtime,2023-09-01,1147,1632,0,0,1147,0,485,0
deduplicated_sensitivity,40,overtime,2023-09-02,0,0,0,0,0,0,0,0
deduplicated_sensitivity,40,overtime,2023-09-03,0,0,0,0,0,0,0,0
deduplicated_sensitivity,40,overtime,2023-09-04,0,1632,0,0,0,0,1632,0
deduplicated_sensitivity,40,overtime,2023-09-05,1323,1632,0,0,1323,0,309,0
deduplicated_sensitivity,40,overtime,2023-09-06,826,1632,0,0,826,0,806,0
deduplicated_sensitivity,40,overtime,2023-09-07,802,1632,0,0,802,0,830,0
deduplicated_sensitivity,40,overtime,2023-09-08,375,1632,0,0,375,0,1257,0
deduplicated_sensitivity,40,overtime,2023-09-09,0,0,0,0,0,0,0,0
deduplicated_sensitivity,40,overtime,2023-09-10,490,0,0,0,0,490,0,0
deduplicated_sensitivity,40,overtime,2023-09-11,0,1632,0,490,490,0,1142,0
deduplicated_sensitivity,40,overtime,2023-09-12,2188,2040,12,0,2040,148,0,0
deduplicated_sensitivity,40,overtime,2023-09-13,1403,1632,0,148,1551,0,81,0
deduplicated_sensitivity,40,overtime,2023-09-14,0,1632,0,0,0,0,1632,0
deduplicated_sensitivity,40,overtime,2023-09-15,0,1632,0,0,0,0,1632,0
deduplicated_sensitivity,40,overtime,2023-09-16,0,0,0,0,0,0,0,0
deduplicated_sensitivity,40,overtime,2023-09-17,515,0,0,0,0,515,0,0
deduplicated_sensitivity,40,overtime,2023-09-18,32,1632,0,515,547,0,1085,0
deduplicated_sensitivity,40,overtime,2023-09-19,3603,2040,12,0,2040,1563,0,0
deduplicated_sensitivity,40,overtime,2023-09-20,0,1632,0,1563,1563,0,69,0
deduplicated_sensitivity,40,overtime,2023-09-21,2785,2040,12,0,2040,745,0,0
deduplicated_sensitivity,40,overtime,2023-09-22,0,1632,0,745,745,0,887,0
deduplicated_sensitivity,40,overtime,2023-09-23,0,0,0,0,0,0,0,0
deduplicated_sensitivity,40,overtime,2023-09-24,0,0,0,0,0,0,0,0
deduplicated_sensitivity,40,overtime,2023-09-25,2378,2040,12,0,2040,338,0,0
deduplicated_sensitivity,40,overtime,2023-09-26,131,1632,0,338,469,0,1163,0
deduplicated_sensitivity,40,overtime,2023-09-27,0,1632,0,0,0,0,1632,0
deduplicated_sensitivity,40,overtime,2023-09-28,0,1632,0,0,0,0,1632,0
deduplicated_sensitivity,40,overtime,2023-09-29,108,1632,0,0,108,0,1524,0
deduplicated_sensitivity,40,overtime,2023-09-30,0,0,0,0,0,0,0,0
deduplicated_sensitivity,40,overtime,2023-10-01,0,0,0,0,0,0,0,0
deduplicated_sensitivity,40,overtime,2023-10-02,5347,2040,12,0,2040,3307,0,0
deduplicated_sensitivity,40,overtime,2023-10-03,136,2040,12,3307,2040,1403,0,1
deduplicated_sensitivity,40,overtime,2023-10-04,60,1632,0,1403,1463,0,169,0
deduplicated_sensitivity,40,overtime,2023-10-05,2341,2040,12,0,2040,301,0,0
deduplicated_sensitivity,40,overtime,2023-10-06,1451,2040,12,301,1752,0,288,0
deduplicated_sensitivity,40,overtime,2023-10-07,0,0,0,0,0,0,0,0
deduplicated_sensitivity,40,overtime,2023-10-08,0,0,0,0,0,0,0,0
deduplicated_sensitivity,40,overtime,2023-10-09,0,1632,0,0,0,0,1632,0
deduplicated_sensitivity,40,overtime,2023-10-10,3,1632,0,0,3,0,1629,0
deduplicated_sensitivity,40,overtime,2023-10-11,319,1632,0,0,319,0,1313,0
deduplicated_sensitivity,40,overtime,2023-10-12,1938,2040,12,0,1938,0,102,0
deduplicated_sensitivity,40,overtime,2023-10-13,1900,2040,12,0,1900,0,140,0
deduplicated_sensitivity,40,overtime,2023-10-14,0,0,0,0,0,0,0,0
deduplicated_sensitivity,40,overtime,2023-10-15,0,0,0,0,0,0,0,0
deduplicated_sensitivity,40,overtime,2023-10-16,1273,1632,0,0,1273,0,359,0
deduplicated_sensitivity,40,overtime,2023-10-17,720,1632,0,0,720,0,912,0
deduplicated_sensitivity,40,overtime,2023-10-18,815,1632,0,0,815,0,817,0
deduplicated_sensitivity,40,overtime,2023-10-19,531,1632,0,0,531,0,1101,0
deduplicated_sensitivity,40,overtime,2023-10-20,0,1632,0,0,0,0,1632,0
deduplicated_sensitivity,40,overtime,2023-10-21,0,0,0,0,0,0,0,0
deduplicated_sensitivity,40,overtime,2023-10-22,0,0,0,0,0,0,0,0
deduplicated_sensitivity,40,overtime,2023-10-23,0,1632,0,0,0,0,1632,0
deduplicated_sensitivity,40,overtime,2023-10-24,0,1632,0,0,0,0,1632,0
deduplicated_sensitivity,40,overtime,2023-10-25,0,1632,0,0,0,0,1632,0
deduplicated_sensitivity,40,overtime,2023-10-26,0,1632,0,0,0,0,1632,0
deduplicated_sensitivity,40,overtime,2023-10-27,0,1632,0,0,0,0,1632,0
deduplicated_sensitivity,40,overtime,2023-10-28,0,0,0,0,0,0,0,0
deduplicated_sensitivity,40,overtime,2023-10-29,0,0,0,0,0,0,0,0
deduplicated_sensitivity,40,overtime,2023-10-30,0,1632,0,0,0,0,1632,0
deduplicated_sensitivity,40,overtime,2023-10-31,0,1632,0,0,0,0,1632,0
deduplicated_sensitivity,40,overtime,2023-11-01,0,1632,0,0,0,0,1632,0
deduplicated_sensitivity,40,overtime,2023-11-02,0,1632,0,0,0,0,1632,0
deduplicated_sensitivity,40,temporary,2023-01-05,2254,1632,0,0,1632,622,0,0
deduplicated_sensitivity,40,temporary,2023-01-06,1556,1632,0,622,1632,546,0,0
deduplicated_sensitivity,40,temporary,2023-01-07,0,0,0,546,0,546,0,1
deduplicated_sensitivity,40,temporary,2023-01-08,0,0,0,546,0,546,0,2
deduplicated_sensitivity,40,temporary,2023-01-09,1374,1632,0,546,1632,288,0,0
deduplicated_sensitivity,40,temporary,2023-01-10,1551,1632,0,288,1632,207,0,0
deduplicated_sensitivity,40,temporary,2023-01-11,807,1632,0,207,1014,0,618,0
deduplicated_sensitivity,40,temporary,2023-01-12,1897,1632,0,0,1632,265,0,0
deduplicated_sensitivity,40,temporary,2023-01-13,660,1632,0,265,925,0,707,0
deduplicated_sensitivity,40,temporary,2023-01-14,0,0,0,0,0,0,0,0
deduplicated_sensitivity,40,temporary,2023-01-15,0,0,0,0,0,0,0,0
deduplicated_sensitivity,40,temporary,2023-01-16,885,1632,0,0,885,0,747,0
deduplicated_sensitivity,40,temporary,2023-01-17,997,1632,0,0,997,0,635,0
deduplicated_sensitivity,40,temporary,2023-01-18,1908,1632,0,0,1632,276,0,0
deduplicated_sensitivity,40,temporary,2023-01-19,250,1632,0,276,526,0,1106,0
deduplicated_sensitivity,40,temporary,2023-01-20,321,1632,0,0,321,0,1311,0
deduplicated_sensitivity,40,temporary,2023-01-21,0,0,0,0,0,0,0,0
deduplicated_sensitivity,40,temporary,2023-01-22,0,0,0,0,0,0,0,0
deduplicated_sensitivity,40,temporary,2023-01-23,856,1632,0,0,856,0,776,0
deduplicated_sensitivity,40,temporary,2023-01-24,563,1632,0,0,563,0,1069,0
deduplicated_sensitivity,40,temporary,2023-01-25,1384,1632,0,0,1384,0,248,0
deduplicated_sensitivity,40,temporary,2023-01-26,871,1632,0,0,871,0,761,0
deduplicated_sensitivity,40,temporary,2023-01-27,730,1632,0,0,730,0,902,0
deduplicated_sensitivity,40,temporary,2023-01-28,0,0,0,0,0,0,0,0
deduplicated_sensitivity,40,temporary,2023-01-29,0,0,0,0,0,0,0,0
deduplicated_sensitivity,40,temporary,2023-01-30,1083,1632,0,0,1083,0,549,0
deduplicated_sensitivity,40,temporary,2023-01-31,1023,1632,0,0,1023,0,609,0
deduplicated_sensitivity,40,temporary,2023-02-01,278,1632,0,0,278,0,1354,0
deduplicated_sensitivity,40,temporary,2023-02-02,1293,1632,0,0,1293,0,339,0
deduplicated_sensitivity,40,temporary,2023-02-03,662,1632,0,0,662,0,970,0
deduplicated_sensitivity,40,temporary,2023-02-04,0,0,0,0,0,0,0,0
deduplicated_sensitivity,40,temporary,2023-02-05,0,0,0,0,0,0,0,0
deduplicated_sensitivity,40,temporary,2023-02-06,1526,1632,0,0,1526,0,106,0
deduplicated_sensitivity,40,temporary,2023-02-07,854,1632,0,0,854,0,778,0
deduplicated_sensitivity,40,temporary,2023-02-08,975,1632,0,0,975,0,657,0
deduplicated_sensitivity,40,temporary,2023-02-09,1707,1632,0,0,1632,75,0,0
deduplicated_sensitivity,40,temporary,2023-02-10,462,1632,0,75,537,0,1095,0
deduplicated_sensitivity,40,temporary,2023-02-11,0,0,0,0,0,0,0,0
deduplicated_sensitivity,40,temporary,2023-02-12,0,0,0,0,0,0,0,0
deduplicated_sensitivity,40,temporary,2023-02-13,1306,1632,0,0,1306,0,326,0
deduplicated_sensitivity,40,temporary,2023-02-14,638,1632,0,0,638,0,994,0
deduplicated_sensitivity,40,temporary,2023-02-15,384,1632,0,0,384,0,1248,0
deduplicated_sensitivity,40,temporary,2023-02-16,2383,1632,0,0,1632,751,0,0
deduplicated_sensitivity,40,temporary,2023-02-17,0,1632,0,751,751,0,881,0
deduplicated_sensitivity,40,temporary,2023-02-18,0,0,0,0,0,0,0,0
deduplicated_sensitivity,40,temporary,2023-02-19,510,0,0,0,0,510,0,0
deduplicated_sensitivity,40,temporary,2023-02-20,0,1632,0,510,510,0,1122,0
deduplicated_sensitivity,40,temporary,2023-02-21,1943,1632,0,0,1632,311,0,0
deduplicated_sensitivity,40,temporary,2023-02-22,1414,1632,0,311,1632,93,0,0
deduplicated_sensitivity,40,temporary,2023-02-23,1907,1632,0,93,1632,368,0,0
deduplicated_sensitivity,40,temporary,2023-02-24,1163,1632,0,368,1531,0,101,0
deduplicated_sensitivity,40,temporary,2023-02-25,0,0,0,0,0,0,0,0
deduplicated_sensitivity,40,temporary,2023-02-26,0,0,0,0,0,0,0,0
deduplicated_sensitivity,40,temporary,2023-02-27,1496,1632,0,0,1496,0,136,0
deduplicated_sensitivity,40,temporary,2023-02-28,1134,1632,0,0,1134,0,498,0
deduplicated_sensitivity,40,temporary,2023-03-01,227,1632,0,0,227,0,1405,0
deduplicated_sensitivity,40,temporary,2023-03-02,2495,1632,0,0,1632,863,0,0
deduplicated_sensitivity,40,temporary,2023-03-03,708,1632,0,863,1571,0,61,0
deduplicated_sensitivity,40,temporary,2023-03-04,0,0,0,0,0,0,0,0
deduplicated_sensitivity,40,temporary,2023-03-05,0,0,0,0,0,0,0,0
deduplicated_sensitivity,40,temporary,2023-03-06,1586,1632,0,0,1586,0,46,0
deduplicated_sensitivity,40,temporary,2023-03-07,479,1632,0,0,479,0,1153,0
deduplicated_sensitivity,40,temporary,2023-03-08,1728,1632,0,0,1632,96,0,0
deduplicated_sensitivity,40,temporary,2023-03-09,1078,1632,0,96,1174,0,458,0
deduplicated_sensitivity,40,temporary,2023-03-10,382,1632,0,0,382,0,1250,0
deduplicated_sensitivity,40,temporary,2023-03-11,0,0,0,0,0,0,0,0
deduplicated_sensitivity,40,temporary,2023-03-12,437,0,0,0,0,437,0,0
deduplicated_sensitivity,40,temporary,2023-03-13,0,1632,0,437,437,0,1195,0
deduplicated_sensitivity,40,temporary,2023-03-14,1656,1632,0,0,1632,24,0,0
deduplicated_sensitivity,40,temporary,2023-03-15,384,1632,0,24,408,0,1224,0
deduplicated_sensitivity,40,temporary,2023-03-16,1518,1632,0,0,1518,0,114,0
deduplicated_sensitivity,40,temporary,2023-03-17,2400,1632,0,0,1632,768,0,0
deduplicated_sensitivity,40,temporary,2023-03-18,0,0,0,768,0,768,0,1
deduplicated_sensitivity,40,temporary,2023-03-19,0,0,0,768,0,768,0,2
deduplicated_sensitivity,40,temporary,2023-03-20,0,1632,0,768,768,0,864,0
deduplicated_sensitivity,40,temporary,2023-03-21,0,1632,0,0,0,0,1632,0
deduplicated_sensitivity,40,temporary,2023-03-22,5910,1632,0,0,1632,4278,0,0
deduplicated_sensitivity,40,temporary,2023-03-23,0,2067,16,4278,2067,2211,0,1
deduplicated_sensitivity,40,temporary,2023-03-24,0,2067,16,2211,2067,144,0,2
deduplicated_sensitivity,40,temporary,2023-03-25,0,0,0,144,0,144,0,3
deduplicated_sensitivity,40,temporary,2023-03-26,0,0,0,144,0,144,0,4
deduplicated_sensitivity,40,temporary,2023-03-27,1277,1632,0,144,1421,0,211,0
deduplicated_sensitivity,40,temporary,2023-03-28,102,1632,0,0,102,0,1530,0
deduplicated_sensitivity,40,temporary,2023-03-29,3482,1632,0,0,1632,1850,0,0
deduplicated_sensitivity,40,temporary,2023-03-30,0,2067,16,1850,1850,0,217,0
deduplicated_sensitivity,40,temporary,2023-03-31,0,1632,0,0,0,0,1632,0
deduplicated_sensitivity,40,temporary,2023-04-01,0,0,0,0,0,0,0,0
deduplicated_sensitivity,40,temporary,2023-04-02,0,0,0,0,0,0,0,0
deduplicated_sensitivity,40,temporary,2023-04-03,3070,1632,0,0,1632,1438,0,0
deduplicated_sensitivity,40,temporary,2023-04-04,1432,1632,0,1438,1632,1238,0,0
deduplicated_sensitivity,40,temporary,2023-04-05,808,1632,0,1238,1632,414,0,0
deduplicated_sensitivity,40,temporary,2023-04-06,909,1632,0,414,1323,0,309,0
deduplicated_sensitivity,40,temporary,2023-04-07,0,1632,0,0,0,0,1632,0
deduplicated_sensitivity,40,temporary,2023-04-08,0,0,0,0,0,0,0,0
deduplicated_sensitivity,40,temporary,2023-04-09,0,0,0,0,0,0,0,0
deduplicated_sensitivity,40,temporary,2023-04-10,0,1632,0,0,0,0,1632,0
deduplicated_sensitivity,40,temporary,2023-04-11,1284,1632,0,0,1284,0,348,0
deduplicated_sensitivity,40,temporary,2023-04-12,0,1632,0,0,0,0,1632,0
deduplicated_sensitivity,40,temporary,2023-04-13,3489,1632,0,0,1632,1857,0,0
deduplicated_sensitivity,40,temporary,2023-04-14,0,2067,16,1857,1857,0,210,0
deduplicated_sensitivity,40,temporary,2023-04-15,0,0,0,0,0,0,0,0
deduplicated_sensitivity,40,temporary,2023-04-16,0,0,0,0,0,0,0,0
deduplicated_sensitivity,40,temporary,2023-04-17,2661,1632,0,0,1632,1029,0,0
deduplicated_sensitivity,40,temporary,2023-04-18,513,1632,0,1029,1542,0,90,0
deduplicated_sensitivity,40,temporary,2023-04-19,1325,1632,0,0,1325,0,307,0
deduplicated_sensitivity,40,temporary,2023-04-20,878,1632,0,0,878,0,754,0
deduplicated_sensitivity,40,temporary,2023-04-21,497,1632,0,0,497,0,1135,0
deduplicated_sensitivity,40,temporary,2023-04-22,0,0,0,0,0,0,0,0
deduplicated_sensitivity,40,temporary,2023-04-23,0,0,0,0,0,0,0,0
deduplicated_sensitivity,40,temporary,2023-04-24,1800,1632,0,0,1632,168,0,0
deduplicated_sensitivity,40,temporary,2023-04-25,819,1632,0,168,987,0,645,0
deduplicated_sensitivity,40,temporary,2023-04-26,1591,1632,0,0,1591,0,41,0
deduplicated_sensitivity,40,temporary,2023-04-27,327,1632,0,0,327,0,1305,0
deduplicated_sensitivity,40,temporary,2023-04-28,432,1632,0,0,432,0,1200,0
deduplicated_sensitivity,40,temporary,2023-04-29,0,0,0,0,0,0,0,0
deduplicated_sensitivity,40,temporary,2023-04-30,0,0,0,0,0,0,0,0
deduplicated_sensitivity,40,temporary,2023-05-01,986,1632,0,0,986,0,646,0
deduplicated_sensitivity,40,temporary,2023-05-02,1145,1632,0,0,1145,0,487,0
deduplicated_sensitivity,40,temporary,2023-05-03,1466,1632,0,0,1466,0,166,0
deduplicated_sensitivity,40,temporary,2023-05-04,2698,1632,0,0,1632,1066,0,0
deduplicated_sensitivity,40,temporary,2023-05-05,930,1632,0,1066,1632,364,0,0
deduplicated_sensitivity,40,temporary,2023-05-06,0,0,0,364,0,364,0,1
deduplicated_sensitivity,40,temporary,2023-05-07,0,0,0,364,0,364,0,2
deduplicated_sensitivity,40,temporary,2023-05-08,1028,1632,0,364,1392,0,240,0
deduplicated_sensitivity,40,temporary,2023-05-09,1881,1632,0,0,1632,249,0,0
deduplicated_sensitivity,40,temporary,2023-05-10,0,1632,0,249,249,0,1383,0
deduplicated_sensitivity,40,temporary,2023-05-11,1986,1632,0,0,1632,354,0,0
deduplicated_sensitivity,40,temporary,2023-05-12,744,1632,0,354,1098,0,534,0
deduplicated_sensitivity,40,temporary,2023-05-13,0,0,0,0,0,0,0,0
deduplicated_sensitivity,40,temporary,2023-05-14,0,0,0,0,0,0,0,0
deduplicated_sensitivity,40,temporary,2023-05-15,1049,1632,0,0,1049,0,583,0
deduplicated_sensitivity,40,temporary,2023-05-16,2427,1632,0,0,1632,795,0,0
deduplicated_sensitivity,40,temporary,2023-05-17,0,1632,0,795,795,0,837,0
deduplicated_sensitivity,40,temporary,2023-05-18,1999,1632,0,0,1632,367,0,0
deduplicated_sensitivity,40,temporary,2023-05-19,1526,1632,0,367,1632,261,0,0
deduplicated_sensitivity,40,temporary,2023-05-20,0,0,0,261,0,261,0,1
deduplicated_sensitivity,40,temporary,2023-05-21,0,0,0,261,0,261,0,2
deduplicated_sensitivity,40,temporary,2023-05-22,0,1632,0,261,261,0,1371,0
deduplicated_sensitivity,40,temporary,2023-05-23,1866,1632,0,0,1632,234,0,0
deduplicated_sensitivity,40,temporary,2023-05-24,0,1632,0,234,234,0,1398,0
deduplicated_sensitivity,40,temporary,2023-05-25,1869,1632,0,0,1632,237,0,0
deduplicated_sensitivity,40,temporary,2023-05-26,1358,1632,0,237,1595,0,37,0
deduplicated_sensitivity,40,temporary,2023-05-27,0,0,0,0,0,0,0,0
deduplicated_sensitivity,40,temporary,2023-05-28,0,0,0,0,0,0,0,0
deduplicated_sensitivity,40,temporary,2023-05-29,1285,1632,0,0,1285,0,347,0
deduplicated_sensitivity,40,temporary,2023-05-30,1585,1632,0,0,1585,0,47,0
deduplicated_sensitivity,40,temporary,2023-05-31,1369,1632,0,0,1369,0,263,0
deduplicated_sensitivity,40,temporary,2023-06-01,709,1632,0,0,709,0,923,0
deduplicated_sensitivity,40,temporary,2023-06-02,117,1632,0,0,117,0,1515,0
deduplicated_sensitivity,40,temporary,2023-06-03,0,0,0,0,0,0,0,0
deduplicated_sensitivity,40,temporary,2023-06-04,0,0,0,0,0,0,0,0
deduplicated_sensitivity,40,temporary,2023-06-05,1450,1632,0,0,1450,0,182,0
deduplicated_sensitivity,40,temporary,2023-06-06,956,1632,0,0,956,0,676,0
deduplicated_sensitivity,40,temporary,2023-06-07,1544,1632,0,0,1544,0,88,0
deduplicated_sensitivity,40,temporary,2023-06-08,122,1632,0,0,122,0,1510,0
deduplicated_sensitivity,40,temporary,2023-06-09,708,1632,0,0,708,0,924,0
deduplicated_sensitivity,40,temporary,2023-06-10,0,0,0,0,0,0,0,0
deduplicated_sensitivity,40,temporary,2023-06-11,0,0,0,0,0,0,0,0
deduplicated_sensitivity,40,temporary,2023-06-12,1282,1632,0,0,1282,0,350,0
deduplicated_sensitivity,40,temporary,2023-06-13,521,1632,0,0,521,0,1111,0
deduplicated_sensitivity,40,temporary,2023-06-14,2095,1632,0,0,1632,463,0,0
deduplicated_sensitivity,40,temporary,2023-06-15,478,1632,0,463,941,0,691,0
deduplicated_sensitivity,40,temporary,2023-06-16,143,1632,0,0,143,0,1489,0
deduplicated_sensitivity,40,temporary,2023-06-17,0,0,0,0,0,0,0,0
deduplicated_sensitivity,40,temporary,2023-06-18,0,0,0,0,0,0,0,0
deduplicated_sensitivity,40,temporary,2023-06-19,1981,1632,0,0,1632,349,0,0
deduplicated_sensitivity,40,temporary,2023-06-20,679,1632,0,349,1028,0,604,0
deduplicated_sensitivity,40,temporary,2023-06-21,536,1632,0,0,536,0,1096,0
deduplicated_sensitivity,40,temporary,2023-06-22,517,1632,0,0,517,0,1115,0
deduplicated_sensitivity,40,temporary,2023-06-23,0,1632,0,0,0,0,1632,0
deduplicated_sensitivity,40,temporary,2023-06-24,0,0,0,0,0,0,0,0
deduplicated_sensitivity,40,temporary,2023-06-25,0,0,0,0,0,0,0,0
deduplicated_sensitivity,40,temporary,2023-06-26,2050,1632,0,0,1632,418,0,0
deduplicated_sensitivity,40,temporary,2023-06-27,1895,1632,0,418,1632,681,0,0
deduplicated_sensitivity,40,temporary,2023-06-28,636,1632,0,681,1317,0,315,0
deduplicated_sensitivity,40,temporary,2023-06-29,186,1632,0,0,186,0,1446,0
deduplicated_sensitivity,40,temporary,2023-06-30,515,1632,0,0,515,0,1117,0
deduplicated_sensitivity,40,temporary,2023-07-01,0,0,0,0,0,0,0,0
deduplicated_sensitivity,40,temporary,2023-07-02,0,0,0,0,0,0,0,0
deduplicated_sensitivity,40,temporary,2023-07-03,1355,1632,0,0,1355,0,277,0
deduplicated_sensitivity,40,temporary,2023-07-04,1260,1632,0,0,1260,0,372,0
deduplicated_sensitivity,40,temporary,2023-07-05,0,1632,0,0,0,0,1632,0
deduplicated_sensitivity,40,temporary,2023-07-06,2395,1632,0,0,1632,763,0,0
deduplicated_sensitivity,40,temporary,2023-07-07,180,1632,0,763,943,0,689,0
deduplicated_sensitivity,40,temporary,2023-07-08,0,0,0,0,0,0,0,0
deduplicated_sensitivity,40,temporary,2023-07-09,0,0,0,0,0,0,0,0
deduplicated_sensitivity,40,temporary,2023-07-10,952,1632,0,0,952,0,680,0
deduplicated_sensitivity,40,temporary,2023-07-11,1711,1632,0,0,1632,79,0,0
deduplicated_sensitivity,40,temporary,2023-07-12,1009,1632,0,79,1088,0,544,0
deduplicated_sensitivity,40,temporary,2023-07-13,549,1632,0,0,549,0,1083,0
deduplicated_sensitivity,40,temporary,2023-07-14,0,1632,0,0,0,0,1632,0
deduplicated_sensitivity,40,temporary,2023-07-15,0,0,0,0,0,0,0,0
deduplicated_sensitivity,40,temporary,2023-07-16,0,0,0,0,0,0,0,0
deduplicated_sensitivity,40,temporary,2023-07-17,1685,1632,0,0,1632,53,0,0
deduplicated_sensitivity,40,temporary,2023-07-18,1697,1632,0,53,1632,118,0,0
deduplicated_sensitivity,40,temporary,2023-07-19,992,1632,0,118,1110,0,522,0
deduplicated_sensitivity,40,temporary,2023-07-20,339,1632,0,0,339,0,1293,0
deduplicated_sensitivity,40,temporary,2023-07-21,0,1632,0,0,0,0,1632,0
deduplicated_sensitivity,40,temporary,2023-07-22,0,0,0,0,0,0,0,0
deduplicated_sensitivity,40,temporary,2023-07-23,0,0,0,0,0,0,0,0
deduplicated_sensitivity,40,temporary,2023-07-24,1087,1632,0,0,1087,0,545,0
deduplicated_sensitivity,40,temporary,2023-07-25,865,1632,0,0,865,0,767,0
deduplicated_sensitivity,40,temporary,2023-07-26,469,1632,0,0,469,0,1163,0
deduplicated_sensitivity,40,temporary,2023-07-27,586,1632,0,0,586,0,1046,0
deduplicated_sensitivity,40,temporary,2023-07-28,668,1632,0,0,668,0,964,0
deduplicated_sensitivity,40,temporary,2023-07-29,0,0,0,0,0,0,0,0
deduplicated_sensitivity,40,temporary,2023-07-30,0,0,0,0,0,0,0,0
deduplicated_sensitivity,40,temporary,2023-07-31,590,1632,0,0,590,0,1042,0
deduplicated_sensitivity,40,temporary,2023-08-01,557,1632,0,0,557,0,1075,0
deduplicated_sensitivity,40,temporary,2023-08-02,126,1632,0,0,126,0,1506,0
deduplicated_sensitivity,40,temporary,2023-08-03,549,1632,0,0,549,0,1083,0
deduplicated_sensitivity,40,temporary,2023-08-04,235,1632,0,0,235,0,1397,0
deduplicated_sensitivity,40,temporary,2023-08-05,0,0,0,0,0,0,0,0
deduplicated_sensitivity,40,temporary,2023-08-06,0,0,0,0,0,0,0,0
deduplicated_sensitivity,40,temporary,2023-08-07,1728,1632,0,0,1632,96,0,0
deduplicated_sensitivity,40,temporary,2023-08-08,625,1632,0,96,721,0,911,0
deduplicated_sensitivity,40,temporary,2023-08-09,573,1632,0,0,573,0,1059,0
deduplicated_sensitivity,40,temporary,2023-08-10,736,1632,0,0,736,0,896,0
deduplicated_sensitivity,40,temporary,2023-08-11,0,1632,0,0,0,0,1632,0
deduplicated_sensitivity,40,temporary,2023-08-12,0,0,0,0,0,0,0,0
deduplicated_sensitivity,40,temporary,2023-08-13,1231,0,0,0,0,1231,0,0
deduplicated_sensitivity,40,temporary,2023-08-14,0,1632,0,1231,1231,0,401,0
deduplicated_sensitivity,40,temporary,2023-08-15,1238,1632,0,0,1238,0,394,0
deduplicated_sensitivity,40,temporary,2023-08-16,899,1632,0,0,899,0,733,0
deduplicated_sensitivity,40,temporary,2023-08-17,1202,1632,0,0,1202,0,430,0
deduplicated_sensitivity,40,temporary,2023-08-18,12,1632,0,0,12,0,1620,0
deduplicated_sensitivity,40,temporary,2023-08-19,0,0,0,0,0,0,0,0
deduplicated_sensitivity,40,temporary,2023-08-20,0,0,0,0,0,0,0,0
deduplicated_sensitivity,40,temporary,2023-08-21,18,1632,0,0,18,0,1614,0
deduplicated_sensitivity,40,temporary,2023-08-22,4599,1632,0,0,1632,2967,0,0
deduplicated_sensitivity,40,temporary,2023-08-23,70,2067,16,2967,2067,970,0,1
deduplicated_sensitivity,40,temporary,2023-08-24,2856,1632,0,970,1632,2194,0,0
deduplicated_sensitivity,40,temporary,2023-08-25,0,2067,16,2194,2067,127,0,1
deduplicated_sensitivity,40,temporary,2023-08-26,0,0,0,127,0,127,0,2
deduplicated_sensitivity,40,temporary,2023-08-27,0,0,0,127,0,127,0,3
deduplicated_sensitivity,40,temporary,2023-08-28,2483,1632,0,127,1632,978,0,0
deduplicated_sensitivity,40,temporary,2023-08-29,615,1632,0,978,1593,0,39,0
deduplicated_sensitivity,40,temporary,2023-08-30,1178,1632,0,0,1178,0,454,0
deduplicated_sensitivity,40,temporary,2023-08-31,1595,1632,0,0,1595,0,37,0
deduplicated_sensitivity,40,temporary,2023-09-01,1147,1632,0,0,1147,0,485,0
deduplicated_sensitivity,40,temporary,2023-09-02,0,0,0,0,0,0,0,0
deduplicated_sensitivity,40,temporary,2023-09-03,0,0,0,0,0,0,0,0
deduplicated_sensitivity,40,temporary,2023-09-04,0,1632,0,0,0,0,1632,0
deduplicated_sensitivity,40,temporary,2023-09-05,1323,1632,0,0,1323,0,309,0
deduplicated_sensitivity,40,temporary,2023-09-06,826,1632,0,0,826,0,806,0
deduplicated_sensitivity,40,temporary,2023-09-07,802,1632,0,0,802,0,830,0
deduplicated_sensitivity,40,temporary,2023-09-08,375,1632,0,0,375,0,1257,0
deduplicated_sensitivity,40,temporary,2023-09-09,0,0,0,0,0,0,0,0
deduplicated_sensitivity,40,temporary,2023-09-10,490,0,0,0,0,490,0,0
deduplicated_sensitivity,40,temporary,2023-09-11,0,1632,0,490,490,0,1142,0
deduplicated_sensitivity,40,temporary,2023-09-12,2188,1632,0,0,1632,556,0,0
deduplicated_sensitivity,40,temporary,2023-09-13,1403,1632,0,556,1632,327,0,0
deduplicated_sensitivity,40,temporary,2023-09-14,0,1632,0,327,327,0,1305,0
deduplicated_sensitivity,40,temporary,2023-09-15,0,1632,0,0,0,0,1632,0
deduplicated_sensitivity,40,temporary,2023-09-16,0,0,0,0,0,0,0,0
deduplicated_sensitivity,40,temporary,2023-09-17,515,0,0,0,0,515,0,0
deduplicated_sensitivity,40,temporary,2023-09-18,32,1632,0,515,547,0,1085,0
deduplicated_sensitivity,40,temporary,2023-09-19,3603,1632,0,0,1632,1971,0,0
deduplicated_sensitivity,40,temporary,2023-09-20,0,2067,16,1971,1971,0,96,0
deduplicated_sensitivity,40,temporary,2023-09-21,2785,1632,0,0,1632,1153,0,0
deduplicated_sensitivity,40,temporary,2023-09-22,0,1632,0,1153,1153,0,479,0
deduplicated_sensitivity,40,temporary,2023-09-23,0,0,0,0,0,0,0,0
deduplicated_sensitivity,40,temporary,2023-09-24,0,0,0,0,0,0,0,0
deduplicated_sensitivity,40,temporary,2023-09-25,2378,1632,0,0,1632,746,0,0
deduplicated_sensitivity,40,temporary,2023-09-26,131,1632,0,746,877,0,755,0
deduplicated_sensitivity,40,temporary,2023-09-27,0,1632,0,0,0,0,1632,0
deduplicated_sensitivity,40,temporary,2023-09-28,0,1632,0,0,0,0,1632,0
deduplicated_sensitivity,40,temporary,2023-09-29,108,1632,0,0,108,0,1524,0
deduplicated_sensitivity,40,temporary,2023-09-30,0,0,0,0,0,0,0,0
deduplicated_sensitivity,40,temporary,2023-10-01,0,0,0,0,0,0,0,0
deduplicated_sensitivity,40,temporary,2023-10-02,5347,1632,0,0,1632,3715,0,0
deduplicated_sensitivity,40,temporary,2023-10-03,136,2067,16,3715,2067,1784,0,1
deduplicated_sensitivity,40,temporary,2023-10-04,60,2067,16,1784,1844,0,223,0
deduplicated_sensitivity,40,temporary,2023-10-05,2341,1632,0,0,1632,709,0,0
deduplicated_sensitivity,40,temporary,2023-10-06,1451,1632,0,709,1632,528,0,0
deduplicated_sensitivity,40,temporary,2023-10-07,0,0,0,528,0,528,0,1
deduplicated_sensitivity,40,temporary,2023-10-08,0,0,0,528,0,528,0,2
deduplicated_sensitivity,40,temporary,2023-10-09,0,1632,0,528,528,0,1104,0
deduplicated_sensitivity,40,temporary,2023-10-10,3,1632,0,0,3,0,1629,0
deduplicated_sensitivity,40,temporary,2023-10-11,319,1632,0,0,319,0,1313,0
deduplicated_sensitivity,40,temporary,2023-10-12,1938,1632,0,0,1632,306,0,0
deduplicated_sensitivity,40,temporary,2023-10-13,1900,1632,0,306,1632,574,0,0
deduplicated_sensitivity,40,temporary,2023-10-14,0,0,0,574,0,574,0,1
deduplicated_sensitivity,40,temporary,2023-10-15,0,0,0,574,0,574,0,2
deduplicated_sensitivity,40,temporary,2023-10-16,1273,1632,0,574,1632,215,0,0
deduplicated_sensitivity,40,temporary,2023-10-17,720,1632,0,215,935,0,697,0
deduplicated_sensitivity,40,temporary,2023-10-18,815,1632,0,0,815,0,817,0
deduplicated_sensitivity,40,temporary,2023-10-19,531,1632,0,0,531,0,1101,0
deduplicated_sensitivity,40,temporary,2023-10-20,0,1632,0,0,0,0,1632,0
deduplicated_sensitivity,40,temporary,2023-10-21,0,0,0,0,0,0,0,0
deduplicated_sensitivity,40,temporary,2023-10-22,0,0,0,0,0,0,0,0
deduplicated_sensitivity,40,temporary,2023-10-23,0,1632,0,0,0,0,1632,0
deduplicated_sensitivity,40,temporary,2023-10-24,0,1632,0,0,0,0,1632,0
deduplicated_sensitivity,40,temporary,2023-10-25,0,1632,0,0,0,0,1632,0
deduplicated_sensitivity,40,temporary,2023-10-26,0,1632,0,0,0,0,1632,0
deduplicated_sensitivity,40,temporary,2023-10-27,0,1632,0,0,0,0,1632,0
deduplicated_sensitivity,40,temporary,2023-10-28,0,0,0,0,0,0,0,0
deduplicated_sensitivity,40,temporary,2023-10-29,0,0,0,0,0,0,0,0
deduplicated_sensitivity,40,temporary,2023-10-30,0,1632,0,0,0,0,1632,0
deduplicated_sensitivity,40,temporary,2023-10-31,0,1632,0,0,0,0,1632,0
deduplicated_sensitivity,40,temporary,2023-11-01,0,1632,0,0,0,0,1632,0
deduplicated_sensitivity,40,temporary,2023-11-02,0,1632,0,0,0,0,1632,0
deduplicated_sensitivity,50,carryover,2023-01-05,2254,2040,0,0,2040,214,0,0
deduplicated_sensitivity,50,carryover,2023-01-06,1556,2040,0,214,1770,0,270,0
deduplicated_sensitivity,50,carryover,2023-01-07,0,0,0,0,0,0,0,0
deduplicated_sensitivity,50,carryover,2023-01-08,0,0,0,0,0,0,0,0
deduplicated_sensitivity,50,carryover,2023-01-09,1374,2040,0,0,1374,0,666,0
deduplicated_sensitivity,50,carryover,2023-01-10,1551,2040,0,0,1551,0,489,0
deduplicated_sensitivity,50,carryover,2023-01-11,807,2040,0,0,807,0,1233,0
deduplicated_sensitivity,50,carryover,2023-01-12,1897,2040,0,0,1897,0,143,0
deduplicated_sensitivity,50,carryover,2023-01-13,660,2040,0,0,660,0,1380,0
deduplicated_sensitivity,50,carryover,2023-01-14,0,0,0,0,0,0,0,0
deduplicated_sensitivity,50,carryover,2023-01-15,0,0,0,0,0,0,0,0
deduplicated_sensitivity,50,carryover,2023-01-16,885,2040,0,0,885,0,1155,0
deduplicated_sensitivity,50,carryover,2023-01-17,997,2040,0,0,997,0,1043,0
deduplicated_sensitivity,50,carryover,2023-01-18,1908,2040,0,0,1908,0,132,0
deduplicated_sensitivity,50,carryover,2023-01-19,250,2040,0,0,250,0,1790,0
deduplicated_sensitivity,50,carryover,2023-01-20,321,2040,0,0,321,0,1719,0
deduplicated_sensitivity,50,carryover,2023-01-21,0,0,0,0,0,0,0,0
deduplicated_sensitivity,50,carryover,2023-01-22,0,0,0,0,0,0,0,0
deduplicated_sensitivity,50,carryover,2023-01-23,856,2040,0,0,856,0,1184,0
deduplicated_sensitivity,50,carryover,2023-01-24,563,2040,0,0,563,0,1477,0
deduplicated_sensitivity,50,carryover,2023-01-25,1384,2040,0,0,1384,0,656,0
deduplicated_sensitivity,50,carryover,2023-01-26,871,2040,0,0,871,0,1169,0
deduplicated_sensitivity,50,carryover,2023-01-27,730,2040,0,0,730,0,1310,0
deduplicated_sensitivity,50,carryover,2023-01-28,0,0,0,0,0,0,0,0
deduplicated_sensitivity,50,carryover,2023-01-29,0,0,0,0,0,0,0,0
deduplicated_sensitivity,50,carryover,2023-01-30,1083,2040,0,0,1083,0,957,0
deduplicated_sensitivity,50,carryover,2023-01-31,1023,2040,0,0,1023,0,1017,0
deduplicated_sensitivity,50,carryover,2023-02-01,278,2040,0,0,278,0,1762,0
deduplicated_sensitivity,50,carryover,2023-02-02,1293,2040,0,0,1293,0,747,0
deduplicated_sensitivity,50,carryover,2023-02-03,662,2040,0,0,662,0,1378,0
deduplicated_sensitivity,50,carryover,2023-02-04,0,0,0,0,0,0,0,0
deduplicated_sensitivity,50,carryover,2023-02-05,0,0,0,0,0,0,0,0
deduplicated_sensitivity,50,carryover,2023-02-06,1526,2040,0,0,1526,0,514,0
deduplicated_sensitivity,50,carryover,2023-02-07,854,2040,0,0,854,0,1186,0
deduplicated_sensitivity,50,carryover,2023-02-08,975,2040,0,0,975,0,1065,0
deduplicated_sensitivity,50,carryover,2023-02-09,1707,2040,0,0,1707,0,333,0
deduplicated_sensitivity,50,carryover,2023-02-10,462,2040,0,0,462,0,1578,0
deduplicated_sensitivity,50,carryover,2023-02-11,0,0,0,0,0,0,0,0
deduplicated_sensitivity,50,carryover,2023-02-12,0,0,0,0,0,0,0,0
deduplicated_sensitivity,50,carryover,2023-02-13,1306,2040,0,0,1306,0,734,0
deduplicated_sensitivity,50,carryover,2023-02-14,638,2040,0,0,638,0,1402,0
deduplicated_sensitivity,50,carryover,2023-02-15,384,2040,0,0,384,0,1656,0
deduplicated_sensitivity,50,carryover,2023-02-16,2383,2040,0,0,2040,343,0,0
deduplicated_sensitivity,50,carryover,2023-02-17,0,2040,0,343,343,0,1697,0
deduplicated_sensitivity,50,carryover,2023-02-18,0,0,0,0,0,0,0,0
deduplicated_sensitivity,50,carryover,2023-02-19,510,0,0,0,0,510,0,0
deduplicated_sensitivity,50,carryover,2023-02-20,0,2040,0,510,510,0,1530,0
deduplicated_sensitivity,50,carryover,2023-02-21,1943,2040,0,0,1943,0,97,0
deduplicated_sensitivity,50,carryover,2023-02-22,1414,2040,0,0,1414,0,626,0
deduplicated_sensitivity,50,carryover,2023-02-23,1907,2040,0,0,1907,0,133,0
deduplicated_sensitivity,50,carryover,2023-02-24,1163,2040,0,0,1163,0,877,0
deduplicated_sensitivity,50,carryover,2023-02-25,0,0,0,0,0,0,0,0
deduplicated_sensitivity,50,carryover,2023-02-26,0,0,0,0,0,0,0,0
deduplicated_sensitivity,50,carryover,2023-02-27,1496,2040,0,0,1496,0,544,0
deduplicated_sensitivity,50,carryover,2023-02-28,1134,2040,0,0,1134,0,906,0
deduplicated_sensitivity,50,carryover,2023-03-01,227,2040,0,0,227,0,1813,0
deduplicated_sensitivity,50,carryover,2023-03-02,2495,2040,0,0,2040,455,0,0
deduplicated_sensitivity,50,carryover,2023-03-03,708,2040,0,455,1163,0,877,0
deduplicated_sensitivity,50,carryover,2023-03-04,0,0,0,0,0,0,0,0
deduplicated_sensitivity,50,carryover,2023-03-05,0,0,0,0,0,0,0,0
deduplicated_sensitivity,50,carryover,2023-03-06,1586,2040,0,0,1586,0,454,0
deduplicated_sensitivity,50,carryover,2023-03-07,479,2040,0,0,479,0,1561,0
deduplicated_sensitivity,50,carryover,2023-03-08,1728,2040,0,0,1728,0,312,0
deduplicated_sensitivity,50,carryover,2023-03-09,1078,2040,0,0,1078,0,962,0
deduplicated_sensitivity,50,carryover,2023-03-10,382,2040,0,0,382,0,1658,0
deduplicated_sensitivity,50,carryover,2023-03-11,0,0,0,0,0,0,0,0
deduplicated_sensitivity,50,carryover,2023-03-12,437,0,0,0,0,437,0,0
deduplicated_sensitivity,50,carryover,2023-03-13,0,2040,0,437,437,0,1603,0
deduplicated_sensitivity,50,carryover,2023-03-14,1656,2040,0,0,1656,0,384,0
deduplicated_sensitivity,50,carryover,2023-03-15,384,2040,0,0,384,0,1656,0
deduplicated_sensitivity,50,carryover,2023-03-16,1518,2040,0,0,1518,0,522,0
deduplicated_sensitivity,50,carryover,2023-03-17,2400,2040,0,0,2040,360,0,0
deduplicated_sensitivity,50,carryover,2023-03-18,0,0,0,360,0,360,0,1
deduplicated_sensitivity,50,carryover,2023-03-19,0,0,0,360,0,360,0,2
deduplicated_sensitivity,50,carryover,2023-03-20,0,2040,0,360,360,0,1680,0
deduplicated_sensitivity,50,carryover,2023-03-21,0,2040,0,0,0,0,2040,0
deduplicated_sensitivity,50,carryover,2023-03-22,5910,2040,0,0,2040,3870,0,0
deduplicated_sensitivity,50,carryover,2023-03-23,0,2040,0,3870,2040,1830,0,1
deduplicated_sensitivity,50,carryover,2023-03-24,0,2040,0,1830,1830,0,210,0
deduplicated_sensitivity,50,carryover,2023-03-25,0,0,0,0,0,0,0,0
deduplicated_sensitivity,50,carryover,2023-03-26,0,0,0,0,0,0,0,0
deduplicated_sensitivity,50,carryover,2023-03-27,1277,2040,0,0,1277,0,763,0
deduplicated_sensitivity,50,carryover,2023-03-28,102,2040,0,0,102,0,1938,0
deduplicated_sensitivity,50,carryover,2023-03-29,3482,2040,0,0,2040,1442,0,0
deduplicated_sensitivity,50,carryover,2023-03-30,0,2040,0,1442,1442,0,598,0
deduplicated_sensitivity,50,carryover,2023-03-31,0,2040,0,0,0,0,2040,0
deduplicated_sensitivity,50,carryover,2023-04-01,0,0,0,0,0,0,0,0
deduplicated_sensitivity,50,carryover,2023-04-02,0,0,0,0,0,0,0,0
deduplicated_sensitivity,50,carryover,2023-04-03,3070,2040,0,0,2040,1030,0,0
deduplicated_sensitivity,50,carryover,2023-04-04,1432,2040,0,1030,2040,422,0,0
deduplicated_sensitivity,50,carryover,2023-04-05,808,2040,0,422,1230,0,810,0
deduplicated_sensitivity,50,carryover,2023-04-06,909,2040,0,0,909,0,1131,0
deduplicated_sensitivity,50,carryover,2023-04-07,0,2040,0,0,0,0,2040,0
deduplicated_sensitivity,50,carryover,2023-04-08,0,0,0,0,0,0,0,0
deduplicated_sensitivity,50,carryover,2023-04-09,0,0,0,0,0,0,0,0
deduplicated_sensitivity,50,carryover,2023-04-10,0,2040,0,0,0,0,2040,0
deduplicated_sensitivity,50,carryover,2023-04-11,1284,2040,0,0,1284,0,756,0
deduplicated_sensitivity,50,carryover,2023-04-12,0,2040,0,0,0,0,2040,0
deduplicated_sensitivity,50,carryover,2023-04-13,3489,2040,0,0,2040,1449,0,0
deduplicated_sensitivity,50,carryover,2023-04-14,0,2040,0,1449,1449,0,591,0
deduplicated_sensitivity,50,carryover,2023-04-15,0,0,0,0,0,0,0,0
deduplicated_sensitivity,50,carryover,2023-04-16,0,0,0,0,0,0,0,0
deduplicated_sensitivity,50,carryover,2023-04-17,2661,2040,0,0,2040,621,0,0
deduplicated_sensitivity,50,carryover,2023-04-18,513,2040,0,621,1134,0,906,0
deduplicated_sensitivity,50,carryover,2023-04-19,1325,2040,0,0,1325,0,715,0
deduplicated_sensitivity,50,carryover,2023-04-20,878,2040,0,0,878,0,1162,0
deduplicated_sensitivity,50,carryover,2023-04-21,497,2040,0,0,497,0,1543,0
deduplicated_sensitivity,50,carryover,2023-04-22,0,0,0,0,0,0,0,0
deduplicated_sensitivity,50,carryover,2023-04-23,0,0,0,0,0,0,0,0
deduplicated_sensitivity,50,carryover,2023-04-24,1800,2040,0,0,1800,0,240,0
deduplicated_sensitivity,50,carryover,2023-04-25,819,2040,0,0,819,0,1221,0
deduplicated_sensitivity,50,carryover,2023-04-26,1591,2040,0,0,1591,0,449,0
deduplicated_sensitivity,50,carryover,2023-04-27,327,2040,0,0,327,0,1713,0
deduplicated_sensitivity,50,carryover,2023-04-28,432,2040,0,0,432,0,1608,0
deduplicated_sensitivity,50,carryover,2023-04-29,0,0,0,0,0,0,0,0
deduplicated_sensitivity,50,carryover,2023-04-30,0,0,0,0,0,0,0,0
deduplicated_sensitivity,50,carryover,2023-05-01,986,2040,0,0,986,0,1054,0
deduplicated_sensitivity,50,carryover,2023-05-02,1145,2040,0,0,1145,0,895,0
deduplicated_sensitivity,50,carryover,2023-05-03,1466,2040,0,0,1466,0,574,0
deduplicated_sensitivity,50,carryover,2023-05-04,2698,2040,0,0,2040,658,0,0
deduplicated_sensitivity,50,carryover,2023-05-05,930,2040,0,658,1588,0,452,0
deduplicated_sensitivity,50,carryover,2023-05-06,0,0,0,0,0,0,0,0
deduplicated_sensitivity,50,carryover,2023-05-07,0,0,0,0,0,0,0,0
deduplicated_sensitivity,50,carryover,2023-05-08,1028,2040,0,0,1028,0,1012,0
deduplicated_sensitivity,50,carryover,2023-05-09,1881,2040,0,0,1881,0,159,0
deduplicated_sensitivity,50,carryover,2023-05-10,0,2040,0,0,0,0,2040,0
deduplicated_sensitivity,50,carryover,2023-05-11,1986,2040,0,0,1986,0,54,0
deduplicated_sensitivity,50,carryover,2023-05-12,744,2040,0,0,744,0,1296,0
deduplicated_sensitivity,50,carryover,2023-05-13,0,0,0,0,0,0,0,0
deduplicated_sensitivity,50,carryover,2023-05-14,0,0,0,0,0,0,0,0
deduplicated_sensitivity,50,carryover,2023-05-15,1049,2040,0,0,1049,0,991,0
deduplicated_sensitivity,50,carryover,2023-05-16,2427,2040,0,0,2040,387,0,0
deduplicated_sensitivity,50,carryover,2023-05-17,0,2040,0,387,387,0,1653,0
deduplicated_sensitivity,50,carryover,2023-05-18,1999,2040,0,0,1999,0,41,0
deduplicated_sensitivity,50,carryover,2023-05-19,1526,2040,0,0,1526,0,514,0
deduplicated_sensitivity,50,carryover,2023-05-20,0,0,0,0,0,0,0,0
deduplicated_sensitivity,50,carryover,2023-05-21,0,0,0,0,0,0,0,0
deduplicated_sensitivity,50,carryover,2023-05-22,0,2040,0,0,0,0,2040,0
deduplicated_sensitivity,50,carryover,2023-05-23,1866,2040,0,0,1866,0,174,0
deduplicated_sensitivity,50,carryover,2023-05-24,0,2040,0,0,0,0,2040,0
deduplicated_sensitivity,50,carryover,2023-05-25,1869,2040,0,0,1869,0,171,0
deduplicated_sensitivity,50,carryover,2023-05-26,1358,2040,0,0,1358,0,682,0
deduplicated_sensitivity,50,carryover,2023-05-27,0,0,0,0,0,0,0,0
deduplicated_sensitivity,50,carryover,2023-05-28,0,0,0,0,0,0,0,0
deduplicated_sensitivity,50,carryover,2023-05-29,1285,2040,0,0,1285,0,755,0
deduplicated_sensitivity,50,carryover,2023-05-30,1585,2040,0,0,1585,0,455,0
deduplicated_sensitivity,50,carryover,2023-05-31,1369,2040,0,0,1369,0,671,0
deduplicated_sensitivity,50,carryover,2023-06-01,709,2040,0,0,709,0,1331,0
deduplicated_sensitivity,50,carryover,2023-06-02,117,2040,0,0,117,0,1923,0
deduplicated_sensitivity,50,carryover,2023-06-03,0,0,0,0,0,0,0,0
deduplicated_sensitivity,50,carryover,2023-06-04,0,0,0,0,0,0,0,0
deduplicated_sensitivity,50,carryover,2023-06-05,1450,2040,0,0,1450,0,590,0
deduplicated_sensitivity,50,carryover,2023-06-06,956,2040,0,0,956,0,1084,0
deduplicated_sensitivity,50,carryover,2023-06-07,1544,2040,0,0,1544,0,496,0
deduplicated_sensitivity,50,carryover,2023-06-08,122,2040,0,0,122,0,1918,0
deduplicated_sensitivity,50,carryover,2023-06-09,708,2040,0,0,708,0,1332,0
deduplicated_sensitivity,50,carryover,2023-06-10,0,0,0,0,0,0,0,0
deduplicated_sensitivity,50,carryover,2023-06-11,0,0,0,0,0,0,0,0
deduplicated_sensitivity,50,carryover,2023-06-12,1282,2040,0,0,1282,0,758,0
deduplicated_sensitivity,50,carryover,2023-06-13,521,2040,0,0,521,0,1519,0
deduplicated_sensitivity,50,carryover,2023-06-14,2095,2040,0,0,2040,55,0,0
deduplicated_sensitivity,50,carryover,2023-06-15,478,2040,0,55,533,0,1507,0
deduplicated_sensitivity,50,carryover,2023-06-16,143,2040,0,0,143,0,1897,0
deduplicated_sensitivity,50,carryover,2023-06-17,0,0,0,0,0,0,0,0
deduplicated_sensitivity,50,carryover,2023-06-18,0,0,0,0,0,0,0,0
deduplicated_sensitivity,50,carryover,2023-06-19,1981,2040,0,0,1981,0,59,0
deduplicated_sensitivity,50,carryover,2023-06-20,679,2040,0,0,679,0,1361,0
deduplicated_sensitivity,50,carryover,2023-06-21,536,2040,0,0,536,0,1504,0
deduplicated_sensitivity,50,carryover,2023-06-22,517,2040,0,0,517,0,1523,0
deduplicated_sensitivity,50,carryover,2023-06-23,0,2040,0,0,0,0,2040,0
deduplicated_sensitivity,50,carryover,2023-06-24,0,0,0,0,0,0,0,0
deduplicated_sensitivity,50,carryover,2023-06-25,0,0,0,0,0,0,0,0
deduplicated_sensitivity,50,carryover,2023-06-26,2050,2040,0,0,2040,10,0,0
deduplicated_sensitivity,50,carryover,2023-06-27,1895,2040,0,10,1905,0,135,0
deduplicated_sensitivity,50,carryover,2023-06-28,636,2040,0,0,636,0,1404,0
deduplicated_sensitivity,50,carryover,2023-06-29,186,2040,0,0,186,0,1854,0
deduplicated_sensitivity,50,carryover,2023-06-30,515,2040,0,0,515,0,1525,0
deduplicated_sensitivity,50,carryover,2023-07-01,0,0,0,0,0,0,0,0
deduplicated_sensitivity,50,carryover,2023-07-02,0,0,0,0,0,0,0,0
deduplicated_sensitivity,50,carryover,2023-07-03,1355,2040,0,0,1355,0,685,0
deduplicated_sensitivity,50,carryover,2023-07-04,1260,2040,0,0,1260,0,780,0
deduplicated_sensitivity,50,carryover,2023-07-05,0,2040,0,0,0,0,2040,0
deduplicated_sensitivity,50,carryover,2023-07-06,2395,2040,0,0,2040,355,0,0
deduplicated_sensitivity,50,carryover,2023-07-07,180,2040,0,355,535,0,1505,0
deduplicated_sensitivity,50,carryover,2023-07-08,0,0,0,0,0,0,0,0
deduplicated_sensitivity,50,carryover,2023-07-09,0,0,0,0,0,0,0,0
deduplicated_sensitivity,50,carryover,2023-07-10,952,2040,0,0,952,0,1088,0
deduplicated_sensitivity,50,carryover,2023-07-11,1711,2040,0,0,1711,0,329,0
deduplicated_sensitivity,50,carryover,2023-07-12,1009,2040,0,0,1009,0,1031,0
deduplicated_sensitivity,50,carryover,2023-07-13,549,2040,0,0,549,0,1491,0
deduplicated_sensitivity,50,carryover,2023-07-14,0,2040,0,0,0,0,2040,0
deduplicated_sensitivity,50,carryover,2023-07-15,0,0,0,0,0,0,0,0
deduplicated_sensitivity,50,carryover,2023-07-16,0,0,0,0,0,0,0,0
deduplicated_sensitivity,50,carryover,2023-07-17,1685,2040,0,0,1685,0,355,0
deduplicated_sensitivity,50,carryover,2023-07-18,1697,2040,0,0,1697,0,343,0
deduplicated_sensitivity,50,carryover,2023-07-19,992,2040,0,0,992,0,1048,0
deduplicated_sensitivity,50,carryover,2023-07-20,339,2040,0,0,339,0,1701,0
deduplicated_sensitivity,50,carryover,2023-07-21,0,2040,0,0,0,0,2040,0
deduplicated_sensitivity,50,carryover,2023-07-22,0,0,0,0,0,0,0,0
deduplicated_sensitivity,50,carryover,2023-07-23,0,0,0,0,0,0,0,0
deduplicated_sensitivity,50,carryover,2023-07-24,1087,2040,0,0,1087,0,953,0
deduplicated_sensitivity,50,carryover,2023-07-25,865,2040,0,0,865,0,1175,0
deduplicated_sensitivity,50,carryover,2023-07-26,469,2040,0,0,469,0,1571,0
deduplicated_sensitivity,50,carryover,2023-07-27,586,2040,0,0,586,0,1454,0
deduplicated_sensitivity,50,carryover,2023-07-28,668,2040,0,0,668,0,1372,0
deduplicated_sensitivity,50,carryover,2023-07-29,0,0,0,0,0,0,0,0
deduplicated_sensitivity,50,carryover,2023-07-30,0,0,0,0,0,0,0,0
deduplicated_sensitivity,50,carryover,2023-07-31,590,2040,0,0,590,0,1450,0
deduplicated_sensitivity,50,carryover,2023-08-01,557,2040,0,0,557,0,1483,0
deduplicated_sensitivity,50,carryover,2023-08-02,126,2040,0,0,126,0,1914,0
deduplicated_sensitivity,50,carryover,2023-08-03,549,2040,0,0,549,0,1491,0
deduplicated_sensitivity,50,carryover,2023-08-04,235,2040,0,0,235,0,1805,0
deduplicated_sensitivity,50,carryover,2023-08-05,0,0,0,0,0,0,0,0
deduplicated_sensitivity,50,carryover,2023-08-06,0,0,0,0,0,0,0,0
deduplicated_sensitivity,50,carryover,2023-08-07,1728,2040,0,0,1728,0,312,0
deduplicated_sensitivity,50,carryover,2023-08-08,625,2040,0,0,625,0,1415,0
deduplicated_sensitivity,50,carryover,2023-08-09,573,2040,0,0,573,0,1467,0
deduplicated_sensitivity,50,carryover,2023-08-10,736,2040,0,0,736,0,1304,0
deduplicated_sensitivity,50,carryover,2023-08-11,0,2040,0,0,0,0,2040,0
deduplicated_sensitivity,50,carryover,2023-08-12,0,0,0,0,0,0,0,0
deduplicated_sensitivity,50,carryover,2023-08-13,1231,0,0,0,0,1231,0,0
deduplicated_sensitivity,50,carryover,2023-08-14,0,2040,0,1231,1231,0,809,0
deduplicated_sensitivity,50,carryover,2023-08-15,1238,2040,0,0,1238,0,802,0
deduplicated_sensitivity,50,carryover,2023-08-16,899,2040,0,0,899,0,1141,0
deduplicated_sensitivity,50,carryover,2023-08-17,1202,2040,0,0,1202,0,838,0
deduplicated_sensitivity,50,carryover,2023-08-18,12,2040,0,0,12,0,2028,0
deduplicated_sensitivity,50,carryover,2023-08-19,0,0,0,0,0,0,0,0
deduplicated_sensitivity,50,carryover,2023-08-20,0,0,0,0,0,0,0,0
deduplicated_sensitivity,50,carryover,2023-08-21,18,2040,0,0,18,0,2022,0
deduplicated_sensitivity,50,carryover,2023-08-22,4599,2040,0,0,2040,2559,0,0
deduplicated_sensitivity,50,carryover,2023-08-23,70,2040,0,2559,2040,589,0,1
deduplicated_sensitivity,50,carryover,2023-08-24,2856,2040,0,589,2040,1405,0,0
deduplicated_sensitivity,50,carryover,2023-08-25,0,2040,0,1405,1405,0,635,0
deduplicated_sensitivity,50,carryover,2023-08-26,0,0,0,0,0,0,0,0
deduplicated_sensitivity,50,carryover,2023-08-27,0,0,0,0,0,0,0,0
deduplicated_sensitivity,50,carryover,2023-08-28,2483,2040,0,0,2040,443,0,0
deduplicated_sensitivity,50,carryover,2023-08-29,615,2040,0,443,1058,0,982,0
deduplicated_sensitivity,50,carryover,2023-08-30,1178,2040,0,0,1178,0,862,0
deduplicated_sensitivity,50,carryover,2023-08-31,1595,2040,0,0,1595,0,445,0
deduplicated_sensitivity,50,carryover,2023-09-01,1147,2040,0,0,1147,0,893,0
deduplicated_sensitivity,50,carryover,2023-09-02,0,0,0,0,0,0,0,0
deduplicated_sensitivity,50,carryover,2023-09-03,0,0,0,0,0,0,0,0
deduplicated_sensitivity,50,carryover,2023-09-04,0,2040,0,0,0,0,2040,0
deduplicated_sensitivity,50,carryover,2023-09-05,1323,2040,0,0,1323,0,717,0
deduplicated_sensitivity,50,carryover,2023-09-06,826,2040,0,0,826,0,1214,0
deduplicated_sensitivity,50,carryover,2023-09-07,802,2040,0,0,802,0,1238,0
deduplicated_sensitivity,50,carryover,2023-09-08,375,2040,0,0,375,0,1665,0
deduplicated_sensitivity,50,carryover,2023-09-09,0,0,0,0,0,0,0,0
deduplicated_sensitivity,50,carryover,2023-09-10,490,0,0,0,0,490,0,0
deduplicated_sensitivity,50,carryover,2023-09-11,0,2040,0,490,490,0,1550,0
deduplicated_sensitivity,50,carryover,2023-09-12,2188,2040,0,0,2040,148,0,0
deduplicated_sensitivity,50,carryover,2023-09-13,1403,2040,0,148,1551,0,489,0
deduplicated_sensitivity,50,carryover,2023-09-14,0,2040,0,0,0,0,2040,0
deduplicated_sensitivity,50,carryover,2023-09-15,0,2040,0,0,0,0,2040,0
deduplicated_sensitivity,50,carryover,2023-09-16,0,0,0,0,0,0,0,0
deduplicated_sensitivity,50,carryover,2023-09-17,515,0,0,0,0,515,0,0
deduplicated_sensitivity,50,carryover,2023-09-18,32,2040,0,515,547,0,1493,0
deduplicated_sensitivity,50,carryover,2023-09-19,3603,2040,0,0,2040,1563,0,0
deduplicated_sensitivity,50,carryover,2023-09-20,0,2040,0,1563,1563,0,477,0
deduplicated_sensitivity,50,carryover,2023-09-21,2785,2040,0,0,2040,745,0,0
deduplicated_sensitivity,50,carryover,2023-09-22,0,2040,0,745,745,0,1295,0
deduplicated_sensitivity,50,carryover,2023-09-23,0,0,0,0,0,0,0,0
deduplicated_sensitivity,50,carryover,2023-09-24,0,0,0,0,0,0,0,0
deduplicated_sensitivity,50,carryover,2023-09-25,2378,2040,0,0,2040,338,0,0
deduplicated_sensitivity,50,carryover,2023-09-26,131,2040,0,338,469,0,1571,0
deduplicated_sensitivity,50,carryover,2023-09-27,0,2040,0,0,0,0,2040,0
deduplicated_sensitivity,50,carryover,2023-09-28,0,2040,0,0,0,0,2040,0
deduplicated_sensitivity,50,carryover,2023-09-29,108,2040,0,0,108,0,1932,0
deduplicated_sensitivity,50,carryover,2023-09-30,0,0,0,0,0,0,0,0
deduplicated_sensitivity,50,carryover,2023-10-01,0,0,0,0,0,0,0,0
deduplicated_sensitivity,50,carryover,2023-10-02,5347,2040,0,0,2040,3307,0,0
deduplicated_sensitivity,50,carryover,2023-10-03,136,2040,0,3307,2040,1403,0,1
deduplicated_sensitivity,50,carryover,2023-10-04,60,2040,0,1403,1463,0,577,0
deduplicated_sensitivity,50,carryover,2023-10-05,2341,2040,0,0,2040,301,0,0
deduplicated_sensitivity,50,carryover,2023-10-06,1451,2040,0,301,1752,0,288,0
deduplicated_sensitivity,50,carryover,2023-10-07,0,0,0,0,0,0,0,0
deduplicated_sensitivity,50,carryover,2023-10-08,0,0,0,0,0,0,0,0
deduplicated_sensitivity,50,carryover,2023-10-09,0,2040,0,0,0,0,2040,0
deduplicated_sensitivity,50,carryover,2023-10-10,3,2040,0,0,3,0,2037,0
deduplicated_sensitivity,50,carryover,2023-10-11,319,2040,0,0,319,0,1721,0
deduplicated_sensitivity,50,carryover,2023-10-12,1938,2040,0,0,1938,0,102,0
deduplicated_sensitivity,50,carryover,2023-10-13,1900,2040,0,0,1900,0,140,0
deduplicated_sensitivity,50,carryover,2023-10-14,0,0,0,0,0,0,0,0
deduplicated_sensitivity,50,carryover,2023-10-15,0,0,0,0,0,0,0,0
deduplicated_sensitivity,50,carryover,2023-10-16,1273,2040,0,0,1273,0,767,0
deduplicated_sensitivity,50,carryover,2023-10-17,720,2040,0,0,720,0,1320,0
deduplicated_sensitivity,50,carryover,2023-10-18,815,2040,0,0,815,0,1225,0
deduplicated_sensitivity,50,carryover,2023-10-19,531,2040,0,0,531,0,1509,0
deduplicated_sensitivity,50,carryover,2023-10-20,0,2040,0,0,0,0,2040,0
deduplicated_sensitivity,50,carryover,2023-10-21,0,0,0,0,0,0,0,0
deduplicated_sensitivity,50,carryover,2023-10-22,0,0,0,0,0,0,0,0
deduplicated_sensitivity,50,carryover,2023-10-23,0,2040,0,0,0,0,2040,0
deduplicated_sensitivity,50,carryover,2023-10-24,0,2040,0,0,0,0,2040,0
deduplicated_sensitivity,50,carryover,2023-10-25,0,2040,0,0,0,0,2040,0
deduplicated_sensitivity,50,carryover,2023-10-26,0,2040,0,0,0,0,2040,0
deduplicated_sensitivity,50,carryover,2023-10-27,0,2040,0,0,0,0,2040,0
deduplicated_sensitivity,50,carryover,2023-10-28,0,0,0,0,0,0,0,0
deduplicated_sensitivity,50,carryover,2023-10-29,0,0,0,0,0,0,0,0
deduplicated_sensitivity,50,carryover,2023-10-30,0,2040,0,0,0,0,2040,0
deduplicated_sensitivity,50,carryover,2023-10-31,0,2040,0,0,0,0,2040,0
deduplicated_sensitivity,50,carryover,2023-11-01,0,2040,0,0,0,0,2040,0
deduplicated_sensitivity,50,carryover,2023-11-02,0,2040,0,0,0,0,2040,0
deduplicated_sensitivity,50,overtime,2023-01-05,2254,2550,12,0,2254,0,296,0
deduplicated_sensitivity,50,overtime,2023-01-06,1556,2040,0,0,1556,0,484,0
deduplicated_sensitivity,50,overtime,2023-01-07,0,0,0,0,0,0,0,0
deduplicated_sensitivity,50,overtime,2023-01-08,0,0,0,0,0,0,0,0
deduplicated_sensitivity,50,overtime,2023-01-09,1374,2040,0,0,1374,0,666,0
deduplicated_sensitivity,50,overtime,2023-01-10,1551,2040,0,0,1551,0,489,0
deduplicated_sensitivity,50,overtime,2023-01-11,807,2040,0,0,807,0,1233,0
deduplicated_sensitivity,50,overtime,2023-01-12,1897,2040,0,0,1897,0,143,0
deduplicated_sensitivity,50,overtime,2023-01-13,660,2040,0,0,660,0,1380,0
deduplicated_sensitivity,50,overtime,2023-01-14,0,0,0,0,0,0,0,0
deduplicated_sensitivity,50,overtime,2023-01-15,0,0,0,0,0,0,0,0
deduplicated_sensitivity,50,overtime,2023-01-16,885,2040,0,0,885,0,1155,0
deduplicated_sensitivity,50,overtime,2023-01-17,997,2040,0,0,997,0,1043,0
deduplicated_sensitivity,50,overtime,2023-01-18,1908,2040,0,0,1908,0,132,0
deduplicated_sensitivity,50,overtime,2023-01-19,250,2040,0,0,250,0,1790,0
deduplicated_sensitivity,50,overtime,2023-01-20,321,2040,0,0,321,0,1719,0
deduplicated_sensitivity,50,overtime,2023-01-21,0,0,0,0,0,0,0,0
deduplicated_sensitivity,50,overtime,2023-01-22,0,0,0,0,0,0,0,0
deduplicated_sensitivity,50,overtime,2023-01-23,856,2040,0,0,856,0,1184,0
deduplicated_sensitivity,50,overtime,2023-01-24,563,2040,0,0,563,0,1477,0
deduplicated_sensitivity,50,overtime,2023-01-25,1384,2040,0,0,1384,0,656,0
deduplicated_sensitivity,50,overtime,2023-01-26,871,2040,0,0,871,0,1169,0
deduplicated_sensitivity,50,overtime,2023-01-27,730,2040,0,0,730,0,1310,0
deduplicated_sensitivity,50,overtime,2023-01-28,0,0,0,0,0,0,0,0
deduplicated_sensitivity,50,overtime,2023-01-29,0,0,0,0,0,0,0,0
deduplicated_sensitivity,50,overtime,2023-01-30,1083,2040,0,0,1083,0,957,0
deduplicated_sensitivity,50,overtime,2023-01-31,1023,2040,0,0,1023,0,1017,0
deduplicated_sensitivity,50,overtime,2023-02-01,278,2040,0,0,278,0,1762,0
deduplicated_sensitivity,50,overtime,2023-02-02,1293,2040,0,0,1293,0,747,0
deduplicated_sensitivity,50,overtime,2023-02-03,662,2040,0,0,662,0,1378,0
deduplicated_sensitivity,50,overtime,2023-02-04,0,0,0,0,0,0,0,0
deduplicated_sensitivity,50,overtime,2023-02-05,0,0,0,0,0,0,0,0
deduplicated_sensitivity,50,overtime,2023-02-06,1526,2040,0,0,1526,0,514,0
deduplicated_sensitivity,50,overtime,2023-02-07,854,2040,0,0,854,0,1186,0
deduplicated_sensitivity,50,overtime,2023-02-08,975,2040,0,0,975,0,1065,0
deduplicated_sensitivity,50,overtime,2023-02-09,1707,2040,0,0,1707,0,333,0
deduplicated_sensitivity,50,overtime,2023-02-10,462,2040,0,0,462,0,1578,0
deduplicated_sensitivity,50,overtime,2023-02-11,0,0,0,0,0,0,0,0
deduplicated_sensitivity,50,overtime,2023-02-12,0,0,0,0,0,0,0,0
deduplicated_sensitivity,50,overtime,2023-02-13,1306,2040,0,0,1306,0,734,0
deduplicated_sensitivity,50,overtime,2023-02-14,638,2040,0,0,638,0,1402,0
deduplicated_sensitivity,50,overtime,2023-02-15,384,2040,0,0,384,0,1656,0
deduplicated_sensitivity,50,overtime,2023-02-16,2383,2550,12,0,2383,0,167,0
deduplicated_sensitivity,50,overtime,2023-02-17,0,2040,0,0,0,0,2040,0
deduplicated_sensitivity,50,overtime,2023-02-18,0,0,0,0,0,0,0,0
deduplicated_sensitivity,50,overtime,2023-02-19,510,0,0,0,0,510,0,0
deduplicated_sensitivity,50,overtime,2023-02-20,0,2040,0,510,510,0,1530,0
deduplicated_sensitivity,50,overtime,2023-02-21,1943,2040,0,0,1943,0,97,0
deduplicated_sensitivity,50,overtime,2023-02-22,1414,2040,0,0,1414,0,626,0
deduplicated_sensitivity,50,overtime,2023-02-23,1907,2040,0,0,1907,0,133,0
deduplicated_sensitivity,50,overtime,2023-02-24,1163,2040,0,0,1163,0,877,0
deduplicated_sensitivity,50,overtime,2023-02-25,0,0,0,0,0,0,0,0
deduplicated_sensitivity,50,overtime,2023-02-26,0,0,0,0,0,0,0,0
deduplicated_sensitivity,50,overtime,2023-02-27,1496,2040,0,0,1496,0,544,0
deduplicated_sensitivity,50,overtime,2023-02-28,1134,2040,0,0,1134,0,906,0
deduplicated_sensitivity,50,overtime,2023-03-01,227,2040,0,0,227,0,1813,0
deduplicated_sensitivity,50,overtime,2023-03-02,2495,2550,12,0,2495,0,55,0
deduplicated_sensitivity,50,overtime,2023-03-03,708,2040,0,0,708,0,1332,0
deduplicated_sensitivity,50,overtime,2023-03-04,0,0,0,0,0,0,0,0
deduplicated_sensitivity,50,overtime,2023-03-05,0,0,0,0,0,0,0,0
deduplicated_sensitivity,50,overtime,2023-03-06,1586,2040,0,0,1586,0,454,0
deduplicated_sensitivity,50,overtime,2023-03-07,479,2040,0,0,479,0,1561,0
deduplicated_sensitivity,50,overtime,2023-03-08,1728,2040,0,0,1728,0,312,0
deduplicated_sensitivity,50,overtime,2023-03-09,1078,2040,0,0,1078,0,962,0
deduplicated_sensitivity,50,overtime,2023-03-10,382,2040,0,0,382,0,1658,0
deduplicated_sensitivity,50,overtime,2023-03-11,0,0,0,0,0,0,0,0
deduplicated_sensitivity,50,overtime,2023-03-12,437,0,0,0,0,437,0,0
deduplicated_sensitivity,50,overtime,2023-03-13,0,2040,0,437,437,0,1603,0
deduplicated_sensitivity,50,overtime,2023-03-14,1656,2040,0,0,1656,0,384,0
deduplicated_sensitivity,50,overtime,2023-03-15,384,2040,0,0,384,0,1656,0
deduplicated_sensitivity,50,overtime,2023-03-16,1518,2040,0,0,1518,0,522,0
deduplicated_sensitivity,50,overtime,2023-03-17,2400,2550,12,0,2400,0,150,0
deduplicated_sensitivity,50,overtime,2023-03-18,0,0,0,0,0,0,0,0
deduplicated_sensitivity,50,overtime,2023-03-19,0,0,0,0,0,0,0,0
deduplicated_sensitivity,50,overtime,2023-03-20,0,2040,0,0,0,0,2040,0
deduplicated_sensitivity,50,overtime,2023-03-21,0,2040,0,0,0,0,2040,0
deduplicated_sensitivity,50,overtime,2023-03-22,5910,2550,12,0,2550,3360,0,0
deduplicated_sensitivity,50,overtime,2023-03-23,0,2550,12,3360,2550,810,0,1
deduplicated_sensitivity,50,overtime,2023-03-24,0,2040,0,810,810,0,1230,0
deduplicated_sensitivity,50,overtime,2023-03-25,0,0,0,0,0,0,0,0
deduplicated_sensitivity,50,overtime,2023-03-26,0,0,0,0,0,0,0,0
deduplicated_sensitivity,50,overtime,2023-03-27,1277,2040,0,0,1277,0,763,0
deduplicated_sensitivity,50,overtime,2023-03-28,102,2040,0,0,102,0,1938,0
deduplicated_sensitivity,50,overtime,2023-03-29,3482,2550,12,0,2550,932,0,0
deduplicated_sensitivity,50,overtime,2023-03-30,0,2040,0,932,932,0,1108,0
deduplicated_sensitivity,50,overtime,2023-03-31,0,2040,0,0,0,0,2040,0
deduplicated_sensitivity,50,overtime,2023-04-01,0,0,0,0,0,0,0,0
deduplicated_sensitivity,50,overtime,2023-04-02,0,0,0,0,0,0,0,0
deduplicated_sensitivity,50,overtime,2023-04-03,3070,2550,12,0,2550,520,0,0
deduplicated_sensitivity,50,overtime,2023-04-04,1432,2040,0,520,1952,0,88,0
deduplicated_sensitivity,50,overtime,2023-04-05,808,2040,0,0,808,0,1232,0
deduplicated_sensitivity,50,overtime,2023-04-06,909,2040,0,0,909,0,1131,0
deduplicated_sensitivity,50,overtime,2023-04-07,0,2040,0,0,0,0,2040,0
deduplicated_sensitivity,50,overtime,2023-04-08,0,0,0,0,0,0,0,0
deduplicated_sensitivity,50,overtime,2023-04-09,0,0,0,0,0,0,0,0
deduplicated_sensitivity,50,overtime,2023-04-10,0,2040,0,0,0,0,2040,0
deduplicated_sensitivity,50,overtime,2023-04-11,1284,2040,0,0,1284,0,756,0
deduplicated_sensitivity,50,overtime,2023-04-12,0,2040,0,0,0,0,2040,0
deduplicated_sensitivity,50,overtime,2023-04-13,3489,2550,12,0,2550,939,0,0
deduplicated_sensitivity,50,overtime,2023-04-14,0,2040,0,939,939,0,1101,0
deduplicated_sensitivity,50,overtime,2023-04-15,0,0,0,0,0,0,0,0
deduplicated_sensitivity,50,overtime,2023-04-16,0,0,0,0,0,0,0,0
deduplicated_sensitivity,50,overtime,2023-04-17,2661,2550,12,0,2550,111,0,0
deduplicated_sensitivity,50,overtime,2023-04-18,513,2040,0,111,624,0,1416,0
deduplicated_sensitivity,50,overtime,2023-04-19,1325,2040,0,0,1325,0,715,0
deduplicated_sensitivity,50,overtime,2023-04-20,878,2040,0,0,878,0,1162,0
deduplicated_sensitivity,50,overtime,2023-04-21,497,2040,0,0,497,0,1543,0
deduplicated_sensitivity,50,overtime,2023-04-22,0,0,0,0,0,0,0,0
deduplicated_sensitivity,50,overtime,2023-04-23,0,0,0,0,0,0,0,0
deduplicated_sensitivity,50,overtime,2023-04-24,1800,2040,0,0,1800,0,240,0
deduplicated_sensitivity,50,overtime,2023-04-25,819,2040,0,0,819,0,1221,0
deduplicated_sensitivity,50,overtime,2023-04-26,1591,2040,0,0,1591,0,449,0
deduplicated_sensitivity,50,overtime,2023-04-27,327,2040,0,0,327,0,1713,0
deduplicated_sensitivity,50,overtime,2023-04-28,432,2040,0,0,432,0,1608,0
deduplicated_sensitivity,50,overtime,2023-04-29,0,0,0,0,0,0,0,0
deduplicated_sensitivity,50,overtime,2023-04-30,0,0,0,0,0,0,0,0
deduplicated_sensitivity,50,overtime,2023-05-01,986,2040,0,0,986,0,1054,0
deduplicated_sensitivity,50,overtime,2023-05-02,1145,2040,0,0,1145,0,895,0
deduplicated_sensitivity,50,overtime,2023-05-03,1466,2040,0,0,1466,0,574,0
deduplicated_sensitivity,50,overtime,2023-05-04,2698,2550,12,0,2550,148,0,0
deduplicated_sensitivity,50,overtime,2023-05-05,930,2040,0,148,1078,0,962,0
deduplicated_sensitivity,50,overtime,2023-05-06,0,0,0,0,0,0,0,0
deduplicated_sensitivity,50,overtime,2023-05-07,0,0,0,0,0,0,0,0
deduplicated_sensitivity,50,overtime,2023-05-08,1028,2040,0,0,1028,0,1012,0
deduplicated_sensitivity,50,overtime,2023-05-09,1881,2040,0,0,1881,0,159,0
deduplicated_sensitivity,50,overtime,2023-05-10,0,2040,0,0,0,0,2040,0
deduplicated_sensitivity,50,overtime,2023-05-11,1986,2040,0,0,1986,0,54,0
deduplicated_sensitivity,50,overtime,2023-05-12,744,2040,0,0,744,0,1296,0
deduplicated_sensitivity,50,overtime,2023-05-13,0,0,0,0,0,0,0,0
deduplicated_sensitivity,50,overtime,2023-05-14,0,0,0,0,0,0,0,0
deduplicated_sensitivity,50,overtime,2023-05-15,1049,2040,0,0,1049,0,991,0
deduplicated_sensitivity,50,overtime,2023-05-16,2427,2550,12,0,2427,0,123,0
deduplicated_sensitivity,50,overtime,2023-05-17,0,2040,0,0,0,0,2040,0
deduplicated_sensitivity,50,overtime,2023-05-18,1999,2040,0,0,1999,0,41,0
deduplicated_sensitivity,50,overtime,2023-05-19,1526,2040,0,0,1526,0,514,0
deduplicated_sensitivity,50,overtime,2023-05-20,0,0,0,0,0,0,0,0
deduplicated_sensitivity,50,overtime,2023-05-21,0,0,0,0,0,0,0,0
deduplicated_sensitivity,50,overtime,2023-05-22,0,2040,0,0,0,0,2040,0
deduplicated_sensitivity,50,overtime,2023-05-23,1866,2040,0,0,1866,0,174,0
deduplicated_sensitivity,50,overtime,2023-05-24,0,2040,0,0,0,0,2040,0
deduplicated_sensitivity,50,overtime,2023-05-25,1869,2040,0,0,1869,0,171,0
deduplicated_sensitivity,50,overtime,2023-05-26,1358,2040,0,0,1358,0,682,0
deduplicated_sensitivity,50,overtime,2023-05-27,0,0,0,0,0,0,0,0
deduplicated_sensitivity,50,overtime,2023-05-28,0,0,0,0,0,0,0,0
deduplicated_sensitivity,50,overtime,2023-05-29,1285,2040,0,0,1285,0,755,0
deduplicated_sensitivity,50,overtime,2023-05-30,1585,2040,0,0,1585,0,455,0
deduplicated_sensitivity,50,overtime,2023-05-31,1369,2040,0,0,1369,0,671,0
deduplicated_sensitivity,50,overtime,2023-06-01,709,2040,0,0,709,0,1331,0
deduplicated_sensitivity,50,overtime,2023-06-02,117,2040,0,0,117,0,1923,0
deduplicated_sensitivity,50,overtime,2023-06-03,0,0,0,0,0,0,0,0
deduplicated_sensitivity,50,overtime,2023-06-04,0,0,0,0,0,0,0,0
deduplicated_sensitivity,50,overtime,2023-06-05,1450,2040,0,0,1450,0,590,0
deduplicated_sensitivity,50,overtime,2023-06-06,956,2040,0,0,956,0,1084,0
deduplicated_sensitivity,50,overtime,2023-06-07,1544,2040,0,0,1544,0,496,0
deduplicated_sensitivity,50,overtime,2023-06-08,122,2040,0,0,122,0,1918,0
deduplicated_sensitivity,50,overtime,2023-06-09,708,2040,0,0,708,0,1332,0
deduplicated_sensitivity,50,overtime,2023-06-10,0,0,0,0,0,0,0,0
deduplicated_sensitivity,50,overtime,2023-06-11,0,0,0,0,0,0,0,0
deduplicated_sensitivity,50,overtime,2023-06-12,1282,2040,0,0,1282,0,758,0
deduplicated_sensitivity,50,overtime,2023-06-13,521,2040,0,0,521,0,1519,0
deduplicated_sensitivity,50,overtime,2023-06-14,2095,2550,12,0,2095,0,455,0
deduplicated_sensitivity,50,overtime,2023-06-15,478,2040,0,0,478,0,1562,0
deduplicated_sensitivity,50,overtime,2023-06-16,143,2040,0,0,143,0,1897,0
deduplicated_sensitivity,50,overtime,2023-06-17,0,0,0,0,0,0,0,0
deduplicated_sensitivity,50,overtime,2023-06-18,0,0,0,0,0,0,0,0
deduplicated_sensitivity,50,overtime,2023-06-19,1981,2040,0,0,1981,0,59,0
deduplicated_sensitivity,50,overtime,2023-06-20,679,2040,0,0,679,0,1361,0
deduplicated_sensitivity,50,overtime,2023-06-21,536,2040,0,0,536,0,1504,0
deduplicated_sensitivity,50,overtime,2023-06-22,517,2040,0,0,517,0,1523,0
deduplicated_sensitivity,50,overtime,2023-06-23,0,2040,0,0,0,0,2040,0
deduplicated_sensitivity,50,overtime,2023-06-24,0,0,0,0,0,0,0,0
deduplicated_sensitivity,50,overtime,2023-06-25,0,0,0,0,0,0,0,0
deduplicated_sensitivity,50,overtime,2023-06-26,2050,2550,12,0,2050,0,500,0
deduplicated_sensitivity,50,overtime,2023-06-27,1895,2040,0,0,1895,0,145,0
deduplicated_sensitivity,50,overtime,2023-06-28,636,2040,0,0,636,0,1404,0
deduplicated_sensitivity,50,overtime,2023-06-29,186,2040,0,0,186,0,1854,0
deduplicated_sensitivity,50,overtime,2023-06-30,515,2040,0,0,515,0,1525,0
deduplicated_sensitivity,50,overtime,2023-07-01,0,0,0,0,0,0,0,0
deduplicated_sensitivity,50,overtime,2023-07-02,0,0,0,0,0,0,0,0
deduplicated_sensitivity,50,overtime,2023-07-03,1355,2040,0,0,1355,0,685,0
deduplicated_sensitivity,50,overtime,2023-07-04,1260,2040,0,0,1260,0,780,0
deduplicated_sensitivity,50,overtime,2023-07-05,0,2040,0,0,0,0,2040,0
deduplicated_sensitivity,50,overtime,2023-07-06,2395,2550,12,0,2395,0,155,0
deduplicated_sensitivity,50,overtime,2023-07-07,180,2040,0,0,180,0,1860,0
deduplicated_sensitivity,50,overtime,2023-07-08,0,0,0,0,0,0,0,0
deduplicated_sensitivity,50,overtime,2023-07-09,0,0,0,0,0,0,0,0
deduplicated_sensitivity,50,overtime,2023-07-10,952,2040,0,0,952,0,1088,0
deduplicated_sensitivity,50,overtime,2023-07-11,1711,2040,0,0,1711,0,329,0
deduplicated_sensitivity,50,overtime,2023-07-12,1009,2040,0,0,1009,0,1031,0
deduplicated_sensitivity,50,overtime,2023-07-13,549,2040,0,0,549,0,1491,0
deduplicated_sensitivity,50,overtime,2023-07-14,0,2040,0,0,0,0,2040,0
deduplicated_sensitivity,50,overtime,2023-07-15,0,0,0,0,0,0,0,0
deduplicated_sensitivity,50,overtime,2023-07-16,0,0,0,0,0,0,0,0
deduplicated_sensitivity,50,overtime,2023-07-17,1685,2040,0,0,1685,0,355,0
deduplicated_sensitivity,50,overtime,2023-07-18,1697,2040,0,0,1697,0,343,0
deduplicated_sensitivity,50,overtime,2023-07-19,992,2040,0,0,992,0,1048,0
deduplicated_sensitivity,50,overtime,2023-07-20,339,2040,0,0,339,0,1701,0
deduplicated_sensitivity,50,overtime,2023-07-21,0,2040,0,0,0,0,2040,0
deduplicated_sensitivity,50,overtime,2023-07-22,0,0,0,0,0,0,0,0
deduplicated_sensitivity,50,overtime,2023-07-23,0,0,0,0,0,0,0,0
deduplicated_sensitivity,50,overtime,2023-07-24,1087,2040,0,0,1087,0,953,0
deduplicated_sensitivity,50,overtime,2023-07-25,865,2040,0,0,865,0,1175,0
deduplicated_sensitivity,50,overtime,2023-07-26,469,2040,0,0,469,0,1571,0
deduplicated_sensitivity,50,overtime,2023-07-27,586,2040,0,0,586,0,1454,0
deduplicated_sensitivity,50,overtime,2023-07-28,668,2040,0,0,668,0,1372,0
deduplicated_sensitivity,50,overtime,2023-07-29,0,0,0,0,0,0,0,0
deduplicated_sensitivity,50,overtime,2023-07-30,0,0,0,0,0,0,0,0
deduplicated_sensitivity,50,overtime,2023-07-31,590,2040,0,0,590,0,1450,0
deduplicated_sensitivity,50,overtime,2023-08-01,557,2040,0,0,557,0,1483,0
deduplicated_sensitivity,50,overtime,2023-08-02,126,2040,0,0,126,0,1914,0
deduplicated_sensitivity,50,overtime,2023-08-03,549,2040,0,0,549,0,1491,0
deduplicated_sensitivity,50,overtime,2023-08-04,235,2040,0,0,235,0,1805,0
deduplicated_sensitivity,50,overtime,2023-08-05,0,0,0,0,0,0,0,0
deduplicated_sensitivity,50,overtime,2023-08-06,0,0,0,0,0,0,0,0
deduplicated_sensitivity,50,overtime,2023-08-07,1728,2040,0,0,1728,0,312,0
deduplicated_sensitivity,50,overtime,2023-08-08,625,2040,0,0,625,0,1415,0
deduplicated_sensitivity,50,overtime,2023-08-09,573,2040,0,0,573,0,1467,0
deduplicated_sensitivity,50,overtime,2023-08-10,736,2040,0,0,736,0,1304,0
deduplicated_sensitivity,50,overtime,2023-08-11,0,2040,0,0,0,0,2040,0
deduplicated_sensitivity,50,overtime,2023-08-12,0,0,0,0,0,0,0,0
deduplicated_sensitivity,50,overtime,2023-08-13,1231,0,0,0,0,1231,0,0
deduplicated_sensitivity,50,overtime,2023-08-14,0,2040,0,1231,1231,0,809,0
deduplicated_sensitivity,50,overtime,2023-08-15,1238,2040,0,0,1238,0,802,0
deduplicated_sensitivity,50,overtime,2023-08-16,899,2040,0,0,899,0,1141,0
deduplicated_sensitivity,50,overtime,2023-08-17,1202,2040,0,0,1202,0,838,0
deduplicated_sensitivity,50,overtime,2023-08-18,12,2040,0,0,12,0,2028,0
deduplicated_sensitivity,50,overtime,2023-08-19,0,0,0,0,0,0,0,0
deduplicated_sensitivity,50,overtime,2023-08-20,0,0,0,0,0,0,0,0
deduplicated_sensitivity,50,overtime,2023-08-21,18,2040,0,0,18,0,2022,0
deduplicated_sensitivity,50,overtime,2023-08-22,4599,2550,12,0,2550,2049,0,0
deduplicated_sensitivity,50,overtime,2023-08-23,70,2550,12,2049,2119,0,431,0
deduplicated_sensitivity,50,overtime,2023-08-24,2856,2550,12,0,2550,306,0,0
deduplicated_sensitivity,50,overtime,2023-08-25,0,2040,0,306,306,0,1734,0
deduplicated_sensitivity,50,overtime,2023-08-26,0,0,0,0,0,0,0,0
deduplicated_sensitivity,50,overtime,2023-08-27,0,0,0,0,0,0,0,0
deduplicated_sensitivity,50,overtime,2023-08-28,2483,2550,12,0,2483,0,67,0
deduplicated_sensitivity,50,overtime,2023-08-29,615,2040,0,0,615,0,1425,0
deduplicated_sensitivity,50,overtime,2023-08-30,1178,2040,0,0,1178,0,862,0
deduplicated_sensitivity,50,overtime,2023-08-31,1595,2040,0,0,1595,0,445,0
deduplicated_sensitivity,50,overtime,2023-09-01,1147,2040,0,0,1147,0,893,0
deduplicated_sensitivity,50,overtime,2023-09-02,0,0,0,0,0,0,0,0
deduplicated_sensitivity,50,overtime,2023-09-03,0,0,0,0,0,0,0,0
deduplicated_sensitivity,50,overtime,2023-09-04,0,2040,0,0,0,0,2040,0
deduplicated_sensitivity,50,overtime,2023-09-05,1323,2040,0,0,1323,0,717,0
deduplicated_sensitivity,50,overtime,2023-09-06,826,2040,0,0,826,0,1214,0
deduplicated_sensitivity,50,overtime,2023-09-07,802,2040,0,0,802,0,1238,0
deduplicated_sensitivity,50,overtime,2023-09-08,375,2040,0,0,375,0,1665,0
deduplicated_sensitivity,50,overtime,2023-09-09,0,0,0,0,0,0,0,0
deduplicated_sensitivity,50,overtime,2023-09-10,490,0,0,0,0,490,0,0
deduplicated_sensitivity,50,overtime,2023-09-11,0,2040,0,490,490,0,1550,0
deduplicated_sensitivity,50,overtime,2023-09-12,2188,2550,12,0,2188,0,362,0
deduplicated_sensitivity,50,overtime,2023-09-13,1403,2040,0,0,1403,0,637,0
deduplicated_sensitivity,50,overtime,2023-09-14,0,2040,0,0,0,0,2040,0
deduplicated_sensitivity,50,overtime,2023-09-15,0,2040,0,0,0,0,2040,0
deduplicated_sensitivity,50,overtime,2023-09-16,0,0,0,0,0,0,0,0
deduplicated_sensitivity,50,overtime,2023-09-17,515,0,0,0,0,515,0,0
deduplicated_sensitivity,50,overtime,2023-09-18,32,2040,0,515,547,0,1493,0
deduplicated_sensitivity,50,overtime,2023-09-19,3603,2550,12,0,2550,1053,0,0
deduplicated_sensitivity,50,overtime,2023-09-20,0,2040,0,1053,1053,0,987,0
deduplicated_sensitivity,50,overtime,2023-09-21,2785,2550,12,0,2550,235,0,0
deduplicated_sensitivity,50,overtime,2023-09-22,0,2040,0,235,235,0,1805,0
deduplicated_sensitivity,50,overtime,2023-09-23,0,0,0,0,0,0,0,0
deduplicated_sensitivity,50,overtime,2023-09-24,0,0,0,0,0,0,0,0
deduplicated_sensitivity,50,overtime,2023-09-25,2378,2550,12,0,2378,0,172,0
deduplicated_sensitivity,50,overtime,2023-09-26,131,2040,0,0,131,0,1909,0
deduplicated_sensitivity,50,overtime,2023-09-27,0,2040,0,0,0,0,2040,0
deduplicated_sensitivity,50,overtime,2023-09-28,0,2040,0,0,0,0,2040,0
deduplicated_sensitivity,50,overtime,2023-09-29,108,2040,0,0,108,0,1932,0
deduplicated_sensitivity,50,overtime,2023-09-30,0,0,0,0,0,0,0,0
deduplicated_sensitivity,50,overtime,2023-10-01,0,0,0,0,0,0,0,0
deduplicated_sensitivity,50,overtime,2023-10-02,5347,2550,12,0,2550,2797,0,0
deduplicated_sensitivity,50,overtime,2023-10-03,136,2550,12,2797,2550,383,0,1
deduplicated_sensitivity,50,overtime,2023-10-04,60,2040,0,383,443,0,1597,0
deduplicated_sensitivity,50,overtime,2023-10-05,2341,2550,12,0,2341,0,209,0
deduplicated_sensitivity,50,overtime,2023-10-06,1451,2040,0,0,1451,0,589,0
deduplicated_sensitivity,50,overtime,2023-10-07,0,0,0,0,0,0,0,0
deduplicated_sensitivity,50,overtime,2023-10-08,0,0,0,0,0,0,0,0
deduplicated_sensitivity,50,overtime,2023-10-09,0,2040,0,0,0,0,2040,0
deduplicated_sensitivity,50,overtime,2023-10-10,3,2040,0,0,3,0,2037,0
deduplicated_sensitivity,50,overtime,2023-10-11,319,2040,0,0,319,0,1721,0
deduplicated_sensitivity,50,overtime,2023-10-12,1938,2040,0,0,1938,0,102,0
deduplicated_sensitivity,50,overtime,2023-10-13,1900,2040,0,0,1900,0,140,0
deduplicated_sensitivity,50,overtime,2023-10-14,0,0,0,0,0,0,0,0
deduplicated_sensitivity,50,overtime,2023-10-15,0,0,0,0,0,0,0,0
deduplicated_sensitivity,50,overtime,2023-10-16,1273,2040,0,0,1273,0,767,0
deduplicated_sensitivity,50,overtime,2023-10-17,720,2040,0,0,720,0,1320,0
deduplicated_sensitivity,50,overtime,2023-10-18,815,2040,0,0,815,0,1225,0
deduplicated_sensitivity,50,overtime,2023-10-19,531,2040,0,0,531,0,1509,0
deduplicated_sensitivity,50,overtime,2023-10-20,0,2040,0,0,0,0,2040,0
deduplicated_sensitivity,50,overtime,2023-10-21,0,0,0,0,0,0,0,0
deduplicated_sensitivity,50,overtime,2023-10-22,0,0,0,0,0,0,0,0
deduplicated_sensitivity,50,overtime,2023-10-23,0,2040,0,0,0,0,2040,0
deduplicated_sensitivity,50,overtime,2023-10-24,0,2040,0,0,0,0,2040,0
deduplicated_sensitivity,50,overtime,2023-10-25,0,2040,0,0,0,0,2040,0
deduplicated_sensitivity,50,overtime,2023-10-26,0,2040,0,0,0,0,2040,0
deduplicated_sensitivity,50,overtime,2023-10-27,0,2040,0,0,0,0,2040,0
deduplicated_sensitivity,50,overtime,2023-10-28,0,0,0,0,0,0,0,0
deduplicated_sensitivity,50,overtime,2023-10-29,0,0,0,0,0,0,0,0
deduplicated_sensitivity,50,overtime,2023-10-30,0,2040,0,0,0,0,2040,0
deduplicated_sensitivity,50,overtime,2023-10-31,0,2040,0,0,0,0,2040,0
deduplicated_sensitivity,50,overtime,2023-11-01,0,2040,0,0,0,0,2040,0
deduplicated_sensitivity,50,overtime,2023-11-02,0,2040,0,0,0,0,2040,0
deduplicated_sensitivity,50,temporary,2023-01-05,2254,2040,0,0,2040,214,0,0
deduplicated_sensitivity,50,temporary,2023-01-06,1556,2040,0,214,1770,0,270,0
deduplicated_sensitivity,50,temporary,2023-01-07,0,0,0,0,0,0,0,0
deduplicated_sensitivity,50,temporary,2023-01-08,0,0,0,0,0,0,0,0
deduplicated_sensitivity,50,temporary,2023-01-09,1374,2040,0,0,1374,0,666,0
deduplicated_sensitivity,50,temporary,2023-01-10,1551,2040,0,0,1551,0,489,0
deduplicated_sensitivity,50,temporary,2023-01-11,807,2040,0,0,807,0,1233,0
deduplicated_sensitivity,50,temporary,2023-01-12,1897,2040,0,0,1897,0,143,0
deduplicated_sensitivity,50,temporary,2023-01-13,660,2040,0,0,660,0,1380,0
deduplicated_sensitivity,50,temporary,2023-01-14,0,0,0,0,0,0,0,0
deduplicated_sensitivity,50,temporary,2023-01-15,0,0,0,0,0,0,0,0
deduplicated_sensitivity,50,temporary,2023-01-16,885,2040,0,0,885,0,1155,0
deduplicated_sensitivity,50,temporary,2023-01-17,997,2040,0,0,997,0,1043,0
deduplicated_sensitivity,50,temporary,2023-01-18,1908,2040,0,0,1908,0,132,0
deduplicated_sensitivity,50,temporary,2023-01-19,250,2040,0,0,250,0,1790,0
deduplicated_sensitivity,50,temporary,2023-01-20,321,2040,0,0,321,0,1719,0
deduplicated_sensitivity,50,temporary,2023-01-21,0,0,0,0,0,0,0,0
deduplicated_sensitivity,50,temporary,2023-01-22,0,0,0,0,0,0,0,0
deduplicated_sensitivity,50,temporary,2023-01-23,856,2040,0,0,856,0,1184,0
deduplicated_sensitivity,50,temporary,2023-01-24,563,2040,0,0,563,0,1477,0
deduplicated_sensitivity,50,temporary,2023-01-25,1384,2040,0,0,1384,0,656,0
deduplicated_sensitivity,50,temporary,2023-01-26,871,2040,0,0,871,0,1169,0
deduplicated_sensitivity,50,temporary,2023-01-27,730,2040,0,0,730,0,1310,0
deduplicated_sensitivity,50,temporary,2023-01-28,0,0,0,0,0,0,0,0
deduplicated_sensitivity,50,temporary,2023-01-29,0,0,0,0,0,0,0,0
deduplicated_sensitivity,50,temporary,2023-01-30,1083,2040,0,0,1083,0,957,0
deduplicated_sensitivity,50,temporary,2023-01-31,1023,2040,0,0,1023,0,1017,0
deduplicated_sensitivity,50,temporary,2023-02-01,278,2040,0,0,278,0,1762,0
deduplicated_sensitivity,50,temporary,2023-02-02,1293,2040,0,0,1293,0,747,0
deduplicated_sensitivity,50,temporary,2023-02-03,662,2040,0,0,662,0,1378,0
deduplicated_sensitivity,50,temporary,2023-02-04,0,0,0,0,0,0,0,0
deduplicated_sensitivity,50,temporary,2023-02-05,0,0,0,0,0,0,0,0
deduplicated_sensitivity,50,temporary,2023-02-06,1526,2040,0,0,1526,0,514,0
deduplicated_sensitivity,50,temporary,2023-02-07,854,2040,0,0,854,0,1186,0
deduplicated_sensitivity,50,temporary,2023-02-08,975,2040,0,0,975,0,1065,0
deduplicated_sensitivity,50,temporary,2023-02-09,1707,2040,0,0,1707,0,333,0
deduplicated_sensitivity,50,temporary,2023-02-10,462,2040,0,0,462,0,1578,0
deduplicated_sensitivity,50,temporary,2023-02-11,0,0,0,0,0,0,0,0
deduplicated_sensitivity,50,temporary,2023-02-12,0,0,0,0,0,0,0,0
deduplicated_sensitivity,50,temporary,2023-02-13,1306,2040,0,0,1306,0,734,0
deduplicated_sensitivity,50,temporary,2023-02-14,638,2040,0,0,638,0,1402,0
deduplicated_sensitivity,50,temporary,2023-02-15,384,2040,0,0,384,0,1656,0
deduplicated_sensitivity,50,temporary,2023-02-16,2383,2040,0,0,2040,343,0,0
deduplicated_sensitivity,50,temporary,2023-02-17,0,2040,0,343,343,0,1697,0
deduplicated_sensitivity,50,temporary,2023-02-18,0,0,0,0,0,0,0,0
deduplicated_sensitivity,50,temporary,2023-02-19,510,0,0,0,0,510,0,0
deduplicated_sensitivity,50,temporary,2023-02-20,0,2040,0,510,510,0,1530,0
deduplicated_sensitivity,50,temporary,2023-02-21,1943,2040,0,0,1943,0,97,0
deduplicated_sensitivity,50,temporary,2023-02-22,1414,2040,0,0,1414,0,626,0
deduplicated_sensitivity,50,temporary,2023-02-23,1907,2040,0,0,1907,0,133,0
deduplicated_sensitivity,50,temporary,2023-02-24,1163,2040,0,0,1163,0,877,0
deduplicated_sensitivity,50,temporary,2023-02-25,0,0,0,0,0,0,0,0
deduplicated_sensitivity,50,temporary,2023-02-26,0,0,0,0,0,0,0,0
deduplicated_sensitivity,50,temporary,2023-02-27,1496,2040,0,0,1496,0,544,0
deduplicated_sensitivity,50,temporary,2023-02-28,1134,2040,0,0,1134,0,906,0
deduplicated_sensitivity,50,temporary,2023-03-01,227,2040,0,0,227,0,1813,0
deduplicated_sensitivity,50,temporary,2023-03-02,2495,2040,0,0,2040,455,0,0
deduplicated_sensitivity,50,temporary,2023-03-03,708,2040,0,455,1163,0,877,0
deduplicated_sensitivity,50,temporary,2023-03-04,0,0,0,0,0,0,0,0
deduplicated_sensitivity,50,temporary,2023-03-05,0,0,0,0,0,0,0,0
deduplicated_sensitivity,50,temporary,2023-03-06,1586,2040,0,0,1586,0,454,0
deduplicated_sensitivity,50,temporary,2023-03-07,479,2040,0,0,479,0,1561,0
deduplicated_sensitivity,50,temporary,2023-03-08,1728,2040,0,0,1728,0,312,0
deduplicated_sensitivity,50,temporary,2023-03-09,1078,2040,0,0,1078,0,962,0
deduplicated_sensitivity,50,temporary,2023-03-10,382,2040,0,0,382,0,1658,0
deduplicated_sensitivity,50,temporary,2023-03-11,0,0,0,0,0,0,0,0
deduplicated_sensitivity,50,temporary,2023-03-12,437,0,0,0,0,437,0,0
deduplicated_sensitivity,50,temporary,2023-03-13,0,2040,0,437,437,0,1603,0
deduplicated_sensitivity,50,temporary,2023-03-14,1656,2040,0,0,1656,0,384,0
deduplicated_sensitivity,50,temporary,2023-03-15,384,2040,0,0,384,0,1656,0
deduplicated_sensitivity,50,temporary,2023-03-16,1518,2040,0,0,1518,0,522,0
deduplicated_sensitivity,50,temporary,2023-03-17,2400,2040,0,0,2040,360,0,0
deduplicated_sensitivity,50,temporary,2023-03-18,0,0,0,360,0,360,0,1
deduplicated_sensitivity,50,temporary,2023-03-19,0,0,0,360,0,360,0,2
deduplicated_sensitivity,50,temporary,2023-03-20,0,2040,0,360,360,0,1680,0
deduplicated_sensitivity,50,temporary,2023-03-21,0,2040,0,0,0,0,2040,0
deduplicated_sensitivity,50,temporary,2023-03-22,5910,2040,0,0,2040,3870,0,0
deduplicated_sensitivity,50,temporary,2023-03-23,0,2584,16,3870,2584,1286,0,1
deduplicated_sensitivity,50,temporary,2023-03-24,0,2040,0,1286,1286,0,754,0
deduplicated_sensitivity,50,temporary,2023-03-25,0,0,0,0,0,0,0,0
deduplicated_sensitivity,50,temporary,2023-03-26,0,0,0,0,0,0,0,0
deduplicated_sensitivity,50,temporary,2023-03-27,1277,2040,0,0,1277,0,763,0
deduplicated_sensitivity,50,temporary,2023-03-28,102,2040,0,0,102,0,1938,0
deduplicated_sensitivity,50,temporary,2023-03-29,3482,2040,0,0,2040,1442,0,0
deduplicated_sensitivity,50,temporary,2023-03-30,0,2040,0,1442,1442,0,598,0
deduplicated_sensitivity,50,temporary,2023-03-31,0,2040,0,0,0,0,2040,0
deduplicated_sensitivity,50,temporary,2023-04-01,0,0,0,0,0,0,0,0
deduplicated_sensitivity,50,temporary,2023-04-02,0,0,0,0,0,0,0,0
deduplicated_sensitivity,50,temporary,2023-04-03,3070,2040,0,0,2040,1030,0,0
deduplicated_sensitivity,50,temporary,2023-04-04,1432,2040,0,1030,2040,422,0,0
deduplicated_sensitivity,50,temporary,2023-04-05,808,2040,0,422,1230,0,810,0
deduplicated_sensitivity,50,temporary,2023-04-06,909,2040,0,0,909,0,1131,0
deduplicated_sensitivity,50,temporary,2023-04-07,0,2040,0,0,0,0,2040,0
deduplicated_sensitivity,50,temporary,2023-04-08,0,0,0,0,0,0,0,0
deduplicated_sensitivity,50,temporary,2023-04-09,0,0,0,0,0,0,0,0
deduplicated_sensitivity,50,temporary,2023-04-10,0,2040,0,0,0,0,2040,0
deduplicated_sensitivity,50,temporary,2023-04-11,1284,2040,0,0,1284,0,756,0
deduplicated_sensitivity,50,temporary,2023-04-12,0,2040,0,0,0,0,2040,0
deduplicated_sensitivity,50,temporary,2023-04-13,3489,2040,0,0,2040,1449,0,0
deduplicated_sensitivity,50,temporary,2023-04-14,0,2040,0,1449,1449,0,591,0
deduplicated_sensitivity,50,temporary,2023-04-15,0,0,0,0,0,0,0,0
deduplicated_sensitivity,50,temporary,2023-04-16,0,0,0,0,0,0,0,0
deduplicated_sensitivity,50,temporary,2023-04-17,2661,2040,0,0,2040,621,0,0
deduplicated_sensitivity,50,temporary,2023-04-18,513,2040,0,621,1134,0,906,0
deduplicated_sensitivity,50,temporary,2023-04-19,1325,2040,0,0,1325,0,715,0
deduplicated_sensitivity,50,temporary,2023-04-20,878,2040,0,0,878,0,1162,0
deduplicated_sensitivity,50,temporary,2023-04-21,497,2040,0,0,497,0,1543,0
deduplicated_sensitivity,50,temporary,2023-04-22,0,0,0,0,0,0,0,0
deduplicated_sensitivity,50,temporary,2023-04-23,0,0,0,0,0,0,0,0
deduplicated_sensitivity,50,temporary,2023-04-24,1800,2040,0,0,1800,0,240,0
deduplicated_sensitivity,50,temporary,2023-04-25,819,2040,0,0,819,0,1221,0
deduplicated_sensitivity,50,temporary,2023-04-26,1591,2040,0,0,1591,0,449,0
deduplicated_sensitivity,50,temporary,2023-04-27,327,2040,0,0,327,0,1713,0
deduplicated_sensitivity,50,temporary,2023-04-28,432,2040,0,0,432,0,1608,0
deduplicated_sensitivity,50,temporary,2023-04-29,0,0,0,0,0,0,0,0
deduplicated_sensitivity,50,temporary,2023-04-30,0,0,0,0,0,0,0,0
deduplicated_sensitivity,50,temporary,2023-05-01,986,2040,0,0,986,0,1054,0
deduplicated_sensitivity,50,temporary,2023-05-02,1145,2040,0,0,1145,0,895,0
deduplicated_sensitivity,50,temporary,2023-05-03,1466,2040,0,0,1466,0,574,0
deduplicated_sensitivity,50,temporary,2023-05-04,2698,2040,0,0,2040,658,0,0
deduplicated_sensitivity,50,temporary,2023-05-05,930,2040,0,658,1588,0,452,0
deduplicated_sensitivity,50,temporary,2023-05-06,0,0,0,0,0,0,0,0
deduplicated_sensitivity,50,temporary,2023-05-07,0,0,0,0,0,0,0,0
deduplicated_sensitivity,50,temporary,2023-05-08,1028,2040,0,0,1028,0,1012,0
deduplicated_sensitivity,50,temporary,2023-05-09,1881,2040,0,0,1881,0,159,0
deduplicated_sensitivity,50,temporary,2023-05-10,0,2040,0,0,0,0,2040,0
deduplicated_sensitivity,50,temporary,2023-05-11,1986,2040,0,0,1986,0,54,0
deduplicated_sensitivity,50,temporary,2023-05-12,744,2040,0,0,744,0,1296,0
deduplicated_sensitivity,50,temporary,2023-05-13,0,0,0,0,0,0,0,0
deduplicated_sensitivity,50,temporary,2023-05-14,0,0,0,0,0,0,0,0
deduplicated_sensitivity,50,temporary,2023-05-15,1049,2040,0,0,1049,0,991,0
deduplicated_sensitivity,50,temporary,2023-05-16,2427,2040,0,0,2040,387,0,0
deduplicated_sensitivity,50,temporary,2023-05-17,0,2040,0,387,387,0,1653,0
deduplicated_sensitivity,50,temporary,2023-05-18,1999,2040,0,0,1999,0,41,0
deduplicated_sensitivity,50,temporary,2023-05-19,1526,2040,0,0,1526,0,514,0
deduplicated_sensitivity,50,temporary,2023-05-20,0,0,0,0,0,0,0,0
deduplicated_sensitivity,50,temporary,2023-05-21,0,0,0,0,0,0,0,0
deduplicated_sensitivity,50,temporary,2023-05-22,0,2040,0,0,0,0,2040,0
deduplicated_sensitivity,50,temporary,2023-05-23,1866,2040,0,0,1866,0,174,0
deduplicated_sensitivity,50,temporary,2023-05-24,0,2040,0,0,0,0,2040,0
deduplicated_sensitivity,50,temporary,2023-05-25,1869,2040,0,0,1869,0,171,0
deduplicated_sensitivity,50,temporary,2023-05-26,1358,2040,0,0,1358,0,682,0
deduplicated_sensitivity,50,temporary,2023-05-27,0,0,0,0,0,0,0,0
deduplicated_sensitivity,50,temporary,2023-05-28,0,0,0,0,0,0,0,0
deduplicated_sensitivity,50,temporary,2023-05-29,1285,2040,0,0,1285,0,755,0
deduplicated_sensitivity,50,temporary,2023-05-30,1585,2040,0,0,1585,0,455,0
deduplicated_sensitivity,50,temporary,2023-05-31,1369,2040,0,0,1369,0,671,0
deduplicated_sensitivity,50,temporary,2023-06-01,709,2040,0,0,709,0,1331,0
deduplicated_sensitivity,50,temporary,2023-06-02,117,2040,0,0,117,0,1923,0
deduplicated_sensitivity,50,temporary,2023-06-03,0,0,0,0,0,0,0,0
deduplicated_sensitivity,50,temporary,2023-06-04,0,0,0,0,0,0,0,0
deduplicated_sensitivity,50,temporary,2023-06-05,1450,2040,0,0,1450,0,590,0
deduplicated_sensitivity,50,temporary,2023-06-06,956,2040,0,0,956,0,1084,0
deduplicated_sensitivity,50,temporary,2023-06-07,1544,2040,0,0,1544,0,496,0
deduplicated_sensitivity,50,temporary,2023-06-08,122,2040,0,0,122,0,1918,0
deduplicated_sensitivity,50,temporary,2023-06-09,708,2040,0,0,708,0,1332,0
deduplicated_sensitivity,50,temporary,2023-06-10,0,0,0,0,0,0,0,0
deduplicated_sensitivity,50,temporary,2023-06-11,0,0,0,0,0,0,0,0
deduplicated_sensitivity,50,temporary,2023-06-12,1282,2040,0,0,1282,0,758,0
deduplicated_sensitivity,50,temporary,2023-06-13,521,2040,0,0,521,0,1519,0
deduplicated_sensitivity,50,temporary,2023-06-14,2095,2040,0,0,2040,55,0,0
deduplicated_sensitivity,50,temporary,2023-06-15,478,2040,0,55,533,0,1507,0
deduplicated_sensitivity,50,temporary,2023-06-16,143,2040,0,0,143,0,1897,0
deduplicated_sensitivity,50,temporary,2023-06-17,0,0,0,0,0,0,0,0
deduplicated_sensitivity,50,temporary,2023-06-18,0,0,0,0,0,0,0,0
deduplicated_sensitivity,50,temporary,2023-06-19,1981,2040,0,0,1981,0,59,0
deduplicated_sensitivity,50,temporary,2023-06-20,679,2040,0,0,679,0,1361,0
deduplicated_sensitivity,50,temporary,2023-06-21,536,2040,0,0,536,0,1504,0
deduplicated_sensitivity,50,temporary,2023-06-22,517,2040,0,0,517,0,1523,0
deduplicated_sensitivity,50,temporary,2023-06-23,0,2040,0,0,0,0,2040,0
deduplicated_sensitivity,50,temporary,2023-06-24,0,0,0,0,0,0,0,0
deduplicated_sensitivity,50,temporary,2023-06-25,0,0,0,0,0,0,0,0
deduplicated_sensitivity,50,temporary,2023-06-26,2050,2040,0,0,2040,10,0,0
deduplicated_sensitivity,50,temporary,2023-06-27,1895,2040,0,10,1905,0,135,0
deduplicated_sensitivity,50,temporary,2023-06-28,636,2040,0,0,636,0,1404,0
deduplicated_sensitivity,50,temporary,2023-06-29,186,2040,0,0,186,0,1854,0
deduplicated_sensitivity,50,temporary,2023-06-30,515,2040,0,0,515,0,1525,0
deduplicated_sensitivity,50,temporary,2023-07-01,0,0,0,0,0,0,0,0
deduplicated_sensitivity,50,temporary,2023-07-02,0,0,0,0,0,0,0,0
deduplicated_sensitivity,50,temporary,2023-07-03,1355,2040,0,0,1355,0,685,0
deduplicated_sensitivity,50,temporary,2023-07-04,1260,2040,0,0,1260,0,780,0
deduplicated_sensitivity,50,temporary,2023-07-05,0,2040,0,0,0,0,2040,0
deduplicated_sensitivity,50,temporary,2023-07-06,2395,2040,0,0,2040,355,0,0
deduplicated_sensitivity,50,temporary,2023-07-07,180,2040,0,355,535,0,1505,0
deduplicated_sensitivity,50,temporary,2023-07-08,0,0,0,0,0,0,0,0
deduplicated_sensitivity,50,temporary,2023-07-09,0,0,0,0,0,0,0,0
deduplicated_sensitivity,50,temporary,2023-07-10,952,2040,0,0,952,0,1088,0
deduplicated_sensitivity,50,temporary,2023-07-11,1711,2040,0,0,1711,0,329,0
deduplicated_sensitivity,50,temporary,2023-07-12,1009,2040,0,0,1009,0,1031,0
deduplicated_sensitivity,50,temporary,2023-07-13,549,2040,0,0,549,0,1491,0
deduplicated_sensitivity,50,temporary,2023-07-14,0,2040,0,0,0,0,2040,0
deduplicated_sensitivity,50,temporary,2023-07-15,0,0,0,0,0,0,0,0
deduplicated_sensitivity,50,temporary,2023-07-16,0,0,0,0,0,0,0,0
deduplicated_sensitivity,50,temporary,2023-07-17,1685,2040,0,0,1685,0,355,0
deduplicated_sensitivity,50,temporary,2023-07-18,1697,2040,0,0,1697,0,343,0
deduplicated_sensitivity,50,temporary,2023-07-19,992,2040,0,0,992,0,1048,0
deduplicated_sensitivity,50,temporary,2023-07-20,339,2040,0,0,339,0,1701,0
deduplicated_sensitivity,50,temporary,2023-07-21,0,2040,0,0,0,0,2040,0
deduplicated_sensitivity,50,temporary,2023-07-22,0,0,0,0,0,0,0,0
deduplicated_sensitivity,50,temporary,2023-07-23,0,0,0,0,0,0,0,0
deduplicated_sensitivity,50,temporary,2023-07-24,1087,2040,0,0,1087,0,953,0
deduplicated_sensitivity,50,temporary,2023-07-25,865,2040,0,0,865,0,1175,0
deduplicated_sensitivity,50,temporary,2023-07-26,469,2040,0,0,469,0,1571,0
deduplicated_sensitivity,50,temporary,2023-07-27,586,2040,0,0,586,0,1454,0
deduplicated_sensitivity,50,temporary,2023-07-28,668,2040,0,0,668,0,1372,0
deduplicated_sensitivity,50,temporary,2023-07-29,0,0,0,0,0,0,0,0
deduplicated_sensitivity,50,temporary,2023-07-30,0,0,0,0,0,0,0,0
deduplicated_sensitivity,50,temporary,2023-07-31,590,2040,0,0,590,0,1450,0
deduplicated_sensitivity,50,temporary,2023-08-01,557,2040,0,0,557,0,1483,0
deduplicated_sensitivity,50,temporary,2023-08-02,126,2040,0,0,126,0,1914,0
deduplicated_sensitivity,50,temporary,2023-08-03,549,2040,0,0,549,0,1491,0
deduplicated_sensitivity,50,temporary,2023-08-04,235,2040,0,0,235,0,1805,0
deduplicated_sensitivity,50,temporary,2023-08-05,0,0,0,0,0,0,0,0
deduplicated_sensitivity,50,temporary,2023-08-06,0,0,0,0,0,0,0,0
deduplicated_sensitivity,50,temporary,2023-08-07,1728,2040,0,0,1728,0,312,0
deduplicated_sensitivity,50,temporary,2023-08-08,625,2040,0,0,625,0,1415,0
deduplicated_sensitivity,50,temporary,2023-08-09,573,2040,0,0,573,0,1467,0
deduplicated_sensitivity,50,temporary,2023-08-10,736,2040,0,0,736,0,1304,0
deduplicated_sensitivity,50,temporary,2023-08-11,0,2040,0,0,0,0,2040,0
deduplicated_sensitivity,50,temporary,2023-08-12,0,0,0,0,0,0,0,0
deduplicated_sensitivity,50,temporary,2023-08-13,1231,0,0,0,0,1231,0,0
deduplicated_sensitivity,50,temporary,2023-08-14,0,2040,0,1231,1231,0,809,0
deduplicated_sensitivity,50,temporary,2023-08-15,1238,2040,0,0,1238,0,802,0
deduplicated_sensitivity,50,temporary,2023-08-16,899,2040,0,0,899,0,1141,0
deduplicated_sensitivity,50,temporary,2023-08-17,1202,2040,0,0,1202,0,838,0
deduplicated_sensitivity,50,temporary,2023-08-18,12,2040,0,0,12,0,2028,0
deduplicated_sensitivity,50,temporary,2023-08-19,0,0,0,0,0,0,0,0
deduplicated_sensitivity,50,temporary,2023-08-20,0,0,0,0,0,0,0,0
deduplicated_sensitivity,50,temporary,2023-08-21,18,2040,0,0,18,0,2022,0
deduplicated_sensitivity,50,temporary,2023-08-22,4599,2040,0,0,2040,2559,0,0
deduplicated_sensitivity,50,temporary,2023-08-23,70,2584,16,2559,2584,45,0,0
deduplicated_sensitivity,50,temporary,2023-08-24,2856,2040,0,45,2040,861,0,0
deduplicated_sensitivity,50,temporary,2023-08-25,0,2040,0,861,861,0,1179,0
deduplicated_sensitivity,50,temporary,2023-08-26,0,0,0,0,0,0,0,0
deduplicated_sensitivity,50,temporary,2023-08-27,0,0,0,0,0,0,0,0
deduplicated_sensitivity,50,temporary,2023-08-28,2483,2040,0,0,2040,443,0,0
deduplicated_sensitivity,50,temporary,2023-08-29,615,2040,0,443,1058,0,982,0
deduplicated_sensitivity,50,temporary,2023-08-30,1178,2040,0,0,1178,0,862,0
deduplicated_sensitivity,50,temporary,2023-08-31,1595,2040,0,0,1595,0,445,0
deduplicated_sensitivity,50,temporary,2023-09-01,1147,2040,0,0,1147,0,893,0
deduplicated_sensitivity,50,temporary,2023-09-02,0,0,0,0,0,0,0,0
deduplicated_sensitivity,50,temporary,2023-09-03,0,0,0,0,0,0,0,0
deduplicated_sensitivity,50,temporary,2023-09-04,0,2040,0,0,0,0,2040,0
deduplicated_sensitivity,50,temporary,2023-09-05,1323,2040,0,0,1323,0,717,0
deduplicated_sensitivity,50,temporary,2023-09-06,826,2040,0,0,826,0,1214,0
deduplicated_sensitivity,50,temporary,2023-09-07,802,2040,0,0,802,0,1238,0
deduplicated_sensitivity,50,temporary,2023-09-08,375,2040,0,0,375,0,1665,0
deduplicated_sensitivity,50,temporary,2023-09-09,0,0,0,0,0,0,0,0
deduplicated_sensitivity,50,temporary,2023-09-10,490,0,0,0,0,490,0,0
deduplicated_sensitivity,50,temporary,2023-09-11,0,2040,0,490,490,0,1550,0
deduplicated_sensitivity,50,temporary,2023-09-12,2188,2040,0,0,2040,148,0,0
deduplicated_sensitivity,50,temporary,2023-09-13,1403,2040,0,148,1551,0,489,0
deduplicated_sensitivity,50,temporary,2023-09-14,0,2040,0,0,0,0,2040,0
deduplicated_sensitivity,50,temporary,2023-09-15,0,2040,0,0,0,0,2040,0
deduplicated_sensitivity,50,temporary,2023-09-16,0,0,0,0,0,0,0,0
deduplicated_sensitivity,50,temporary,2023-09-17,515,0,0,0,0,515,0,0
deduplicated_sensitivity,50,temporary,2023-09-18,32,2040,0,515,547,0,1493,0
deduplicated_sensitivity,50,temporary,2023-09-19,3603,2040,0,0,2040,1563,0,0
deduplicated_sensitivity,50,temporary,2023-09-20,0,2040,0,1563,1563,0,477,0
deduplicated_sensitivity,50,temporary,2023-09-21,2785,2040,0,0,2040,745,0,0
deduplicated_sensitivity,50,temporary,2023-09-22,0,2040,0,745,745,0,1295,0
deduplicated_sensitivity,50,temporary,2023-09-23,0,0,0,0,0,0,0,0
deduplicated_sensitivity,50,temporary,2023-09-24,0,0,0,0,0,0,0,0
deduplicated_sensitivity,50,temporary,2023-09-25,2378,2040,0,0,2040,338,0,0
deduplicated_sensitivity,50,temporary,2023-09-26,131,2040,0,338,469,0,1571,0
deduplicated_sensitivity,50,temporary,2023-09-27,0,2040,0,0,0,0,2040,0
deduplicated_sensitivity,50,temporary,2023-09-28,0,2040,0,0,0,0,2040,0
deduplicated_sensitivity,50,temporary,2023-09-29,108,2040,0,0,108,0,1932,0
deduplicated_sensitivity,50,temporary,2023-09-30,0,0,0,0,0,0,0,0
deduplicated_sensitivity,50,temporary,2023-10-01,0,0,0,0,0,0,0,0
deduplicated_sensitivity,50,temporary,2023-10-02,5347,2040,0,0,2040,3307,0,0
deduplicated_sensitivity,50,temporary,2023-10-03,136,2584,16,3307,2584,859,0,1
deduplicated_sensitivity,50,temporary,2023-10-04,60,2040,0,859,919,0,1121,0
deduplicated_sensitivity,50,temporary,2023-10-05,2341,2040,0,0,2040,301,0,0
deduplicated_sensitivity,50,temporary,2023-10-06,1451,2040,0,301,1752,0,288,0
deduplicated_sensitivity,50,temporary,2023-10-07,0,0,0,0,0,0,0,0
deduplicated_sensitivity,50,temporary,2023-10-08,0,0,0,0,0,0,0,0
deduplicated_sensitivity,50,temporary,2023-10-09,0,2040,0,0,0,0,2040,0
deduplicated_sensitivity,50,temporary,2023-10-10,3,2040,0,0,3,0,2037,0
deduplicated_sensitivity,50,temporary,2023-10-11,319,2040,0,0,319,0,1721,0
deduplicated_sensitivity,50,temporary,2023-10-12,1938,2040,0,0,1938,0,102,0
deduplicated_sensitivity,50,temporary,2023-10-13,1900,2040,0,0,1900,0,140,0
deduplicated_sensitivity,50,temporary,2023-10-14,0,0,0,0,0,0,0,0
deduplicated_sensitivity,50,temporary,2023-10-15,0,0,0,0,0,0,0,0
deduplicated_sensitivity,50,temporary,2023-10-16,1273,2040,0,0,1273,0,767,0
deduplicated_sensitivity,50,temporary,2023-10-17,720,2040,0,0,720,0,1320,0
deduplicated_sensitivity,50,temporary,2023-10-18,815,2040,0,0,815,0,1225,0
deduplicated_sensitivity,50,temporary,2023-10-19,531,2040,0,0,531,0,1509,0
deduplicated_sensitivity,50,temporary,2023-10-20,0,2040,0,0,0,0,2040,0
deduplicated_sensitivity,50,temporary,2023-10-21,0,0,0,0,0,0,0,0
deduplicated_sensitivity,50,temporary,2023-10-22,0,0,0,0,0,0,0,0
deduplicated_sensitivity,50,temporary,2023-10-23,0,2040,0,0,0,0,2040,0
deduplicated_sensitivity,50,temporary,2023-10-24,0,2040,0,0,0,0,2040,0
deduplicated_sensitivity,50,temporary,2023-10-25,0,2040,0,0,0,0,2040,0
deduplicated_sensitivity,50,temporary,2023-10-26,0,2040,0,0,0,0,2040,0
deduplicated_sensitivity,50,temporary,2023-10-27,0,2040,0,0,0,0,2040,0
deduplicated_sensitivity,50,temporary,2023-10-28,0,0,0,0,0,0,0,0
deduplicated_sensitivity,50,temporary,2023-10-29,0,0,0,0,0,0,0,0
deduplicated_sensitivity,50,temporary,2023-10-30,0,2040,0,0,0,0,2040,0
deduplicated_sensitivity,50,temporary,2023-10-31,0,2040,0,0,0,0,2040,0
deduplicated_sensitivity,50,temporary,2023-11-01,0,2040,0,0,0,0,2040,0
deduplicated_sensitivity,50,temporary,2023-11-02,0,2040,0,0,0,0,2040,0
